26-05-15 10:19:58.204 [background-preinit] [32mINFO [0;39m o.h.validator.internal.util.Version  [ |  | ] - HV000001: Hibernate Validator 8.0.1.Final
26-05-15 10:19:58.452 [main] [32mINFO [0;39m c.s.m.discodeit.DiscodeitApplication [ |  | ] - Starting DiscodeitApplication using Java 17.0.17 with PID 35804 (C:\Users\jongin\codeit\10-sprint-mission\build\classes\java\main started by jongin in C:\Users\jongin\codeit\10-sprint-mission)
26-05-15 10:19:58.457 [main] [32mDEBUG[0;39m c.s.m.discodeit.DiscodeitApplication [ |  | ] - Running with Spring Boot v3.4.0, Spring v6.2.0
26-05-15 10:19:58.460 [main] [32mINFO [0;39m c.s.m.discodeit.DiscodeitApplication [ |  | ] - The following 1 profile is active: "dev"
26-05-15 10:20:03.688 [main] [32mINFO [0;39m o.s.d.r.c.RepositoryConfigurationDelegate [ |  | ] - Bootstrapping Spring Data JPA repositories in DEFAULT mode.
26-05-15 10:20:03.992 [main] [32mINFO [0;39m o.s.d.r.c.RepositoryConfigurationDelegate [ |  | ] - Finished Spring Data repository scanning in 285 ms. Found 6 JPA repository interfaces.
26-05-15 10:20:06.921 [main] [32mINFO [0;39m o.s.b.w.e.tomcat.TomcatWebServer     [ |  | ] - Tomcat initialized with port 8080 (http)
26-05-15 10:20:06.963 [main] [32mINFO [0;39m o.a.coyote.http11.Http11NioProtocol  [ |  | ] - Initializing ProtocolHandler ["http-nio-8080"]
26-05-15 10:20:06.969 [main] [32mINFO [0;39m o.a.catalina.core.StandardService    [ |  | ] - Starting service [Tomcat]
26-05-15 10:20:06.970 [main] [32mINFO [0;39m o.a.catalina.core.StandardEngine     [ |  | ] - Starting Servlet engine: [Apache Tomcat/10.1.33]
26-05-15 10:20:07.376 [main] [32mINFO [0;39m o.a.c.c.C.[Tomcat].[localhost].[/]   [ |  | ] - Initializing Spring embedded WebApplicationContext
26-05-15 10:20:07.380 [main] [32mINFO [0;39m o.s.b.w.s.c.ServletWebServerApplicationContext [ |  | ] - Root WebApplicationContext: initialization completed in 8717 ms
26-05-15 10:20:08.252 [main] [32mINFO [0;39m com.zaxxer.hikari.HikariDataSource   [ |  | ] - HikariPool-1 - Starting...
26-05-15 10:20:08.747 [main] [32mINFO [0;39m com.zaxxer.hikari.pool.HikariPool    [ |  | ] - HikariPool-1 - Added connection org.postgresql.jdbc.PgConnection@1f3361e9
26-05-15 10:20:08.749 [main] [32mINFO [0;39m com.zaxxer.hikari.HikariDataSource   [ |  | ] - HikariPool-1 - Start completed.
26-05-15 10:20:08.995 [main] [32mINFO [0;39m o.h.jpa.internal.util.LogHelper      [ |  | ] - HHH000204: Processing PersistenceUnitInfo [name: default]
26-05-15 10:20:09.158 [main] [32mINFO [0;39m org.hibernate.Version                [ |  | ] - HHH000412: Hibernate ORM core version 6.6.2.Final
26-05-15 10:20:09.268 [main] [32mINFO [0;39m o.h.c.i.RegionFactoryInitiator       [ |  | ] - HHH000026: Second-level cache disabled
26-05-15 10:20:10.678 [main] [32mINFO [0;39m o.s.o.j.p.SpringPersistenceUnitInfo  [ |  | ] - No LoadTimeWeaver setup: ignoring JPA class transformer
26-05-15 10:20:10.940 [main] [32mINFO [0;39m o.hibernate.orm.connections.pooling  [ |  | ] - HHH10001005: Database info:
	Database JDBC URL [Connecting through datasource 'HikariDataSource (HikariPool-1)']
	Database driver: undefined/unknown
	Database version: 18.2
	Autocommit mode: undefined/unknown
	Isolation level: undefined/unknown
	Minimum pool size: undefined/unknown
	Maximum pool size: undefined/unknown
26-05-15 10:20:13.484 [main] [32mINFO [0;39m o.h.e.t.j.p.i.JtaPlatformInitiator   [ |  | ] - HHH000489: No JTA platform available (set 'hibernate.transaction.jta.platform' to enable JTA platform integration)
26-05-15 10:20:13.666 [main] [32mINFO [0;39m o.s.o.j.LocalContainerEntityManagerFactoryBean [ |  | ] - Initialized JPA EntityManagerFactory for persistence unit 'default'
26-05-15 10:20:14.817 [main] [32mINFO [0;39m o.s.d.j.r.query.QueryEnhancerFactory [ |  | ] - Hibernate is in classpath; If applicable, HQL parser will be used.
26-05-15 10:20:16.110 [main] [32mINFO [0;39m o.s.s.c.a.a.c.InitializeUserDetailsBeanManagerConfigurer$InitializeUserDetailsManagerConfigurer [ |  | ] - Global AuthenticationManager configured with UserDetailsService bean with name discodeitUserDetailsService
26-05-15 10:20:16.559 [main] [32mINFO [0;39m o.s.b.a.w.s.WelcomePageHandlerMapping [ |  | ] - Adding welcome page: class path resource [static/index.html]
26-05-15 10:20:18.084 [main] [32mINFO [0;39m o.s.b.a.e.web.EndpointLinksResolver  [ |  | ] - Exposing 4 endpoints beneath base path '/actuator'
26-05-15 10:20:18.329 [main] [32mINFO [0;39m o.a.coyote.http11.Http11NioProtocol  [ |  | ] - Starting ProtocolHandler ["http-nio-8080"]
26-05-15 10:20:18.400 [main] [32mINFO [0;39m o.s.b.w.e.tomcat.TomcatWebServer     [ |  | ] - Tomcat started on port 8080 (http) with context path '/'
26-05-15 10:20:18.430 [main] [32mINFO [0;39m c.s.m.discodeit.DiscodeitApplication [ |  | ] - Started DiscodeitApplication in 22.978 seconds (process running for 26.965)
26-05-15 10:20:32.808 [http-nio-8080-exec-1] [32mINFO [0;39m o.a.c.c.C.[Tomcat].[localhost].[/]   [ |  | ] - Initializing Spring DispatcherServlet 'dispatcherServlet'
26-05-15 10:20:32.809 [http-nio-8080-exec-1] [32mINFO [0;39m o.s.web.servlet.DispatcherServlet    [ |  | ] - Initializing Servlet 'dispatcherServlet'
26-05-15 10:20:32.811 [http-nio-8080-exec-1] [32mINFO [0;39m o.s.web.servlet.DispatcherServlet    [ |  | ] - Completed initialization in 2 ms
26-05-15 10:20:32.900 [http-nio-8080-exec-1] [32mDEBUG[0;39m c.s.m.d.config.MDCLoggingInterceptor [7267e67eae16497aaa041d7e58b731f1 | GET | /] - Request started
26-05-15 10:20:32.937 [http-nio-8080-exec-1] [32mDEBUG[0;39m c.s.m.d.config.MDCLoggingInterceptor [8f21d0308db6428189ddac8704c4eea7 | GET | /index.html] - Request started
26-05-15 10:20:32.959 [http-nio-8080-exec-1] [32mDEBUG[0;39m c.s.m.d.config.MDCLoggingInterceptor [8f21d0308db6428189ddac8704c4eea7 | GET | /index.html] - Request completed
26-05-15 10:20:32.964 [http-nio-8080-exec-1] [32mDEBUG[0;39m c.s.m.d.config.MDCLoggingInterceptor [ |  | ] - Request completed
26-05-15 10:20:33.012 [http-nio-8080-exec-7] [32mDEBUG[0;39m c.s.m.d.config.MDCLoggingInterceptor [299d918f35484dd891ddc96cb9b58c37 | GET | /assets/index-kQJbKSsj.css] - Request started
26-05-15 10:20:33.013 [http-nio-8080-exec-3] [32mDEBUG[0;39m c.s.m.d.config.MDCLoggingInterceptor [f677ef92bbb14e32bbf38f1a7a309d10 | GET | /assets/index-pvm8va9e.js] - Request started
26-05-15 10:20:33.025 [http-nio-8080-exec-7] [32mDEBUG[0;39m c.s.m.d.config.MDCLoggingInterceptor [299d918f35484dd891ddc96cb9b58c37 | GET | /assets/index-kQJbKSsj.css] - Request completed
26-05-15 10:20:33.031 [http-nio-8080-exec-3] [32mDEBUG[0;39m c.s.m.d.config.MDCLoggingInterceptor [f677ef92bbb14e32bbf38f1a7a309d10 | GET | /assets/index-pvm8va9e.js] - Request completed
26-05-15 10:20:33.124 [http-nio-8080-exec-8] [32mDEBUG[0;39m c.s.m.d.config.MDCLoggingInterceptor [71122d55f2f3421eaf3546a129a51235 | GET | /api/auth/csrf-token] - Request started
26-05-15 10:20:33.124 [http-nio-8080-exec-5] [32mDEBUG[0;39m c.s.m.d.config.MDCLoggingInterceptor [2367a727af3645b0876cf2c70a4ec02b | GET | /api/auth/me] - Request started
26-05-15 10:20:33.157 [http-nio-8080-exec-8] [32mDEBUG[0;39m c.s.m.d.controller.AuthController    [71122d55f2f3421eaf3546a129a51235 | GET | /api/auth/csrf-token] - CSRF 토큰 요청: dQ6adPpskxMUMTg4mhu1_u_y5RlKqQBIbh7dnm8yC06vViAbQD6sQpldoSs5CApe-TaBzdbCyCByzTBlD3q8_VdQO3uab0Uj
26-05-15 10:20:33.162 [http-nio-8080-exec-6] [32mDEBUG[0;39m c.s.m.d.config.MDCLoggingInterceptor [edd47b469a864db88239e663c1063059 | GET | /favicon.ico] - Request started
26-05-15 10:20:33.173 [http-nio-8080-exec-6] [32mDEBUG[0;39m c.s.m.d.config.MDCLoggingInterceptor [edd47b469a864db88239e663c1063059 | GET | /favicon.ico] - Request completed
26-05-15 10:20:33.193 [http-nio-8080-exec-8] [32mDEBUG[0;39m c.s.m.d.config.MDCLoggingInterceptor [71122d55f2f3421eaf3546a129a51235 | GET | /api/auth/csrf-token] - Request completed
26-05-15 10:20:33.238 [http-nio-8080-exec-5] [32mDEBUG[0;39m c.s.m.d.config.MDCLoggingInterceptor [2367a727af3645b0876cf2c70a4ec02b | GET | /api/auth/me] - Request completed
26-05-15 10:20:33.252 [http-nio-8080-exec-2] [32mDEBUG[0;39m c.s.m.d.config.MDCLoggingInterceptor [b961df66a6f04d2480c0fbbeec4d3903 | POST | /api/auth/logout] - Request started
26-05-15 10:20:33.262 [http-nio-8080-exec-2] [31mERROR[0;39m c.s.m.d.e.GlobalExceptionHandler     [b961df66a6f04d2480c0fbbeec4d3903 | POST | /api/auth/logout] - 예상치 못한 오류 발생: No static resource api/auth/logout.
org.springframework.web.servlet.resource.NoResourceFoundException: No static resource api/auth/logout.
	at org.springframework.web.servlet.resource.ResourceHttpRequestHandler.handleRequest(ResourceHttpRequestHandler.java:585)
	at org.springframework.web.servlet.mvc.HttpRequestHandlerAdapter.handle(HttpRequestHandlerAdapter.java:52)
	at org.springframework.web.servlet.DispatcherServlet.doDispatch(DispatcherServlet.java:1088)
	at org.springframework.web.servlet.DispatcherServlet.doService(DispatcherServlet.java:978)
	at org.springframework.web.servlet.FrameworkServlet.processRequest(FrameworkServlet.java:1014)
	at org.springframework.web.servlet.FrameworkServlet.doPost(FrameworkServlet.java:914)
	at jakarta.servlet.http.HttpServlet.service(HttpServlet.java:590)
	at org.springframework.web.servlet.FrameworkServlet.service(FrameworkServlet.java:885)
	at jakarta.servlet.http.HttpServlet.service(HttpServlet.java:658)
	at org.apache.catalina.core.ApplicationFilterChain.internalDoFilter(ApplicationFilterChain.java:195)
	at org.apache.catalina.core.ApplicationFilterChain.doFilter(ApplicationFilterChain.java:140)
	at org.apache.tomcat.websocket.server.WsFilter.doFilter(WsFilter.java:51)
	at org.apache.catalina.core.ApplicationFilterChain.internalDoFilter(ApplicationFilterChain.java:164)
	at org.apache.catalina.core.ApplicationFilterChain.doFilter(ApplicationFilterChain.java:140)
	at org.springframework.web.filter.CompositeFilter$VirtualFilterChain.doFilter(CompositeFilter.java:108)
	at org.springframework.security.web.FilterChainProxy.lambda$doFilterInternal$3(FilterChainProxy.java:231)
	at org.springframework.security.web.ObservationFilterChainDecorator$FilterObservation$SimpleFilterObservation.lambda$wrap$1(ObservationFilterChainDecorator.java:479)
	at org.springframework.security.web.ObservationFilterChainDecorator$AroundFilterObservation$SimpleAroundFilterObservation.lambda$wrap$1(ObservationFilterChainDecorator.java:340)
	at org.springframework.security.web.ObservationFilterChainDecorator.lambda$wrapSecured$0(ObservationFilterChainDecorator.java:82)
	at org.springframework.security.web.ObservationFilterChainDecorator$VirtualFilterChain.doFilter(ObservationFilterChainDecorator.java:128)
	at org.springframework.security.web.access.ExceptionTranslationFilter.doFilter(ExceptionTranslationFilter.java:126)
	at org.springframework.security.web.access.ExceptionTranslationFilter.doFilter(ExceptionTranslationFilter.java:120)
	at org.springframework.security.web.ObservationFilterChainDecorator$ObservationFilter.wrapFilter(ObservationFilterChainDecorator.java:240)
	at org.springframework.security.web.ObservationFilterChainDecorator$ObservationFilter.doFilter(ObservationFilterChainDecorator.java:227)
	at org.springframework.security.web.ObservationFilterChainDecorator$VirtualFilterChain.doFilter(ObservationFilterChainDecorator.java:137)
	at org.springframework.security.web.authentication.AnonymousAuthenticationFilter.doFilter(AnonymousAuthenticationFilter.java:100)
	at org.springframework.security.web.ObservationFilterChainDecorator$ObservationFilter.wrapFilter(ObservationFilterChainDecorator.java:240)
	at org.springframework.security.web.ObservationFilterChainDecorator$ObservationFilter.doFilter(ObservationFilterChainDecorator.java:227)
	at org.springframework.security.web.ObservationFilterChainDecorator$VirtualFilterChain.doFilter(ObservationFilterChainDecorator.java:137)
	at org.springframework.security.web.servletapi.SecurityContextHolderAwareRequestFilter.doFilter(SecurityContextHolderAwareRequestFilter.java:179)
	at org.springframework.security.web.ObservationFilterChainDecorator$ObservationFilter.wrapFilter(ObservationFilterChainDecorator.java:240)
	at org.springframework.security.web.ObservationFilterChainDecorator$ObservationFilter.doFilter(ObservationFilterChainDecorator.java:227)
	at org.springframework.security.web.ObservationFilterChainDecorator$VirtualFilterChain.doFilter(ObservationFilterChainDecorator.java:137)
	at org.springframework.security.web.savedrequest.RequestCacheAwareFilter.doFilter(RequestCacheAwareFilter.java:63)
	at org.springframework.security.web.ObservationFilterChainDecorator$ObservationFilter.wrapFilter(ObservationFilterChainDecorator.java:240)
	at org.springframework.security.web.ObservationFilterChainDecorator$ObservationFilter.doFilter(ObservationFilterChainDecorator.java:227)
	at org.springframework.security.web.ObservationFilterChainDecorator$VirtualFilterChain.doFilter(ObservationFilterChainDecorator.java:137)
	at org.springframework.security.web.authentication.ui.DefaultLogoutPageGeneratingFilter.doFilterInternal(DefaultLogoutPageGeneratingFilter.java:58)
	at org.springframework.web.filter.OncePerRequestFilter.doFilter(OncePerRequestFilter.java:116)
	at org.springframework.security.web.ObservationFilterChainDecorator$ObservationFilter.wrapFilter(ObservationFilterChainDecorator.java:240)
	at org.springframework.security.web.ObservationFilterChainDecorator$ObservationFilter.doFilter(ObservationFilterChainDecorator.java:227)
	at org.springframework.security.web.ObservationFilterChainDecorator$VirtualFilterChain.doFilter(ObservationFilterChainDecorator.java:137)
	at org.springframework.security.web.authentication.ui.DefaultLoginPageGeneratingFilter.doFilter(DefaultLoginPageGeneratingFilter.java:220)
	at org.springframework.security.web.authentication.ui.DefaultLoginPageGeneratingFilter.doFilter(DefaultLoginPageGeneratingFilter.java:206)
	at org.springframework.security.web.ObservationFilterChainDecorator$ObservationFilter.wrapFilter(ObservationFilterChainDecorator.java:240)
	at org.springframework.security.web.ObservationFilterChainDecorator$ObservationFilter.doFilter(ObservationFilterChainDecorator.java:227)
	at org.springframework.security.web.ObservationFilterChainDecorator$VirtualFilterChain.doFilter(ObservationFilterChainDecorator.java:137)
	at org.springframework.security.web.authentication.ui.DefaultResourcesFilter.doFilter(DefaultResourcesFilter.java:72)
	at org.springframework.security.web.ObservationFilterChainDecorator$ObservationFilter.wrapFilter(ObservationFilterChainDecorator.java:240)
	at org.springframework.security.web.ObservationFilterChainDecorator$ObservationFilter.doFilter(ObservationFilterChainDecorator.java:227)
	at org.springframework.security.web.ObservationFilterChainDecorator$VirtualFilterChain.doFilter(ObservationFilterChainDecorator.java:137)
	at org.springframework.security.web.authentication.AbstractAuthenticationProcessingFilter.doFilter(AbstractAuthenticationProcessingFilter.java:227)
	at org.springframework.security.web.authentication.AbstractAuthenticationProcessingFilter.doFilter(AbstractAuthenticationProcessingFilter.java:221)
	at org.springframework.security.web.ObservationFilterChainDecorator$ObservationFilter.wrapFilter(ObservationFilterChainDecorator.java:240)
	at org.springframework.security.web.ObservationFilterChainDecorator$ObservationFilter.doFilter(ObservationFilterChainDecorator.java:227)
	at org.springframework.security.web.ObservationFilterChainDecorator$VirtualFilterChain.doFilter(ObservationFilterChainDecorator.java:137)
	at org.springframework.security.web.authentication.logout.LogoutFilter.doFilter(LogoutFilter.java:107)
	at org.springframework.security.web.authentication.logout.LogoutFilter.doFilter(LogoutFilter.java:93)
	at org.springframework.security.web.ObservationFilterChainDecorator$ObservationFilter.wrapFilter(ObservationFilterChainDecorator.java:240)
	at org.springframework.security.web.ObservationFilterChainDecorator$ObservationFilter.doFilter(ObservationFilterChainDecorator.java:227)
	at org.springframework.security.web.ObservationFilterChainDecorator$VirtualFilterChain.doFilter(ObservationFilterChainDecorator.java:137)
	at org.springframework.security.web.csrf.CsrfFilter.doFilterInternal(CsrfFilter.java:131)
	at org.springframework.web.filter.OncePerRequestFilter.doFilter(OncePerRequestFilter.java:116)
	at org.springframework.security.web.ObservationFilterChainDecorator$ObservationFilter.wrapFilter(ObservationFilterChainDecorator.java:240)
	at org.springframework.security.web.ObservationFilterChainDecorator$ObservationFilter.doFilter(ObservationFilterChainDecorator.java:227)
	at org.springframework.security.web.ObservationFilterChainDecorator$VirtualFilterChain.doFilter(ObservationFilterChainDecorator.java:137)
	at org.springframework.security.web.header.HeaderWriterFilter.doHeadersAfter(HeaderWriterFilter.java:90)
	at org.springframework.security.web.header.HeaderWriterFilter.doFilterInternal(HeaderWriterFilter.java:75)
	at org.springframework.web.filter.OncePerRequestFilter.doFilter(OncePerRequestFilter.java:116)
	at org.springframework.security.web.ObservationFilterChainDecorator$ObservationFilter.wrapFilter(ObservationFilterChainDecorator.java:240)
	at org.springframework.security.web.ObservationFilterChainDecorator$ObservationFilter.doFilter(ObservationFilterChainDecorator.java:227)
	at org.springframework.security.web.ObservationFilterChainDecorator$VirtualFilterChain.doFilter(ObservationFilterChainDecorator.java:137)
	at org.springframework.security.web.context.SecurityContextHolderFilter.doFilter(SecurityContextHolderFilter.java:82)
	at org.springframework.security.web.context.SecurityContextHolderFilter.doFilter(SecurityContextHolderFilter.java:69)
	at org.springframework.security.web.ObservationFilterChainDecorator$ObservationFilter.wrapFilter(ObservationFilterChainDecorator.java:240)
	at org.springframework.security.web.ObservationFilterChainDecorator$ObservationFilter.doFilter(ObservationFilterChainDecorator.java:227)
	at org.springframework.security.web.ObservationFilterChainDecorator$VirtualFilterChain.doFilter(ObservationFilterChainDecorator.java:137)
	at org.springframework.security.web.context.request.async.WebAsyncManagerIntegrationFilter.doFilterInternal(WebAsyncManagerIntegrationFilter.java:62)
	at org.springframework.web.filter.OncePerRequestFilter.doFilter(OncePerRequestFilter.java:116)
	at org.springframework.security.web.ObservationFilterChainDecorator$ObservationFilter.wrapFilter(ObservationFilterChainDecorator.java:240)
	at org.springframework.security.web.ObservationFilterChainDecorator$ObservationFilter.doFilter(ObservationFilterChainDecorator.java:227)
	at org.springframework.security.web.ObservationFilterChainDecorator$VirtualFilterChain.doFilter(ObservationFilterChainDecorator.java:137)
	at org.springframework.security.web.session.DisableEncodeUrlFilter.doFilterInternal(DisableEncodeUrlFilter.java:42)
	at org.springframework.web.filter.OncePerRequestFilter.doFilter(OncePerRequestFilter.java:116)
	at org.springframework.security.web.ObservationFilterChainDecorator$ObservationFilter.wrapFilter(ObservationFilterChainDecorator.java:240)
	at org.springframework.security.web.ObservationFilterChainDecorator$AroundFilterObservation$SimpleAroundFilterObservation.lambda$wrap$0(ObservationFilterChainDecorator.java:323)
	at org.springframework.security.web.ObservationFilterChainDecorator$ObservationFilter.doFilter(ObservationFilterChainDecorator.java:224)
	at org.springframework.security.web.ObservationFilterChainDecorator$VirtualFilterChain.doFilter(ObservationFilterChainDecorator.java:137)
	at org.springframework.security.web.FilterChainProxy.doFilterInternal(FilterChainProxy.java:233)
	at org.springframework.security.web.FilterChainProxy.doFilter(FilterChainProxy.java:191)
	at org.springframework.web.filter.CompositeFilter$VirtualFilterChain.doFilter(CompositeFilter.java:113)
	at org.springframework.web.servlet.handler.HandlerMappingIntrospector.lambda$createCacheFilter$3(HandlerMappingIntrospector.java:243)
	at org.springframework.web.filter.CompositeFilter$VirtualFilterChain.doFilter(CompositeFilter.java:113)
	at org.springframework.web.filter.CompositeFilter.doFilter(CompositeFilter.java:74)
	at org.springframework.security.config.annotation.web.configuration.WebMvcSecurityConfiguration$CompositeFilterChainProxy.doFilter(WebMvcSecurityConfiguration.java:238)
	at org.springframework.web.filter.DelegatingFilterProxy.invokeDelegate(DelegatingFilterProxy.java:362)
	at org.springframework.web.filter.DelegatingFilterProxy.doFilter(DelegatingFilterProxy.java:278)
	at org.apache.catalina.core.ApplicationFilterChain.internalDoFilter(ApplicationFilterChain.java:164)
	at org.apache.catalina.core.ApplicationFilterChain.doFilter(ApplicationFilterChain.java:140)
	at org.springframework.web.filter.RequestContextFilter.doFilterInternal(RequestContextFilter.java:100)
	at org.springframework.web.filter.OncePerRequestFilter.doFilter(OncePerRequestFilter.java:116)
	at org.apache.catalina.core.ApplicationFilterChain.internalDoFilter(ApplicationFilterChain.java:164)
	at org.apache.catalina.core.ApplicationFilterChain.doFilter(ApplicationFilterChain.java:140)
	at org.springframework.web.filter.FormContentFilter.doFilterInternal(FormContentFilter.java:93)
	at org.springframework.web.filter.OncePerRequestFilter.doFilter(OncePerRequestFilter.java:116)
	at org.apache.catalina.core.ApplicationFilterChain.internalDoFilter(ApplicationFilterChain.java:164)
	at org.apache.catalina.core.ApplicationFilterChain.doFilter(ApplicationFilterChain.java:140)
	at org.springframework.web.filter.ServerHttpObservationFilter.doFilterInternal(ServerHttpObservationFilter.java:114)
	at org.springframework.web.filter.OncePerRequestFilter.doFilter(OncePerRequestFilter.java:116)
	at org.apache.catalina.core.ApplicationFilterChain.internalDoFilter(ApplicationFilterChain.java:164)
	at org.apache.catalina.core.ApplicationFilterChain.doFilter(ApplicationFilterChain.java:140)
	at org.springframework.web.filter.CharacterEncodingFilter.doFilterInternal(CharacterEncodingFilter.java:201)
	at org.springframework.web.filter.OncePerRequestFilter.doFilter(OncePerRequestFilter.java:116)
	at org.apache.catalina.core.ApplicationFilterChain.internalDoFilter(ApplicationFilterChain.java:164)
	at org.apache.catalina.core.ApplicationFilterChain.doFilter(ApplicationFilterChain.java:140)
	at org.apache.catalina.core.StandardWrapperValve.invoke(StandardWrapperValve.java:167)
	at org.apache.catalina.core.StandardContextValve.invoke(StandardContextValve.java:90)
	at org.apache.catalina.authenticator.AuthenticatorBase.invoke(AuthenticatorBase.java:483)
	at org.apache.catalina.core.StandardHostValve.invoke(StandardHostValve.java:115)
	at org.apache.catalina.valves.ErrorReportValve.invoke(ErrorReportValve.java:93)
	at org.apache.catalina.core.StandardEngineValve.invoke(StandardEngineValve.java:74)
	at org.apache.catalina.connector.CoyoteAdapter.service(CoyoteAdapter.java:344)
	at org.apache.coyote.http11.Http11Processor.service(Http11Processor.java:397)
	at org.apache.coyote.AbstractProcessorLight.process(AbstractProcessorLight.java:63)
	at org.apache.coyote.AbstractProtocol$ConnectionHandler.process(AbstractProtocol.java:905)
	at org.apache.tomcat.util.net.NioEndpoint$SocketProcessor.doRun(NioEndpoint.java:1741)
	at org.apache.tomcat.util.net.SocketProcessorBase.run(SocketProcessorBase.java:52)
	at org.apache.tomcat.util.threads.ThreadPoolExecutor.runWorker(ThreadPoolExecutor.java:1190)
	at org.apache.tomcat.util.threads.ThreadPoolExecutor$Worker.run(ThreadPoolExecutor.java:659)
	at org.apache.tomcat.util.threads.TaskThread$WrappingRunnable.run(TaskThread.java:63)
	at java.base/java.lang.Thread.run(Thread.java:840)
26-05-15 10:20:33.314 [http-nio-8080-exec-2] [32mDEBUG[0;39m c.s.m.d.config.MDCLoggingInterceptor [b961df66a6f04d2480c0fbbeec4d3903 | POST | /api/auth/logout] - Request completed
26-05-15 10:21:04.485 [http-nio-8080-exec-4] [32mDEBUG[0;39m c.s.m.d.config.MDCLoggingInterceptor [31f06431778d47d3beb2abd6e52a3ae5 | GET | /assets/index-kQJbKSsj.css] - Request started
26-05-15 10:21:04.490 [http-nio-8080-exec-4] [32mDEBUG[0;39m c.s.m.d.config.MDCLoggingInterceptor [31f06431778d47d3beb2abd6e52a3ae5 | GET | /assets/index-kQJbKSsj.css] - Request completed
26-05-15 10:21:04.550 [http-nio-8080-exec-9] [32mDEBUG[0;39m c.s.m.d.config.MDCLoggingInterceptor [b9341cda2f1c43d2acba86de5c1eaf84 | GET | /.well-known/appspecific/com.chrome.devtools.json] - Request started
26-05-15 10:21:04.556 [http-nio-8080-exec-9] [31mERROR[0;39m c.s.m.d.e.GlobalExceptionHandler     [b9341cda2f1c43d2acba86de5c1eaf84 | GET | /.well-known/appspecific/com.chrome.devtools.json] - 예상치 못한 오류 발생: No static resource .well-known/appspecific/com.chrome.devtools.json.
org.springframework.web.servlet.resource.NoResourceFoundException: No static resource .well-known/appspecific/com.chrome.devtools.json.
	at org.springframework.web.servlet.resource.ResourceHttpRequestHandler.handleRequest(ResourceHttpRequestHandler.java:585)
	at org.springframework.web.servlet.mvc.HttpRequestHandlerAdapter.handle(HttpRequestHandlerAdapter.java:52)
	at org.springframework.web.servlet.DispatcherServlet.doDispatch(DispatcherServlet.java:1088)
	at org.springframework.web.servlet.DispatcherServlet.doService(DispatcherServlet.java:978)
	at org.springframework.web.servlet.FrameworkServlet.processRequest(FrameworkServlet.java:1014)
	at org.springframework.web.servlet.FrameworkServlet.doGet(FrameworkServlet.java:903)
	at jakarta.servlet.http.HttpServlet.service(HttpServlet.java:564)
	at org.springframework.web.servlet.FrameworkServlet.service(FrameworkServlet.java:885)
	at jakarta.servlet.http.HttpServlet.service(HttpServlet.java:658)
	at org.apache.catalina.core.ApplicationFilterChain.internalDoFilter(ApplicationFilterChain.java:195)
	at org.apache.catalina.core.ApplicationFilterChain.doFilter(ApplicationFilterChain.java:140)
	at org.apache.tomcat.websocket.server.WsFilter.doFilter(WsFilter.java:51)
	at org.apache.catalina.core.ApplicationFilterChain.internalDoFilter(ApplicationFilterChain.java:164)
	at org.apache.catalina.core.ApplicationFilterChain.doFilter(ApplicationFilterChain.java:140)
	at org.springframework.web.filter.CompositeFilter$VirtualFilterChain.doFilter(CompositeFilter.java:108)
	at org.springframework.security.web.FilterChainProxy.lambda$doFilterInternal$3(FilterChainProxy.java:231)
	at org.springframework.security.web.ObservationFilterChainDecorator$FilterObservation$SimpleFilterObservation.lambda$wrap$1(ObservationFilterChainDecorator.java:479)
	at org.springframework.security.web.ObservationFilterChainDecorator$AroundFilterObservation$SimpleAroundFilterObservation.lambda$wrap$1(ObservationFilterChainDecorator.java:340)
	at org.springframework.security.web.ObservationFilterChainDecorator.lambda$wrapSecured$0(ObservationFilterChainDecorator.java:82)
	at org.springframework.security.web.ObservationFilterChainDecorator$VirtualFilterChain.doFilter(ObservationFilterChainDecorator.java:128)
	at org.springframework.security.web.access.ExceptionTranslationFilter.doFilter(ExceptionTranslationFilter.java:126)
	at org.springframework.security.web.access.ExceptionTranslationFilter.doFilter(ExceptionTranslationFilter.java:120)
	at org.springframework.security.web.ObservationFilterChainDecorator$ObservationFilter.wrapFilter(ObservationFilterChainDecorator.java:240)
	at org.springframework.security.web.ObservationFilterChainDecorator$ObservationFilter.doFilter(ObservationFilterChainDecorator.java:227)
	at org.springframework.security.web.ObservationFilterChainDecorator$VirtualFilterChain.doFilter(ObservationFilterChainDecorator.java:137)
	at org.springframework.security.web.authentication.AnonymousAuthenticationFilter.doFilter(AnonymousAuthenticationFilter.java:100)
	at org.springframework.security.web.ObservationFilterChainDecorator$ObservationFilter.wrapFilter(ObservationFilterChainDecorator.java:240)
	at org.springframework.security.web.ObservationFilterChainDecorator$ObservationFilter.doFilter(ObservationFilterChainDecorator.java:227)
	at org.springframework.security.web.ObservationFilterChainDecorator$VirtualFilterChain.doFilter(ObservationFilterChainDecorator.java:137)
	at org.springframework.security.web.servletapi.SecurityContextHolderAwareRequestFilter.doFilter(SecurityContextHolderAwareRequestFilter.java:179)
	at org.springframework.security.web.ObservationFilterChainDecorator$ObservationFilter.wrapFilter(ObservationFilterChainDecorator.java:240)
	at org.springframework.security.web.ObservationFilterChainDecorator$ObservationFilter.doFilter(ObservationFilterChainDecorator.java:227)
	at org.springframework.security.web.ObservationFilterChainDecorator$VirtualFilterChain.doFilter(ObservationFilterChainDecorator.java:137)
	at org.springframework.security.web.savedrequest.RequestCacheAwareFilter.doFilter(RequestCacheAwareFilter.java:63)
	at org.springframework.security.web.ObservationFilterChainDecorator$ObservationFilter.wrapFilter(ObservationFilterChainDecorator.java:240)
	at org.springframework.security.web.ObservationFilterChainDecorator$ObservationFilter.doFilter(ObservationFilterChainDecorator.java:227)
	at org.springframework.security.web.ObservationFilterChainDecorator$VirtualFilterChain.doFilter(ObservationFilterChainDecorator.java:137)
	at org.springframework.security.web.authentication.ui.DefaultLogoutPageGeneratingFilter.doFilterInternal(DefaultLogoutPageGeneratingFilter.java:58)
	at org.springframework.web.filter.OncePerRequestFilter.doFilter(OncePerRequestFilter.java:116)
	at org.springframework.security.web.ObservationFilterChainDecorator$ObservationFilter.wrapFilter(ObservationFilterChainDecorator.java:240)
	at org.springframework.security.web.ObservationFilterChainDecorator$ObservationFilter.doFilter(ObservationFilterChainDecorator.java:227)
	at org.springframework.security.web.ObservationFilterChainDecorator$VirtualFilterChain.doFilter(ObservationFilterChainDecorator.java:137)
	at org.springframework.security.web.authentication.ui.DefaultLoginPageGeneratingFilter.doFilter(DefaultLoginPageGeneratingFilter.java:220)
	at org.springframework.security.web.authentication.ui.DefaultLoginPageGeneratingFilter.doFilter(DefaultLoginPageGeneratingFilter.java:206)
	at org.springframework.security.web.ObservationFilterChainDecorator$ObservationFilter.wrapFilter(ObservationFilterChainDecorator.java:240)
	at org.springframework.security.web.ObservationFilterChainDecorator$ObservationFilter.doFilter(ObservationFilterChainDecorator.java:227)
	at org.springframework.security.web.ObservationFilterChainDecorator$VirtualFilterChain.doFilter(ObservationFilterChainDecorator.java:137)
	at org.springframework.security.web.authentication.ui.DefaultResourcesFilter.doFilter(DefaultResourcesFilter.java:72)
	at org.springframework.security.web.ObservationFilterChainDecorator$ObservationFilter.wrapFilter(ObservationFilterChainDecorator.java:240)
	at org.springframework.security.web.ObservationFilterChainDecorator$ObservationFilter.doFilter(ObservationFilterChainDecorator.java:227)
	at org.springframework.security.web.ObservationFilterChainDecorator$VirtualFilterChain.doFilter(ObservationFilterChainDecorator.java:137)
	at org.springframework.security.web.authentication.AbstractAuthenticationProcessingFilter.doFilter(AbstractAuthenticationProcessingFilter.java:227)
	at org.springframework.security.web.authentication.AbstractAuthenticationProcessingFilter.doFilter(AbstractAuthenticationProcessingFilter.java:221)
	at org.springframework.security.web.ObservationFilterChainDecorator$ObservationFilter.wrapFilter(ObservationFilterChainDecorator.java:240)
	at org.springframework.security.web.ObservationFilterChainDecorator$ObservationFilter.doFilter(ObservationFilterChainDecorator.java:227)
	at org.springframework.security.web.ObservationFilterChainDecorator$VirtualFilterChain.doFilter(ObservationFilterChainDecorator.java:137)
	at org.springframework.security.web.authentication.logout.LogoutFilter.doFilter(LogoutFilter.java:107)
	at org.springframework.security.web.authentication.logout.LogoutFilter.doFilter(LogoutFilter.java:93)
	at org.springframework.security.web.ObservationFilterChainDecorator$ObservationFilter.wrapFilter(ObservationFilterChainDecorator.java:240)
	at org.springframework.security.web.ObservationFilterChainDecorator$ObservationFilter.doFilter(ObservationFilterChainDecorator.java:227)
	at org.springframework.security.web.ObservationFilterChainDecorator$VirtualFilterChain.doFilter(ObservationFilterChainDecorator.java:137)
	at org.springframework.security.web.csrf.CsrfFilter.doFilterInternal(CsrfFilter.java:117)
	at org.springframework.web.filter.OncePerRequestFilter.doFilter(OncePerRequestFilter.java:116)
	at org.springframework.security.web.ObservationFilterChainDecorator$ObservationFilter.wrapFilter(ObservationFilterChainDecorator.java:240)
	at org.springframework.security.web.ObservationFilterChainDecorator$ObservationFilter.doFilter(ObservationFilterChainDecorator.java:227)
	at org.springframework.security.web.ObservationFilterChainDecorator$VirtualFilterChain.doFilter(ObservationFilterChainDecorator.java:137)
	at org.springframework.security.web.header.HeaderWriterFilter.doHeadersAfter(HeaderWriterFilter.java:90)
	at org.springframework.security.web.header.HeaderWriterFilter.doFilterInternal(HeaderWriterFilter.java:75)
	at org.springframework.web.filter.OncePerRequestFilter.doFilter(OncePerRequestFilter.java:116)
	at org.springframework.security.web.ObservationFilterChainDecorator$ObservationFilter.wrapFilter(ObservationFilterChainDecorator.java:240)
	at org.springframework.security.web.ObservationFilterChainDecorator$ObservationFilter.doFilter(ObservationFilterChainDecorator.java:227)
	at org.springframework.security.web.ObservationFilterChainDecorator$VirtualFilterChain.doFilter(ObservationFilterChainDecorator.java:137)
	at org.springframework.security.web.context.SecurityContextHolderFilter.doFilter(SecurityContextHolderFilter.java:82)
	at org.springframework.security.web.context.SecurityContextHolderFilter.doFilter(SecurityContextHolderFilter.java:69)
	at org.springframework.security.web.ObservationFilterChainDecorator$ObservationFilter.wrapFilter(ObservationFilterChainDecorator.java:240)
	at org.springframework.security.web.ObservationFilterChainDecorator$ObservationFilter.doFilter(ObservationFilterChainDecorator.java:227)
	at org.springframework.security.web.ObservationFilterChainDecorator$VirtualFilterChain.doFilter(ObservationFilterChainDecorator.java:137)
	at org.springframework.security.web.context.request.async.WebAsyncManagerIntegrationFilter.doFilterInternal(WebAsyncManagerIntegrationFilter.java:62)
	at org.springframework.web.filter.OncePerRequestFilter.doFilter(OncePerRequestFilter.java:116)
	at org.springframework.security.web.ObservationFilterChainDecorator$ObservationFilter.wrapFilter(ObservationFilterChainDecorator.java:240)
	at org.springframework.security.web.ObservationFilterChainDecorator$ObservationFilter.doFilter(ObservationFilterChainDecorator.java:227)
	at org.springframework.security.web.ObservationFilterChainDecorator$VirtualFilterChain.doFilter(ObservationFilterChainDecorator.java:137)
	at org.springframework.security.web.session.DisableEncodeUrlFilter.doFilterInternal(DisableEncodeUrlFilter.java:42)
	at org.springframework.web.filter.OncePerRequestFilter.doFilter(OncePerRequestFilter.java:116)
	at org.springframework.security.web.ObservationFilterChainDecorator$ObservationFilter.wrapFilter(ObservationFilterChainDecorator.java:240)
	at org.springframework.security.web.ObservationFilterChainDecorator$AroundFilterObservation$SimpleAroundFilterObservation.lambda$wrap$0(ObservationFilterChainDecorator.java:323)
	at org.springframework.security.web.ObservationFilterChainDecorator$ObservationFilter.doFilter(ObservationFilterChainDecorator.java:224)
	at org.springframework.security.web.ObservationFilterChainDecorator$VirtualFilterChain.doFilter(ObservationFilterChainDecorator.java:137)
	at org.springframework.security.web.FilterChainProxy.doFilterInternal(FilterChainProxy.java:233)
	at org.springframework.security.web.FilterChainProxy.doFilter(FilterChainProxy.java:191)
	at org.springframework.web.filter.CompositeFilter$VirtualFilterChain.doFilter(CompositeFilter.java:113)
	at org.springframework.web.servlet.handler.HandlerMappingIntrospector.lambda$createCacheFilter$3(HandlerMappingIntrospector.java:243)
	at org.springframework.web.filter.CompositeFilter$VirtualFilterChain.doFilter(CompositeFilter.java:113)
	at org.springframework.web.filter.CompositeFilter.doFilter(CompositeFilter.java:74)
	at org.springframework.security.config.annotation.web.configuration.WebMvcSecurityConfiguration$CompositeFilterChainProxy.doFilter(WebMvcSecurityConfiguration.java:238)
	at org.springframework.web.filter.DelegatingFilterProxy.invokeDelegate(DelegatingFilterProxy.java:362)
	at org.springframework.web.filter.DelegatingFilterProxy.doFilter(DelegatingFilterProxy.java:278)
	at org.apache.catalina.core.ApplicationFilterChain.internalDoFilter(ApplicationFilterChain.java:164)
	at org.apache.catalina.core.ApplicationFilterChain.doFilter(ApplicationFilterChain.java:140)
	at org.springframework.web.filter.RequestContextFilter.doFilterInternal(RequestContextFilter.java:100)
	at org.springframework.web.filter.OncePerRequestFilter.doFilter(OncePerRequestFilter.java:116)
	at org.apache.catalina.core.ApplicationFilterChain.internalDoFilter(ApplicationFilterChain.java:164)
	at org.apache.catalina.core.ApplicationFilterChain.doFilter(ApplicationFilterChain.java:140)
	at org.springframework.web.filter.FormContentFilter.doFilterInternal(FormContentFilter.java:93)
	at org.springframework.web.filter.OncePerRequestFilter.doFilter(OncePerRequestFilter.java:116)
	at org.apache.catalina.core.ApplicationFilterChain.internalDoFilter(ApplicationFilterChain.java:164)
	at org.apache.catalina.core.ApplicationFilterChain.doFilter(ApplicationFilterChain.java:140)
	at org.springframework.web.filter.ServerHttpObservationFilter.doFilterInternal(ServerHttpObservationFilter.java:114)
	at org.springframework.web.filter.OncePerRequestFilter.doFilter(OncePerRequestFilter.java:116)
	at org.apache.catalina.core.ApplicationFilterChain.internalDoFilter(ApplicationFilterChain.java:164)
	at org.apache.catalina.core.ApplicationFilterChain.doFilter(ApplicationFilterChain.java:140)
	at org.springframework.web.filter.CharacterEncodingFilter.doFilterInternal(CharacterEncodingFilter.java:201)
	at org.springframework.web.filter.OncePerRequestFilter.doFilter(OncePerRequestFilter.java:116)
	at org.apache.catalina.core.ApplicationFilterChain.internalDoFilter(ApplicationFilterChain.java:164)
	at org.apache.catalina.core.ApplicationFilterChain.doFilter(ApplicationFilterChain.java:140)
	at org.apache.catalina.core.StandardWrapperValve.invoke(StandardWrapperValve.java:167)
	at org.apache.catalina.core.StandardContextValve.invoke(StandardContextValve.java:90)
	at org.apache.catalina.authenticator.AuthenticatorBase.invoke(AuthenticatorBase.java:483)
	at org.apache.catalina.core.StandardHostValve.invoke(StandardHostValve.java:115)
	at org.apache.catalina.valves.ErrorReportValve.invoke(ErrorReportValve.java:93)
	at org.apache.catalina.core.StandardEngineValve.invoke(StandardEngineValve.java:74)
	at org.apache.catalina.connector.CoyoteAdapter.service(CoyoteAdapter.java:344)
	at org.apache.coyote.http11.Http11Processor.service(Http11Processor.java:397)
	at org.apache.coyote.AbstractProcessorLight.process(AbstractProcessorLight.java:63)
	at org.apache.coyote.AbstractProtocol$ConnectionHandler.process(AbstractProtocol.java:905)
	at org.apache.tomcat.util.net.NioEndpoint$SocketProcessor.doRun(NioEndpoint.java:1741)
	at org.apache.tomcat.util.net.SocketProcessorBase.run(SocketProcessorBase.java:52)
	at org.apache.tomcat.util.threads.ThreadPoolExecutor.runWorker(ThreadPoolExecutor.java:1190)
	at org.apache.tomcat.util.threads.ThreadPoolExecutor$Worker.run(ThreadPoolExecutor.java:659)
	at org.apache.tomcat.util.threads.TaskThread$WrappingRunnable.run(TaskThread.java:63)
	at java.base/java.lang.Thread.run(Thread.java:840)
26-05-15 10:21:04.565 [http-nio-8080-exec-9] [32mDEBUG[0;39m c.s.m.d.config.MDCLoggingInterceptor [b9341cda2f1c43d2acba86de5c1eaf84 | GET | /.well-known/appspecific/com.chrome.devtools.json] - Request completed
26-05-15 10:21:07.769 [http-nio-8080-exec-10] [32mDEBUG[0;39m c.s.m.d.config.MDCLoggingInterceptor [8aebf4fba2f340de9b749bca4fe1fa78 | GET | /] - Request started
26-05-15 10:21:07.774 [http-nio-8080-exec-10] [32mDEBUG[0;39m c.s.m.d.config.MDCLoggingInterceptor [c72fdd6ee95f4a2bafc90ed53755d833 | GET | /index.html] - Request started
26-05-15 10:21:07.784 [http-nio-8080-exec-10] [32mDEBUG[0;39m c.s.m.d.config.MDCLoggingInterceptor [c72fdd6ee95f4a2bafc90ed53755d833 | GET | /index.html] - Request completed
26-05-15 10:21:07.786 [http-nio-8080-exec-10] [32mDEBUG[0;39m c.s.m.d.config.MDCLoggingInterceptor [ |  | ] - Request completed
26-05-15 10:21:07.827 [http-nio-8080-exec-1] [32mDEBUG[0;39m c.s.m.d.config.MDCLoggingInterceptor [14fd0bb52da249bfa038f57a20cac60a | GET | /assets/index-pvm8va9e.js] - Request started
26-05-15 10:21:07.829 [http-nio-8080-exec-7] [32mDEBUG[0;39m c.s.m.d.config.MDCLoggingInterceptor [57350a6a94e64df7859cc67b6dd875e5 | GET | /assets/index-kQJbKSsj.css] - Request started
26-05-15 10:21:07.833 [http-nio-8080-exec-7] [32mDEBUG[0;39m c.s.m.d.config.MDCLoggingInterceptor [57350a6a94e64df7859cc67b6dd875e5 | GET | /assets/index-kQJbKSsj.css] - Request completed
26-05-15 10:21:07.836 [http-nio-8080-exec-1] [32mDEBUG[0;39m c.s.m.d.config.MDCLoggingInterceptor [14fd0bb52da249bfa038f57a20cac60a | GET | /assets/index-pvm8va9e.js] - Request completed
26-05-15 10:21:07.859 [http-nio-8080-exec-3] [32mDEBUG[0;39m c.s.m.d.config.MDCLoggingInterceptor [110239e57ec84f88bbf88db79b919e52 | GET | /.well-known/appspecific/com.chrome.devtools.json] - Request started
26-05-15 10:21:07.861 [http-nio-8080-exec-3] [31mERROR[0;39m c.s.m.d.e.GlobalExceptionHandler     [110239e57ec84f88bbf88db79b919e52 | GET | /.well-known/appspecific/com.chrome.devtools.json] - 예상치 못한 오류 발생: No static resource .well-known/appspecific/com.chrome.devtools.json.
org.springframework.web.servlet.resource.NoResourceFoundException: No static resource .well-known/appspecific/com.chrome.devtools.json.
	at org.springframework.web.servlet.resource.ResourceHttpRequestHandler.handleRequest(ResourceHttpRequestHandler.java:585)
	at org.springframework.web.servlet.mvc.HttpRequestHandlerAdapter.handle(HttpRequestHandlerAdapter.java:52)
	at org.springframework.web.servlet.DispatcherServlet.doDispatch(DispatcherServlet.java:1088)
	at org.springframework.web.servlet.DispatcherServlet.doService(DispatcherServlet.java:978)
	at org.springframework.web.servlet.FrameworkServlet.processRequest(FrameworkServlet.java:1014)
	at org.springframework.web.servlet.FrameworkServlet.doGet(FrameworkServlet.java:903)
	at jakarta.servlet.http.HttpServlet.service(HttpServlet.java:564)
	at org.springframework.web.servlet.FrameworkServlet.service(FrameworkServlet.java:885)
	at jakarta.servlet.http.HttpServlet.service(HttpServlet.java:658)
	at org.apache.catalina.core.ApplicationFilterChain.internalDoFilter(ApplicationFilterChain.java:195)
	at org.apache.catalina.core.ApplicationFilterChain.doFilter(ApplicationFilterChain.java:140)
	at org.apache.tomcat.websocket.server.WsFilter.doFilter(WsFilter.java:51)
	at org.apache.catalina.core.ApplicationFilterChain.internalDoFilter(ApplicationFilterChain.java:164)
	at org.apache.catalina.core.ApplicationFilterChain.doFilter(ApplicationFilterChain.java:140)
	at org.springframework.web.filter.CompositeFilter$VirtualFilterChain.doFilter(CompositeFilter.java:108)
	at org.springframework.security.web.FilterChainProxy.lambda$doFilterInternal$3(FilterChainProxy.java:231)
	at org.springframework.security.web.ObservationFilterChainDecorator$FilterObservation$SimpleFilterObservation.lambda$wrap$1(ObservationFilterChainDecorator.java:479)
	at org.springframework.security.web.ObservationFilterChainDecorator$AroundFilterObservation$SimpleAroundFilterObservation.lambda$wrap$1(ObservationFilterChainDecorator.java:340)
	at org.springframework.security.web.ObservationFilterChainDecorator.lambda$wrapSecured$0(ObservationFilterChainDecorator.java:82)
	at org.springframework.security.web.ObservationFilterChainDecorator$VirtualFilterChain.doFilter(ObservationFilterChainDecorator.java:128)
	at org.springframework.security.web.access.ExceptionTranslationFilter.doFilter(ExceptionTranslationFilter.java:126)
	at org.springframework.security.web.access.ExceptionTranslationFilter.doFilter(ExceptionTranslationFilter.java:120)
	at org.springframework.security.web.ObservationFilterChainDecorator$ObservationFilter.wrapFilter(ObservationFilterChainDecorator.java:240)
	at org.springframework.security.web.ObservationFilterChainDecorator$ObservationFilter.doFilter(ObservationFilterChainDecorator.java:227)
	at org.springframework.security.web.ObservationFilterChainDecorator$VirtualFilterChain.doFilter(ObservationFilterChainDecorator.java:137)
	at org.springframework.security.web.authentication.AnonymousAuthenticationFilter.doFilter(AnonymousAuthenticationFilter.java:100)
	at org.springframework.security.web.ObservationFilterChainDecorator$ObservationFilter.wrapFilter(ObservationFilterChainDecorator.java:240)
	at org.springframework.security.web.ObservationFilterChainDecorator$ObservationFilter.doFilter(ObservationFilterChainDecorator.java:227)
	at org.springframework.security.web.ObservationFilterChainDecorator$VirtualFilterChain.doFilter(ObservationFilterChainDecorator.java:137)
	at org.springframework.security.web.servletapi.SecurityContextHolderAwareRequestFilter.doFilter(SecurityContextHolderAwareRequestFilter.java:179)
	at org.springframework.security.web.ObservationFilterChainDecorator$ObservationFilter.wrapFilter(ObservationFilterChainDecorator.java:240)
	at org.springframework.security.web.ObservationFilterChainDecorator$ObservationFilter.doFilter(ObservationFilterChainDecorator.java:227)
	at org.springframework.security.web.ObservationFilterChainDecorator$VirtualFilterChain.doFilter(ObservationFilterChainDecorator.java:137)
	at org.springframework.security.web.savedrequest.RequestCacheAwareFilter.doFilter(RequestCacheAwareFilter.java:63)
	at org.springframework.security.web.ObservationFilterChainDecorator$ObservationFilter.wrapFilter(ObservationFilterChainDecorator.java:240)
	at org.springframework.security.web.ObservationFilterChainDecorator$ObservationFilter.doFilter(ObservationFilterChainDecorator.java:227)
	at org.springframework.security.web.ObservationFilterChainDecorator$VirtualFilterChain.doFilter(ObservationFilterChainDecorator.java:137)
	at org.springframework.security.web.authentication.ui.DefaultLogoutPageGeneratingFilter.doFilterInternal(DefaultLogoutPageGeneratingFilter.java:58)
	at org.springframework.web.filter.OncePerRequestFilter.doFilter(OncePerRequestFilter.java:116)
	at org.springframework.security.web.ObservationFilterChainDecorator$ObservationFilter.wrapFilter(ObservationFilterChainDecorator.java:240)
	at org.springframework.security.web.ObservationFilterChainDecorator$ObservationFilter.doFilter(ObservationFilterChainDecorator.java:227)
	at org.springframework.security.web.ObservationFilterChainDecorator$VirtualFilterChain.doFilter(ObservationFilterChainDecorator.java:137)
	at org.springframework.security.web.authentication.ui.DefaultLoginPageGeneratingFilter.doFilter(DefaultLoginPageGeneratingFilter.java:220)
	at org.springframework.security.web.authentication.ui.DefaultLoginPageGeneratingFilter.doFilter(DefaultLoginPageGeneratingFilter.java:206)
	at org.springframework.security.web.ObservationFilterChainDecorator$ObservationFilter.wrapFilter(ObservationFilterChainDecorator.java:240)
	at org.springframework.security.web.ObservationFilterChainDecorator$ObservationFilter.doFilter(ObservationFilterChainDecorator.java:227)
	at org.springframework.security.web.ObservationFilterChainDecorator$VirtualFilterChain.doFilter(ObservationFilterChainDecorator.java:137)
	at org.springframework.security.web.authentication.ui.DefaultResourcesFilter.doFilter(DefaultResourcesFilter.java:72)
	at org.springframework.security.web.ObservationFilterChainDecorator$ObservationFilter.wrapFilter(ObservationFilterChainDecorator.java:240)
	at org.springframework.security.web.ObservationFilterChainDecorator$ObservationFilter.doFilter(ObservationFilterChainDecorator.java:227)
	at org.springframework.security.web.ObservationFilterChainDecorator$VirtualFilterChain.doFilter(ObservationFilterChainDecorator.java:137)
	at org.springframework.security.web.authentication.AbstractAuthenticationProcessingFilter.doFilter(AbstractAuthenticationProcessingFilter.java:227)
	at org.springframework.security.web.authentication.AbstractAuthenticationProcessingFilter.doFilter(AbstractAuthenticationProcessingFilter.java:221)
	at org.springframework.security.web.ObservationFilterChainDecorator$ObservationFilter.wrapFilter(ObservationFilterChainDecorator.java:240)
	at org.springframework.security.web.ObservationFilterChainDecorator$ObservationFilter.doFilter(ObservationFilterChainDecorator.java:227)
	at org.springframework.security.web.ObservationFilterChainDecorator$VirtualFilterChain.doFilter(ObservationFilterChainDecorator.java:137)
	at org.springframework.security.web.authentication.logout.LogoutFilter.doFilter(LogoutFilter.java:107)
	at org.springframework.security.web.authentication.logout.LogoutFilter.doFilter(LogoutFilter.java:93)
	at org.springframework.security.web.ObservationFilterChainDecorator$ObservationFilter.wrapFilter(ObservationFilterChainDecorator.java:240)
	at org.springframework.security.web.ObservationFilterChainDecorator$ObservationFilter.doFilter(ObservationFilterChainDecorator.java:227)
	at org.springframework.security.web.ObservationFilterChainDecorator$VirtualFilterChain.doFilter(ObservationFilterChainDecorator.java:137)
	at org.springframework.security.web.csrf.CsrfFilter.doFilterInternal(CsrfFilter.java:117)
	at org.springframework.web.filter.OncePerRequestFilter.doFilter(OncePerRequestFilter.java:116)
	at org.springframework.security.web.ObservationFilterChainDecorator$ObservationFilter.wrapFilter(ObservationFilterChainDecorator.java:240)
	at org.springframework.security.web.ObservationFilterChainDecorator$ObservationFilter.doFilter(ObservationFilterChainDecorator.java:227)
	at org.springframework.security.web.ObservationFilterChainDecorator$VirtualFilterChain.doFilter(ObservationFilterChainDecorator.java:137)
	at org.springframework.security.web.header.HeaderWriterFilter.doHeadersAfter(HeaderWriterFilter.java:90)
	at org.springframework.security.web.header.HeaderWriterFilter.doFilterInternal(HeaderWriterFilter.java:75)
	at org.springframework.web.filter.OncePerRequestFilter.doFilter(OncePerRequestFilter.java:116)
	at org.springframework.security.web.ObservationFilterChainDecorator$ObservationFilter.wrapFilter(ObservationFilterChainDecorator.java:240)
	at org.springframework.security.web.ObservationFilterChainDecorator$ObservationFilter.doFilter(ObservationFilterChainDecorator.java:227)
	at org.springframework.security.web.ObservationFilterChainDecorator$VirtualFilterChain.doFilter(ObservationFilterChainDecorator.java:137)
	at org.springframework.security.web.context.SecurityContextHolderFilter.doFilter(SecurityContextHolderFilter.java:82)
	at org.springframework.security.web.context.SecurityContextHolderFilter.doFilter(SecurityContextHolderFilter.java:69)
	at org.springframework.security.web.ObservationFilterChainDecorator$ObservationFilter.wrapFilter(ObservationFilterChainDecorator.java:240)
	at org.springframework.security.web.ObservationFilterChainDecorator$ObservationFilter.doFilter(ObservationFilterChainDecorator.java:227)
	at org.springframework.security.web.ObservationFilterChainDecorator$VirtualFilterChain.doFilter(ObservationFilterChainDecorator.java:137)
	at org.springframework.security.web.context.request.async.WebAsyncManagerIntegrationFilter.doFilterInternal(WebAsyncManagerIntegrationFilter.java:62)
	at org.springframework.web.filter.OncePerRequestFilter.doFilter(OncePerRequestFilter.java:116)
	at org.springframework.security.web.ObservationFilterChainDecorator$ObservationFilter.wrapFilter(ObservationFilterChainDecorator.java:240)
	at org.springframework.security.web.ObservationFilterChainDecorator$ObservationFilter.doFilter(ObservationFilterChainDecorator.java:227)
	at org.springframework.security.web.ObservationFilterChainDecorator$VirtualFilterChain.doFilter(ObservationFilterChainDecorator.java:137)
	at org.springframework.security.web.session.DisableEncodeUrlFilter.doFilterInternal(DisableEncodeUrlFilter.java:42)
	at org.springframework.web.filter.OncePerRequestFilter.doFilter(OncePerRequestFilter.java:116)
	at org.springframework.security.web.ObservationFilterChainDecorator$ObservationFilter.wrapFilter(ObservationFilterChainDecorator.java:240)
	at org.springframework.security.web.ObservationFilterChainDecorator$AroundFilterObservation$SimpleAroundFilterObservation.lambda$wrap$0(ObservationFilterChainDecorator.java:323)
	at org.springframework.security.web.ObservationFilterChainDecorator$ObservationFilter.doFilter(ObservationFilterChainDecorator.java:224)
	at org.springframework.security.web.ObservationFilterChainDecorator$VirtualFilterChain.doFilter(ObservationFilterChainDecorator.java:137)
	at org.springframework.security.web.FilterChainProxy.doFilterInternal(FilterChainProxy.java:233)
	at org.springframework.security.web.FilterChainProxy.doFilter(FilterChainProxy.java:191)
	at org.springframework.web.filter.CompositeFilter$VirtualFilterChain.doFilter(CompositeFilter.java:113)
	at org.springframework.web.servlet.handler.HandlerMappingIntrospector.lambda$createCacheFilter$3(HandlerMappingIntrospector.java:243)
	at org.springframework.web.filter.CompositeFilter$VirtualFilterChain.doFilter(CompositeFilter.java:113)
	at org.springframework.web.filter.CompositeFilter.doFilter(CompositeFilter.java:74)
	at org.springframework.security.config.annotation.web.configuration.WebMvcSecurityConfiguration$CompositeFilterChainProxy.doFilter(WebMvcSecurityConfiguration.java:238)
	at org.springframework.web.filter.DelegatingFilterProxy.invokeDelegate(DelegatingFilterProxy.java:362)
	at org.springframework.web.filter.DelegatingFilterProxy.doFilter(DelegatingFilterProxy.java:278)
	at org.apache.catalina.core.ApplicationFilterChain.internalDoFilter(ApplicationFilterChain.java:164)
	at org.apache.catalina.core.ApplicationFilterChain.doFilter(ApplicationFilterChain.java:140)
	at org.springframework.web.filter.RequestContextFilter.doFilterInternal(RequestContextFilter.java:100)
	at org.springframework.web.filter.OncePerRequestFilter.doFilter(OncePerRequestFilter.java:116)
	at org.apache.catalina.core.ApplicationFilterChain.internalDoFilter(ApplicationFilterChain.java:164)
	at org.apache.catalina.core.ApplicationFilterChain.doFilter(ApplicationFilterChain.java:140)
	at org.springframework.web.filter.FormContentFilter.doFilterInternal(FormContentFilter.java:93)
	at org.springframework.web.filter.OncePerRequestFilter.doFilter(OncePerRequestFilter.java:116)
	at org.apache.catalina.core.ApplicationFilterChain.internalDoFilter(ApplicationFilterChain.java:164)
	at org.apache.catalina.core.ApplicationFilterChain.doFilter(ApplicationFilterChain.java:140)
	at org.springframework.web.filter.ServerHttpObservationFilter.doFilterInternal(ServerHttpObservationFilter.java:114)
	at org.springframework.web.filter.OncePerRequestFilter.doFilter(OncePerRequestFilter.java:116)
	at org.apache.catalina.core.ApplicationFilterChain.internalDoFilter(ApplicationFilterChain.java:164)
	at org.apache.catalina.core.ApplicationFilterChain.doFilter(ApplicationFilterChain.java:140)
	at org.springframework.web.filter.CharacterEncodingFilter.doFilterInternal(CharacterEncodingFilter.java:201)
	at org.springframework.web.filter.OncePerRequestFilter.doFilter(OncePerRequestFilter.java:116)
	at org.apache.catalina.core.ApplicationFilterChain.internalDoFilter(ApplicationFilterChain.java:164)
	at org.apache.catalina.core.ApplicationFilterChain.doFilter(ApplicationFilterChain.java:140)
	at org.apache.catalina.core.StandardWrapperValve.invoke(StandardWrapperValve.java:167)
	at org.apache.catalina.core.StandardContextValve.invoke(StandardContextValve.java:90)
	at org.apache.catalina.authenticator.AuthenticatorBase.invoke(AuthenticatorBase.java:483)
	at org.apache.catalina.core.StandardHostValve.invoke(StandardHostValve.java:115)
	at org.apache.catalina.valves.ErrorReportValve.invoke(ErrorReportValve.java:93)
	at org.apache.catalina.core.StandardEngineValve.invoke(StandardEngineValve.java:74)
	at org.apache.catalina.connector.CoyoteAdapter.service(CoyoteAdapter.java:344)
	at org.apache.coyote.http11.Http11Processor.service(Http11Processor.java:397)
	at org.apache.coyote.AbstractProcessorLight.process(AbstractProcessorLight.java:63)
	at org.apache.coyote.AbstractProtocol$ConnectionHandler.process(AbstractProtocol.java:905)
	at org.apache.tomcat.util.net.NioEndpoint$SocketProcessor.doRun(NioEndpoint.java:1741)
	at org.apache.tomcat.util.net.SocketProcessorBase.run(SocketProcessorBase.java:52)
	at org.apache.tomcat.util.threads.ThreadPoolExecutor.runWorker(ThreadPoolExecutor.java:1190)
	at org.apache.tomcat.util.threads.ThreadPoolExecutor$Worker.run(ThreadPoolExecutor.java:659)
	at org.apache.tomcat.util.threads.TaskThread$WrappingRunnable.run(TaskThread.java:63)
	at java.base/java.lang.Thread.run(Thread.java:840)
26-05-15 10:21:07.865 [http-nio-8080-exec-3] [32mDEBUG[0;39m c.s.m.d.config.MDCLoggingInterceptor [110239e57ec84f88bbf88db79b919e52 | GET | /.well-known/appspecific/com.chrome.devtools.json] - Request completed
26-05-15 10:21:07.928 [http-nio-8080-exec-6] [32mDEBUG[0;39m c.s.m.d.config.MDCLoggingInterceptor [c88d648a09a04965901bbbb9bbe1a943 | GET | /api/auth/csrf-token] - Request started
26-05-15 10:21:07.929 [http-nio-8080-exec-6] [32mDEBUG[0;39m c.s.m.d.controller.AuthController    [c88d648a09a04965901bbbb9bbe1a943 | GET | /api/auth/csrf-token] - CSRF 토큰 요청: c78jrauBw3gfzazuImDNtqMlO09DwyPeC1R--C01SmxXkxABRo8Vm8iw8UAy9J6IQU35hZoVFnZ7pxPzajAfmxVXelliqnU5
26-05-15 10:21:07.930 [http-nio-8080-exec-6] [32mDEBUG[0;39m c.s.m.d.config.MDCLoggingInterceptor [c88d648a09a04965901bbbb9bbe1a943 | GET | /api/auth/csrf-token] - Request completed
26-05-15 10:21:07.932 [http-nio-8080-exec-8] [32mDEBUG[0;39m c.s.m.d.config.MDCLoggingInterceptor [1814196d844d4d4d88514053cd792255 | GET | /api/auth/me] - Request started
26-05-15 10:21:07.932 [http-nio-8080-exec-5] [32mDEBUG[0;39m c.s.m.d.config.MDCLoggingInterceptor [4c659467d0d148caaa47024a730cb917 | GET | /favicon.ico] - Request started
26-05-15 10:21:07.933 [http-nio-8080-exec-8] [32mDEBUG[0;39m c.s.m.d.config.MDCLoggingInterceptor [1814196d844d4d4d88514053cd792255 | GET | /api/auth/me] - Request completed
26-05-15 10:21:07.937 [http-nio-8080-exec-5] [32mDEBUG[0;39m c.s.m.d.config.MDCLoggingInterceptor [4c659467d0d148caaa47024a730cb917 | GET | /favicon.ico] - Request completed
26-05-15 10:21:07.953 [http-nio-8080-exec-2] [32mDEBUG[0;39m c.s.m.d.config.MDCLoggingInterceptor [f95a97c9f01c438c8751d4806ef43f38 | POST | /api/auth/logout] - Request started
26-05-15 10:21:07.958 [http-nio-8080-exec-2] [31mERROR[0;39m c.s.m.d.e.GlobalExceptionHandler     [f95a97c9f01c438c8751d4806ef43f38 | POST | /api/auth/logout] - 예상치 못한 오류 발생: No static resource api/auth/logout.
org.springframework.web.servlet.resource.NoResourceFoundException: No static resource api/auth/logout.
	at org.springframework.web.servlet.resource.ResourceHttpRequestHandler.handleRequest(ResourceHttpRequestHandler.java:585)
	at org.springframework.web.servlet.mvc.HttpRequestHandlerAdapter.handle(HttpRequestHandlerAdapter.java:52)
	at org.springframework.web.servlet.DispatcherServlet.doDispatch(DispatcherServlet.java:1088)
	at org.springframework.web.servlet.DispatcherServlet.doService(DispatcherServlet.java:978)
	at org.springframework.web.servlet.FrameworkServlet.processRequest(FrameworkServlet.java:1014)
	at org.springframework.web.servlet.FrameworkServlet.doPost(FrameworkServlet.java:914)
	at jakarta.servlet.http.HttpServlet.service(HttpServlet.java:590)
	at org.springframework.web.servlet.FrameworkServlet.service(FrameworkServlet.java:885)
	at jakarta.servlet.http.HttpServlet.service(HttpServlet.java:658)
	at org.apache.catalina.core.ApplicationFilterChain.internalDoFilter(ApplicationFilterChain.java:195)
	at org.apache.catalina.core.ApplicationFilterChain.doFilter(ApplicationFilterChain.java:140)
	at org.apache.tomcat.websocket.server.WsFilter.doFilter(WsFilter.java:51)
	at org.apache.catalina.core.ApplicationFilterChain.internalDoFilter(ApplicationFilterChain.java:164)
	at org.apache.catalina.core.ApplicationFilterChain.doFilter(ApplicationFilterChain.java:140)
	at org.springframework.web.filter.CompositeFilter$VirtualFilterChain.doFilter(CompositeFilter.java:108)
	at org.springframework.security.web.FilterChainProxy.lambda$doFilterInternal$3(FilterChainProxy.java:231)
	at org.springframework.security.web.ObservationFilterChainDecorator$FilterObservation$SimpleFilterObservation.lambda$wrap$1(ObservationFilterChainDecorator.java:479)
	at org.springframework.security.web.ObservationFilterChainDecorator$AroundFilterObservation$SimpleAroundFilterObservation.lambda$wrap$1(ObservationFilterChainDecorator.java:340)
	at org.springframework.security.web.ObservationFilterChainDecorator.lambda$wrapSecured$0(ObservationFilterChainDecorator.java:82)
	at org.springframework.security.web.ObservationFilterChainDecorator$VirtualFilterChain.doFilter(ObservationFilterChainDecorator.java:128)
	at org.springframework.security.web.access.ExceptionTranslationFilter.doFilter(ExceptionTranslationFilter.java:126)
	at org.springframework.security.web.access.ExceptionTranslationFilter.doFilter(ExceptionTranslationFilter.java:120)
	at org.springframework.security.web.ObservationFilterChainDecorator$ObservationFilter.wrapFilter(ObservationFilterChainDecorator.java:240)
	at org.springframework.security.web.ObservationFilterChainDecorator$ObservationFilter.doFilter(ObservationFilterChainDecorator.java:227)
	at org.springframework.security.web.ObservationFilterChainDecorator$VirtualFilterChain.doFilter(ObservationFilterChainDecorator.java:137)
	at org.springframework.security.web.authentication.AnonymousAuthenticationFilter.doFilter(AnonymousAuthenticationFilter.java:100)
	at org.springframework.security.web.ObservationFilterChainDecorator$ObservationFilter.wrapFilter(ObservationFilterChainDecorator.java:240)
	at org.springframework.security.web.ObservationFilterChainDecorator$ObservationFilter.doFilter(ObservationFilterChainDecorator.java:227)
	at org.springframework.security.web.ObservationFilterChainDecorator$VirtualFilterChain.doFilter(ObservationFilterChainDecorator.java:137)
	at org.springframework.security.web.servletapi.SecurityContextHolderAwareRequestFilter.doFilter(SecurityContextHolderAwareRequestFilter.java:179)
	at org.springframework.security.web.ObservationFilterChainDecorator$ObservationFilter.wrapFilter(ObservationFilterChainDecorator.java:240)
	at org.springframework.security.web.ObservationFilterChainDecorator$ObservationFilter.doFilter(ObservationFilterChainDecorator.java:227)
	at org.springframework.security.web.ObservationFilterChainDecorator$VirtualFilterChain.doFilter(ObservationFilterChainDecorator.java:137)
	at org.springframework.security.web.savedrequest.RequestCacheAwareFilter.doFilter(RequestCacheAwareFilter.java:63)
	at org.springframework.security.web.ObservationFilterChainDecorator$ObservationFilter.wrapFilter(ObservationFilterChainDecorator.java:240)
	at org.springframework.security.web.ObservationFilterChainDecorator$ObservationFilter.doFilter(ObservationFilterChainDecorator.java:227)
	at org.springframework.security.web.ObservationFilterChainDecorator$VirtualFilterChain.doFilter(ObservationFilterChainDecorator.java:137)
	at org.springframework.security.web.authentication.ui.DefaultLogoutPageGeneratingFilter.doFilterInternal(DefaultLogoutPageGeneratingFilter.java:58)
	at org.springframework.web.filter.OncePerRequestFilter.doFilter(OncePerRequestFilter.java:116)
	at org.springframework.security.web.ObservationFilterChainDecorator$ObservationFilter.wrapFilter(ObservationFilterChainDecorator.java:240)
	at org.springframework.security.web.ObservationFilterChainDecorator$ObservationFilter.doFilter(ObservationFilterChainDecorator.java:227)
	at org.springframework.security.web.ObservationFilterChainDecorator$VirtualFilterChain.doFilter(ObservationFilterChainDecorator.java:137)
	at org.springframework.security.web.authentication.ui.DefaultLoginPageGeneratingFilter.doFilter(DefaultLoginPageGeneratingFilter.java:220)
	at org.springframework.security.web.authentication.ui.DefaultLoginPageGeneratingFilter.doFilter(DefaultLoginPageGeneratingFilter.java:206)
	at org.springframework.security.web.ObservationFilterChainDecorator$ObservationFilter.wrapFilter(ObservationFilterChainDecorator.java:240)
	at org.springframework.security.web.ObservationFilterChainDecorator$ObservationFilter.doFilter(ObservationFilterChainDecorator.java:227)
	at org.springframework.security.web.ObservationFilterChainDecorator$VirtualFilterChain.doFilter(ObservationFilterChainDecorator.java:137)
	at org.springframework.security.web.authentication.ui.DefaultResourcesFilter.doFilter(DefaultResourcesFilter.java:72)
	at org.springframework.security.web.ObservationFilterChainDecorator$ObservationFilter.wrapFilter(ObservationFilterChainDecorator.java:240)
	at org.springframework.security.web.ObservationFilterChainDecorator$ObservationFilter.doFilter(ObservationFilterChainDecorator.java:227)
	at org.springframework.security.web.ObservationFilterChainDecorator$VirtualFilterChain.doFilter(ObservationFilterChainDecorator.java:137)
	at org.springframework.security.web.authentication.AbstractAuthenticationProcessingFilter.doFilter(AbstractAuthenticationProcessingFilter.java:227)
	at org.springframework.security.web.authentication.AbstractAuthenticationProcessingFilter.doFilter(AbstractAuthenticationProcessingFilter.java:221)
	at org.springframework.security.web.ObservationFilterChainDecorator$ObservationFilter.wrapFilter(ObservationFilterChainDecorator.java:240)
	at org.springframework.security.web.ObservationFilterChainDecorator$ObservationFilter.doFilter(ObservationFilterChainDecorator.java:227)
	at org.springframework.security.web.ObservationFilterChainDecorator$VirtualFilterChain.doFilter(ObservationFilterChainDecorator.java:137)
	at org.springframework.security.web.authentication.logout.LogoutFilter.doFilter(LogoutFilter.java:107)
	at org.springframework.security.web.authentication.logout.LogoutFilter.doFilter(LogoutFilter.java:93)
	at org.springframework.security.web.ObservationFilterChainDecorator$ObservationFilter.wrapFilter(ObservationFilterChainDecorator.java:240)
	at org.springframework.security.web.ObservationFilterChainDecorator$ObservationFilter.doFilter(ObservationFilterChainDecorator.java:227)
	at org.springframework.security.web.ObservationFilterChainDecorator$VirtualFilterChain.doFilter(ObservationFilterChainDecorator.java:137)
	at org.springframework.security.web.csrf.CsrfFilter.doFilterInternal(CsrfFilter.java:131)
	at org.springframework.web.filter.OncePerRequestFilter.doFilter(OncePerRequestFilter.java:116)
	at org.springframework.security.web.ObservationFilterChainDecorator$ObservationFilter.wrapFilter(ObservationFilterChainDecorator.java:240)
	at org.springframework.security.web.ObservationFilterChainDecorator$ObservationFilter.doFilter(ObservationFilterChainDecorator.java:227)
	at org.springframework.security.web.ObservationFilterChainDecorator$VirtualFilterChain.doFilter(ObservationFilterChainDecorator.java:137)
	at org.springframework.security.web.header.HeaderWriterFilter.doHeadersAfter(HeaderWriterFilter.java:90)
	at org.springframework.security.web.header.HeaderWriterFilter.doFilterInternal(HeaderWriterFilter.java:75)
	at org.springframework.web.filter.OncePerRequestFilter.doFilter(OncePerRequestFilter.java:116)
	at org.springframework.security.web.ObservationFilterChainDecorator$ObservationFilter.wrapFilter(ObservationFilterChainDecorator.java:240)
	at org.springframework.security.web.ObservationFilterChainDecorator$ObservationFilter.doFilter(ObservationFilterChainDecorator.java:227)
	at org.springframework.security.web.ObservationFilterChainDecorator$VirtualFilterChain.doFilter(ObservationFilterChainDecorator.java:137)
	at org.springframework.security.web.context.SecurityContextHolderFilter.doFilter(SecurityContextHolderFilter.java:82)
	at org.springframework.security.web.context.SecurityContextHolderFilter.doFilter(SecurityContextHolderFilter.java:69)
	at org.springframework.security.web.ObservationFilterChainDecorator$ObservationFilter.wrapFilter(ObservationFilterChainDecorator.java:240)
	at org.springframework.security.web.ObservationFilterChainDecorator$ObservationFilter.doFilter(ObservationFilterChainDecorator.java:227)
	at org.springframework.security.web.ObservationFilterChainDecorator$VirtualFilterChain.doFilter(ObservationFilterChainDecorator.java:137)
	at org.springframework.security.web.context.request.async.WebAsyncManagerIntegrationFilter.doFilterInternal(WebAsyncManagerIntegrationFilter.java:62)
	at org.springframework.web.filter.OncePerRequestFilter.doFilter(OncePerRequestFilter.java:116)
	at org.springframework.security.web.ObservationFilterChainDecorator$ObservationFilter.wrapFilter(ObservationFilterChainDecorator.java:240)
	at org.springframework.security.web.ObservationFilterChainDecorator$ObservationFilter.doFilter(ObservationFilterChainDecorator.java:227)
	at org.springframework.security.web.ObservationFilterChainDecorator$VirtualFilterChain.doFilter(ObservationFilterChainDecorator.java:137)
	at org.springframework.security.web.session.DisableEncodeUrlFilter.doFilterInternal(DisableEncodeUrlFilter.java:42)
	at org.springframework.web.filter.OncePerRequestFilter.doFilter(OncePerRequestFilter.java:116)
	at org.springframework.security.web.ObservationFilterChainDecorator$ObservationFilter.wrapFilter(ObservationFilterChainDecorator.java:240)
	at org.springframework.security.web.ObservationFilterChainDecorator$AroundFilterObservation$SimpleAroundFilterObservation.lambda$wrap$0(ObservationFilterChainDecorator.java:323)
	at org.springframework.security.web.ObservationFilterChainDecorator$ObservationFilter.doFilter(ObservationFilterChainDecorator.java:224)
	at org.springframework.security.web.ObservationFilterChainDecorator$VirtualFilterChain.doFilter(ObservationFilterChainDecorator.java:137)
	at org.springframework.security.web.FilterChainProxy.doFilterInternal(FilterChainProxy.java:233)
	at org.springframework.security.web.FilterChainProxy.doFilter(FilterChainProxy.java:191)
	at org.springframework.web.filter.CompositeFilter$VirtualFilterChain.doFilter(CompositeFilter.java:113)
	at org.springframework.web.servlet.handler.HandlerMappingIntrospector.lambda$createCacheFilter$3(HandlerMappingIntrospector.java:243)
	at org.springframework.web.filter.CompositeFilter$VirtualFilterChain.doFilter(CompositeFilter.java:113)
	at org.springframework.web.filter.CompositeFilter.doFilter(CompositeFilter.java:74)
	at org.springframework.security.config.annotation.web.configuration.WebMvcSecurityConfiguration$CompositeFilterChainProxy.doFilter(WebMvcSecurityConfiguration.java:238)
	at org.springframework.web.filter.DelegatingFilterProxy.invokeDelegate(DelegatingFilterProxy.java:362)
	at org.springframework.web.filter.DelegatingFilterProxy.doFilter(DelegatingFilterProxy.java:278)
	at org.apache.catalina.core.ApplicationFilterChain.internalDoFilter(ApplicationFilterChain.java:164)
	at org.apache.catalina.core.ApplicationFilterChain.doFilter(ApplicationFilterChain.java:140)
	at org.springframework.web.filter.RequestContextFilter.doFilterInternal(RequestContextFilter.java:100)
	at org.springframework.web.filter.OncePerRequestFilter.doFilter(OncePerRequestFilter.java:116)
	at org.apache.catalina.core.ApplicationFilterChain.internalDoFilter(ApplicationFilterChain.java:164)
	at org.apache.catalina.core.ApplicationFilterChain.doFilter(ApplicationFilterChain.java:140)
	at org.springframework.web.filter.FormContentFilter.doFilterInternal(FormContentFilter.java:93)
	at org.springframework.web.filter.OncePerRequestFilter.doFilter(OncePerRequestFilter.java:116)
	at org.apache.catalina.core.ApplicationFilterChain.internalDoFilter(ApplicationFilterChain.java:164)
	at org.apache.catalina.core.ApplicationFilterChain.doFilter(ApplicationFilterChain.java:140)
	at org.springframework.web.filter.ServerHttpObservationFilter.doFilterInternal(ServerHttpObservationFilter.java:114)
	at org.springframework.web.filter.OncePerRequestFilter.doFilter(OncePerRequestFilter.java:116)
	at org.apache.catalina.core.ApplicationFilterChain.internalDoFilter(ApplicationFilterChain.java:164)
	at org.apache.catalina.core.ApplicationFilterChain.doFilter(ApplicationFilterChain.java:140)
	at org.springframework.web.filter.CharacterEncodingFilter.doFilterInternal(CharacterEncodingFilter.java:201)
	at org.springframework.web.filter.OncePerRequestFilter.doFilter(OncePerRequestFilter.java:116)
	at org.apache.catalina.core.ApplicationFilterChain.internalDoFilter(ApplicationFilterChain.java:164)
	at org.apache.catalina.core.ApplicationFilterChain.doFilter(ApplicationFilterChain.java:140)
	at org.apache.catalina.core.StandardWrapperValve.invoke(StandardWrapperValve.java:167)
	at org.apache.catalina.core.StandardContextValve.invoke(StandardContextValve.java:90)
	at org.apache.catalina.authenticator.AuthenticatorBase.invoke(AuthenticatorBase.java:483)
	at org.apache.catalina.core.StandardHostValve.invoke(StandardHostValve.java:115)
	at org.apache.catalina.valves.ErrorReportValve.invoke(ErrorReportValve.java:93)
	at org.apache.catalina.core.StandardEngineValve.invoke(StandardEngineValve.java:74)
	at org.apache.catalina.connector.CoyoteAdapter.service(CoyoteAdapter.java:344)
	at org.apache.coyote.http11.Http11Processor.service(Http11Processor.java:397)
	at org.apache.coyote.AbstractProcessorLight.process(AbstractProcessorLight.java:63)
	at org.apache.coyote.AbstractProtocol$ConnectionHandler.process(AbstractProtocol.java:905)
	at org.apache.tomcat.util.net.NioEndpoint$SocketProcessor.doRun(NioEndpoint.java:1741)
	at org.apache.tomcat.util.net.SocketProcessorBase.run(SocketProcessorBase.java:52)
	at org.apache.tomcat.util.threads.ThreadPoolExecutor.runWorker(ThreadPoolExecutor.java:1190)
	at org.apache.tomcat.util.threads.ThreadPoolExecutor$Worker.run(ThreadPoolExecutor.java:659)
	at org.apache.tomcat.util.threads.TaskThread$WrappingRunnable.run(TaskThread.java:63)
	at java.base/java.lang.Thread.run(Thread.java:840)
26-05-15 10:21:07.961 [http-nio-8080-exec-2] [32mDEBUG[0;39m c.s.m.d.config.MDCLoggingInterceptor [f95a97c9f01c438c8751d4806ef43f38 | POST | /api/auth/logout] - Request completed
26-05-15 10:24:29.444 [http-nio-8080-exec-10] [32mDEBUG[0;39m org.hibernate.SQL                    [ |  | ] - 
    select
        u1_0.id,
        u1_0.created_at,
        u1_0.email,
        u1_0.password,
        u1_0.profile_id,
        u1_0.updated_at,
        u1_0.username 
    from
        users u1_0 
    where
        u1_0.username=?
26-05-15 10:24:29.447 [http-nio-8080-exec-10] [32mTRACE[0;39m org.hibernate.orm.jdbc.bind          [ |  | ] - binding parameter (1:VARCHAR) <- [test@tesst.com]
26-05-15 10:24:29.761 [http-nio-8080-exec-7] [32mDEBUG[0;39m c.s.m.d.config.MDCLoggingInterceptor [3024620714804283a1e50497978bd985 | POST | /api/auth/logout] - Request started
26-05-15 10:24:29.772 [http-nio-8080-exec-7] [31mERROR[0;39m c.s.m.d.e.GlobalExceptionHandler     [3024620714804283a1e50497978bd985 | POST | /api/auth/logout] - 예상치 못한 오류 발생: No static resource api/auth/logout.
org.springframework.web.servlet.resource.NoResourceFoundException: No static resource api/auth/logout.
	at org.springframework.web.servlet.resource.ResourceHttpRequestHandler.handleRequest(ResourceHttpRequestHandler.java:585)
	at org.springframework.web.servlet.mvc.HttpRequestHandlerAdapter.handle(HttpRequestHandlerAdapter.java:52)
	at org.springframework.web.servlet.DispatcherServlet.doDispatch(DispatcherServlet.java:1088)
	at org.springframework.web.servlet.DispatcherServlet.doService(DispatcherServlet.java:978)
	at org.springframework.web.servlet.FrameworkServlet.processRequest(FrameworkServlet.java:1014)
	at org.springframework.web.servlet.FrameworkServlet.doPost(FrameworkServlet.java:914)
	at jakarta.servlet.http.HttpServlet.service(HttpServlet.java:590)
	at org.springframework.web.servlet.FrameworkServlet.service(FrameworkServlet.java:885)
	at jakarta.servlet.http.HttpServlet.service(HttpServlet.java:658)
	at org.apache.catalina.core.ApplicationFilterChain.internalDoFilter(ApplicationFilterChain.java:195)
	at org.apache.catalina.core.ApplicationFilterChain.doFilter(ApplicationFilterChain.java:140)
	at org.apache.tomcat.websocket.server.WsFilter.doFilter(WsFilter.java:51)
	at org.apache.catalina.core.ApplicationFilterChain.internalDoFilter(ApplicationFilterChain.java:164)
	at org.apache.catalina.core.ApplicationFilterChain.doFilter(ApplicationFilterChain.java:140)
	at org.springframework.web.filter.CompositeFilter$VirtualFilterChain.doFilter(CompositeFilter.java:108)
	at org.springframework.security.web.FilterChainProxy.lambda$doFilterInternal$3(FilterChainProxy.java:231)
	at org.springframework.security.web.ObservationFilterChainDecorator$FilterObservation$SimpleFilterObservation.lambda$wrap$1(ObservationFilterChainDecorator.java:479)
	at org.springframework.security.web.ObservationFilterChainDecorator$AroundFilterObservation$SimpleAroundFilterObservation.lambda$wrap$1(ObservationFilterChainDecorator.java:340)
	at org.springframework.security.web.ObservationFilterChainDecorator.lambda$wrapSecured$0(ObservationFilterChainDecorator.java:82)
	at org.springframework.security.web.ObservationFilterChainDecorator$VirtualFilterChain.doFilter(ObservationFilterChainDecorator.java:128)
	at org.springframework.security.web.access.ExceptionTranslationFilter.doFilter(ExceptionTranslationFilter.java:126)
	at org.springframework.security.web.access.ExceptionTranslationFilter.doFilter(ExceptionTranslationFilter.java:120)
	at org.springframework.security.web.ObservationFilterChainDecorator$ObservationFilter.wrapFilter(ObservationFilterChainDecorator.java:240)
	at org.springframework.security.web.ObservationFilterChainDecorator$ObservationFilter.doFilter(ObservationFilterChainDecorator.java:227)
	at org.springframework.security.web.ObservationFilterChainDecorator$VirtualFilterChain.doFilter(ObservationFilterChainDecorator.java:137)
	at org.springframework.security.web.authentication.AnonymousAuthenticationFilter.doFilter(AnonymousAuthenticationFilter.java:100)
	at org.springframework.security.web.ObservationFilterChainDecorator$ObservationFilter.wrapFilter(ObservationFilterChainDecorator.java:240)
	at org.springframework.security.web.ObservationFilterChainDecorator$ObservationFilter.doFilter(ObservationFilterChainDecorator.java:227)
	at org.springframework.security.web.ObservationFilterChainDecorator$VirtualFilterChain.doFilter(ObservationFilterChainDecorator.java:137)
	at org.springframework.security.web.servletapi.SecurityContextHolderAwareRequestFilter.doFilter(SecurityContextHolderAwareRequestFilter.java:179)
	at org.springframework.security.web.ObservationFilterChainDecorator$ObservationFilter.wrapFilter(ObservationFilterChainDecorator.java:240)
	at org.springframework.security.web.ObservationFilterChainDecorator$ObservationFilter.doFilter(ObservationFilterChainDecorator.java:227)
	at org.springframework.security.web.ObservationFilterChainDecorator$VirtualFilterChain.doFilter(ObservationFilterChainDecorator.java:137)
	at org.springframework.security.web.savedrequest.RequestCacheAwareFilter.doFilter(RequestCacheAwareFilter.java:63)
	at org.springframework.security.web.ObservationFilterChainDecorator$ObservationFilter.wrapFilter(ObservationFilterChainDecorator.java:240)
	at org.springframework.security.web.ObservationFilterChainDecorator$ObservationFilter.doFilter(ObservationFilterChainDecorator.java:227)
	at org.springframework.security.web.ObservationFilterChainDecorator$VirtualFilterChain.doFilter(ObservationFilterChainDecorator.java:137)
	at org.springframework.security.web.authentication.ui.DefaultLogoutPageGeneratingFilter.doFilterInternal(DefaultLogoutPageGeneratingFilter.java:58)
	at org.springframework.web.filter.OncePerRequestFilter.doFilter(OncePerRequestFilter.java:116)
	at org.springframework.security.web.ObservationFilterChainDecorator$ObservationFilter.wrapFilter(ObservationFilterChainDecorator.java:240)
	at org.springframework.security.web.ObservationFilterChainDecorator$ObservationFilter.doFilter(ObservationFilterChainDecorator.java:227)
	at org.springframework.security.web.ObservationFilterChainDecorator$VirtualFilterChain.doFilter(ObservationFilterChainDecorator.java:137)
	at org.springframework.security.web.authentication.ui.DefaultLoginPageGeneratingFilter.doFilter(DefaultLoginPageGeneratingFilter.java:220)
	at org.springframework.security.web.authentication.ui.DefaultLoginPageGeneratingFilter.doFilter(DefaultLoginPageGeneratingFilter.java:206)
	at org.springframework.security.web.ObservationFilterChainDecorator$ObservationFilter.wrapFilter(ObservationFilterChainDecorator.java:240)
	at org.springframework.security.web.ObservationFilterChainDecorator$ObservationFilter.doFilter(ObservationFilterChainDecorator.java:227)
	at org.springframework.security.web.ObservationFilterChainDecorator$VirtualFilterChain.doFilter(ObservationFilterChainDecorator.java:137)
	at org.springframework.security.web.authentication.ui.DefaultResourcesFilter.doFilter(DefaultResourcesFilter.java:72)
	at org.springframework.security.web.ObservationFilterChainDecorator$ObservationFilter.wrapFilter(ObservationFilterChainDecorator.java:240)
	at org.springframework.security.web.ObservationFilterChainDecorator$ObservationFilter.doFilter(ObservationFilterChainDecorator.java:227)
	at org.springframework.security.web.ObservationFilterChainDecorator$VirtualFilterChain.doFilter(ObservationFilterChainDecorator.java:137)
	at org.springframework.security.web.authentication.AbstractAuthenticationProcessingFilter.doFilter(AbstractAuthenticationProcessingFilter.java:227)
	at org.springframework.security.web.authentication.AbstractAuthenticationProcessingFilter.doFilter(AbstractAuthenticationProcessingFilter.java:221)
	at org.springframework.security.web.ObservationFilterChainDecorator$ObservationFilter.wrapFilter(ObservationFilterChainDecorator.java:240)
	at org.springframework.security.web.ObservationFilterChainDecorator$ObservationFilter.doFilter(ObservationFilterChainDecorator.java:227)
	at org.springframework.security.web.ObservationFilterChainDecorator$VirtualFilterChain.doFilter(ObservationFilterChainDecorator.java:137)
	at org.springframework.security.web.authentication.logout.LogoutFilter.doFilter(LogoutFilter.java:107)
	at org.springframework.security.web.authentication.logout.LogoutFilter.doFilter(LogoutFilter.java:93)
	at org.springframework.security.web.ObservationFilterChainDecorator$ObservationFilter.wrapFilter(ObservationFilterChainDecorator.java:240)
	at org.springframework.security.web.ObservationFilterChainDecorator$ObservationFilter.doFilter(ObservationFilterChainDecorator.java:227)
	at org.springframework.security.web.ObservationFilterChainDecorator$VirtualFilterChain.doFilter(ObservationFilterChainDecorator.java:137)
	at org.springframework.security.web.csrf.CsrfFilter.doFilterInternal(CsrfFilter.java:131)
	at org.springframework.web.filter.OncePerRequestFilter.doFilter(OncePerRequestFilter.java:116)
	at org.springframework.security.web.ObservationFilterChainDecorator$ObservationFilter.wrapFilter(ObservationFilterChainDecorator.java:240)
	at org.springframework.security.web.ObservationFilterChainDecorator$ObservationFilter.doFilter(ObservationFilterChainDecorator.java:227)
	at org.springframework.security.web.ObservationFilterChainDecorator$VirtualFilterChain.doFilter(ObservationFilterChainDecorator.java:137)
	at org.springframework.security.web.header.HeaderWriterFilter.doHeadersAfter(HeaderWriterFilter.java:90)
	at org.springframework.security.web.header.HeaderWriterFilter.doFilterInternal(HeaderWriterFilter.java:75)
	at org.springframework.web.filter.OncePerRequestFilter.doFilter(OncePerRequestFilter.java:116)
	at org.springframework.security.web.ObservationFilterChainDecorator$ObservationFilter.wrapFilter(ObservationFilterChainDecorator.java:240)
	at org.springframework.security.web.ObservationFilterChainDecorator$ObservationFilter.doFilter(ObservationFilterChainDecorator.java:227)
	at org.springframework.security.web.ObservationFilterChainDecorator$VirtualFilterChain.doFilter(ObservationFilterChainDecorator.java:137)
	at org.springframework.security.web.context.SecurityContextHolderFilter.doFilter(SecurityContextHolderFilter.java:82)
	at org.springframework.security.web.context.SecurityContextHolderFilter.doFilter(SecurityContextHolderFilter.java:69)
	at org.springframework.security.web.ObservationFilterChainDecorator$ObservationFilter.wrapFilter(ObservationFilterChainDecorator.java:240)
	at org.springframework.security.web.ObservationFilterChainDecorator$ObservationFilter.doFilter(ObservationFilterChainDecorator.java:227)
	at org.springframework.security.web.ObservationFilterChainDecorator$VirtualFilterChain.doFilter(ObservationFilterChainDecorator.java:137)
	at org.springframework.security.web.context.request.async.WebAsyncManagerIntegrationFilter.doFilterInternal(WebAsyncManagerIntegrationFilter.java:62)
	at org.springframework.web.filter.OncePerRequestFilter.doFilter(OncePerRequestFilter.java:116)
	at org.springframework.security.web.ObservationFilterChainDecorator$ObservationFilter.wrapFilter(ObservationFilterChainDecorator.java:240)
	at org.springframework.security.web.ObservationFilterChainDecorator$ObservationFilter.doFilter(ObservationFilterChainDecorator.java:227)
	at org.springframework.security.web.ObservationFilterChainDecorator$VirtualFilterChain.doFilter(ObservationFilterChainDecorator.java:137)
	at org.springframework.security.web.session.DisableEncodeUrlFilter.doFilterInternal(DisableEncodeUrlFilter.java:42)
	at org.springframework.web.filter.OncePerRequestFilter.doFilter(OncePerRequestFilter.java:116)
	at org.springframework.security.web.ObservationFilterChainDecorator$ObservationFilter.wrapFilter(ObservationFilterChainDecorator.java:240)
	at org.springframework.security.web.ObservationFilterChainDecorator$AroundFilterObservation$SimpleAroundFilterObservation.lambda$wrap$0(ObservationFilterChainDecorator.java:323)
	at org.springframework.security.web.ObservationFilterChainDecorator$ObservationFilter.doFilter(ObservationFilterChainDecorator.java:224)
	at org.springframework.security.web.ObservationFilterChainDecorator$VirtualFilterChain.doFilter(ObservationFilterChainDecorator.java:137)
	at org.springframework.security.web.FilterChainProxy.doFilterInternal(FilterChainProxy.java:233)
	at org.springframework.security.web.FilterChainProxy.doFilter(FilterChainProxy.java:191)
	at org.springframework.web.filter.CompositeFilter$VirtualFilterChain.doFilter(CompositeFilter.java:113)
	at org.springframework.web.servlet.handler.HandlerMappingIntrospector.lambda$createCacheFilter$3(HandlerMappingIntrospector.java:243)
	at org.springframework.web.filter.CompositeFilter$VirtualFilterChain.doFilter(CompositeFilter.java:113)
	at org.springframework.web.filter.CompositeFilter.doFilter(CompositeFilter.java:74)
	at org.springframework.security.config.annotation.web.configuration.WebMvcSecurityConfiguration$CompositeFilterChainProxy.doFilter(WebMvcSecurityConfiguration.java:238)
	at org.springframework.web.filter.DelegatingFilterProxy.invokeDelegate(DelegatingFilterProxy.java:362)
	at org.springframework.web.filter.DelegatingFilterProxy.doFilter(DelegatingFilterProxy.java:278)
	at org.apache.catalina.core.ApplicationFilterChain.internalDoFilter(ApplicationFilterChain.java:164)
	at org.apache.catalina.core.ApplicationFilterChain.doFilter(ApplicationFilterChain.java:140)
	at org.springframework.web.filter.RequestContextFilter.doFilterInternal(RequestContextFilter.java:100)
	at org.springframework.web.filter.OncePerRequestFilter.doFilter(OncePerRequestFilter.java:116)
	at org.apache.catalina.core.ApplicationFilterChain.internalDoFilter(ApplicationFilterChain.java:164)
	at org.apache.catalina.core.ApplicationFilterChain.doFilter(ApplicationFilterChain.java:140)
	at org.springframework.web.filter.FormContentFilter.doFilterInternal(FormContentFilter.java:93)
	at org.springframework.web.filter.OncePerRequestFilter.doFilter(OncePerRequestFilter.java:116)
	at org.apache.catalina.core.ApplicationFilterChain.internalDoFilter(ApplicationFilterChain.java:164)
	at org.apache.catalina.core.ApplicationFilterChain.doFilter(ApplicationFilterChain.java:140)
	at org.springframework.web.filter.ServerHttpObservationFilter.doFilterInternal(ServerHttpObservationFilter.java:114)
	at org.springframework.web.filter.OncePerRequestFilter.doFilter(OncePerRequestFilter.java:116)
	at org.apache.catalina.core.ApplicationFilterChain.internalDoFilter(ApplicationFilterChain.java:164)
	at org.apache.catalina.core.ApplicationFilterChain.doFilter(ApplicationFilterChain.java:140)
	at org.springframework.web.filter.CharacterEncodingFilter.doFilterInternal(CharacterEncodingFilter.java:201)
	at org.springframework.web.filter.OncePerRequestFilter.doFilter(OncePerRequestFilter.java:116)
	at org.apache.catalina.core.ApplicationFilterChain.internalDoFilter(ApplicationFilterChain.java:164)
	at org.apache.catalina.core.ApplicationFilterChain.doFilter(ApplicationFilterChain.java:140)
	at org.apache.catalina.core.StandardWrapperValve.invoke(StandardWrapperValve.java:167)
	at org.apache.catalina.core.StandardContextValve.invoke(StandardContextValve.java:90)
	at org.apache.catalina.authenticator.AuthenticatorBase.invoke(AuthenticatorBase.java:483)
	at org.apache.catalina.core.StandardHostValve.invoke(StandardHostValve.java:115)
	at org.apache.catalina.valves.ErrorReportValve.invoke(ErrorReportValve.java:93)
	at org.apache.catalina.core.StandardEngineValve.invoke(StandardEngineValve.java:74)
	at org.apache.catalina.connector.CoyoteAdapter.service(CoyoteAdapter.java:344)
	at org.apache.coyote.http11.Http11Processor.service(Http11Processor.java:397)
	at org.apache.coyote.AbstractProcessorLight.process(AbstractProcessorLight.java:63)
	at org.apache.coyote.AbstractProtocol$ConnectionHandler.process(AbstractProtocol.java:905)
	at org.apache.tomcat.util.net.NioEndpoint$SocketProcessor.doRun(NioEndpoint.java:1741)
	at org.apache.tomcat.util.net.SocketProcessorBase.run(SocketProcessorBase.java:52)
	at org.apache.tomcat.util.threads.ThreadPoolExecutor.runWorker(ThreadPoolExecutor.java:1190)
	at org.apache.tomcat.util.threads.ThreadPoolExecutor$Worker.run(ThreadPoolExecutor.java:659)
	at org.apache.tomcat.util.threads.TaskThread$WrappingRunnable.run(TaskThread.java:63)
	at java.base/java.lang.Thread.run(Thread.java:840)
26-05-15 10:24:29.777 [http-nio-8080-exec-7] [32mDEBUG[0;39m c.s.m.d.config.MDCLoggingInterceptor [3024620714804283a1e50497978bd985 | POST | /api/auth/logout] - Request completed
26-05-15 10:24:31.416 [http-nio-8080-exec-1] [32mDEBUG[0;39m org.hibernate.SQL                    [ |  | ] - 
    select
        u1_0.id,
        u1_0.created_at,
        u1_0.email,
        u1_0.password,
        u1_0.profile_id,
        u1_0.updated_at,
        u1_0.username 
    from
        users u1_0 
    where
        u1_0.username=?
26-05-15 10:24:31.417 [http-nio-8080-exec-1] [32mTRACE[0;39m org.hibernate.orm.jdbc.bind          [ |  | ] - binding parameter (1:VARCHAR) <- [test@tesst.com]
26-05-15 10:24:31.544 [http-nio-8080-exec-3] [32mDEBUG[0;39m c.s.m.d.config.MDCLoggingInterceptor [7d5622aedc684f3a9889e1a23ea66623 | POST | /api/auth/logout] - Request started
26-05-15 10:24:31.546 [http-nio-8080-exec-3] [31mERROR[0;39m c.s.m.d.e.GlobalExceptionHandler     [7d5622aedc684f3a9889e1a23ea66623 | POST | /api/auth/logout] - 예상치 못한 오류 발생: No static resource api/auth/logout.
org.springframework.web.servlet.resource.NoResourceFoundException: No static resource api/auth/logout.
	at org.springframework.web.servlet.resource.ResourceHttpRequestHandler.handleRequest(ResourceHttpRequestHandler.java:585)
	at org.springframework.web.servlet.mvc.HttpRequestHandlerAdapter.handle(HttpRequestHandlerAdapter.java:52)
	at org.springframework.web.servlet.DispatcherServlet.doDispatch(DispatcherServlet.java:1088)
	at org.springframework.web.servlet.DispatcherServlet.doService(DispatcherServlet.java:978)
	at org.springframework.web.servlet.FrameworkServlet.processRequest(FrameworkServlet.java:1014)
	at org.springframework.web.servlet.FrameworkServlet.doPost(FrameworkServlet.java:914)
	at jakarta.servlet.http.HttpServlet.service(HttpServlet.java:590)
	at org.springframework.web.servlet.FrameworkServlet.service(FrameworkServlet.java:885)
	at jakarta.servlet.http.HttpServlet.service(HttpServlet.java:658)
	at org.apache.catalina.core.ApplicationFilterChain.internalDoFilter(ApplicationFilterChain.java:195)
	at org.apache.catalina.core.ApplicationFilterChain.doFilter(ApplicationFilterChain.java:140)
	at org.apache.tomcat.websocket.server.WsFilter.doFilter(WsFilter.java:51)
	at org.apache.catalina.core.ApplicationFilterChain.internalDoFilter(ApplicationFilterChain.java:164)
	at org.apache.catalina.core.ApplicationFilterChain.doFilter(ApplicationFilterChain.java:140)
	at org.springframework.web.filter.CompositeFilter$VirtualFilterChain.doFilter(CompositeFilter.java:108)
	at org.springframework.security.web.FilterChainProxy.lambda$doFilterInternal$3(FilterChainProxy.java:231)
	at org.springframework.security.web.ObservationFilterChainDecorator$FilterObservation$SimpleFilterObservation.lambda$wrap$1(ObservationFilterChainDecorator.java:479)
	at org.springframework.security.web.ObservationFilterChainDecorator$AroundFilterObservation$SimpleAroundFilterObservation.lambda$wrap$1(ObservationFilterChainDecorator.java:340)
	at org.springframework.security.web.ObservationFilterChainDecorator.lambda$wrapSecured$0(ObservationFilterChainDecorator.java:82)
	at org.springframework.security.web.ObservationFilterChainDecorator$VirtualFilterChain.doFilter(ObservationFilterChainDecorator.java:128)
	at org.springframework.security.web.access.ExceptionTranslationFilter.doFilter(ExceptionTranslationFilter.java:126)
	at org.springframework.security.web.access.ExceptionTranslationFilter.doFilter(ExceptionTranslationFilter.java:120)
	at org.springframework.security.web.ObservationFilterChainDecorator$ObservationFilter.wrapFilter(ObservationFilterChainDecorator.java:240)
	at org.springframework.security.web.ObservationFilterChainDecorator$ObservationFilter.doFilter(ObservationFilterChainDecorator.java:227)
	at org.springframework.security.web.ObservationFilterChainDecorator$VirtualFilterChain.doFilter(ObservationFilterChainDecorator.java:137)
	at org.springframework.security.web.authentication.AnonymousAuthenticationFilter.doFilter(AnonymousAuthenticationFilter.java:100)
	at org.springframework.security.web.ObservationFilterChainDecorator$ObservationFilter.wrapFilter(ObservationFilterChainDecorator.java:240)
	at org.springframework.security.web.ObservationFilterChainDecorator$ObservationFilter.doFilter(ObservationFilterChainDecorator.java:227)
	at org.springframework.security.web.ObservationFilterChainDecorator$VirtualFilterChain.doFilter(ObservationFilterChainDecorator.java:137)
	at org.springframework.security.web.servletapi.SecurityContextHolderAwareRequestFilter.doFilter(SecurityContextHolderAwareRequestFilter.java:179)
	at org.springframework.security.web.ObservationFilterChainDecorator$ObservationFilter.wrapFilter(ObservationFilterChainDecorator.java:240)
	at org.springframework.security.web.ObservationFilterChainDecorator$ObservationFilter.doFilter(ObservationFilterChainDecorator.java:227)
	at org.springframework.security.web.ObservationFilterChainDecorator$VirtualFilterChain.doFilter(ObservationFilterChainDecorator.java:137)
	at org.springframework.security.web.savedrequest.RequestCacheAwareFilter.doFilter(RequestCacheAwareFilter.java:63)
	at org.springframework.security.web.ObservationFilterChainDecorator$ObservationFilter.wrapFilter(ObservationFilterChainDecorator.java:240)
	at org.springframework.security.web.ObservationFilterChainDecorator$ObservationFilter.doFilter(ObservationFilterChainDecorator.java:227)
	at org.springframework.security.web.ObservationFilterChainDecorator$VirtualFilterChain.doFilter(ObservationFilterChainDecorator.java:137)
	at org.springframework.security.web.authentication.ui.DefaultLogoutPageGeneratingFilter.doFilterInternal(DefaultLogoutPageGeneratingFilter.java:58)
	at org.springframework.web.filter.OncePerRequestFilter.doFilter(OncePerRequestFilter.java:116)
	at org.springframework.security.web.ObservationFilterChainDecorator$ObservationFilter.wrapFilter(ObservationFilterChainDecorator.java:240)
	at org.springframework.security.web.ObservationFilterChainDecorator$ObservationFilter.doFilter(ObservationFilterChainDecorator.java:227)
	at org.springframework.security.web.ObservationFilterChainDecorator$VirtualFilterChain.doFilter(ObservationFilterChainDecorator.java:137)
	at org.springframework.security.web.authentication.ui.DefaultLoginPageGeneratingFilter.doFilter(DefaultLoginPageGeneratingFilter.java:220)
	at org.springframework.security.web.authentication.ui.DefaultLoginPageGeneratingFilter.doFilter(DefaultLoginPageGeneratingFilter.java:206)
	at org.springframework.security.web.ObservationFilterChainDecorator$ObservationFilter.wrapFilter(ObservationFilterChainDecorator.java:240)
	at org.springframework.security.web.ObservationFilterChainDecorator$ObservationFilter.doFilter(ObservationFilterChainDecorator.java:227)
	at org.springframework.security.web.ObservationFilterChainDecorator$VirtualFilterChain.doFilter(ObservationFilterChainDecorator.java:137)
	at org.springframework.security.web.authentication.ui.DefaultResourcesFilter.doFilter(DefaultResourcesFilter.java:72)
	at org.springframework.security.web.ObservationFilterChainDecorator$ObservationFilter.wrapFilter(ObservationFilterChainDecorator.java:240)
	at org.springframework.security.web.ObservationFilterChainDecorator$ObservationFilter.doFilter(ObservationFilterChainDecorator.java:227)
	at org.springframework.security.web.ObservationFilterChainDecorator$VirtualFilterChain.doFilter(ObservationFilterChainDecorator.java:137)
	at org.springframework.security.web.authentication.AbstractAuthenticationProcessingFilter.doFilter(AbstractAuthenticationProcessingFilter.java:227)
	at org.springframework.security.web.authentication.AbstractAuthenticationProcessingFilter.doFilter(AbstractAuthenticationProcessingFilter.java:221)
	at org.springframework.security.web.ObservationFilterChainDecorator$ObservationFilter.wrapFilter(ObservationFilterChainDecorator.java:240)
	at org.springframework.security.web.ObservationFilterChainDecorator$ObservationFilter.doFilter(ObservationFilterChainDecorator.java:227)
	at org.springframework.security.web.ObservationFilterChainDecorator$VirtualFilterChain.doFilter(ObservationFilterChainDecorator.java:137)
	at org.springframework.security.web.authentication.logout.LogoutFilter.doFilter(LogoutFilter.java:107)
	at org.springframework.security.web.authentication.logout.LogoutFilter.doFilter(LogoutFilter.java:93)
	at org.springframework.security.web.ObservationFilterChainDecorator$ObservationFilter.wrapFilter(ObservationFilterChainDecorator.java:240)
	at org.springframework.security.web.ObservationFilterChainDecorator$ObservationFilter.doFilter(ObservationFilterChainDecorator.java:227)
	at org.springframework.security.web.ObservationFilterChainDecorator$VirtualFilterChain.doFilter(ObservationFilterChainDecorator.java:137)
	at org.springframework.security.web.csrf.CsrfFilter.doFilterInternal(CsrfFilter.java:131)
	at org.springframework.web.filter.OncePerRequestFilter.doFilter(OncePerRequestFilter.java:116)
	at org.springframework.security.web.ObservationFilterChainDecorator$ObservationFilter.wrapFilter(ObservationFilterChainDecorator.java:240)
	at org.springframework.security.web.ObservationFilterChainDecorator$ObservationFilter.doFilter(ObservationFilterChainDecorator.java:227)
	at org.springframework.security.web.ObservationFilterChainDecorator$VirtualFilterChain.doFilter(ObservationFilterChainDecorator.java:137)
	at org.springframework.security.web.header.HeaderWriterFilter.doHeadersAfter(HeaderWriterFilter.java:90)
	at org.springframework.security.web.header.HeaderWriterFilter.doFilterInternal(HeaderWriterFilter.java:75)
	at org.springframework.web.filter.OncePerRequestFilter.doFilter(OncePerRequestFilter.java:116)
	at org.springframework.security.web.ObservationFilterChainDecorator$ObservationFilter.wrapFilter(ObservationFilterChainDecorator.java:240)
	at org.springframework.security.web.ObservationFilterChainDecorator$ObservationFilter.doFilter(ObservationFilterChainDecorator.java:227)
	at org.springframework.security.web.ObservationFilterChainDecorator$VirtualFilterChain.doFilter(ObservationFilterChainDecorator.java:137)
	at org.springframework.security.web.context.SecurityContextHolderFilter.doFilter(SecurityContextHolderFilter.java:82)
	at org.springframework.security.web.context.SecurityContextHolderFilter.doFilter(SecurityContextHolderFilter.java:69)
	at org.springframework.security.web.ObservationFilterChainDecorator$ObservationFilter.wrapFilter(ObservationFilterChainDecorator.java:240)
	at org.springframework.security.web.ObservationFilterChainDecorator$ObservationFilter.doFilter(ObservationFilterChainDecorator.java:227)
	at org.springframework.security.web.ObservationFilterChainDecorator$VirtualFilterChain.doFilter(ObservationFilterChainDecorator.java:137)
	at org.springframework.security.web.context.request.async.WebAsyncManagerIntegrationFilter.doFilterInternal(WebAsyncManagerIntegrationFilter.java:62)
	at org.springframework.web.filter.OncePerRequestFilter.doFilter(OncePerRequestFilter.java:116)
	at org.springframework.security.web.ObservationFilterChainDecorator$ObservationFilter.wrapFilter(ObservationFilterChainDecorator.java:240)
	at org.springframework.security.web.ObservationFilterChainDecorator$ObservationFilter.doFilter(ObservationFilterChainDecorator.java:227)
	at org.springframework.security.web.ObservationFilterChainDecorator$VirtualFilterChain.doFilter(ObservationFilterChainDecorator.java:137)
	at org.springframework.security.web.session.DisableEncodeUrlFilter.doFilterInternal(DisableEncodeUrlFilter.java:42)
	at org.springframework.web.filter.OncePerRequestFilter.doFilter(OncePerRequestFilter.java:116)
	at org.springframework.security.web.ObservationFilterChainDecorator$ObservationFilter.wrapFilter(ObservationFilterChainDecorator.java:240)
	at org.springframework.security.web.ObservationFilterChainDecorator$AroundFilterObservation$SimpleAroundFilterObservation.lambda$wrap$0(ObservationFilterChainDecorator.java:323)
	at org.springframework.security.web.ObservationFilterChainDecorator$ObservationFilter.doFilter(ObservationFilterChainDecorator.java:224)
	at org.springframework.security.web.ObservationFilterChainDecorator$VirtualFilterChain.doFilter(ObservationFilterChainDecorator.java:137)
	at org.springframework.security.web.FilterChainProxy.doFilterInternal(FilterChainProxy.java:233)
	at org.springframework.security.web.FilterChainProxy.doFilter(FilterChainProxy.java:191)
	at org.springframework.web.filter.CompositeFilter$VirtualFilterChain.doFilter(CompositeFilter.java:113)
	at org.springframework.web.servlet.handler.HandlerMappingIntrospector.lambda$createCacheFilter$3(HandlerMappingIntrospector.java:243)
	at org.springframework.web.filter.CompositeFilter$VirtualFilterChain.doFilter(CompositeFilter.java:113)
	at org.springframework.web.filter.CompositeFilter.doFilter(CompositeFilter.java:74)
	at org.springframework.security.config.annotation.web.configuration.WebMvcSecurityConfiguration$CompositeFilterChainProxy.doFilter(WebMvcSecurityConfiguration.java:238)
	at org.springframework.web.filter.DelegatingFilterProxy.invokeDelegate(DelegatingFilterProxy.java:362)
	at org.springframework.web.filter.DelegatingFilterProxy.doFilter(DelegatingFilterProxy.java:278)
	at org.apache.catalina.core.ApplicationFilterChain.internalDoFilter(ApplicationFilterChain.java:164)
	at org.apache.catalina.core.ApplicationFilterChain.doFilter(ApplicationFilterChain.java:140)
	at org.springframework.web.filter.RequestContextFilter.doFilterInternal(RequestContextFilter.java:100)
	at org.springframework.web.filter.OncePerRequestFilter.doFilter(OncePerRequestFilter.java:116)
	at org.apache.catalina.core.ApplicationFilterChain.internalDoFilter(ApplicationFilterChain.java:164)
	at org.apache.catalina.core.ApplicationFilterChain.doFilter(ApplicationFilterChain.java:140)
	at org.springframework.web.filter.FormContentFilter.doFilterInternal(FormContentFilter.java:93)
	at org.springframework.web.filter.OncePerRequestFilter.doFilter(OncePerRequestFilter.java:116)
	at org.apache.catalina.core.ApplicationFilterChain.internalDoFilter(ApplicationFilterChain.java:164)
	at org.apache.catalina.core.ApplicationFilterChain.doFilter(ApplicationFilterChain.java:140)
	at org.springframework.web.filter.ServerHttpObservationFilter.doFilterInternal(ServerHttpObservationFilter.java:114)
	at org.springframework.web.filter.OncePerRequestFilter.doFilter(OncePerRequestFilter.java:116)
	at org.apache.catalina.core.ApplicationFilterChain.internalDoFilter(ApplicationFilterChain.java:164)
	at org.apache.catalina.core.ApplicationFilterChain.doFilter(ApplicationFilterChain.java:140)
	at org.springframework.web.filter.CharacterEncodingFilter.doFilterInternal(CharacterEncodingFilter.java:201)
	at org.springframework.web.filter.OncePerRequestFilter.doFilter(OncePerRequestFilter.java:116)
	at org.apache.catalina.core.ApplicationFilterChain.internalDoFilter(ApplicationFilterChain.java:164)
	at org.apache.catalina.core.ApplicationFilterChain.doFilter(ApplicationFilterChain.java:140)
	at org.apache.catalina.core.StandardWrapperValve.invoke(StandardWrapperValve.java:167)
	at org.apache.catalina.core.StandardContextValve.invoke(StandardContextValve.java:90)
	at org.apache.catalina.authenticator.AuthenticatorBase.invoke(AuthenticatorBase.java:483)
	at org.apache.catalina.core.StandardHostValve.invoke(StandardHostValve.java:115)
	at org.apache.catalina.valves.ErrorReportValve.invoke(ErrorReportValve.java:93)
	at org.apache.catalina.core.StandardEngineValve.invoke(StandardEngineValve.java:74)
	at org.apache.catalina.connector.CoyoteAdapter.service(CoyoteAdapter.java:344)
	at org.apache.coyote.http11.Http11Processor.service(Http11Processor.java:397)
	at org.apache.coyote.AbstractProcessorLight.process(AbstractProcessorLight.java:63)
	at org.apache.coyote.AbstractProtocol$ConnectionHandler.process(AbstractProtocol.java:905)
	at org.apache.tomcat.util.net.NioEndpoint$SocketProcessor.doRun(NioEndpoint.java:1741)
	at org.apache.tomcat.util.net.SocketProcessorBase.run(SocketProcessorBase.java:52)
	at org.apache.tomcat.util.threads.ThreadPoolExecutor.runWorker(ThreadPoolExecutor.java:1190)
	at org.apache.tomcat.util.threads.ThreadPoolExecutor$Worker.run(ThreadPoolExecutor.java:659)
	at org.apache.tomcat.util.threads.TaskThread$WrappingRunnable.run(TaskThread.java:63)
	at java.base/java.lang.Thread.run(Thread.java:840)
26-05-15 10:24:31.549 [http-nio-8080-exec-3] [32mDEBUG[0;39m c.s.m.d.config.MDCLoggingInterceptor [7d5622aedc684f3a9889e1a23ea66623 | POST | /api/auth/logout] - Request completed
26-05-15 10:25:29.662 [http-nio-8080-exec-6] [32mDEBUG[0;39m org.hibernate.SQL                    [ |  | ] - 
    select
        u1_0.id,
        u1_0.created_at,
        u1_0.email,
        u1_0.password,
        u1_0.profile_id,
        u1_0.updated_at,
        u1_0.username 
    from
        users u1_0 
    where
        u1_0.username=?
26-05-15 10:25:29.662 [http-nio-8080-exec-6] [32mTRACE[0;39m org.hibernate.orm.jdbc.bind          [ |  | ] - binding parameter (1:VARCHAR) <- [jongin@test.com]
26-05-15 10:25:29.797 [http-nio-8080-exec-8] [32mDEBUG[0;39m c.s.m.d.config.MDCLoggingInterceptor [9c71881e00004f98b0cb40f68addd6ea | POST | /api/auth/logout] - Request started
26-05-15 10:25:29.803 [http-nio-8080-exec-8] [31mERROR[0;39m c.s.m.d.e.GlobalExceptionHandler     [9c71881e00004f98b0cb40f68addd6ea | POST | /api/auth/logout] - 예상치 못한 오류 발생: No static resource api/auth/logout.
org.springframework.web.servlet.resource.NoResourceFoundException: No static resource api/auth/logout.
	at org.springframework.web.servlet.resource.ResourceHttpRequestHandler.handleRequest(ResourceHttpRequestHandler.java:585)
	at org.springframework.web.servlet.mvc.HttpRequestHandlerAdapter.handle(HttpRequestHandlerAdapter.java:52)
	at org.springframework.web.servlet.DispatcherServlet.doDispatch(DispatcherServlet.java:1088)
	at org.springframework.web.servlet.DispatcherServlet.doService(DispatcherServlet.java:978)
	at org.springframework.web.servlet.FrameworkServlet.processRequest(FrameworkServlet.java:1014)
	at org.springframework.web.servlet.FrameworkServlet.doPost(FrameworkServlet.java:914)
	at jakarta.servlet.http.HttpServlet.service(HttpServlet.java:590)
	at org.springframework.web.servlet.FrameworkServlet.service(FrameworkServlet.java:885)
	at jakarta.servlet.http.HttpServlet.service(HttpServlet.java:658)
	at org.apache.catalina.core.ApplicationFilterChain.internalDoFilter(ApplicationFilterChain.java:195)
	at org.apache.catalina.core.ApplicationFilterChain.doFilter(ApplicationFilterChain.java:140)
	at org.apache.tomcat.websocket.server.WsFilter.doFilter(WsFilter.java:51)
	at org.apache.catalina.core.ApplicationFilterChain.internalDoFilter(ApplicationFilterChain.java:164)
	at org.apache.catalina.core.ApplicationFilterChain.doFilter(ApplicationFilterChain.java:140)
	at org.springframework.web.filter.CompositeFilter$VirtualFilterChain.doFilter(CompositeFilter.java:108)
	at org.springframework.security.web.FilterChainProxy.lambda$doFilterInternal$3(FilterChainProxy.java:231)
	at org.springframework.security.web.ObservationFilterChainDecorator$FilterObservation$SimpleFilterObservation.lambda$wrap$1(ObservationFilterChainDecorator.java:479)
	at org.springframework.security.web.ObservationFilterChainDecorator$AroundFilterObservation$SimpleAroundFilterObservation.lambda$wrap$1(ObservationFilterChainDecorator.java:340)
	at org.springframework.security.web.ObservationFilterChainDecorator.lambda$wrapSecured$0(ObservationFilterChainDecorator.java:82)
	at org.springframework.security.web.ObservationFilterChainDecorator$VirtualFilterChain.doFilter(ObservationFilterChainDecorator.java:128)
	at org.springframework.security.web.access.ExceptionTranslationFilter.doFilter(ExceptionTranslationFilter.java:126)
	at org.springframework.security.web.access.ExceptionTranslationFilter.doFilter(ExceptionTranslationFilter.java:120)
	at org.springframework.security.web.ObservationFilterChainDecorator$ObservationFilter.wrapFilter(ObservationFilterChainDecorator.java:240)
	at org.springframework.security.web.ObservationFilterChainDecorator$ObservationFilter.doFilter(ObservationFilterChainDecorator.java:227)
	at org.springframework.security.web.ObservationFilterChainDecorator$VirtualFilterChain.doFilter(ObservationFilterChainDecorator.java:137)
	at org.springframework.security.web.authentication.AnonymousAuthenticationFilter.doFilter(AnonymousAuthenticationFilter.java:100)
	at org.springframework.security.web.ObservationFilterChainDecorator$ObservationFilter.wrapFilter(ObservationFilterChainDecorator.java:240)
	at org.springframework.security.web.ObservationFilterChainDecorator$ObservationFilter.doFilter(ObservationFilterChainDecorator.java:227)
	at org.springframework.security.web.ObservationFilterChainDecorator$VirtualFilterChain.doFilter(ObservationFilterChainDecorator.java:137)
	at org.springframework.security.web.servletapi.SecurityContextHolderAwareRequestFilter.doFilter(SecurityContextHolderAwareRequestFilter.java:179)
	at org.springframework.security.web.ObservationFilterChainDecorator$ObservationFilter.wrapFilter(ObservationFilterChainDecorator.java:240)
	at org.springframework.security.web.ObservationFilterChainDecorator$ObservationFilter.doFilter(ObservationFilterChainDecorator.java:227)
	at org.springframework.security.web.ObservationFilterChainDecorator$VirtualFilterChain.doFilter(ObservationFilterChainDecorator.java:137)
	at org.springframework.security.web.savedrequest.RequestCacheAwareFilter.doFilter(RequestCacheAwareFilter.java:63)
	at org.springframework.security.web.ObservationFilterChainDecorator$ObservationFilter.wrapFilter(ObservationFilterChainDecorator.java:240)
	at org.springframework.security.web.ObservationFilterChainDecorator$ObservationFilter.doFilter(ObservationFilterChainDecorator.java:227)
	at org.springframework.security.web.ObservationFilterChainDecorator$VirtualFilterChain.doFilter(ObservationFilterChainDecorator.java:137)
	at org.springframework.security.web.authentication.ui.DefaultLogoutPageGeneratingFilter.doFilterInternal(DefaultLogoutPageGeneratingFilter.java:58)
	at org.springframework.web.filter.OncePerRequestFilter.doFilter(OncePerRequestFilter.java:116)
	at org.springframework.security.web.ObservationFilterChainDecorator$ObservationFilter.wrapFilter(ObservationFilterChainDecorator.java:240)
	at org.springframework.security.web.ObservationFilterChainDecorator$ObservationFilter.doFilter(ObservationFilterChainDecorator.java:227)
	at org.springframework.security.web.ObservationFilterChainDecorator$VirtualFilterChain.doFilter(ObservationFilterChainDecorator.java:137)
	at org.springframework.security.web.authentication.ui.DefaultLoginPageGeneratingFilter.doFilter(DefaultLoginPageGeneratingFilter.java:220)
	at org.springframework.security.web.authentication.ui.DefaultLoginPageGeneratingFilter.doFilter(DefaultLoginPageGeneratingFilter.java:206)
	at org.springframework.security.web.ObservationFilterChainDecorator$ObservationFilter.wrapFilter(ObservationFilterChainDecorator.java:240)
	at org.springframework.security.web.ObservationFilterChainDecorator$ObservationFilter.doFilter(ObservationFilterChainDecorator.java:227)
	at org.springframework.security.web.ObservationFilterChainDecorator$VirtualFilterChain.doFilter(ObservationFilterChainDecorator.java:137)
	at org.springframework.security.web.authentication.ui.DefaultResourcesFilter.doFilter(DefaultResourcesFilter.java:72)
	at org.springframework.security.web.ObservationFilterChainDecorator$ObservationFilter.wrapFilter(ObservationFilterChainDecorator.java:240)
	at org.springframework.security.web.ObservationFilterChainDecorator$ObservationFilter.doFilter(ObservationFilterChainDecorator.java:227)
	at org.springframework.security.web.ObservationFilterChainDecorator$VirtualFilterChain.doFilter(ObservationFilterChainDecorator.java:137)
	at org.springframework.security.web.authentication.AbstractAuthenticationProcessingFilter.doFilter(AbstractAuthenticationProcessingFilter.java:227)
	at org.springframework.security.web.authentication.AbstractAuthenticationProcessingFilter.doFilter(AbstractAuthenticationProcessingFilter.java:221)
	at org.springframework.security.web.ObservationFilterChainDecorator$ObservationFilter.wrapFilter(ObservationFilterChainDecorator.java:240)
	at org.springframework.security.web.ObservationFilterChainDecorator$ObservationFilter.doFilter(ObservationFilterChainDecorator.java:227)
	at org.springframework.security.web.ObservationFilterChainDecorator$VirtualFilterChain.doFilter(ObservationFilterChainDecorator.java:137)
	at org.springframework.security.web.authentication.logout.LogoutFilter.doFilter(LogoutFilter.java:107)
	at org.springframework.security.web.authentication.logout.LogoutFilter.doFilter(LogoutFilter.java:93)
	at org.springframework.security.web.ObservationFilterChainDecorator$ObservationFilter.wrapFilter(ObservationFilterChainDecorator.java:240)
	at org.springframework.security.web.ObservationFilterChainDecorator$ObservationFilter.doFilter(ObservationFilterChainDecorator.java:227)
	at org.springframework.security.web.ObservationFilterChainDecorator$VirtualFilterChain.doFilter(ObservationFilterChainDecorator.java:137)
	at org.springframework.security.web.csrf.CsrfFilter.doFilterInternal(CsrfFilter.java:131)
	at org.springframework.web.filter.OncePerRequestFilter.doFilter(OncePerRequestFilter.java:116)
	at org.springframework.security.web.ObservationFilterChainDecorator$ObservationFilter.wrapFilter(ObservationFilterChainDecorator.java:240)
	at org.springframework.security.web.ObservationFilterChainDecorator$ObservationFilter.doFilter(ObservationFilterChainDecorator.java:227)
	at org.springframework.security.web.ObservationFilterChainDecorator$VirtualFilterChain.doFilter(ObservationFilterChainDecorator.java:137)
	at org.springframework.security.web.header.HeaderWriterFilter.doHeadersAfter(HeaderWriterFilter.java:90)
	at org.springframework.security.web.header.HeaderWriterFilter.doFilterInternal(HeaderWriterFilter.java:75)
	at org.springframework.web.filter.OncePerRequestFilter.doFilter(OncePerRequestFilter.java:116)
	at org.springframework.security.web.ObservationFilterChainDecorator$ObservationFilter.wrapFilter(ObservationFilterChainDecorator.java:240)
	at org.springframework.security.web.ObservationFilterChainDecorator$ObservationFilter.doFilter(ObservationFilterChainDecorator.java:227)
	at org.springframework.security.web.ObservationFilterChainDecorator$VirtualFilterChain.doFilter(ObservationFilterChainDecorator.java:137)
	at org.springframework.security.web.context.SecurityContextHolderFilter.doFilter(SecurityContextHolderFilter.java:82)
	at org.springframework.security.web.context.SecurityContextHolderFilter.doFilter(SecurityContextHolderFilter.java:69)
	at org.springframework.security.web.ObservationFilterChainDecorator$ObservationFilter.wrapFilter(ObservationFilterChainDecorator.java:240)
	at org.springframework.security.web.ObservationFilterChainDecorator$ObservationFilter.doFilter(ObservationFilterChainDecorator.java:227)
	at org.springframework.security.web.ObservationFilterChainDecorator$VirtualFilterChain.doFilter(ObservationFilterChainDecorator.java:137)
	at org.springframework.security.web.context.request.async.WebAsyncManagerIntegrationFilter.doFilterInternal(WebAsyncManagerIntegrationFilter.java:62)
	at org.springframework.web.filter.OncePerRequestFilter.doFilter(OncePerRequestFilter.java:116)
	at org.springframework.security.web.ObservationFilterChainDecorator$ObservationFilter.wrapFilter(ObservationFilterChainDecorator.java:240)
	at org.springframework.security.web.ObservationFilterChainDecorator$ObservationFilter.doFilter(ObservationFilterChainDecorator.java:227)
	at org.springframework.security.web.ObservationFilterChainDecorator$VirtualFilterChain.doFilter(ObservationFilterChainDecorator.java:137)
	at org.springframework.security.web.session.DisableEncodeUrlFilter.doFilterInternal(DisableEncodeUrlFilter.java:42)
	at org.springframework.web.filter.OncePerRequestFilter.doFilter(OncePerRequestFilter.java:116)
	at org.springframework.security.web.ObservationFilterChainDecorator$ObservationFilter.wrapFilter(ObservationFilterChainDecorator.java:240)
	at org.springframework.security.web.ObservationFilterChainDecorator$AroundFilterObservation$SimpleAroundFilterObservation.lambda$wrap$0(ObservationFilterChainDecorator.java:323)
	at org.springframework.security.web.ObservationFilterChainDecorator$ObservationFilter.doFilter(ObservationFilterChainDecorator.java:224)
	at org.springframework.security.web.ObservationFilterChainDecorator$VirtualFilterChain.doFilter(ObservationFilterChainDecorator.java:137)
	at org.springframework.security.web.FilterChainProxy.doFilterInternal(FilterChainProxy.java:233)
	at org.springframework.security.web.FilterChainProxy.doFilter(FilterChainProxy.java:191)
	at org.springframework.web.filter.CompositeFilter$VirtualFilterChain.doFilter(CompositeFilter.java:113)
	at org.springframework.web.servlet.handler.HandlerMappingIntrospector.lambda$createCacheFilter$3(HandlerMappingIntrospector.java:243)
	at org.springframework.web.filter.CompositeFilter$VirtualFilterChain.doFilter(CompositeFilter.java:113)
	at org.springframework.web.filter.CompositeFilter.doFilter(CompositeFilter.java:74)
	at org.springframework.security.config.annotation.web.configuration.WebMvcSecurityConfiguration$CompositeFilterChainProxy.doFilter(WebMvcSecurityConfiguration.java:238)
	at org.springframework.web.filter.DelegatingFilterProxy.invokeDelegate(DelegatingFilterProxy.java:362)
	at org.springframework.web.filter.DelegatingFilterProxy.doFilter(DelegatingFilterProxy.java:278)
	at org.apache.catalina.core.ApplicationFilterChain.internalDoFilter(ApplicationFilterChain.java:164)
	at org.apache.catalina.core.ApplicationFilterChain.doFilter(ApplicationFilterChain.java:140)
	at org.springframework.web.filter.RequestContextFilter.doFilterInternal(RequestContextFilter.java:100)
	at org.springframework.web.filter.OncePerRequestFilter.doFilter(OncePerRequestFilter.java:116)
	at org.apache.catalina.core.ApplicationFilterChain.internalDoFilter(ApplicationFilterChain.java:164)
	at org.apache.catalina.core.ApplicationFilterChain.doFilter(ApplicationFilterChain.java:140)
	at org.springframework.web.filter.FormContentFilter.doFilterInternal(FormContentFilter.java:93)
	at org.springframework.web.filter.OncePerRequestFilter.doFilter(OncePerRequestFilter.java:116)
	at org.apache.catalina.core.ApplicationFilterChain.internalDoFilter(ApplicationFilterChain.java:164)
	at org.apache.catalina.core.ApplicationFilterChain.doFilter(ApplicationFilterChain.java:140)
	at org.springframework.web.filter.ServerHttpObservationFilter.doFilterInternal(ServerHttpObservationFilter.java:114)
	at org.springframework.web.filter.OncePerRequestFilter.doFilter(OncePerRequestFilter.java:116)
	at org.apache.catalina.core.ApplicationFilterChain.internalDoFilter(ApplicationFilterChain.java:164)
	at org.apache.catalina.core.ApplicationFilterChain.doFilter(ApplicationFilterChain.java:140)
	at org.springframework.web.filter.CharacterEncodingFilter.doFilterInternal(CharacterEncodingFilter.java:201)
	at org.springframework.web.filter.OncePerRequestFilter.doFilter(OncePerRequestFilter.java:116)
	at org.apache.catalina.core.ApplicationFilterChain.internalDoFilter(ApplicationFilterChain.java:164)
	at org.apache.catalina.core.ApplicationFilterChain.doFilter(ApplicationFilterChain.java:140)
	at org.apache.catalina.core.StandardWrapperValve.invoke(StandardWrapperValve.java:167)
	at org.apache.catalina.core.StandardContextValve.invoke(StandardContextValve.java:90)
	at org.apache.catalina.authenticator.AuthenticatorBase.invoke(AuthenticatorBase.java:483)
	at org.apache.catalina.core.StandardHostValve.invoke(StandardHostValve.java:115)
	at org.apache.catalina.valves.ErrorReportValve.invoke(ErrorReportValve.java:93)
	at org.apache.catalina.core.StandardEngineValve.invoke(StandardEngineValve.java:74)
	at org.apache.catalina.connector.CoyoteAdapter.service(CoyoteAdapter.java:344)
	at org.apache.coyote.http11.Http11Processor.service(Http11Processor.java:397)
	at org.apache.coyote.AbstractProcessorLight.process(AbstractProcessorLight.java:63)
	at org.apache.coyote.AbstractProtocol$ConnectionHandler.process(AbstractProtocol.java:905)
	at org.apache.tomcat.util.net.NioEndpoint$SocketProcessor.doRun(NioEndpoint.java:1741)
	at org.apache.tomcat.util.net.SocketProcessorBase.run(SocketProcessorBase.java:52)
	at org.apache.tomcat.util.threads.ThreadPoolExecutor.runWorker(ThreadPoolExecutor.java:1190)
	at org.apache.tomcat.util.threads.ThreadPoolExecutor$Worker.run(ThreadPoolExecutor.java:659)
	at org.apache.tomcat.util.threads.TaskThread$WrappingRunnable.run(TaskThread.java:63)
	at java.base/java.lang.Thread.run(Thread.java:840)
26-05-15 10:25:29.808 [http-nio-8080-exec-8] [32mDEBUG[0;39m c.s.m.d.config.MDCLoggingInterceptor [9c71881e00004f98b0cb40f68addd6ea | POST | /api/auth/logout] - Request completed
26-05-15 10:25:54.524 [http-nio-8080-exec-5] [32mDEBUG[0;39m org.hibernate.SQL                    [ |  | ] - 
    select
        u1_0.id,
        u1_0.created_at,
        u1_0.email,
        u1_0.password,
        u1_0.profile_id,
        u1_0.updated_at,
        u1_0.username 
    from
        users u1_0 
    where
        u1_0.username=?
26-05-15 10:25:54.527 [http-nio-8080-exec-5] [32mTRACE[0;39m org.hibernate.orm.jdbc.bind          [ |  | ] - binding parameter (1:VARCHAR) <- [hunin@test.com]
26-05-15 10:25:54.667 [http-nio-8080-exec-2] [32mDEBUG[0;39m c.s.m.d.config.MDCLoggingInterceptor [5e1c0cb1a39b42e8a152694b06b0e647 | POST | /api/auth/logout] - Request started
26-05-15 10:25:54.683 [http-nio-8080-exec-2] [31mERROR[0;39m c.s.m.d.e.GlobalExceptionHandler     [5e1c0cb1a39b42e8a152694b06b0e647 | POST | /api/auth/logout] - 예상치 못한 오류 발생: No static resource api/auth/logout.
org.springframework.web.servlet.resource.NoResourceFoundException: No static resource api/auth/logout.
	at org.springframework.web.servlet.resource.ResourceHttpRequestHandler.handleRequest(ResourceHttpRequestHandler.java:585)
	at org.springframework.web.servlet.mvc.HttpRequestHandlerAdapter.handle(HttpRequestHandlerAdapter.java:52)
	at org.springframework.web.servlet.DispatcherServlet.doDispatch(DispatcherServlet.java:1088)
	at org.springframework.web.servlet.DispatcherServlet.doService(DispatcherServlet.java:978)
	at org.springframework.web.servlet.FrameworkServlet.processRequest(FrameworkServlet.java:1014)
	at org.springframework.web.servlet.FrameworkServlet.doPost(FrameworkServlet.java:914)
	at jakarta.servlet.http.HttpServlet.service(HttpServlet.java:590)
	at org.springframework.web.servlet.FrameworkServlet.service(FrameworkServlet.java:885)
	at jakarta.servlet.http.HttpServlet.service(HttpServlet.java:658)
	at org.apache.catalina.core.ApplicationFilterChain.internalDoFilter(ApplicationFilterChain.java:195)
	at org.apache.catalina.core.ApplicationFilterChain.doFilter(ApplicationFilterChain.java:140)
	at org.apache.tomcat.websocket.server.WsFilter.doFilter(WsFilter.java:51)
	at org.apache.catalina.core.ApplicationFilterChain.internalDoFilter(ApplicationFilterChain.java:164)
	at org.apache.catalina.core.ApplicationFilterChain.doFilter(ApplicationFilterChain.java:140)
	at org.springframework.web.filter.CompositeFilter$VirtualFilterChain.doFilter(CompositeFilter.java:108)
	at org.springframework.security.web.FilterChainProxy.lambda$doFilterInternal$3(FilterChainProxy.java:231)
	at org.springframework.security.web.ObservationFilterChainDecorator$FilterObservation$SimpleFilterObservation.lambda$wrap$1(ObservationFilterChainDecorator.java:479)
	at org.springframework.security.web.ObservationFilterChainDecorator$AroundFilterObservation$SimpleAroundFilterObservation.lambda$wrap$1(ObservationFilterChainDecorator.java:340)
	at org.springframework.security.web.ObservationFilterChainDecorator.lambda$wrapSecured$0(ObservationFilterChainDecorator.java:82)
	at org.springframework.security.web.ObservationFilterChainDecorator$VirtualFilterChain.doFilter(ObservationFilterChainDecorator.java:128)
	at org.springframework.security.web.access.ExceptionTranslationFilter.doFilter(ExceptionTranslationFilter.java:126)
	at org.springframework.security.web.access.ExceptionTranslationFilter.doFilter(ExceptionTranslationFilter.java:120)
	at org.springframework.security.web.ObservationFilterChainDecorator$ObservationFilter.wrapFilter(ObservationFilterChainDecorator.java:240)
	at org.springframework.security.web.ObservationFilterChainDecorator$ObservationFilter.doFilter(ObservationFilterChainDecorator.java:227)
	at org.springframework.security.web.ObservationFilterChainDecorator$VirtualFilterChain.doFilter(ObservationFilterChainDecorator.java:137)
	at org.springframework.security.web.authentication.AnonymousAuthenticationFilter.doFilter(AnonymousAuthenticationFilter.java:100)
	at org.springframework.security.web.ObservationFilterChainDecorator$ObservationFilter.wrapFilter(ObservationFilterChainDecorator.java:240)
	at org.springframework.security.web.ObservationFilterChainDecorator$ObservationFilter.doFilter(ObservationFilterChainDecorator.java:227)
	at org.springframework.security.web.ObservationFilterChainDecorator$VirtualFilterChain.doFilter(ObservationFilterChainDecorator.java:137)
	at org.springframework.security.web.servletapi.SecurityContextHolderAwareRequestFilter.doFilter(SecurityContextHolderAwareRequestFilter.java:179)
	at org.springframework.security.web.ObservationFilterChainDecorator$ObservationFilter.wrapFilter(ObservationFilterChainDecorator.java:240)
	at org.springframework.security.web.ObservationFilterChainDecorator$ObservationFilter.doFilter(ObservationFilterChainDecorator.java:227)
	at org.springframework.security.web.ObservationFilterChainDecorator$VirtualFilterChain.doFilter(ObservationFilterChainDecorator.java:137)
	at org.springframework.security.web.savedrequest.RequestCacheAwareFilter.doFilter(RequestCacheAwareFilter.java:63)
	at org.springframework.security.web.ObservationFilterChainDecorator$ObservationFilter.wrapFilter(ObservationFilterChainDecorator.java:240)
	at org.springframework.security.web.ObservationFilterChainDecorator$ObservationFilter.doFilter(ObservationFilterChainDecorator.java:227)
	at org.springframework.security.web.ObservationFilterChainDecorator$VirtualFilterChain.doFilter(ObservationFilterChainDecorator.java:137)
	at org.springframework.security.web.authentication.ui.DefaultLogoutPageGeneratingFilter.doFilterInternal(DefaultLogoutPageGeneratingFilter.java:58)
	at org.springframework.web.filter.OncePerRequestFilter.doFilter(OncePerRequestFilter.java:116)
	at org.springframework.security.web.ObservationFilterChainDecorator$ObservationFilter.wrapFilter(ObservationFilterChainDecorator.java:240)
	at org.springframework.security.web.ObservationFilterChainDecorator$ObservationFilter.doFilter(ObservationFilterChainDecorator.java:227)
	at org.springframework.security.web.ObservationFilterChainDecorator$VirtualFilterChain.doFilter(ObservationFilterChainDecorator.java:137)
	at org.springframework.security.web.authentication.ui.DefaultLoginPageGeneratingFilter.doFilter(DefaultLoginPageGeneratingFilter.java:220)
	at org.springframework.security.web.authentication.ui.DefaultLoginPageGeneratingFilter.doFilter(DefaultLoginPageGeneratingFilter.java:206)
	at org.springframework.security.web.ObservationFilterChainDecorator$ObservationFilter.wrapFilter(ObservationFilterChainDecorator.java:240)
	at org.springframework.security.web.ObservationFilterChainDecorator$ObservationFilter.doFilter(ObservationFilterChainDecorator.java:227)
	at org.springframework.security.web.ObservationFilterChainDecorator$VirtualFilterChain.doFilter(ObservationFilterChainDecorator.java:137)
	at org.springframework.security.web.authentication.ui.DefaultResourcesFilter.doFilter(DefaultResourcesFilter.java:72)
	at org.springframework.security.web.ObservationFilterChainDecorator$ObservationFilter.wrapFilter(ObservationFilterChainDecorator.java:240)
	at org.springframework.security.web.ObservationFilterChainDecorator$ObservationFilter.doFilter(ObservationFilterChainDecorator.java:227)
	at org.springframework.security.web.ObservationFilterChainDecorator$VirtualFilterChain.doFilter(ObservationFilterChainDecorator.java:137)
	at org.springframework.security.web.authentication.AbstractAuthenticationProcessingFilter.doFilter(AbstractAuthenticationProcessingFilter.java:227)
	at org.springframework.security.web.authentication.AbstractAuthenticationProcessingFilter.doFilter(AbstractAuthenticationProcessingFilter.java:221)
	at org.springframework.security.web.ObservationFilterChainDecorator$ObservationFilter.wrapFilter(ObservationFilterChainDecorator.java:240)
	at org.springframework.security.web.ObservationFilterChainDecorator$ObservationFilter.doFilter(ObservationFilterChainDecorator.java:227)
	at org.springframework.security.web.ObservationFilterChainDecorator$VirtualFilterChain.doFilter(ObservationFilterChainDecorator.java:137)
	at org.springframework.security.web.authentication.logout.LogoutFilter.doFilter(LogoutFilter.java:107)
	at org.springframework.security.web.authentication.logout.LogoutFilter.doFilter(LogoutFilter.java:93)
	at org.springframework.security.web.ObservationFilterChainDecorator$ObservationFilter.wrapFilter(ObservationFilterChainDecorator.java:240)
	at org.springframework.security.web.ObservationFilterChainDecorator$ObservationFilter.doFilter(ObservationFilterChainDecorator.java:227)
	at org.springframework.security.web.ObservationFilterChainDecorator$VirtualFilterChain.doFilter(ObservationFilterChainDecorator.java:137)
	at org.springframework.security.web.csrf.CsrfFilter.doFilterInternal(CsrfFilter.java:131)
	at org.springframework.web.filter.OncePerRequestFilter.doFilter(OncePerRequestFilter.java:116)
	at org.springframework.security.web.ObservationFilterChainDecorator$ObservationFilter.wrapFilter(ObservationFilterChainDecorator.java:240)
	at org.springframework.security.web.ObservationFilterChainDecorator$ObservationFilter.doFilter(ObservationFilterChainDecorator.java:227)
	at org.springframework.security.web.ObservationFilterChainDecorator$VirtualFilterChain.doFilter(ObservationFilterChainDecorator.java:137)
	at org.springframework.security.web.header.HeaderWriterFilter.doHeadersAfter(HeaderWriterFilter.java:90)
	at org.springframework.security.web.header.HeaderWriterFilter.doFilterInternal(HeaderWriterFilter.java:75)
	at org.springframework.web.filter.OncePerRequestFilter.doFilter(OncePerRequestFilter.java:116)
	at org.springframework.security.web.ObservationFilterChainDecorator$ObservationFilter.wrapFilter(ObservationFilterChainDecorator.java:240)
	at org.springframework.security.web.ObservationFilterChainDecorator$ObservationFilter.doFilter(ObservationFilterChainDecorator.java:227)
	at org.springframework.security.web.ObservationFilterChainDecorator$VirtualFilterChain.doFilter(ObservationFilterChainDecorator.java:137)
	at org.springframework.security.web.context.SecurityContextHolderFilter.doFilter(SecurityContextHolderFilter.java:82)
	at org.springframework.security.web.context.SecurityContextHolderFilter.doFilter(SecurityContextHolderFilter.java:69)
	at org.springframework.security.web.ObservationFilterChainDecorator$ObservationFilter.wrapFilter(ObservationFilterChainDecorator.java:240)
	at org.springframework.security.web.ObservationFilterChainDecorator$ObservationFilter.doFilter(ObservationFilterChainDecorator.java:227)
	at org.springframework.security.web.ObservationFilterChainDecorator$VirtualFilterChain.doFilter(ObservationFilterChainDecorator.java:137)
	at org.springframework.security.web.context.request.async.WebAsyncManagerIntegrationFilter.doFilterInternal(WebAsyncManagerIntegrationFilter.java:62)
	at org.springframework.web.filter.OncePerRequestFilter.doFilter(OncePerRequestFilter.java:116)
	at org.springframework.security.web.ObservationFilterChainDecorator$ObservationFilter.wrapFilter(ObservationFilterChainDecorator.java:240)
	at org.springframework.security.web.ObservationFilterChainDecorator$ObservationFilter.doFilter(ObservationFilterChainDecorator.java:227)
	at org.springframework.security.web.ObservationFilterChainDecorator$VirtualFilterChain.doFilter(ObservationFilterChainDecorator.java:137)
	at org.springframework.security.web.session.DisableEncodeUrlFilter.doFilterInternal(DisableEncodeUrlFilter.java:42)
	at org.springframework.web.filter.OncePerRequestFilter.doFilter(OncePerRequestFilter.java:116)
	at org.springframework.security.web.ObservationFilterChainDecorator$ObservationFilter.wrapFilter(ObservationFilterChainDecorator.java:240)
	at org.springframework.security.web.ObservationFilterChainDecorator$AroundFilterObservation$SimpleAroundFilterObservation.lambda$wrap$0(ObservationFilterChainDecorator.java:323)
	at org.springframework.security.web.ObservationFilterChainDecorator$ObservationFilter.doFilter(ObservationFilterChainDecorator.java:224)
	at org.springframework.security.web.ObservationFilterChainDecorator$VirtualFilterChain.doFilter(ObservationFilterChainDecorator.java:137)
	at org.springframework.security.web.FilterChainProxy.doFilterInternal(FilterChainProxy.java:233)
	at org.springframework.security.web.FilterChainProxy.doFilter(FilterChainProxy.java:191)
	at org.springframework.web.filter.CompositeFilter$VirtualFilterChain.doFilter(CompositeFilter.java:113)
	at org.springframework.web.servlet.handler.HandlerMappingIntrospector.lambda$createCacheFilter$3(HandlerMappingIntrospector.java:243)
	at org.springframework.web.filter.CompositeFilter$VirtualFilterChain.doFilter(CompositeFilter.java:113)
	at org.springframework.web.filter.CompositeFilter.doFilter(CompositeFilter.java:74)
	at org.springframework.security.config.annotation.web.configuration.WebMvcSecurityConfiguration$CompositeFilterChainProxy.doFilter(WebMvcSecurityConfiguration.java:238)
	at org.springframework.web.filter.DelegatingFilterProxy.invokeDelegate(DelegatingFilterProxy.java:362)
	at org.springframework.web.filter.DelegatingFilterProxy.doFilter(DelegatingFilterProxy.java:278)
	at org.apache.catalina.core.ApplicationFilterChain.internalDoFilter(ApplicationFilterChain.java:164)
	at org.apache.catalina.core.ApplicationFilterChain.doFilter(ApplicationFilterChain.java:140)
	at org.springframework.web.filter.RequestContextFilter.doFilterInternal(RequestContextFilter.java:100)
	at org.springframework.web.filter.OncePerRequestFilter.doFilter(OncePerRequestFilter.java:116)
	at org.apache.catalina.core.ApplicationFilterChain.internalDoFilter(ApplicationFilterChain.java:164)
	at org.apache.catalina.core.ApplicationFilterChain.doFilter(ApplicationFilterChain.java:140)
	at org.springframework.web.filter.FormContentFilter.doFilterInternal(FormContentFilter.java:93)
	at org.springframework.web.filter.OncePerRequestFilter.doFilter(OncePerRequestFilter.java:116)
	at org.apache.catalina.core.ApplicationFilterChain.internalDoFilter(ApplicationFilterChain.java:164)
	at org.apache.catalina.core.ApplicationFilterChain.doFilter(ApplicationFilterChain.java:140)
	at org.springframework.web.filter.ServerHttpObservationFilter.doFilterInternal(ServerHttpObservationFilter.java:114)
	at org.springframework.web.filter.OncePerRequestFilter.doFilter(OncePerRequestFilter.java:116)
	at org.apache.catalina.core.ApplicationFilterChain.internalDoFilter(ApplicationFilterChain.java:164)
	at org.apache.catalina.core.ApplicationFilterChain.doFilter(ApplicationFilterChain.java:140)
	at org.springframework.web.filter.CharacterEncodingFilter.doFilterInternal(CharacterEncodingFilter.java:201)
	at org.springframework.web.filter.OncePerRequestFilter.doFilter(OncePerRequestFilter.java:116)
	at org.apache.catalina.core.ApplicationFilterChain.internalDoFilter(ApplicationFilterChain.java:164)
	at org.apache.catalina.core.ApplicationFilterChain.doFilter(ApplicationFilterChain.java:140)
	at org.apache.catalina.core.StandardWrapperValve.invoke(StandardWrapperValve.java:167)
	at org.apache.catalina.core.StandardContextValve.invoke(StandardContextValve.java:90)
	at org.apache.catalina.authenticator.AuthenticatorBase.invoke(AuthenticatorBase.java:483)
	at org.apache.catalina.core.StandardHostValve.invoke(StandardHostValve.java:115)
	at org.apache.catalina.valves.ErrorReportValve.invoke(ErrorReportValve.java:93)
	at org.apache.catalina.core.StandardEngineValve.invoke(StandardEngineValve.java:74)
	at org.apache.catalina.connector.CoyoteAdapter.service(CoyoteAdapter.java:344)
	at org.apache.coyote.http11.Http11Processor.service(Http11Processor.java:397)
	at org.apache.coyote.AbstractProcessorLight.process(AbstractProcessorLight.java:63)
	at org.apache.coyote.AbstractProtocol$ConnectionHandler.process(AbstractProtocol.java:905)
	at org.apache.tomcat.util.net.NioEndpoint$SocketProcessor.doRun(NioEndpoint.java:1741)
	at org.apache.tomcat.util.net.SocketProcessorBase.run(SocketProcessorBase.java:52)
	at org.apache.tomcat.util.threads.ThreadPoolExecutor.runWorker(ThreadPoolExecutor.java:1190)
	at org.apache.tomcat.util.threads.ThreadPoolExecutor$Worker.run(ThreadPoolExecutor.java:659)
	at org.apache.tomcat.util.threads.TaskThread$WrappingRunnable.run(TaskThread.java:63)
	at java.base/java.lang.Thread.run(Thread.java:840)
26-05-15 10:25:54.688 [http-nio-8080-exec-2] [32mDEBUG[0;39m c.s.m.d.config.MDCLoggingInterceptor [5e1c0cb1a39b42e8a152694b06b0e647 | POST | /api/auth/logout] - Request completed
26-05-15 10:25:56.000 [http-nio-8080-exec-4] [32mDEBUG[0;39m org.hibernate.SQL                    [ |  | ] - 
    select
        u1_0.id,
        u1_0.created_at,
        u1_0.email,
        u1_0.password,
        u1_0.profile_id,
        u1_0.updated_at,
        u1_0.username 
    from
        users u1_0 
    where
        u1_0.username=?
26-05-15 10:25:56.001 [http-nio-8080-exec-4] [32mTRACE[0;39m org.hibernate.orm.jdbc.bind          [ |  | ] - binding parameter (1:VARCHAR) <- [hunin@test.com]
26-05-15 10:25:56.134 [http-nio-8080-exec-9] [32mDEBUG[0;39m c.s.m.d.config.MDCLoggingInterceptor [6a29dd8019ec472db5000667c030cb36 | POST | /api/auth/logout] - Request started
26-05-15 10:25:56.135 [http-nio-8080-exec-9] [31mERROR[0;39m c.s.m.d.e.GlobalExceptionHandler     [6a29dd8019ec472db5000667c030cb36 | POST | /api/auth/logout] - 예상치 못한 오류 발생: No static resource api/auth/logout.
org.springframework.web.servlet.resource.NoResourceFoundException: No static resource api/auth/logout.
	at org.springframework.web.servlet.resource.ResourceHttpRequestHandler.handleRequest(ResourceHttpRequestHandler.java:585)
	at org.springframework.web.servlet.mvc.HttpRequestHandlerAdapter.handle(HttpRequestHandlerAdapter.java:52)
	at org.springframework.web.servlet.DispatcherServlet.doDispatch(DispatcherServlet.java:1088)
	at org.springframework.web.servlet.DispatcherServlet.doService(DispatcherServlet.java:978)
	at org.springframework.web.servlet.FrameworkServlet.processRequest(FrameworkServlet.java:1014)
	at org.springframework.web.servlet.FrameworkServlet.doPost(FrameworkServlet.java:914)
	at jakarta.servlet.http.HttpServlet.service(HttpServlet.java:590)
	at org.springframework.web.servlet.FrameworkServlet.service(FrameworkServlet.java:885)
	at jakarta.servlet.http.HttpServlet.service(HttpServlet.java:658)
	at org.apache.catalina.core.ApplicationFilterChain.internalDoFilter(ApplicationFilterChain.java:195)
	at org.apache.catalina.core.ApplicationFilterChain.doFilter(ApplicationFilterChain.java:140)
	at org.apache.tomcat.websocket.server.WsFilter.doFilter(WsFilter.java:51)
	at org.apache.catalina.core.ApplicationFilterChain.internalDoFilter(ApplicationFilterChain.java:164)
	at org.apache.catalina.core.ApplicationFilterChain.doFilter(ApplicationFilterChain.java:140)
	at org.springframework.web.filter.CompositeFilter$VirtualFilterChain.doFilter(CompositeFilter.java:108)
	at org.springframework.security.web.FilterChainProxy.lambda$doFilterInternal$3(FilterChainProxy.java:231)
	at org.springframework.security.web.ObservationFilterChainDecorator$FilterObservation$SimpleFilterObservation.lambda$wrap$1(ObservationFilterChainDecorator.java:479)
	at org.springframework.security.web.ObservationFilterChainDecorator$AroundFilterObservation$SimpleAroundFilterObservation.lambda$wrap$1(ObservationFilterChainDecorator.java:340)
	at org.springframework.security.web.ObservationFilterChainDecorator.lambda$wrapSecured$0(ObservationFilterChainDecorator.java:82)
	at org.springframework.security.web.ObservationFilterChainDecorator$VirtualFilterChain.doFilter(ObservationFilterChainDecorator.java:128)
	at org.springframework.security.web.access.ExceptionTranslationFilter.doFilter(ExceptionTranslationFilter.java:126)
	at org.springframework.security.web.access.ExceptionTranslationFilter.doFilter(ExceptionTranslationFilter.java:120)
	at org.springframework.security.web.ObservationFilterChainDecorator$ObservationFilter.wrapFilter(ObservationFilterChainDecorator.java:240)
	at org.springframework.security.web.ObservationFilterChainDecorator$ObservationFilter.doFilter(ObservationFilterChainDecorator.java:227)
	at org.springframework.security.web.ObservationFilterChainDecorator$VirtualFilterChain.doFilter(ObservationFilterChainDecorator.java:137)
	at org.springframework.security.web.authentication.AnonymousAuthenticationFilter.doFilter(AnonymousAuthenticationFilter.java:100)
	at org.springframework.security.web.ObservationFilterChainDecorator$ObservationFilter.wrapFilter(ObservationFilterChainDecorator.java:240)
	at org.springframework.security.web.ObservationFilterChainDecorator$ObservationFilter.doFilter(ObservationFilterChainDecorator.java:227)
	at org.springframework.security.web.ObservationFilterChainDecorator$VirtualFilterChain.doFilter(ObservationFilterChainDecorator.java:137)
	at org.springframework.security.web.servletapi.SecurityContextHolderAwareRequestFilter.doFilter(SecurityContextHolderAwareRequestFilter.java:179)
	at org.springframework.security.web.ObservationFilterChainDecorator$ObservationFilter.wrapFilter(ObservationFilterChainDecorator.java:240)
	at org.springframework.security.web.ObservationFilterChainDecorator$ObservationFilter.doFilter(ObservationFilterChainDecorator.java:227)
	at org.springframework.security.web.ObservationFilterChainDecorator$VirtualFilterChain.doFilter(ObservationFilterChainDecorator.java:137)
	at org.springframework.security.web.savedrequest.RequestCacheAwareFilter.doFilter(RequestCacheAwareFilter.java:63)
	at org.springframework.security.web.ObservationFilterChainDecorator$ObservationFilter.wrapFilter(ObservationFilterChainDecorator.java:240)
	at org.springframework.security.web.ObservationFilterChainDecorator$ObservationFilter.doFilter(ObservationFilterChainDecorator.java:227)
	at org.springframework.security.web.ObservationFilterChainDecorator$VirtualFilterChain.doFilter(ObservationFilterChainDecorator.java:137)
	at org.springframework.security.web.authentication.ui.DefaultLogoutPageGeneratingFilter.doFilterInternal(DefaultLogoutPageGeneratingFilter.java:58)
	at org.springframework.web.filter.OncePerRequestFilter.doFilter(OncePerRequestFilter.java:116)
	at org.springframework.security.web.ObservationFilterChainDecorator$ObservationFilter.wrapFilter(ObservationFilterChainDecorator.java:240)
	at org.springframework.security.web.ObservationFilterChainDecorator$ObservationFilter.doFilter(ObservationFilterChainDecorator.java:227)
	at org.springframework.security.web.ObservationFilterChainDecorator$VirtualFilterChain.doFilter(ObservationFilterChainDecorator.java:137)
	at org.springframework.security.web.authentication.ui.DefaultLoginPageGeneratingFilter.doFilter(DefaultLoginPageGeneratingFilter.java:220)
	at org.springframework.security.web.authentication.ui.DefaultLoginPageGeneratingFilter.doFilter(DefaultLoginPageGeneratingFilter.java:206)
	at org.springframework.security.web.ObservationFilterChainDecorator$ObservationFilter.wrapFilter(ObservationFilterChainDecorator.java:240)
	at org.springframework.security.web.ObservationFilterChainDecorator$ObservationFilter.doFilter(ObservationFilterChainDecorator.java:227)
	at org.springframework.security.web.ObservationFilterChainDecorator$VirtualFilterChain.doFilter(ObservationFilterChainDecorator.java:137)
	at org.springframework.security.web.authentication.ui.DefaultResourcesFilter.doFilter(DefaultResourcesFilter.java:72)
	at org.springframework.security.web.ObservationFilterChainDecorator$ObservationFilter.wrapFilter(ObservationFilterChainDecorator.java:240)
	at org.springframework.security.web.ObservationFilterChainDecorator$ObservationFilter.doFilter(ObservationFilterChainDecorator.java:227)
	at org.springframework.security.web.ObservationFilterChainDecorator$VirtualFilterChain.doFilter(ObservationFilterChainDecorator.java:137)
	at org.springframework.security.web.authentication.AbstractAuthenticationProcessingFilter.doFilter(AbstractAuthenticationProcessingFilter.java:227)
	at org.springframework.security.web.authentication.AbstractAuthenticationProcessingFilter.doFilter(AbstractAuthenticationProcessingFilter.java:221)
	at org.springframework.security.web.ObservationFilterChainDecorator$ObservationFilter.wrapFilter(ObservationFilterChainDecorator.java:240)
	at org.springframework.security.web.ObservationFilterChainDecorator$ObservationFilter.doFilter(ObservationFilterChainDecorator.java:227)
	at org.springframework.security.web.ObservationFilterChainDecorator$VirtualFilterChain.doFilter(ObservationFilterChainDecorator.java:137)
	at org.springframework.security.web.authentication.logout.LogoutFilter.doFilter(LogoutFilter.java:107)
	at org.springframework.security.web.authentication.logout.LogoutFilter.doFilter(LogoutFilter.java:93)
	at org.springframework.security.web.ObservationFilterChainDecorator$ObservationFilter.wrapFilter(ObservationFilterChainDecorator.java:240)
	at org.springframework.security.web.ObservationFilterChainDecorator$ObservationFilter.doFilter(ObservationFilterChainDecorator.java:227)
	at org.springframework.security.web.ObservationFilterChainDecorator$VirtualFilterChain.doFilter(ObservationFilterChainDecorator.java:137)
	at org.springframework.security.web.csrf.CsrfFilter.doFilterInternal(CsrfFilter.java:131)
	at org.springframework.web.filter.OncePerRequestFilter.doFilter(OncePerRequestFilter.java:116)
	at org.springframework.security.web.ObservationFilterChainDecorator$ObservationFilter.wrapFilter(ObservationFilterChainDecorator.java:240)
	at org.springframework.security.web.ObservationFilterChainDecorator$ObservationFilter.doFilter(ObservationFilterChainDecorator.java:227)
	at org.springframework.security.web.ObservationFilterChainDecorator$VirtualFilterChain.doFilter(ObservationFilterChainDecorator.java:137)
	at org.springframework.security.web.header.HeaderWriterFilter.doHeadersAfter(HeaderWriterFilter.java:90)
	at org.springframework.security.web.header.HeaderWriterFilter.doFilterInternal(HeaderWriterFilter.java:75)
	at org.springframework.web.filter.OncePerRequestFilter.doFilter(OncePerRequestFilter.java:116)
	at org.springframework.security.web.ObservationFilterChainDecorator$ObservationFilter.wrapFilter(ObservationFilterChainDecorator.java:240)
	at org.springframework.security.web.ObservationFilterChainDecorator$ObservationFilter.doFilter(ObservationFilterChainDecorator.java:227)
	at org.springframework.security.web.ObservationFilterChainDecorator$VirtualFilterChain.doFilter(ObservationFilterChainDecorator.java:137)
	at org.springframework.security.web.context.SecurityContextHolderFilter.doFilter(SecurityContextHolderFilter.java:82)
	at org.springframework.security.web.context.SecurityContextHolderFilter.doFilter(SecurityContextHolderFilter.java:69)
	at org.springframework.security.web.ObservationFilterChainDecorator$ObservationFilter.wrapFilter(ObservationFilterChainDecorator.java:240)
	at org.springframework.security.web.ObservationFilterChainDecorator$ObservationFilter.doFilter(ObservationFilterChainDecorator.java:227)
	at org.springframework.security.web.ObservationFilterChainDecorator$VirtualFilterChain.doFilter(ObservationFilterChainDecorator.java:137)
	at org.springframework.security.web.context.request.async.WebAsyncManagerIntegrationFilter.doFilterInternal(WebAsyncManagerIntegrationFilter.java:62)
	at org.springframework.web.filter.OncePerRequestFilter.doFilter(OncePerRequestFilter.java:116)
	at org.springframework.security.web.ObservationFilterChainDecorator$ObservationFilter.wrapFilter(ObservationFilterChainDecorator.java:240)
	at org.springframework.security.web.ObservationFilterChainDecorator$ObservationFilter.doFilter(ObservationFilterChainDecorator.java:227)
	at org.springframework.security.web.ObservationFilterChainDecorator$VirtualFilterChain.doFilter(ObservationFilterChainDecorator.java:137)
	at org.springframework.security.web.session.DisableEncodeUrlFilter.doFilterInternal(DisableEncodeUrlFilter.java:42)
	at org.springframework.web.filter.OncePerRequestFilter.doFilter(OncePerRequestFilter.java:116)
	at org.springframework.security.web.ObservationFilterChainDecorator$ObservationFilter.wrapFilter(ObservationFilterChainDecorator.java:240)
	at org.springframework.security.web.ObservationFilterChainDecorator$AroundFilterObservation$SimpleAroundFilterObservation.lambda$wrap$0(ObservationFilterChainDecorator.java:323)
	at org.springframework.security.web.ObservationFilterChainDecorator$ObservationFilter.doFilter(ObservationFilterChainDecorator.java:224)
	at org.springframework.security.web.ObservationFilterChainDecorator$VirtualFilterChain.doFilter(ObservationFilterChainDecorator.java:137)
	at org.springframework.security.web.FilterChainProxy.doFilterInternal(FilterChainProxy.java:233)
	at org.springframework.security.web.FilterChainProxy.doFilter(FilterChainProxy.java:191)
	at org.springframework.web.filter.CompositeFilter$VirtualFilterChain.doFilter(CompositeFilter.java:113)
	at org.springframework.web.servlet.handler.HandlerMappingIntrospector.lambda$createCacheFilter$3(HandlerMappingIntrospector.java:243)
	at org.springframework.web.filter.CompositeFilter$VirtualFilterChain.doFilter(CompositeFilter.java:113)
	at org.springframework.web.filter.CompositeFilter.doFilter(CompositeFilter.java:74)
	at org.springframework.security.config.annotation.web.configuration.WebMvcSecurityConfiguration$CompositeFilterChainProxy.doFilter(WebMvcSecurityConfiguration.java:238)
	at org.springframework.web.filter.DelegatingFilterProxy.invokeDelegate(DelegatingFilterProxy.java:362)
	at org.springframework.web.filter.DelegatingFilterProxy.doFilter(DelegatingFilterProxy.java:278)
	at org.apache.catalina.core.ApplicationFilterChain.internalDoFilter(ApplicationFilterChain.java:164)
	at org.apache.catalina.core.ApplicationFilterChain.doFilter(ApplicationFilterChain.java:140)
	at org.springframework.web.filter.RequestContextFilter.doFilterInternal(RequestContextFilter.java:100)
	at org.springframework.web.filter.OncePerRequestFilter.doFilter(OncePerRequestFilter.java:116)
	at org.apache.catalina.core.ApplicationFilterChain.internalDoFilter(ApplicationFilterChain.java:164)
	at org.apache.catalina.core.ApplicationFilterChain.doFilter(ApplicationFilterChain.java:140)
	at org.springframework.web.filter.FormContentFilter.doFilterInternal(FormContentFilter.java:93)
	at org.springframework.web.filter.OncePerRequestFilter.doFilter(OncePerRequestFilter.java:116)
	at org.apache.catalina.core.ApplicationFilterChain.internalDoFilter(ApplicationFilterChain.java:164)
	at org.apache.catalina.core.ApplicationFilterChain.doFilter(ApplicationFilterChain.java:140)
	at org.springframework.web.filter.ServerHttpObservationFilter.doFilterInternal(ServerHttpObservationFilter.java:114)
	at org.springframework.web.filter.OncePerRequestFilter.doFilter(OncePerRequestFilter.java:116)
	at org.apache.catalina.core.ApplicationFilterChain.internalDoFilter(ApplicationFilterChain.java:164)
	at org.apache.catalina.core.ApplicationFilterChain.doFilter(ApplicationFilterChain.java:140)
	at org.springframework.web.filter.CharacterEncodingFilter.doFilterInternal(CharacterEncodingFilter.java:201)
	at org.springframework.web.filter.OncePerRequestFilter.doFilter(OncePerRequestFilter.java:116)
	at org.apache.catalina.core.ApplicationFilterChain.internalDoFilter(ApplicationFilterChain.java:164)
	at org.apache.catalina.core.ApplicationFilterChain.doFilter(ApplicationFilterChain.java:140)
	at org.apache.catalina.core.StandardWrapperValve.invoke(StandardWrapperValve.java:167)
	at org.apache.catalina.core.StandardContextValve.invoke(StandardContextValve.java:90)
	at org.apache.catalina.authenticator.AuthenticatorBase.invoke(AuthenticatorBase.java:483)
	at org.apache.catalina.core.StandardHostValve.invoke(StandardHostValve.java:115)
	at org.apache.catalina.valves.ErrorReportValve.invoke(ErrorReportValve.java:93)
	at org.apache.catalina.core.StandardEngineValve.invoke(StandardEngineValve.java:74)
	at org.apache.catalina.connector.CoyoteAdapter.service(CoyoteAdapter.java:344)
	at org.apache.coyote.http11.Http11Processor.service(Http11Processor.java:397)
	at org.apache.coyote.AbstractProcessorLight.process(AbstractProcessorLight.java:63)
	at org.apache.coyote.AbstractProtocol$ConnectionHandler.process(AbstractProtocol.java:905)
	at org.apache.tomcat.util.net.NioEndpoint$SocketProcessor.doRun(NioEndpoint.java:1741)
	at org.apache.tomcat.util.net.SocketProcessorBase.run(SocketProcessorBase.java:52)
	at org.apache.tomcat.util.threads.ThreadPoolExecutor.runWorker(ThreadPoolExecutor.java:1190)
	at org.apache.tomcat.util.threads.ThreadPoolExecutor$Worker.run(ThreadPoolExecutor.java:659)
	at org.apache.tomcat.util.threads.TaskThread$WrappingRunnable.run(TaskThread.java:63)
	at java.base/java.lang.Thread.run(Thread.java:840)
26-05-15 10:25:56.137 [http-nio-8080-exec-9] [32mDEBUG[0;39m c.s.m.d.config.MDCLoggingInterceptor [6a29dd8019ec472db5000667c030cb36 | POST | /api/auth/logout] - Request completed
26-05-15 10:26:11.385 [http-nio-8080-exec-10] [32mDEBUG[0;39m c.s.m.d.config.MDCLoggingInterceptor [9d75db9b1ec346fe8937e20f2ce07f7f | POST | /api/users] - Request started
26-05-15 10:26:11.615 [http-nio-8080-exec-10] [31mERROR[0;39m c.s.m.d.e.GlobalExceptionHandler     [9d75db9b1ec346fe8937e20f2ce07f7f | POST | /api/users] - 요청 유효성 검사 실패: Validation failed for argument [0] in public org.springframework.http.ResponseEntity<com.sprint.mission.discodeit.dto.data.UserDto> com.sprint.mission.discodeit.controller.UserController.create(com.sprint.mission.discodeit.dto.request.UserCreateRequest,org.springframework.web.multipart.MultipartFile) with 2 errors: [Field error in object 'userCreateRequest' on field 'password': rejected value [123]; codes [Pattern.userCreateRequest.password,Pattern.password,Pattern.java.lang.String,Pattern]; arguments [org.springframework.context.support.DefaultMessageSourceResolvable: codes [userCreateRequest.password,password]; arguments []; default message [password],[Ljakarta.validation.constraints.Pattern$Flag;@35894ebc,^(?=.*[0-9])(?=.*[a-zA-Z])(?=.*[!@#$%^&*]).{8,}$]; default message [비밀번호는 최소 8자 이상, 숫자, 문자, 특수문자를 포함해야 합니다]] [Field error in object 'userCreateRequest' on field 'password': rejected value [123]; codes [Size.userCreateRequest.password,Size.password,Size.java.lang.String,Size]; arguments [org.springframework.context.support.DefaultMessageSourceResolvable: codes [userCreateRequest.password,password]; arguments []; default message [password],60,8]; default message [비밀번호는 8자 이상 60자 이하여야 합니다]] 
26-05-15 10:26:11.618 [http-nio-8080-exec-10] [32mDEBUG[0;39m c.s.m.d.config.MDCLoggingInterceptor [9d75db9b1ec346fe8937e20f2ce07f7f | POST | /api/users] - Request completed
26-05-15 10:26:35.081 [http-nio-8080-exec-7] [32mDEBUG[0;39m c.s.m.d.config.MDCLoggingInterceptor [6788f1144ffe4c63afddaeb9035ffaac | POST | /api/users] - Request started
26-05-15 10:26:35.085 [http-nio-8080-exec-7] [31mERROR[0;39m c.s.m.d.e.GlobalExceptionHandler     [6788f1144ffe4c63afddaeb9035ffaac | POST | /api/users] - 요청 유효성 검사 실패: Validation failed for argument [0] in public org.springframework.http.ResponseEntity<com.sprint.mission.discodeit.dto.data.UserDto> com.sprint.mission.discodeit.controller.UserController.create(com.sprint.mission.discodeit.dto.request.UserCreateRequest,org.springframework.web.multipart.MultipartFile): [Field error in object 'userCreateRequest' on field 'password': rejected value [jmo980312]; codes [Pattern.userCreateRequest.password,Pattern.password,Pattern.java.lang.String,Pattern]; arguments [org.springframework.context.support.DefaultMessageSourceResolvable: codes [userCreateRequest.password,password]; arguments []; default message [password],[Ljakarta.validation.constraints.Pattern$Flag;@35894ebc,^(?=.*[0-9])(?=.*[a-zA-Z])(?=.*[!@#$%^&*]).{8,}$]; default message [비밀번호는 최소 8자 이상, 숫자, 문자, 특수문자를 포함해야 합니다]] 
26-05-15 10:26:35.092 [http-nio-8080-exec-7] [32mDEBUG[0;39m c.s.m.d.config.MDCLoggingInterceptor [6788f1144ffe4c63afddaeb9035ffaac | POST | /api/users] - Request completed
26-05-15 10:30:05.591 [http-nio-8080-exec-1] [32mDEBUG[0;39m c.s.m.d.config.MDCLoggingInterceptor [afeb503ed34440d1ac4477d8dcfa3438 | POST | /api/users] - Request started
26-05-15 10:30:05.595 [http-nio-8080-exec-1] [31mERROR[0;39m c.s.m.d.e.GlobalExceptionHandler     [afeb503ed34440d1ac4477d8dcfa3438 | POST | /api/users] - 요청 유효성 검사 실패: Validation failed for argument [0] in public org.springframework.http.ResponseEntity<com.sprint.mission.discodeit.dto.data.UserDto> com.sprint.mission.discodeit.controller.UserController.create(com.sprint.mission.discodeit.dto.request.UserCreateRequest,org.springframework.web.multipart.MultipartFile): [Field error in object 'userCreateRequest' on field 'password': rejected value [jongin98]; codes [Pattern.userCreateRequest.password,Pattern.password,Pattern.java.lang.String,Pattern]; arguments [org.springframework.context.support.DefaultMessageSourceResolvable: codes [userCreateRequest.password,password]; arguments []; default message [password],[Ljakarta.validation.constraints.Pattern$Flag;@35894ebc,^(?=.*[0-9])(?=.*[a-zA-Z])(?=.*[!@#$%^&*]).{8,}$]; default message [비밀번호는 최소 8자 이상, 숫자, 문자, 특수문자를 포함해야 합니다]] 
26-05-15 10:30:05.598 [http-nio-8080-exec-1] [32mDEBUG[0;39m c.s.m.d.config.MDCLoggingInterceptor [afeb503ed34440d1ac4477d8dcfa3438 | POST | /api/users] - Request completed
26-05-15 10:30:19.030 [http-nio-8080-exec-3] [32mDEBUG[0;39m c.s.m.d.config.MDCLoggingInterceptor [26647d3fbecf4c8aaeed420b23f5efd9 | POST | /api/users] - Request started
26-05-15 10:30:19.033 [http-nio-8080-exec-3] [32mINFO [0;39m c.s.m.d.controller.UserController    [26647d3fbecf4c8aaeed420b23f5efd9 | POST | /api/users] - 사용자 생성 요청: UserCreateRequest[username=jongin98, email=jongin98@naver.com, password=jongin98*]
26-05-15 10:30:19.040 [http-nio-8080-exec-3] [32mDEBUG[0;39m c.s.m.d.s.basic.BasicUserService     [26647d3fbecf4c8aaeed420b23f5efd9 | POST | /api/users] - 사용자 생성 시작: UserCreateRequest[username=jongin98, email=jongin98@naver.com, password=jongin98*]
26-05-15 10:30:19.084 [http-nio-8080-exec-3] [32mDEBUG[0;39m org.hibernate.SQL                    [26647d3fbecf4c8aaeed420b23f5efd9 | POST | /api/users] - 
    select
        u1_0.id 
    from
        users u1_0 
    where
        u1_0.email=? 
    fetch
        first ? rows only
26-05-15 10:30:19.086 [http-nio-8080-exec-3] [32mTRACE[0;39m org.hibernate.orm.jdbc.bind          [26647d3fbecf4c8aaeed420b23f5efd9 | POST | /api/users] - binding parameter (1:VARCHAR) <- [jongin98@naver.com]
26-05-15 10:30:19.086 [http-nio-8080-exec-3] [32mTRACE[0;39m org.hibernate.orm.jdbc.bind          [26647d3fbecf4c8aaeed420b23f5efd9 | POST | /api/users] - binding parameter (2:INTEGER) <- [1]
26-05-15 10:30:19.092 [http-nio-8080-exec-3] [32mDEBUG[0;39m org.hibernate.SQL                    [26647d3fbecf4c8aaeed420b23f5efd9 | POST | /api/users] - 
    select
        u1_0.id 
    from
        users u1_0 
    where
        u1_0.username=? 
    fetch
        first ? rows only
26-05-15 10:30:19.093 [http-nio-8080-exec-3] [32mTRACE[0;39m org.hibernate.orm.jdbc.bind          [26647d3fbecf4c8aaeed420b23f5efd9 | POST | /api/users] - binding parameter (1:VARCHAR) <- [jongin98]
26-05-15 10:30:19.093 [http-nio-8080-exec-3] [32mTRACE[0;39m org.hibernate.orm.jdbc.bind          [26647d3fbecf4c8aaeed420b23f5efd9 | POST | /api/users] - binding parameter (2:INTEGER) <- [1]
26-05-15 10:30:19.338 [http-nio-8080-exec-3] [32mINFO [0;39m c.s.m.d.s.basic.BasicUserService     [26647d3fbecf4c8aaeed420b23f5efd9 | POST | /api/users] - 사용자 생성 완료: id=aba478e0-9386-4424-924f-249335d64694, username=jongin98
26-05-15 10:30:19.369 [http-nio-8080-exec-3] [32mDEBUG[0;39m org.hibernate.SQL                    [26647d3fbecf4c8aaeed420b23f5efd9 | POST | /api/users] - 
    insert 
    into
        users
        (created_at, email, password, profile_id, updated_at, username, id) 
    values
        (?, ?, ?, ?, ?, ?, ?)
26-05-15 10:30:19.374 [http-nio-8080-exec-3] [32mTRACE[0;39m org.hibernate.orm.jdbc.bind          [26647d3fbecf4c8aaeed420b23f5efd9 | POST | /api/users] - binding parameter (1:TIMESTAMP_UTC) <- [2026-05-15T01:30:19.288424700Z]
26-05-15 10:30:19.375 [http-nio-8080-exec-3] [32mTRACE[0;39m org.hibernate.orm.jdbc.bind          [26647d3fbecf4c8aaeed420b23f5efd9 | POST | /api/users] - binding parameter (2:VARCHAR) <- [jongin98@naver.com]
26-05-15 10:30:19.375 [http-nio-8080-exec-3] [32mTRACE[0;39m org.hibernate.orm.jdbc.bind          [26647d3fbecf4c8aaeed420b23f5efd9 | POST | /api/users] - binding parameter (3:VARCHAR) <- [$2a$10$BFAzF.I454bQciupqwwY.OIb20d8a.ldMoMQMNVdmJ25FBza/2cri]
26-05-15 10:30:19.376 [http-nio-8080-exec-3] [32mTRACE[0;39m org.hibernate.orm.jdbc.bind          [26647d3fbecf4c8aaeed420b23f5efd9 | POST | /api/users] - binding parameter (4:UUID) <- [null]
26-05-15 10:30:19.376 [http-nio-8080-exec-3] [32mTRACE[0;39m org.hibernate.orm.jdbc.bind          [26647d3fbecf4c8aaeed420b23f5efd9 | POST | /api/users] - binding parameter (5:TIMESTAMP_UTC) <- [2026-05-15T01:30:19.288424700Z]
26-05-15 10:30:19.376 [http-nio-8080-exec-3] [32mTRACE[0;39m org.hibernate.orm.jdbc.bind          [26647d3fbecf4c8aaeed420b23f5efd9 | POST | /api/users] - binding parameter (6:VARCHAR) <- [jongin98]
26-05-15 10:30:19.376 [http-nio-8080-exec-3] [32mTRACE[0;39m org.hibernate.orm.jdbc.bind          [26647d3fbecf4c8aaeed420b23f5efd9 | POST | /api/users] - binding parameter (7:UUID) <- [aba478e0-9386-4424-924f-249335d64694]
26-05-15 10:30:19.391 [http-nio-8080-exec-3] [32mDEBUG[0;39m org.hibernate.SQL                    [26647d3fbecf4c8aaeed420b23f5efd9 | POST | /api/users] - 
    insert 
    into
        user_statuses
        (created_at, last_active_at, updated_at, user_id, id) 
    values
        (?, ?, ?, ?, ?)
26-05-15 10:30:19.392 [http-nio-8080-exec-3] [32mTRACE[0;39m org.hibernate.orm.jdbc.bind          [26647d3fbecf4c8aaeed420b23f5efd9 | POST | /api/users] - binding parameter (1:TIMESTAMP_UTC) <- [2026-05-15T01:30:19.333200400Z]
26-05-15 10:30:19.392 [http-nio-8080-exec-3] [32mTRACE[0;39m org.hibernate.orm.jdbc.bind          [26647d3fbecf4c8aaeed420b23f5efd9 | POST | /api/users] - binding parameter (2:TIMESTAMP_UTC) <- [2026-05-15T01:30:19.210479200Z]
26-05-15 10:30:19.392 [http-nio-8080-exec-3] [32mTRACE[0;39m org.hibernate.orm.jdbc.bind          [26647d3fbecf4c8aaeed420b23f5efd9 | POST | /api/users] - binding parameter (3:TIMESTAMP_UTC) <- [2026-05-15T01:30:19.333200400Z]
26-05-15 10:30:19.392 [http-nio-8080-exec-3] [32mTRACE[0;39m org.hibernate.orm.jdbc.bind          [26647d3fbecf4c8aaeed420b23f5efd9 | POST | /api/users] - binding parameter (4:UUID) <- [aba478e0-9386-4424-924f-249335d64694]
26-05-15 10:30:19.393 [http-nio-8080-exec-3] [32mTRACE[0;39m org.hibernate.orm.jdbc.bind          [26647d3fbecf4c8aaeed420b23f5efd9 | POST | /api/users] - binding parameter (5:UUID) <- [dc039aa9-e5f9-426b-b0d0-29e9a8686fef]
26-05-15 10:30:19.409 [http-nio-8080-exec-3] [32mDEBUG[0;39m c.s.m.d.controller.UserController    [26647d3fbecf4c8aaeed420b23f5efd9 | POST | /api/users] - 사용자 생성 응답: UserDto[id=aba478e0-9386-4424-924f-249335d64694, username=jongin98, email=jongin98@naver.com, profile=null, online=true]
26-05-15 10:30:19.415 [http-nio-8080-exec-3] [32mDEBUG[0;39m c.s.m.d.config.MDCLoggingInterceptor [26647d3fbecf4c8aaeed420b23f5efd9 | POST | /api/users] - Request completed
26-05-15 10:30:19.425 [http-nio-8080-exec-6] [32mDEBUG[0;39m c.s.m.d.config.MDCLoggingInterceptor [ec1649dbf5d34288a7fd00545296e2f8 | GET | /api/auth/csrf-token] - Request started
26-05-15 10:30:19.426 [http-nio-8080-exec-6] [32mDEBUG[0;39m c.s.m.d.controller.AuthController    [ec1649dbf5d34288a7fd00545296e2f8 | GET | /api/auth/csrf-token] - CSRF 토큰 요청: iGkPofo949Clhjszzi6rQm95qF-5vHBOKglp2-5rBU18IIJMvVk5l5kM0eiIvwlVrQOfcVZJhWaB2EBjS20IuNYJNXhJGed0
26-05-15 10:30:19.427 [http-nio-8080-exec-6] [32mDEBUG[0;39m c.s.m.d.config.MDCLoggingInterceptor [ec1649dbf5d34288a7fd00545296e2f8 | GET | /api/auth/csrf-token] - Request completed
26-05-15 10:30:37.423 [http-nio-8080-exec-8] [32mDEBUG[0;39m org.hibernate.SQL                    [ |  | ] - 
    select
        u1_0.id,
        u1_0.created_at,
        u1_0.email,
        u1_0.password,
        u1_0.profile_id,
        u1_0.updated_at,
        u1_0.username 
    from
        users u1_0 
    where
        u1_0.username=?
26-05-15 10:30:37.424 [http-nio-8080-exec-8] [32mTRACE[0;39m org.hibernate.orm.jdbc.bind          [ |  | ] - binding parameter (1:VARCHAR) <- [jongin98@naver.com]
26-05-15 10:30:37.558 [http-nio-8080-exec-5] [32mDEBUG[0;39m c.s.m.d.config.MDCLoggingInterceptor [e989b3d0bcd44869ac029865be250d47 | POST | /api/auth/logout] - Request started
26-05-15 10:30:37.562 [http-nio-8080-exec-5] [31mERROR[0;39m c.s.m.d.e.GlobalExceptionHandler     [e989b3d0bcd44869ac029865be250d47 | POST | /api/auth/logout] - 예상치 못한 오류 발생: No static resource api/auth/logout.
org.springframework.web.servlet.resource.NoResourceFoundException: No static resource api/auth/logout.
	at org.springframework.web.servlet.resource.ResourceHttpRequestHandler.handleRequest(ResourceHttpRequestHandler.java:585)
	at org.springframework.web.servlet.mvc.HttpRequestHandlerAdapter.handle(HttpRequestHandlerAdapter.java:52)
	at org.springframework.web.servlet.DispatcherServlet.doDispatch(DispatcherServlet.java:1088)
	at org.springframework.web.servlet.DispatcherServlet.doService(DispatcherServlet.java:978)
	at org.springframework.web.servlet.FrameworkServlet.processRequest(FrameworkServlet.java:1014)
	at org.springframework.web.servlet.FrameworkServlet.doPost(FrameworkServlet.java:914)
	at jakarta.servlet.http.HttpServlet.service(HttpServlet.java:590)
	at org.springframework.web.servlet.FrameworkServlet.service(FrameworkServlet.java:885)
	at jakarta.servlet.http.HttpServlet.service(HttpServlet.java:658)
	at org.apache.catalina.core.ApplicationFilterChain.internalDoFilter(ApplicationFilterChain.java:195)
	at org.apache.catalina.core.ApplicationFilterChain.doFilter(ApplicationFilterChain.java:140)
	at org.apache.tomcat.websocket.server.WsFilter.doFilter(WsFilter.java:51)
	at org.apache.catalina.core.ApplicationFilterChain.internalDoFilter(ApplicationFilterChain.java:164)
	at org.apache.catalina.core.ApplicationFilterChain.doFilter(ApplicationFilterChain.java:140)
	at org.springframework.web.filter.CompositeFilter$VirtualFilterChain.doFilter(CompositeFilter.java:108)
	at org.springframework.security.web.FilterChainProxy.lambda$doFilterInternal$3(FilterChainProxy.java:231)
	at org.springframework.security.web.ObservationFilterChainDecorator$FilterObservation$SimpleFilterObservation.lambda$wrap$1(ObservationFilterChainDecorator.java:479)
	at org.springframework.security.web.ObservationFilterChainDecorator$AroundFilterObservation$SimpleAroundFilterObservation.lambda$wrap$1(ObservationFilterChainDecorator.java:340)
	at org.springframework.security.web.ObservationFilterChainDecorator.lambda$wrapSecured$0(ObservationFilterChainDecorator.java:82)
	at org.springframework.security.web.ObservationFilterChainDecorator$VirtualFilterChain.doFilter(ObservationFilterChainDecorator.java:128)
	at org.springframework.security.web.access.ExceptionTranslationFilter.doFilter(ExceptionTranslationFilter.java:126)
	at org.springframework.security.web.access.ExceptionTranslationFilter.doFilter(ExceptionTranslationFilter.java:120)
	at org.springframework.security.web.ObservationFilterChainDecorator$ObservationFilter.wrapFilter(ObservationFilterChainDecorator.java:240)
	at org.springframework.security.web.ObservationFilterChainDecorator$ObservationFilter.doFilter(ObservationFilterChainDecorator.java:227)
	at org.springframework.security.web.ObservationFilterChainDecorator$VirtualFilterChain.doFilter(ObservationFilterChainDecorator.java:137)
	at org.springframework.security.web.authentication.AnonymousAuthenticationFilter.doFilter(AnonymousAuthenticationFilter.java:100)
	at org.springframework.security.web.ObservationFilterChainDecorator$ObservationFilter.wrapFilter(ObservationFilterChainDecorator.java:240)
	at org.springframework.security.web.ObservationFilterChainDecorator$ObservationFilter.doFilter(ObservationFilterChainDecorator.java:227)
	at org.springframework.security.web.ObservationFilterChainDecorator$VirtualFilterChain.doFilter(ObservationFilterChainDecorator.java:137)
	at org.springframework.security.web.servletapi.SecurityContextHolderAwareRequestFilter.doFilter(SecurityContextHolderAwareRequestFilter.java:179)
	at org.springframework.security.web.ObservationFilterChainDecorator$ObservationFilter.wrapFilter(ObservationFilterChainDecorator.java:240)
	at org.springframework.security.web.ObservationFilterChainDecorator$ObservationFilter.doFilter(ObservationFilterChainDecorator.java:227)
	at org.springframework.security.web.ObservationFilterChainDecorator$VirtualFilterChain.doFilter(ObservationFilterChainDecorator.java:137)
	at org.springframework.security.web.savedrequest.RequestCacheAwareFilter.doFilter(RequestCacheAwareFilter.java:63)
	at org.springframework.security.web.ObservationFilterChainDecorator$ObservationFilter.wrapFilter(ObservationFilterChainDecorator.java:240)
	at org.springframework.security.web.ObservationFilterChainDecorator$ObservationFilter.doFilter(ObservationFilterChainDecorator.java:227)
	at org.springframework.security.web.ObservationFilterChainDecorator$VirtualFilterChain.doFilter(ObservationFilterChainDecorator.java:137)
	at org.springframework.security.web.authentication.ui.DefaultLogoutPageGeneratingFilter.doFilterInternal(DefaultLogoutPageGeneratingFilter.java:58)
	at org.springframework.web.filter.OncePerRequestFilter.doFilter(OncePerRequestFilter.java:116)
	at org.springframework.security.web.ObservationFilterChainDecorator$ObservationFilter.wrapFilter(ObservationFilterChainDecorator.java:240)
	at org.springframework.security.web.ObservationFilterChainDecorator$ObservationFilter.doFilter(ObservationFilterChainDecorator.java:227)
	at org.springframework.security.web.ObservationFilterChainDecorator$VirtualFilterChain.doFilter(ObservationFilterChainDecorator.java:137)
	at org.springframework.security.web.authentication.ui.DefaultLoginPageGeneratingFilter.doFilter(DefaultLoginPageGeneratingFilter.java:220)
	at org.springframework.security.web.authentication.ui.DefaultLoginPageGeneratingFilter.doFilter(DefaultLoginPageGeneratingFilter.java:206)
	at org.springframework.security.web.ObservationFilterChainDecorator$ObservationFilter.wrapFilter(ObservationFilterChainDecorator.java:240)
	at org.springframework.security.web.ObservationFilterChainDecorator$ObservationFilter.doFilter(ObservationFilterChainDecorator.java:227)
	at org.springframework.security.web.ObservationFilterChainDecorator$VirtualFilterChain.doFilter(ObservationFilterChainDecorator.java:137)
	at org.springframework.security.web.authentication.ui.DefaultResourcesFilter.doFilter(DefaultResourcesFilter.java:72)
	at org.springframework.security.web.ObservationFilterChainDecorator$ObservationFilter.wrapFilter(ObservationFilterChainDecorator.java:240)
	at org.springframework.security.web.ObservationFilterChainDecorator$ObservationFilter.doFilter(ObservationFilterChainDecorator.java:227)
	at org.springframework.security.web.ObservationFilterChainDecorator$VirtualFilterChain.doFilter(ObservationFilterChainDecorator.java:137)
	at org.springframework.security.web.authentication.AbstractAuthenticationProcessingFilter.doFilter(AbstractAuthenticationProcessingFilter.java:227)
	at org.springframework.security.web.authentication.AbstractAuthenticationProcessingFilter.doFilter(AbstractAuthenticationProcessingFilter.java:221)
	at org.springframework.security.web.ObservationFilterChainDecorator$ObservationFilter.wrapFilter(ObservationFilterChainDecorator.java:240)
	at org.springframework.security.web.ObservationFilterChainDecorator$ObservationFilter.doFilter(ObservationFilterChainDecorator.java:227)
	at org.springframework.security.web.ObservationFilterChainDecorator$VirtualFilterChain.doFilter(ObservationFilterChainDecorator.java:137)
	at org.springframework.security.web.authentication.logout.LogoutFilter.doFilter(LogoutFilter.java:107)
	at org.springframework.security.web.authentication.logout.LogoutFilter.doFilter(LogoutFilter.java:93)
	at org.springframework.security.web.ObservationFilterChainDecorator$ObservationFilter.wrapFilter(ObservationFilterChainDecorator.java:240)
	at org.springframework.security.web.ObservationFilterChainDecorator$ObservationFilter.doFilter(ObservationFilterChainDecorator.java:227)
	at org.springframework.security.web.ObservationFilterChainDecorator$VirtualFilterChain.doFilter(ObservationFilterChainDecorator.java:137)
	at org.springframework.security.web.csrf.CsrfFilter.doFilterInternal(CsrfFilter.java:131)
	at org.springframework.web.filter.OncePerRequestFilter.doFilter(OncePerRequestFilter.java:116)
	at org.springframework.security.web.ObservationFilterChainDecorator$ObservationFilter.wrapFilter(ObservationFilterChainDecorator.java:240)
	at org.springframework.security.web.ObservationFilterChainDecorator$ObservationFilter.doFilter(ObservationFilterChainDecorator.java:227)
	at org.springframework.security.web.ObservationFilterChainDecorator$VirtualFilterChain.doFilter(ObservationFilterChainDecorator.java:137)
	at org.springframework.security.web.header.HeaderWriterFilter.doHeadersAfter(HeaderWriterFilter.java:90)
	at org.springframework.security.web.header.HeaderWriterFilter.doFilterInternal(HeaderWriterFilter.java:75)
	at org.springframework.web.filter.OncePerRequestFilter.doFilter(OncePerRequestFilter.java:116)
	at org.springframework.security.web.ObservationFilterChainDecorator$ObservationFilter.wrapFilter(ObservationFilterChainDecorator.java:240)
	at org.springframework.security.web.ObservationFilterChainDecorator$ObservationFilter.doFilter(ObservationFilterChainDecorator.java:227)
	at org.springframework.security.web.ObservationFilterChainDecorator$VirtualFilterChain.doFilter(ObservationFilterChainDecorator.java:137)
	at org.springframework.security.web.context.SecurityContextHolderFilter.doFilter(SecurityContextHolderFilter.java:82)
	at org.springframework.security.web.context.SecurityContextHolderFilter.doFilter(SecurityContextHolderFilter.java:69)
	at org.springframework.security.web.ObservationFilterChainDecorator$ObservationFilter.wrapFilter(ObservationFilterChainDecorator.java:240)
	at org.springframework.security.web.ObservationFilterChainDecorator$ObservationFilter.doFilter(ObservationFilterChainDecorator.java:227)
	at org.springframework.security.web.ObservationFilterChainDecorator$VirtualFilterChain.doFilter(ObservationFilterChainDecorator.java:137)
	at org.springframework.security.web.context.request.async.WebAsyncManagerIntegrationFilter.doFilterInternal(WebAsyncManagerIntegrationFilter.java:62)
	at org.springframework.web.filter.OncePerRequestFilter.doFilter(OncePerRequestFilter.java:116)
	at org.springframework.security.web.ObservationFilterChainDecorator$ObservationFilter.wrapFilter(ObservationFilterChainDecorator.java:240)
	at org.springframework.security.web.ObservationFilterChainDecorator$ObservationFilter.doFilter(ObservationFilterChainDecorator.java:227)
	at org.springframework.security.web.ObservationFilterChainDecorator$VirtualFilterChain.doFilter(ObservationFilterChainDecorator.java:137)
	at org.springframework.security.web.session.DisableEncodeUrlFilter.doFilterInternal(DisableEncodeUrlFilter.java:42)
	at org.springframework.web.filter.OncePerRequestFilter.doFilter(OncePerRequestFilter.java:116)
	at org.springframework.security.web.ObservationFilterChainDecorator$ObservationFilter.wrapFilter(ObservationFilterChainDecorator.java:240)
	at org.springframework.security.web.ObservationFilterChainDecorator$AroundFilterObservation$SimpleAroundFilterObservation.lambda$wrap$0(ObservationFilterChainDecorator.java:323)
	at org.springframework.security.web.ObservationFilterChainDecorator$ObservationFilter.doFilter(ObservationFilterChainDecorator.java:224)
	at org.springframework.security.web.ObservationFilterChainDecorator$VirtualFilterChain.doFilter(ObservationFilterChainDecorator.java:137)
	at org.springframework.security.web.FilterChainProxy.doFilterInternal(FilterChainProxy.java:233)
	at org.springframework.security.web.FilterChainProxy.doFilter(FilterChainProxy.java:191)
	at org.springframework.web.filter.CompositeFilter$VirtualFilterChain.doFilter(CompositeFilter.java:113)
	at org.springframework.web.servlet.handler.HandlerMappingIntrospector.lambda$createCacheFilter$3(HandlerMappingIntrospector.java:243)
	at org.springframework.web.filter.CompositeFilter$VirtualFilterChain.doFilter(CompositeFilter.java:113)
	at org.springframework.web.filter.CompositeFilter.doFilter(CompositeFilter.java:74)
	at org.springframework.security.config.annotation.web.configuration.WebMvcSecurityConfiguration$CompositeFilterChainProxy.doFilter(WebMvcSecurityConfiguration.java:238)
	at org.springframework.web.filter.DelegatingFilterProxy.invokeDelegate(DelegatingFilterProxy.java:362)
	at org.springframework.web.filter.DelegatingFilterProxy.doFilter(DelegatingFilterProxy.java:278)
	at org.apache.catalina.core.ApplicationFilterChain.internalDoFilter(ApplicationFilterChain.java:164)
	at org.apache.catalina.core.ApplicationFilterChain.doFilter(ApplicationFilterChain.java:140)
	at org.springframework.web.filter.RequestContextFilter.doFilterInternal(RequestContextFilter.java:100)
	at org.springframework.web.filter.OncePerRequestFilter.doFilter(OncePerRequestFilter.java:116)
	at org.apache.catalina.core.ApplicationFilterChain.internalDoFilter(ApplicationFilterChain.java:164)
	at org.apache.catalina.core.ApplicationFilterChain.doFilter(ApplicationFilterChain.java:140)
	at org.springframework.web.filter.FormContentFilter.doFilterInternal(FormContentFilter.java:93)
	at org.springframework.web.filter.OncePerRequestFilter.doFilter(OncePerRequestFilter.java:116)
	at org.apache.catalina.core.ApplicationFilterChain.internalDoFilter(ApplicationFilterChain.java:164)
	at org.apache.catalina.core.ApplicationFilterChain.doFilter(ApplicationFilterChain.java:140)
	at org.springframework.web.filter.ServerHttpObservationFilter.doFilterInternal(ServerHttpObservationFilter.java:114)
	at org.springframework.web.filter.OncePerRequestFilter.doFilter(OncePerRequestFilter.java:116)
	at org.apache.catalina.core.ApplicationFilterChain.internalDoFilter(ApplicationFilterChain.java:164)
	at org.apache.catalina.core.ApplicationFilterChain.doFilter(ApplicationFilterChain.java:140)
	at org.springframework.web.filter.CharacterEncodingFilter.doFilterInternal(CharacterEncodingFilter.java:201)
	at org.springframework.web.filter.OncePerRequestFilter.doFilter(OncePerRequestFilter.java:116)
	at org.apache.catalina.core.ApplicationFilterChain.internalDoFilter(ApplicationFilterChain.java:164)
	at org.apache.catalina.core.ApplicationFilterChain.doFilter(ApplicationFilterChain.java:140)
	at org.apache.catalina.core.StandardWrapperValve.invoke(StandardWrapperValve.java:167)
	at org.apache.catalina.core.StandardContextValve.invoke(StandardContextValve.java:90)
	at org.apache.catalina.authenticator.AuthenticatorBase.invoke(AuthenticatorBase.java:483)
	at org.apache.catalina.core.StandardHostValve.invoke(StandardHostValve.java:115)
	at org.apache.catalina.valves.ErrorReportValve.invoke(ErrorReportValve.java:93)
	at org.apache.catalina.core.StandardEngineValve.invoke(StandardEngineValve.java:74)
	at org.apache.catalina.connector.CoyoteAdapter.service(CoyoteAdapter.java:344)
	at org.apache.coyote.http11.Http11Processor.service(Http11Processor.java:397)
	at org.apache.coyote.AbstractProcessorLight.process(AbstractProcessorLight.java:63)
	at org.apache.coyote.AbstractProtocol$ConnectionHandler.process(AbstractProtocol.java:905)
	at org.apache.tomcat.util.net.NioEndpoint$SocketProcessor.doRun(NioEndpoint.java:1741)
	at org.apache.tomcat.util.net.SocketProcessorBase.run(SocketProcessorBase.java:52)
	at org.apache.tomcat.util.threads.ThreadPoolExecutor.runWorker(ThreadPoolExecutor.java:1190)
	at org.apache.tomcat.util.threads.ThreadPoolExecutor$Worker.run(ThreadPoolExecutor.java:659)
	at org.apache.tomcat.util.threads.TaskThread$WrappingRunnable.run(TaskThread.java:63)
	at java.base/java.lang.Thread.run(Thread.java:840)
26-05-15 10:30:37.566 [http-nio-8080-exec-5] [32mDEBUG[0;39m c.s.m.d.config.MDCLoggingInterceptor [e989b3d0bcd44869ac029865be250d47 | POST | /api/auth/logout] - Request completed
26-05-15 10:30:41.277 [http-nio-8080-exec-2] [32mDEBUG[0;39m org.hibernate.SQL                    [ |  | ] - 
    select
        u1_0.id,
        u1_0.created_at,
        u1_0.email,
        u1_0.password,
        u1_0.profile_id,
        u1_0.updated_at,
        u1_0.username 
    from
        users u1_0 
    where
        u1_0.username=?
26-05-15 10:30:41.277 [http-nio-8080-exec-2] [32mTRACE[0;39m org.hibernate.orm.jdbc.bind          [ |  | ] - binding parameter (1:VARCHAR) <- [jongin98@naver.com]
26-05-15 10:30:41.440 [http-nio-8080-exec-4] [32mDEBUG[0;39m c.s.m.d.config.MDCLoggingInterceptor [5c0cdab1b62d4f9abd0e387f5d41f871 | POST | /api/auth/logout] - Request started
26-05-15 10:30:41.443 [http-nio-8080-exec-4] [31mERROR[0;39m c.s.m.d.e.GlobalExceptionHandler     [5c0cdab1b62d4f9abd0e387f5d41f871 | POST | /api/auth/logout] - 예상치 못한 오류 발생: No static resource api/auth/logout.
org.springframework.web.servlet.resource.NoResourceFoundException: No static resource api/auth/logout.
	at org.springframework.web.servlet.resource.ResourceHttpRequestHandler.handleRequest(ResourceHttpRequestHandler.java:585)
	at org.springframework.web.servlet.mvc.HttpRequestHandlerAdapter.handle(HttpRequestHandlerAdapter.java:52)
	at org.springframework.web.servlet.DispatcherServlet.doDispatch(DispatcherServlet.java:1088)
	at org.springframework.web.servlet.DispatcherServlet.doService(DispatcherServlet.java:978)
	at org.springframework.web.servlet.FrameworkServlet.processRequest(FrameworkServlet.java:1014)
	at org.springframework.web.servlet.FrameworkServlet.doPost(FrameworkServlet.java:914)
	at jakarta.servlet.http.HttpServlet.service(HttpServlet.java:590)
	at org.springframework.web.servlet.FrameworkServlet.service(FrameworkServlet.java:885)
	at jakarta.servlet.http.HttpServlet.service(HttpServlet.java:658)
	at org.apache.catalina.core.ApplicationFilterChain.internalDoFilter(ApplicationFilterChain.java:195)
	at org.apache.catalina.core.ApplicationFilterChain.doFilter(ApplicationFilterChain.java:140)
	at org.apache.tomcat.websocket.server.WsFilter.doFilter(WsFilter.java:51)
	at org.apache.catalina.core.ApplicationFilterChain.internalDoFilter(ApplicationFilterChain.java:164)
	at org.apache.catalina.core.ApplicationFilterChain.doFilter(ApplicationFilterChain.java:140)
	at org.springframework.web.filter.CompositeFilter$VirtualFilterChain.doFilter(CompositeFilter.java:108)
	at org.springframework.security.web.FilterChainProxy.lambda$doFilterInternal$3(FilterChainProxy.java:231)
	at org.springframework.security.web.ObservationFilterChainDecorator$FilterObservation$SimpleFilterObservation.lambda$wrap$1(ObservationFilterChainDecorator.java:479)
	at org.springframework.security.web.ObservationFilterChainDecorator$AroundFilterObservation$SimpleAroundFilterObservation.lambda$wrap$1(ObservationFilterChainDecorator.java:340)
	at org.springframework.security.web.ObservationFilterChainDecorator.lambda$wrapSecured$0(ObservationFilterChainDecorator.java:82)
	at org.springframework.security.web.ObservationFilterChainDecorator$VirtualFilterChain.doFilter(ObservationFilterChainDecorator.java:128)
	at org.springframework.security.web.access.ExceptionTranslationFilter.doFilter(ExceptionTranslationFilter.java:126)
	at org.springframework.security.web.access.ExceptionTranslationFilter.doFilter(ExceptionTranslationFilter.java:120)
	at org.springframework.security.web.ObservationFilterChainDecorator$ObservationFilter.wrapFilter(ObservationFilterChainDecorator.java:240)
	at org.springframework.security.web.ObservationFilterChainDecorator$ObservationFilter.doFilter(ObservationFilterChainDecorator.java:227)
	at org.springframework.security.web.ObservationFilterChainDecorator$VirtualFilterChain.doFilter(ObservationFilterChainDecorator.java:137)
	at org.springframework.security.web.authentication.AnonymousAuthenticationFilter.doFilter(AnonymousAuthenticationFilter.java:100)
	at org.springframework.security.web.ObservationFilterChainDecorator$ObservationFilter.wrapFilter(ObservationFilterChainDecorator.java:240)
	at org.springframework.security.web.ObservationFilterChainDecorator$ObservationFilter.doFilter(ObservationFilterChainDecorator.java:227)
	at org.springframework.security.web.ObservationFilterChainDecorator$VirtualFilterChain.doFilter(ObservationFilterChainDecorator.java:137)
	at org.springframework.security.web.servletapi.SecurityContextHolderAwareRequestFilter.doFilter(SecurityContextHolderAwareRequestFilter.java:179)
	at org.springframework.security.web.ObservationFilterChainDecorator$ObservationFilter.wrapFilter(ObservationFilterChainDecorator.java:240)
	at org.springframework.security.web.ObservationFilterChainDecorator$ObservationFilter.doFilter(ObservationFilterChainDecorator.java:227)
	at org.springframework.security.web.ObservationFilterChainDecorator$VirtualFilterChain.doFilter(ObservationFilterChainDecorator.java:137)
	at org.springframework.security.web.savedrequest.RequestCacheAwareFilter.doFilter(RequestCacheAwareFilter.java:63)
	at org.springframework.security.web.ObservationFilterChainDecorator$ObservationFilter.wrapFilter(ObservationFilterChainDecorator.java:240)
	at org.springframework.security.web.ObservationFilterChainDecorator$ObservationFilter.doFilter(ObservationFilterChainDecorator.java:227)
	at org.springframework.security.web.ObservationFilterChainDecorator$VirtualFilterChain.doFilter(ObservationFilterChainDecorator.java:137)
	at org.springframework.security.web.authentication.ui.DefaultLogoutPageGeneratingFilter.doFilterInternal(DefaultLogoutPageGeneratingFilter.java:58)
	at org.springframework.web.filter.OncePerRequestFilter.doFilter(OncePerRequestFilter.java:116)
	at org.springframework.security.web.ObservationFilterChainDecorator$ObservationFilter.wrapFilter(ObservationFilterChainDecorator.java:240)
	at org.springframework.security.web.ObservationFilterChainDecorator$ObservationFilter.doFilter(ObservationFilterChainDecorator.java:227)
	at org.springframework.security.web.ObservationFilterChainDecorator$VirtualFilterChain.doFilter(ObservationFilterChainDecorator.java:137)
	at org.springframework.security.web.authentication.ui.DefaultLoginPageGeneratingFilter.doFilter(DefaultLoginPageGeneratingFilter.java:220)
	at org.springframework.security.web.authentication.ui.DefaultLoginPageGeneratingFilter.doFilter(DefaultLoginPageGeneratingFilter.java:206)
	at org.springframework.security.web.ObservationFilterChainDecorator$ObservationFilter.wrapFilter(ObservationFilterChainDecorator.java:240)
	at org.springframework.security.web.ObservationFilterChainDecorator$ObservationFilter.doFilter(ObservationFilterChainDecorator.java:227)
	at org.springframework.security.web.ObservationFilterChainDecorator$VirtualFilterChain.doFilter(ObservationFilterChainDecorator.java:137)
	at org.springframework.security.web.authentication.ui.DefaultResourcesFilter.doFilter(DefaultResourcesFilter.java:72)
	at org.springframework.security.web.ObservationFilterChainDecorator$ObservationFilter.wrapFilter(ObservationFilterChainDecorator.java:240)
	at org.springframework.security.web.ObservationFilterChainDecorator$ObservationFilter.doFilter(ObservationFilterChainDecorator.java:227)
	at org.springframework.security.web.ObservationFilterChainDecorator$VirtualFilterChain.doFilter(ObservationFilterChainDecorator.java:137)
	at org.springframework.security.web.authentication.AbstractAuthenticationProcessingFilter.doFilter(AbstractAuthenticationProcessingFilter.java:227)
	at org.springframework.security.web.authentication.AbstractAuthenticationProcessingFilter.doFilter(AbstractAuthenticationProcessingFilter.java:221)
	at org.springframework.security.web.ObservationFilterChainDecorator$ObservationFilter.wrapFilter(ObservationFilterChainDecorator.java:240)
	at org.springframework.security.web.ObservationFilterChainDecorator$ObservationFilter.doFilter(ObservationFilterChainDecorator.java:227)
	at org.springframework.security.web.ObservationFilterChainDecorator$VirtualFilterChain.doFilter(ObservationFilterChainDecorator.java:137)
	at org.springframework.security.web.authentication.logout.LogoutFilter.doFilter(LogoutFilter.java:107)
	at org.springframework.security.web.authentication.logout.LogoutFilter.doFilter(LogoutFilter.java:93)
	at org.springframework.security.web.ObservationFilterChainDecorator$ObservationFilter.wrapFilter(ObservationFilterChainDecorator.java:240)
	at org.springframework.security.web.ObservationFilterChainDecorator$ObservationFilter.doFilter(ObservationFilterChainDecorator.java:227)
	at org.springframework.security.web.ObservationFilterChainDecorator$VirtualFilterChain.doFilter(ObservationFilterChainDecorator.java:137)
	at org.springframework.security.web.csrf.CsrfFilter.doFilterInternal(CsrfFilter.java:131)
	at org.springframework.web.filter.OncePerRequestFilter.doFilter(OncePerRequestFilter.java:116)
	at org.springframework.security.web.ObservationFilterChainDecorator$ObservationFilter.wrapFilter(ObservationFilterChainDecorator.java:240)
	at org.springframework.security.web.ObservationFilterChainDecorator$ObservationFilter.doFilter(ObservationFilterChainDecorator.java:227)
	at org.springframework.security.web.ObservationFilterChainDecorator$VirtualFilterChain.doFilter(ObservationFilterChainDecorator.java:137)
	at org.springframework.security.web.header.HeaderWriterFilter.doHeadersAfter(HeaderWriterFilter.java:90)
	at org.springframework.security.web.header.HeaderWriterFilter.doFilterInternal(HeaderWriterFilter.java:75)
	at org.springframework.web.filter.OncePerRequestFilter.doFilter(OncePerRequestFilter.java:116)
	at org.springframework.security.web.ObservationFilterChainDecorator$ObservationFilter.wrapFilter(ObservationFilterChainDecorator.java:240)
	at org.springframework.security.web.ObservationFilterChainDecorator$ObservationFilter.doFilter(ObservationFilterChainDecorator.java:227)
	at org.springframework.security.web.ObservationFilterChainDecorator$VirtualFilterChain.doFilter(ObservationFilterChainDecorator.java:137)
	at org.springframework.security.web.context.SecurityContextHolderFilter.doFilter(SecurityContextHolderFilter.java:82)
	at org.springframework.security.web.context.SecurityContextHolderFilter.doFilter(SecurityContextHolderFilter.java:69)
	at org.springframework.security.web.ObservationFilterChainDecorator$ObservationFilter.wrapFilter(ObservationFilterChainDecorator.java:240)
	at org.springframework.security.web.ObservationFilterChainDecorator$ObservationFilter.doFilter(ObservationFilterChainDecorator.java:227)
	at org.springframework.security.web.ObservationFilterChainDecorator$VirtualFilterChain.doFilter(ObservationFilterChainDecorator.java:137)
	at org.springframework.security.web.context.request.async.WebAsyncManagerIntegrationFilter.doFilterInternal(WebAsyncManagerIntegrationFilter.java:62)
	at org.springframework.web.filter.OncePerRequestFilter.doFilter(OncePerRequestFilter.java:116)
	at org.springframework.security.web.ObservationFilterChainDecorator$ObservationFilter.wrapFilter(ObservationFilterChainDecorator.java:240)
	at org.springframework.security.web.ObservationFilterChainDecorator$ObservationFilter.doFilter(ObservationFilterChainDecorator.java:227)
	at org.springframework.security.web.ObservationFilterChainDecorator$VirtualFilterChain.doFilter(ObservationFilterChainDecorator.java:137)
	at org.springframework.security.web.session.DisableEncodeUrlFilter.doFilterInternal(DisableEncodeUrlFilter.java:42)
	at org.springframework.web.filter.OncePerRequestFilter.doFilter(OncePerRequestFilter.java:116)
	at org.springframework.security.web.ObservationFilterChainDecorator$ObservationFilter.wrapFilter(ObservationFilterChainDecorator.java:240)
	at org.springframework.security.web.ObservationFilterChainDecorator$AroundFilterObservation$SimpleAroundFilterObservation.lambda$wrap$0(ObservationFilterChainDecorator.java:323)
	at org.springframework.security.web.ObservationFilterChainDecorator$ObservationFilter.doFilter(ObservationFilterChainDecorator.java:224)
	at org.springframework.security.web.ObservationFilterChainDecorator$VirtualFilterChain.doFilter(ObservationFilterChainDecorator.java:137)
	at org.springframework.security.web.FilterChainProxy.doFilterInternal(FilterChainProxy.java:233)
	at org.springframework.security.web.FilterChainProxy.doFilter(FilterChainProxy.java:191)
	at org.springframework.web.filter.CompositeFilter$VirtualFilterChain.doFilter(CompositeFilter.java:113)
	at org.springframework.web.servlet.handler.HandlerMappingIntrospector.lambda$createCacheFilter$3(HandlerMappingIntrospector.java:243)
	at org.springframework.web.filter.CompositeFilter$VirtualFilterChain.doFilter(CompositeFilter.java:113)
	at org.springframework.web.filter.CompositeFilter.doFilter(CompositeFilter.java:74)
	at org.springframework.security.config.annotation.web.configuration.WebMvcSecurityConfiguration$CompositeFilterChainProxy.doFilter(WebMvcSecurityConfiguration.java:238)
	at org.springframework.web.filter.DelegatingFilterProxy.invokeDelegate(DelegatingFilterProxy.java:362)
	at org.springframework.web.filter.DelegatingFilterProxy.doFilter(DelegatingFilterProxy.java:278)
	at org.apache.catalina.core.ApplicationFilterChain.internalDoFilter(ApplicationFilterChain.java:164)
	at org.apache.catalina.core.ApplicationFilterChain.doFilter(ApplicationFilterChain.java:140)
	at org.springframework.web.filter.RequestContextFilter.doFilterInternal(RequestContextFilter.java:100)
	at org.springframework.web.filter.OncePerRequestFilter.doFilter(OncePerRequestFilter.java:116)
	at org.apache.catalina.core.ApplicationFilterChain.internalDoFilter(ApplicationFilterChain.java:164)
	at org.apache.catalina.core.ApplicationFilterChain.doFilter(ApplicationFilterChain.java:140)
	at org.springframework.web.filter.FormContentFilter.doFilterInternal(FormContentFilter.java:93)
	at org.springframework.web.filter.OncePerRequestFilter.doFilter(OncePerRequestFilter.java:116)
	at org.apache.catalina.core.ApplicationFilterChain.internalDoFilter(ApplicationFilterChain.java:164)
	at org.apache.catalina.core.ApplicationFilterChain.doFilter(ApplicationFilterChain.java:140)
	at org.springframework.web.filter.ServerHttpObservationFilter.doFilterInternal(ServerHttpObservationFilter.java:114)
	at org.springframework.web.filter.OncePerRequestFilter.doFilter(OncePerRequestFilter.java:116)
	at org.apache.catalina.core.ApplicationFilterChain.internalDoFilter(ApplicationFilterChain.java:164)
	at org.apache.catalina.core.ApplicationFilterChain.doFilter(ApplicationFilterChain.java:140)
	at org.springframework.web.filter.CharacterEncodingFilter.doFilterInternal(CharacterEncodingFilter.java:201)
	at org.springframework.web.filter.OncePerRequestFilter.doFilter(OncePerRequestFilter.java:116)
	at org.apache.catalina.core.ApplicationFilterChain.internalDoFilter(ApplicationFilterChain.java:164)
	at org.apache.catalina.core.ApplicationFilterChain.doFilter(ApplicationFilterChain.java:140)
	at org.apache.catalina.core.StandardWrapperValve.invoke(StandardWrapperValve.java:167)
	at org.apache.catalina.core.StandardContextValve.invoke(StandardContextValve.java:90)
	at org.apache.catalina.authenticator.AuthenticatorBase.invoke(AuthenticatorBase.java:483)
	at org.apache.catalina.core.StandardHostValve.invoke(StandardHostValve.java:115)
	at org.apache.catalina.valves.ErrorReportValve.invoke(ErrorReportValve.java:93)
	at org.apache.catalina.core.StandardEngineValve.invoke(StandardEngineValve.java:74)
	at org.apache.catalina.connector.CoyoteAdapter.service(CoyoteAdapter.java:344)
	at org.apache.coyote.http11.Http11Processor.service(Http11Processor.java:397)
	at org.apache.coyote.AbstractProcessorLight.process(AbstractProcessorLight.java:63)
	at org.apache.coyote.AbstractProtocol$ConnectionHandler.process(AbstractProtocol.java:905)
	at org.apache.tomcat.util.net.NioEndpoint$SocketProcessor.doRun(NioEndpoint.java:1741)
	at org.apache.tomcat.util.net.SocketProcessorBase.run(SocketProcessorBase.java:52)
	at org.apache.tomcat.util.threads.ThreadPoolExecutor.runWorker(ThreadPoolExecutor.java:1190)
	at org.apache.tomcat.util.threads.ThreadPoolExecutor$Worker.run(ThreadPoolExecutor.java:659)
	at org.apache.tomcat.util.threads.TaskThread$WrappingRunnable.run(TaskThread.java:63)
	at java.base/java.lang.Thread.run(Thread.java:840)
26-05-15 10:30:41.446 [http-nio-8080-exec-4] [32mDEBUG[0;39m c.s.m.d.config.MDCLoggingInterceptor [5c0cdab1b62d4f9abd0e387f5d41f871 | POST | /api/auth/logout] - Request completed
26-05-15 10:30:49.830 [http-nio-8080-exec-9] [32mDEBUG[0;39m org.hibernate.SQL                    [ |  | ] - 
    select
        u1_0.id,
        u1_0.created_at,
        u1_0.email,
        u1_0.password,
        u1_0.profile_id,
        u1_0.updated_at,
        u1_0.username 
    from
        users u1_0 
    where
        u1_0.username=?
26-05-15 10:30:49.831 [http-nio-8080-exec-9] [32mTRACE[0;39m org.hibernate.orm.jdbc.bind          [ |  | ] - binding parameter (1:VARCHAR) <- [jongin98@naver.com]
26-05-15 10:30:49.967 [http-nio-8080-exec-10] [32mDEBUG[0;39m c.s.m.d.config.MDCLoggingInterceptor [01e71267855d42e69a9b09d306046b07 | POST | /api/auth/logout] - Request started
26-05-15 10:30:49.971 [http-nio-8080-exec-10] [31mERROR[0;39m c.s.m.d.e.GlobalExceptionHandler     [01e71267855d42e69a9b09d306046b07 | POST | /api/auth/logout] - 예상치 못한 오류 발생: No static resource api/auth/logout.
org.springframework.web.servlet.resource.NoResourceFoundException: No static resource api/auth/logout.
	at org.springframework.web.servlet.resource.ResourceHttpRequestHandler.handleRequest(ResourceHttpRequestHandler.java:585)
	at org.springframework.web.servlet.mvc.HttpRequestHandlerAdapter.handle(HttpRequestHandlerAdapter.java:52)
	at org.springframework.web.servlet.DispatcherServlet.doDispatch(DispatcherServlet.java:1088)
	at org.springframework.web.servlet.DispatcherServlet.doService(DispatcherServlet.java:978)
	at org.springframework.web.servlet.FrameworkServlet.processRequest(FrameworkServlet.java:1014)
	at org.springframework.web.servlet.FrameworkServlet.doPost(FrameworkServlet.java:914)
	at jakarta.servlet.http.HttpServlet.service(HttpServlet.java:590)
	at org.springframework.web.servlet.FrameworkServlet.service(FrameworkServlet.java:885)
	at jakarta.servlet.http.HttpServlet.service(HttpServlet.java:658)
	at org.apache.catalina.core.ApplicationFilterChain.internalDoFilter(ApplicationFilterChain.java:195)
	at org.apache.catalina.core.ApplicationFilterChain.doFilter(ApplicationFilterChain.java:140)
	at org.apache.tomcat.websocket.server.WsFilter.doFilter(WsFilter.java:51)
	at org.apache.catalina.core.ApplicationFilterChain.internalDoFilter(ApplicationFilterChain.java:164)
	at org.apache.catalina.core.ApplicationFilterChain.doFilter(ApplicationFilterChain.java:140)
	at org.springframework.web.filter.CompositeFilter$VirtualFilterChain.doFilter(CompositeFilter.java:108)
	at org.springframework.security.web.FilterChainProxy.lambda$doFilterInternal$3(FilterChainProxy.java:231)
	at org.springframework.security.web.ObservationFilterChainDecorator$FilterObservation$SimpleFilterObservation.lambda$wrap$1(ObservationFilterChainDecorator.java:479)
	at org.springframework.security.web.ObservationFilterChainDecorator$AroundFilterObservation$SimpleAroundFilterObservation.lambda$wrap$1(ObservationFilterChainDecorator.java:340)
	at org.springframework.security.web.ObservationFilterChainDecorator.lambda$wrapSecured$0(ObservationFilterChainDecorator.java:82)
	at org.springframework.security.web.ObservationFilterChainDecorator$VirtualFilterChain.doFilter(ObservationFilterChainDecorator.java:128)
	at org.springframework.security.web.access.ExceptionTranslationFilter.doFilter(ExceptionTranslationFilter.java:126)
	at org.springframework.security.web.access.ExceptionTranslationFilter.doFilter(ExceptionTranslationFilter.java:120)
	at org.springframework.security.web.ObservationFilterChainDecorator$ObservationFilter.wrapFilter(ObservationFilterChainDecorator.java:240)
	at org.springframework.security.web.ObservationFilterChainDecorator$ObservationFilter.doFilter(ObservationFilterChainDecorator.java:227)
	at org.springframework.security.web.ObservationFilterChainDecorator$VirtualFilterChain.doFilter(ObservationFilterChainDecorator.java:137)
	at org.springframework.security.web.authentication.AnonymousAuthenticationFilter.doFilter(AnonymousAuthenticationFilter.java:100)
	at org.springframework.security.web.ObservationFilterChainDecorator$ObservationFilter.wrapFilter(ObservationFilterChainDecorator.java:240)
	at org.springframework.security.web.ObservationFilterChainDecorator$ObservationFilter.doFilter(ObservationFilterChainDecorator.java:227)
	at org.springframework.security.web.ObservationFilterChainDecorator$VirtualFilterChain.doFilter(ObservationFilterChainDecorator.java:137)
	at org.springframework.security.web.servletapi.SecurityContextHolderAwareRequestFilter.doFilter(SecurityContextHolderAwareRequestFilter.java:179)
	at org.springframework.security.web.ObservationFilterChainDecorator$ObservationFilter.wrapFilter(ObservationFilterChainDecorator.java:240)
	at org.springframework.security.web.ObservationFilterChainDecorator$ObservationFilter.doFilter(ObservationFilterChainDecorator.java:227)
	at org.springframework.security.web.ObservationFilterChainDecorator$VirtualFilterChain.doFilter(ObservationFilterChainDecorator.java:137)
	at org.springframework.security.web.savedrequest.RequestCacheAwareFilter.doFilter(RequestCacheAwareFilter.java:63)
	at org.springframework.security.web.ObservationFilterChainDecorator$ObservationFilter.wrapFilter(ObservationFilterChainDecorator.java:240)
	at org.springframework.security.web.ObservationFilterChainDecorator$ObservationFilter.doFilter(ObservationFilterChainDecorator.java:227)
	at org.springframework.security.web.ObservationFilterChainDecorator$VirtualFilterChain.doFilter(ObservationFilterChainDecorator.java:137)
	at org.springframework.security.web.authentication.ui.DefaultLogoutPageGeneratingFilter.doFilterInternal(DefaultLogoutPageGeneratingFilter.java:58)
	at org.springframework.web.filter.OncePerRequestFilter.doFilter(OncePerRequestFilter.java:116)
	at org.springframework.security.web.ObservationFilterChainDecorator$ObservationFilter.wrapFilter(ObservationFilterChainDecorator.java:240)
	at org.springframework.security.web.ObservationFilterChainDecorator$ObservationFilter.doFilter(ObservationFilterChainDecorator.java:227)
	at org.springframework.security.web.ObservationFilterChainDecorator$VirtualFilterChain.doFilter(ObservationFilterChainDecorator.java:137)
	at org.springframework.security.web.authentication.ui.DefaultLoginPageGeneratingFilter.doFilter(DefaultLoginPageGeneratingFilter.java:220)
	at org.springframework.security.web.authentication.ui.DefaultLoginPageGeneratingFilter.doFilter(DefaultLoginPageGeneratingFilter.java:206)
	at org.springframework.security.web.ObservationFilterChainDecorator$ObservationFilter.wrapFilter(ObservationFilterChainDecorator.java:240)
	at org.springframework.security.web.ObservationFilterChainDecorator$ObservationFilter.doFilter(ObservationFilterChainDecorator.java:227)
	at org.springframework.security.web.ObservationFilterChainDecorator$VirtualFilterChain.doFilter(ObservationFilterChainDecorator.java:137)
	at org.springframework.security.web.authentication.ui.DefaultResourcesFilter.doFilter(DefaultResourcesFilter.java:72)
	at org.springframework.security.web.ObservationFilterChainDecorator$ObservationFilter.wrapFilter(ObservationFilterChainDecorator.java:240)
	at org.springframework.security.web.ObservationFilterChainDecorator$ObservationFilter.doFilter(ObservationFilterChainDecorator.java:227)
	at org.springframework.security.web.ObservationFilterChainDecorator$VirtualFilterChain.doFilter(ObservationFilterChainDecorator.java:137)
	at org.springframework.security.web.authentication.AbstractAuthenticationProcessingFilter.doFilter(AbstractAuthenticationProcessingFilter.java:227)
	at org.springframework.security.web.authentication.AbstractAuthenticationProcessingFilter.doFilter(AbstractAuthenticationProcessingFilter.java:221)
	at org.springframework.security.web.ObservationFilterChainDecorator$ObservationFilter.wrapFilter(ObservationFilterChainDecorator.java:240)
	at org.springframework.security.web.ObservationFilterChainDecorator$ObservationFilter.doFilter(ObservationFilterChainDecorator.java:227)
	at org.springframework.security.web.ObservationFilterChainDecorator$VirtualFilterChain.doFilter(ObservationFilterChainDecorator.java:137)
	at org.springframework.security.web.authentication.logout.LogoutFilter.doFilter(LogoutFilter.java:107)
	at org.springframework.security.web.authentication.logout.LogoutFilter.doFilter(LogoutFilter.java:93)
	at org.springframework.security.web.ObservationFilterChainDecorator$ObservationFilter.wrapFilter(ObservationFilterChainDecorator.java:240)
	at org.springframework.security.web.ObservationFilterChainDecorator$ObservationFilter.doFilter(ObservationFilterChainDecorator.java:227)
	at org.springframework.security.web.ObservationFilterChainDecorator$VirtualFilterChain.doFilter(ObservationFilterChainDecorator.java:137)
	at org.springframework.security.web.csrf.CsrfFilter.doFilterInternal(CsrfFilter.java:131)
	at org.springframework.web.filter.OncePerRequestFilter.doFilter(OncePerRequestFilter.java:116)
	at org.springframework.security.web.ObservationFilterChainDecorator$ObservationFilter.wrapFilter(ObservationFilterChainDecorator.java:240)
	at org.springframework.security.web.ObservationFilterChainDecorator$ObservationFilter.doFilter(ObservationFilterChainDecorator.java:227)
	at org.springframework.security.web.ObservationFilterChainDecorator$VirtualFilterChain.doFilter(ObservationFilterChainDecorator.java:137)
	at org.springframework.security.web.header.HeaderWriterFilter.doHeadersAfter(HeaderWriterFilter.java:90)
	at org.springframework.security.web.header.HeaderWriterFilter.doFilterInternal(HeaderWriterFilter.java:75)
	at org.springframework.web.filter.OncePerRequestFilter.doFilter(OncePerRequestFilter.java:116)
	at org.springframework.security.web.ObservationFilterChainDecorator$ObservationFilter.wrapFilter(ObservationFilterChainDecorator.java:240)
	at org.springframework.security.web.ObservationFilterChainDecorator$ObservationFilter.doFilter(ObservationFilterChainDecorator.java:227)
	at org.springframework.security.web.ObservationFilterChainDecorator$VirtualFilterChain.doFilter(ObservationFilterChainDecorator.java:137)
	at org.springframework.security.web.context.SecurityContextHolderFilter.doFilter(SecurityContextHolderFilter.java:82)
	at org.springframework.security.web.context.SecurityContextHolderFilter.doFilter(SecurityContextHolderFilter.java:69)
	at org.springframework.security.web.ObservationFilterChainDecorator$ObservationFilter.wrapFilter(ObservationFilterChainDecorator.java:240)
	at org.springframework.security.web.ObservationFilterChainDecorator$ObservationFilter.doFilter(ObservationFilterChainDecorator.java:227)
	at org.springframework.security.web.ObservationFilterChainDecorator$VirtualFilterChain.doFilter(ObservationFilterChainDecorator.java:137)
	at org.springframework.security.web.context.request.async.WebAsyncManagerIntegrationFilter.doFilterInternal(WebAsyncManagerIntegrationFilter.java:62)
	at org.springframework.web.filter.OncePerRequestFilter.doFilter(OncePerRequestFilter.java:116)
	at org.springframework.security.web.ObservationFilterChainDecorator$ObservationFilter.wrapFilter(ObservationFilterChainDecorator.java:240)
	at org.springframework.security.web.ObservationFilterChainDecorator$ObservationFilter.doFilter(ObservationFilterChainDecorator.java:227)
	at org.springframework.security.web.ObservationFilterChainDecorator$VirtualFilterChain.doFilter(ObservationFilterChainDecorator.java:137)
	at org.springframework.security.web.session.DisableEncodeUrlFilter.doFilterInternal(DisableEncodeUrlFilter.java:42)
	at org.springframework.web.filter.OncePerRequestFilter.doFilter(OncePerRequestFilter.java:116)
	at org.springframework.security.web.ObservationFilterChainDecorator$ObservationFilter.wrapFilter(ObservationFilterChainDecorator.java:240)
	at org.springframework.security.web.ObservationFilterChainDecorator$AroundFilterObservation$SimpleAroundFilterObservation.lambda$wrap$0(ObservationFilterChainDecorator.java:323)
	at org.springframework.security.web.ObservationFilterChainDecorator$ObservationFilter.doFilter(ObservationFilterChainDecorator.java:224)
	at org.springframework.security.web.ObservationFilterChainDecorator$VirtualFilterChain.doFilter(ObservationFilterChainDecorator.java:137)
	at org.springframework.security.web.FilterChainProxy.doFilterInternal(FilterChainProxy.java:233)
	at org.springframework.security.web.FilterChainProxy.doFilter(FilterChainProxy.java:191)
	at org.springframework.web.filter.CompositeFilter$VirtualFilterChain.doFilter(CompositeFilter.java:113)
	at org.springframework.web.servlet.handler.HandlerMappingIntrospector.lambda$createCacheFilter$3(HandlerMappingIntrospector.java:243)
	at org.springframework.web.filter.CompositeFilter$VirtualFilterChain.doFilter(CompositeFilter.java:113)
	at org.springframework.web.filter.CompositeFilter.doFilter(CompositeFilter.java:74)
	at org.springframework.security.config.annotation.web.configuration.WebMvcSecurityConfiguration$CompositeFilterChainProxy.doFilter(WebMvcSecurityConfiguration.java:238)
	at org.springframework.web.filter.DelegatingFilterProxy.invokeDelegate(DelegatingFilterProxy.java:362)
	at org.springframework.web.filter.DelegatingFilterProxy.doFilter(DelegatingFilterProxy.java:278)
	at org.apache.catalina.core.ApplicationFilterChain.internalDoFilter(ApplicationFilterChain.java:164)
	at org.apache.catalina.core.ApplicationFilterChain.doFilter(ApplicationFilterChain.java:140)
	at org.springframework.web.filter.RequestContextFilter.doFilterInternal(RequestContextFilter.java:100)
	at org.springframework.web.filter.OncePerRequestFilter.doFilter(OncePerRequestFilter.java:116)
	at org.apache.catalina.core.ApplicationFilterChain.internalDoFilter(ApplicationFilterChain.java:164)
	at org.apache.catalina.core.ApplicationFilterChain.doFilter(ApplicationFilterChain.java:140)
	at org.springframework.web.filter.FormContentFilter.doFilterInternal(FormContentFilter.java:93)
	at org.springframework.web.filter.OncePerRequestFilter.doFilter(OncePerRequestFilter.java:116)
	at org.apache.catalina.core.ApplicationFilterChain.internalDoFilter(ApplicationFilterChain.java:164)
	at org.apache.catalina.core.ApplicationFilterChain.doFilter(ApplicationFilterChain.java:140)
	at org.springframework.web.filter.ServerHttpObservationFilter.doFilterInternal(ServerHttpObservationFilter.java:114)
	at org.springframework.web.filter.OncePerRequestFilter.doFilter(OncePerRequestFilter.java:116)
	at org.apache.catalina.core.ApplicationFilterChain.internalDoFilter(ApplicationFilterChain.java:164)
	at org.apache.catalina.core.ApplicationFilterChain.doFilter(ApplicationFilterChain.java:140)
	at org.springframework.web.filter.CharacterEncodingFilter.doFilterInternal(CharacterEncodingFilter.java:201)
	at org.springframework.web.filter.OncePerRequestFilter.doFilter(OncePerRequestFilter.java:116)
	at org.apache.catalina.core.ApplicationFilterChain.internalDoFilter(ApplicationFilterChain.java:164)
	at org.apache.catalina.core.ApplicationFilterChain.doFilter(ApplicationFilterChain.java:140)
	at org.apache.catalina.core.StandardWrapperValve.invoke(StandardWrapperValve.java:167)
	at org.apache.catalina.core.StandardContextValve.invoke(StandardContextValve.java:90)
	at org.apache.catalina.authenticator.AuthenticatorBase.invoke(AuthenticatorBase.java:483)
	at org.apache.catalina.core.StandardHostValve.invoke(StandardHostValve.java:115)
	at org.apache.catalina.valves.ErrorReportValve.invoke(ErrorReportValve.java:93)
	at org.apache.catalina.core.StandardEngineValve.invoke(StandardEngineValve.java:74)
	at org.apache.catalina.connector.CoyoteAdapter.service(CoyoteAdapter.java:344)
	at org.apache.coyote.http11.Http11Processor.service(Http11Processor.java:397)
	at org.apache.coyote.AbstractProcessorLight.process(AbstractProcessorLight.java:63)
	at org.apache.coyote.AbstractProtocol$ConnectionHandler.process(AbstractProtocol.java:905)
	at org.apache.tomcat.util.net.NioEndpoint$SocketProcessor.doRun(NioEndpoint.java:1741)
	at org.apache.tomcat.util.net.SocketProcessorBase.run(SocketProcessorBase.java:52)
	at org.apache.tomcat.util.threads.ThreadPoolExecutor.runWorker(ThreadPoolExecutor.java:1190)
	at org.apache.tomcat.util.threads.ThreadPoolExecutor$Worker.run(ThreadPoolExecutor.java:659)
	at org.apache.tomcat.util.threads.TaskThread$WrappingRunnable.run(TaskThread.java:63)
	at java.base/java.lang.Thread.run(Thread.java:840)
26-05-15 10:30:49.974 [http-nio-8080-exec-10] [32mDEBUG[0;39m c.s.m.d.config.MDCLoggingInterceptor [01e71267855d42e69a9b09d306046b07 | POST | /api/auth/logout] - Request completed
26-05-15 10:31:32.146 [http-nio-8080-exec-7] [32mDEBUG[0;39m org.hibernate.SQL                    [ |  | ] - 
    select
        u1_0.id,
        u1_0.created_at,
        u1_0.email,
        u1_0.password,
        u1_0.profile_id,
        u1_0.updated_at,
        u1_0.username 
    from
        users u1_0 
    where
        u1_0.username=?
26-05-15 10:31:32.147 [http-nio-8080-exec-7] [32mTRACE[0;39m org.hibernate.orm.jdbc.bind          [ |  | ] - binding parameter (1:VARCHAR) <- [jongin98@naver.com]
26-05-15 10:31:32.277 [http-nio-8080-exec-1] [32mDEBUG[0;39m c.s.m.d.config.MDCLoggingInterceptor [9783135d8b9c48f59e89a80bfcfb5657 | POST | /api/auth/logout] - Request started
26-05-15 10:31:32.283 [http-nio-8080-exec-1] [31mERROR[0;39m c.s.m.d.e.GlobalExceptionHandler     [9783135d8b9c48f59e89a80bfcfb5657 | POST | /api/auth/logout] - 예상치 못한 오류 발생: No static resource api/auth/logout.
org.springframework.web.servlet.resource.NoResourceFoundException: No static resource api/auth/logout.
	at org.springframework.web.servlet.resource.ResourceHttpRequestHandler.handleRequest(ResourceHttpRequestHandler.java:585)
	at org.springframework.web.servlet.mvc.HttpRequestHandlerAdapter.handle(HttpRequestHandlerAdapter.java:52)
	at org.springframework.web.servlet.DispatcherServlet.doDispatch(DispatcherServlet.java:1088)
	at org.springframework.web.servlet.DispatcherServlet.doService(DispatcherServlet.java:978)
	at org.springframework.web.servlet.FrameworkServlet.processRequest(FrameworkServlet.java:1014)
	at org.springframework.web.servlet.FrameworkServlet.doPost(FrameworkServlet.java:914)
	at jakarta.servlet.http.HttpServlet.service(HttpServlet.java:590)
	at org.springframework.web.servlet.FrameworkServlet.service(FrameworkServlet.java:885)
	at jakarta.servlet.http.HttpServlet.service(HttpServlet.java:658)
	at org.apache.catalina.core.ApplicationFilterChain.internalDoFilter(ApplicationFilterChain.java:195)
	at org.apache.catalina.core.ApplicationFilterChain.doFilter(ApplicationFilterChain.java:140)
	at org.apache.tomcat.websocket.server.WsFilter.doFilter(WsFilter.java:51)
	at org.apache.catalina.core.ApplicationFilterChain.internalDoFilter(ApplicationFilterChain.java:164)
	at org.apache.catalina.core.ApplicationFilterChain.doFilter(ApplicationFilterChain.java:140)
	at org.springframework.web.filter.CompositeFilter$VirtualFilterChain.doFilter(CompositeFilter.java:108)
	at org.springframework.security.web.FilterChainProxy.lambda$doFilterInternal$3(FilterChainProxy.java:231)
	at org.springframework.security.web.ObservationFilterChainDecorator$FilterObservation$SimpleFilterObservation.lambda$wrap$1(ObservationFilterChainDecorator.java:479)
	at org.springframework.security.web.ObservationFilterChainDecorator$AroundFilterObservation$SimpleAroundFilterObservation.lambda$wrap$1(ObservationFilterChainDecorator.java:340)
	at org.springframework.security.web.ObservationFilterChainDecorator.lambda$wrapSecured$0(ObservationFilterChainDecorator.java:82)
	at org.springframework.security.web.ObservationFilterChainDecorator$VirtualFilterChain.doFilter(ObservationFilterChainDecorator.java:128)
	at org.springframework.security.web.access.ExceptionTranslationFilter.doFilter(ExceptionTranslationFilter.java:126)
	at org.springframework.security.web.access.ExceptionTranslationFilter.doFilter(ExceptionTranslationFilter.java:120)
	at org.springframework.security.web.ObservationFilterChainDecorator$ObservationFilter.wrapFilter(ObservationFilterChainDecorator.java:240)
	at org.springframework.security.web.ObservationFilterChainDecorator$ObservationFilter.doFilter(ObservationFilterChainDecorator.java:227)
	at org.springframework.security.web.ObservationFilterChainDecorator$VirtualFilterChain.doFilter(ObservationFilterChainDecorator.java:137)
	at org.springframework.security.web.authentication.AnonymousAuthenticationFilter.doFilter(AnonymousAuthenticationFilter.java:100)
	at org.springframework.security.web.ObservationFilterChainDecorator$ObservationFilter.wrapFilter(ObservationFilterChainDecorator.java:240)
	at org.springframework.security.web.ObservationFilterChainDecorator$ObservationFilter.doFilter(ObservationFilterChainDecorator.java:227)
	at org.springframework.security.web.ObservationFilterChainDecorator$VirtualFilterChain.doFilter(ObservationFilterChainDecorator.java:137)
	at org.springframework.security.web.servletapi.SecurityContextHolderAwareRequestFilter.doFilter(SecurityContextHolderAwareRequestFilter.java:179)
	at org.springframework.security.web.ObservationFilterChainDecorator$ObservationFilter.wrapFilter(ObservationFilterChainDecorator.java:240)
	at org.springframework.security.web.ObservationFilterChainDecorator$ObservationFilter.doFilter(ObservationFilterChainDecorator.java:227)
	at org.springframework.security.web.ObservationFilterChainDecorator$VirtualFilterChain.doFilter(ObservationFilterChainDecorator.java:137)
	at org.springframework.security.web.savedrequest.RequestCacheAwareFilter.doFilter(RequestCacheAwareFilter.java:63)
	at org.springframework.security.web.ObservationFilterChainDecorator$ObservationFilter.wrapFilter(ObservationFilterChainDecorator.java:240)
	at org.springframework.security.web.ObservationFilterChainDecorator$ObservationFilter.doFilter(ObservationFilterChainDecorator.java:227)
	at org.springframework.security.web.ObservationFilterChainDecorator$VirtualFilterChain.doFilter(ObservationFilterChainDecorator.java:137)
	at org.springframework.security.web.authentication.ui.DefaultLogoutPageGeneratingFilter.doFilterInternal(DefaultLogoutPageGeneratingFilter.java:58)
	at org.springframework.web.filter.OncePerRequestFilter.doFilter(OncePerRequestFilter.java:116)
	at org.springframework.security.web.ObservationFilterChainDecorator$ObservationFilter.wrapFilter(ObservationFilterChainDecorator.java:240)
	at org.springframework.security.web.ObservationFilterChainDecorator$ObservationFilter.doFilter(ObservationFilterChainDecorator.java:227)
	at org.springframework.security.web.ObservationFilterChainDecorator$VirtualFilterChain.doFilter(ObservationFilterChainDecorator.java:137)
	at org.springframework.security.web.authentication.ui.DefaultLoginPageGeneratingFilter.doFilter(DefaultLoginPageGeneratingFilter.java:220)
	at org.springframework.security.web.authentication.ui.DefaultLoginPageGeneratingFilter.doFilter(DefaultLoginPageGeneratingFilter.java:206)
	at org.springframework.security.web.ObservationFilterChainDecorator$ObservationFilter.wrapFilter(ObservationFilterChainDecorator.java:240)
	at org.springframework.security.web.ObservationFilterChainDecorator$ObservationFilter.doFilter(ObservationFilterChainDecorator.java:227)
	at org.springframework.security.web.ObservationFilterChainDecorator$VirtualFilterChain.doFilter(ObservationFilterChainDecorator.java:137)
	at org.springframework.security.web.authentication.ui.DefaultResourcesFilter.doFilter(DefaultResourcesFilter.java:72)
	at org.springframework.security.web.ObservationFilterChainDecorator$ObservationFilter.wrapFilter(ObservationFilterChainDecorator.java:240)
	at org.springframework.security.web.ObservationFilterChainDecorator$ObservationFilter.doFilter(ObservationFilterChainDecorator.java:227)
	at org.springframework.security.web.ObservationFilterChainDecorator$VirtualFilterChain.doFilter(ObservationFilterChainDecorator.java:137)
	at org.springframework.security.web.authentication.AbstractAuthenticationProcessingFilter.doFilter(AbstractAuthenticationProcessingFilter.java:227)
	at org.springframework.security.web.authentication.AbstractAuthenticationProcessingFilter.doFilter(AbstractAuthenticationProcessingFilter.java:221)
	at org.springframework.security.web.ObservationFilterChainDecorator$ObservationFilter.wrapFilter(ObservationFilterChainDecorator.java:240)
	at org.springframework.security.web.ObservationFilterChainDecorator$ObservationFilter.doFilter(ObservationFilterChainDecorator.java:227)
	at org.springframework.security.web.ObservationFilterChainDecorator$VirtualFilterChain.doFilter(ObservationFilterChainDecorator.java:137)
	at org.springframework.security.web.authentication.logout.LogoutFilter.doFilter(LogoutFilter.java:107)
	at org.springframework.security.web.authentication.logout.LogoutFilter.doFilter(LogoutFilter.java:93)
	at org.springframework.security.web.ObservationFilterChainDecorator$ObservationFilter.wrapFilter(ObservationFilterChainDecorator.java:240)
	at org.springframework.security.web.ObservationFilterChainDecorator$ObservationFilter.doFilter(ObservationFilterChainDecorator.java:227)
	at org.springframework.security.web.ObservationFilterChainDecorator$VirtualFilterChain.doFilter(ObservationFilterChainDecorator.java:137)
	at org.springframework.security.web.csrf.CsrfFilter.doFilterInternal(CsrfFilter.java:131)
	at org.springframework.web.filter.OncePerRequestFilter.doFilter(OncePerRequestFilter.java:116)
	at org.springframework.security.web.ObservationFilterChainDecorator$ObservationFilter.wrapFilter(ObservationFilterChainDecorator.java:240)
	at org.springframework.security.web.ObservationFilterChainDecorator$ObservationFilter.doFilter(ObservationFilterChainDecorator.java:227)
	at org.springframework.security.web.ObservationFilterChainDecorator$VirtualFilterChain.doFilter(ObservationFilterChainDecorator.java:137)
	at org.springframework.security.web.header.HeaderWriterFilter.doHeadersAfter(HeaderWriterFilter.java:90)
	at org.springframework.security.web.header.HeaderWriterFilter.doFilterInternal(HeaderWriterFilter.java:75)
	at org.springframework.web.filter.OncePerRequestFilter.doFilter(OncePerRequestFilter.java:116)
	at org.springframework.security.web.ObservationFilterChainDecorator$ObservationFilter.wrapFilter(ObservationFilterChainDecorator.java:240)
	at org.springframework.security.web.ObservationFilterChainDecorator$ObservationFilter.doFilter(ObservationFilterChainDecorator.java:227)
	at org.springframework.security.web.ObservationFilterChainDecorator$VirtualFilterChain.doFilter(ObservationFilterChainDecorator.java:137)
	at org.springframework.security.web.context.SecurityContextHolderFilter.doFilter(SecurityContextHolderFilter.java:82)
	at org.springframework.security.web.context.SecurityContextHolderFilter.doFilter(SecurityContextHolderFilter.java:69)
	at org.springframework.security.web.ObservationFilterChainDecorator$ObservationFilter.wrapFilter(ObservationFilterChainDecorator.java:240)
	at org.springframework.security.web.ObservationFilterChainDecorator$ObservationFilter.doFilter(ObservationFilterChainDecorator.java:227)
	at org.springframework.security.web.ObservationFilterChainDecorator$VirtualFilterChain.doFilter(ObservationFilterChainDecorator.java:137)
	at org.springframework.security.web.context.request.async.WebAsyncManagerIntegrationFilter.doFilterInternal(WebAsyncManagerIntegrationFilter.java:62)
	at org.springframework.web.filter.OncePerRequestFilter.doFilter(OncePerRequestFilter.java:116)
	at org.springframework.security.web.ObservationFilterChainDecorator$ObservationFilter.wrapFilter(ObservationFilterChainDecorator.java:240)
	at org.springframework.security.web.ObservationFilterChainDecorator$ObservationFilter.doFilter(ObservationFilterChainDecorator.java:227)
	at org.springframework.security.web.ObservationFilterChainDecorator$VirtualFilterChain.doFilter(ObservationFilterChainDecorator.java:137)
	at org.springframework.security.web.session.DisableEncodeUrlFilter.doFilterInternal(DisableEncodeUrlFilter.java:42)
	at org.springframework.web.filter.OncePerRequestFilter.doFilter(OncePerRequestFilter.java:116)
	at org.springframework.security.web.ObservationFilterChainDecorator$ObservationFilter.wrapFilter(ObservationFilterChainDecorator.java:240)
	at org.springframework.security.web.ObservationFilterChainDecorator$AroundFilterObservation$SimpleAroundFilterObservation.lambda$wrap$0(ObservationFilterChainDecorator.java:323)
	at org.springframework.security.web.ObservationFilterChainDecorator$ObservationFilter.doFilter(ObservationFilterChainDecorator.java:224)
	at org.springframework.security.web.ObservationFilterChainDecorator$VirtualFilterChain.doFilter(ObservationFilterChainDecorator.java:137)
	at org.springframework.security.web.FilterChainProxy.doFilterInternal(FilterChainProxy.java:233)
	at org.springframework.security.web.FilterChainProxy.doFilter(FilterChainProxy.java:191)
	at org.springframework.web.filter.CompositeFilter$VirtualFilterChain.doFilter(CompositeFilter.java:113)
	at org.springframework.web.servlet.handler.HandlerMappingIntrospector.lambda$createCacheFilter$3(HandlerMappingIntrospector.java:243)
	at org.springframework.web.filter.CompositeFilter$VirtualFilterChain.doFilter(CompositeFilter.java:113)
	at org.springframework.web.filter.CompositeFilter.doFilter(CompositeFilter.java:74)
	at org.springframework.security.config.annotation.web.configuration.WebMvcSecurityConfiguration$CompositeFilterChainProxy.doFilter(WebMvcSecurityConfiguration.java:238)
	at org.springframework.web.filter.DelegatingFilterProxy.invokeDelegate(DelegatingFilterProxy.java:362)
	at org.springframework.web.filter.DelegatingFilterProxy.doFilter(DelegatingFilterProxy.java:278)
	at org.apache.catalina.core.ApplicationFilterChain.internalDoFilter(ApplicationFilterChain.java:164)
	at org.apache.catalina.core.ApplicationFilterChain.doFilter(ApplicationFilterChain.java:140)
	at org.springframework.web.filter.RequestContextFilter.doFilterInternal(RequestContextFilter.java:100)
	at org.springframework.web.filter.OncePerRequestFilter.doFilter(OncePerRequestFilter.java:116)
	at org.apache.catalina.core.ApplicationFilterChain.internalDoFilter(ApplicationFilterChain.java:164)
	at org.apache.catalina.core.ApplicationFilterChain.doFilter(ApplicationFilterChain.java:140)
	at org.springframework.web.filter.FormContentFilter.doFilterInternal(FormContentFilter.java:93)
	at org.springframework.web.filter.OncePerRequestFilter.doFilter(OncePerRequestFilter.java:116)
	at org.apache.catalina.core.ApplicationFilterChain.internalDoFilter(ApplicationFilterChain.java:164)
	at org.apache.catalina.core.ApplicationFilterChain.doFilter(ApplicationFilterChain.java:140)
	at org.springframework.web.filter.ServerHttpObservationFilter.doFilterInternal(ServerHttpObservationFilter.java:114)
	at org.springframework.web.filter.OncePerRequestFilter.doFilter(OncePerRequestFilter.java:116)
	at org.apache.catalina.core.ApplicationFilterChain.internalDoFilter(ApplicationFilterChain.java:164)
	at org.apache.catalina.core.ApplicationFilterChain.doFilter(ApplicationFilterChain.java:140)
	at org.springframework.web.filter.CharacterEncodingFilter.doFilterInternal(CharacterEncodingFilter.java:201)
	at org.springframework.web.filter.OncePerRequestFilter.doFilter(OncePerRequestFilter.java:116)
	at org.apache.catalina.core.ApplicationFilterChain.internalDoFilter(ApplicationFilterChain.java:164)
	at org.apache.catalina.core.ApplicationFilterChain.doFilter(ApplicationFilterChain.java:140)
	at org.apache.catalina.core.StandardWrapperValve.invoke(StandardWrapperValve.java:167)
	at org.apache.catalina.core.StandardContextValve.invoke(StandardContextValve.java:90)
	at org.apache.catalina.authenticator.AuthenticatorBase.invoke(AuthenticatorBase.java:483)
	at org.apache.catalina.core.StandardHostValve.invoke(StandardHostValve.java:115)
	at org.apache.catalina.valves.ErrorReportValve.invoke(ErrorReportValve.java:93)
	at org.apache.catalina.core.StandardEngineValve.invoke(StandardEngineValve.java:74)
	at org.apache.catalina.connector.CoyoteAdapter.service(CoyoteAdapter.java:344)
	at org.apache.coyote.http11.Http11Processor.service(Http11Processor.java:397)
	at org.apache.coyote.AbstractProcessorLight.process(AbstractProcessorLight.java:63)
	at org.apache.coyote.AbstractProtocol$ConnectionHandler.process(AbstractProtocol.java:905)
	at org.apache.tomcat.util.net.NioEndpoint$SocketProcessor.doRun(NioEndpoint.java:1741)
	at org.apache.tomcat.util.net.SocketProcessorBase.run(SocketProcessorBase.java:52)
	at org.apache.tomcat.util.threads.ThreadPoolExecutor.runWorker(ThreadPoolExecutor.java:1190)
	at org.apache.tomcat.util.threads.ThreadPoolExecutor$Worker.run(ThreadPoolExecutor.java:659)
	at org.apache.tomcat.util.threads.TaskThread$WrappingRunnable.run(TaskThread.java:63)
	at java.base/java.lang.Thread.run(Thread.java:840)
26-05-15 10:31:32.286 [http-nio-8080-exec-1] [32mDEBUG[0;39m c.s.m.d.config.MDCLoggingInterceptor [9783135d8b9c48f59e89a80bfcfb5657 | POST | /api/auth/logout] - Request completed
26-05-15 10:31:43.179 [http-nio-8080-exec-3] [32mDEBUG[0;39m c.s.m.d.config.MDCLoggingInterceptor [7e3e3268f6e648078290ff40607abbe5 | GET | /] - Request started
26-05-15 10:31:43.183 [http-nio-8080-exec-3] [32mDEBUG[0;39m c.s.m.d.config.MDCLoggingInterceptor [74d609e787014a0da540e19fbb84ab30 | GET | /index.html] - Request started
26-05-15 10:31:43.187 [http-nio-8080-exec-3] [32mDEBUG[0;39m c.s.m.d.config.MDCLoggingInterceptor [74d609e787014a0da540e19fbb84ab30 | GET | /index.html] - Request completed
26-05-15 10:31:43.188 [http-nio-8080-exec-3] [32mDEBUG[0;39m c.s.m.d.config.MDCLoggingInterceptor [ |  | ] - Request completed
26-05-15 10:31:43.244 [http-nio-8080-exec-6] [32mDEBUG[0;39m c.s.m.d.config.MDCLoggingInterceptor [e0d68597f8d04a558320c813a5518bf0 | GET | /assets/index-pvm8va9e.js] - Request started
26-05-15 10:31:43.249 [http-nio-8080-exec-8] [32mDEBUG[0;39m c.s.m.d.config.MDCLoggingInterceptor [e2541b06859746848bf656a0a7cd8fd0 | GET | /assets/index-kQJbKSsj.css] - Request started
26-05-15 10:31:43.255 [http-nio-8080-exec-8] [32mDEBUG[0;39m c.s.m.d.config.MDCLoggingInterceptor [e2541b06859746848bf656a0a7cd8fd0 | GET | /assets/index-kQJbKSsj.css] - Request completed
26-05-15 10:31:43.255 [http-nio-8080-exec-6] [32mDEBUG[0;39m c.s.m.d.config.MDCLoggingInterceptor [e0d68597f8d04a558320c813a5518bf0 | GET | /assets/index-pvm8va9e.js] - Request completed
26-05-15 10:31:43.293 [http-nio-8080-exec-5] [32mDEBUG[0;39m c.s.m.d.config.MDCLoggingInterceptor [f264c703b3f745ffbc2d18511bbaa3fe | GET | /.well-known/appspecific/com.chrome.devtools.json] - Request started
26-05-15 10:31:43.297 [http-nio-8080-exec-5] [31mERROR[0;39m c.s.m.d.e.GlobalExceptionHandler     [f264c703b3f745ffbc2d18511bbaa3fe | GET | /.well-known/appspecific/com.chrome.devtools.json] - 예상치 못한 오류 발생: No static resource .well-known/appspecific/com.chrome.devtools.json.
org.springframework.web.servlet.resource.NoResourceFoundException: No static resource .well-known/appspecific/com.chrome.devtools.json.
	at org.springframework.web.servlet.resource.ResourceHttpRequestHandler.handleRequest(ResourceHttpRequestHandler.java:585)
	at org.springframework.web.servlet.mvc.HttpRequestHandlerAdapter.handle(HttpRequestHandlerAdapter.java:52)
	at org.springframework.web.servlet.DispatcherServlet.doDispatch(DispatcherServlet.java:1088)
	at org.springframework.web.servlet.DispatcherServlet.doService(DispatcherServlet.java:978)
	at org.springframework.web.servlet.FrameworkServlet.processRequest(FrameworkServlet.java:1014)
	at org.springframework.web.servlet.FrameworkServlet.doGet(FrameworkServlet.java:903)
	at jakarta.servlet.http.HttpServlet.service(HttpServlet.java:564)
	at org.springframework.web.servlet.FrameworkServlet.service(FrameworkServlet.java:885)
	at jakarta.servlet.http.HttpServlet.service(HttpServlet.java:658)
	at org.apache.catalina.core.ApplicationFilterChain.internalDoFilter(ApplicationFilterChain.java:195)
	at org.apache.catalina.core.ApplicationFilterChain.doFilter(ApplicationFilterChain.java:140)
	at org.apache.tomcat.websocket.server.WsFilter.doFilter(WsFilter.java:51)
	at org.apache.catalina.core.ApplicationFilterChain.internalDoFilter(ApplicationFilterChain.java:164)
	at org.apache.catalina.core.ApplicationFilterChain.doFilter(ApplicationFilterChain.java:140)
	at org.springframework.web.filter.CompositeFilter$VirtualFilterChain.doFilter(CompositeFilter.java:108)
	at org.springframework.security.web.FilterChainProxy.lambda$doFilterInternal$3(FilterChainProxy.java:231)
	at org.springframework.security.web.ObservationFilterChainDecorator$FilterObservation$SimpleFilterObservation.lambda$wrap$1(ObservationFilterChainDecorator.java:479)
	at org.springframework.security.web.ObservationFilterChainDecorator$AroundFilterObservation$SimpleAroundFilterObservation.lambda$wrap$1(ObservationFilterChainDecorator.java:340)
	at org.springframework.security.web.ObservationFilterChainDecorator.lambda$wrapSecured$0(ObservationFilterChainDecorator.java:82)
	at org.springframework.security.web.ObservationFilterChainDecorator$VirtualFilterChain.doFilter(ObservationFilterChainDecorator.java:128)
	at org.springframework.security.web.access.ExceptionTranslationFilter.doFilter(ExceptionTranslationFilter.java:126)
	at org.springframework.security.web.access.ExceptionTranslationFilter.doFilter(ExceptionTranslationFilter.java:120)
	at org.springframework.security.web.ObservationFilterChainDecorator$ObservationFilter.wrapFilter(ObservationFilterChainDecorator.java:240)
	at org.springframework.security.web.ObservationFilterChainDecorator$ObservationFilter.doFilter(ObservationFilterChainDecorator.java:227)
	at org.springframework.security.web.ObservationFilterChainDecorator$VirtualFilterChain.doFilter(ObservationFilterChainDecorator.java:137)
	at org.springframework.security.web.authentication.AnonymousAuthenticationFilter.doFilter(AnonymousAuthenticationFilter.java:100)
	at org.springframework.security.web.ObservationFilterChainDecorator$ObservationFilter.wrapFilter(ObservationFilterChainDecorator.java:240)
	at org.springframework.security.web.ObservationFilterChainDecorator$ObservationFilter.doFilter(ObservationFilterChainDecorator.java:227)
	at org.springframework.security.web.ObservationFilterChainDecorator$VirtualFilterChain.doFilter(ObservationFilterChainDecorator.java:137)
	at org.springframework.security.web.servletapi.SecurityContextHolderAwareRequestFilter.doFilter(SecurityContextHolderAwareRequestFilter.java:179)
	at org.springframework.security.web.ObservationFilterChainDecorator$ObservationFilter.wrapFilter(ObservationFilterChainDecorator.java:240)
	at org.springframework.security.web.ObservationFilterChainDecorator$ObservationFilter.doFilter(ObservationFilterChainDecorator.java:227)
	at org.springframework.security.web.ObservationFilterChainDecorator$VirtualFilterChain.doFilter(ObservationFilterChainDecorator.java:137)
	at org.springframework.security.web.savedrequest.RequestCacheAwareFilter.doFilter(RequestCacheAwareFilter.java:63)
	at org.springframework.security.web.ObservationFilterChainDecorator$ObservationFilter.wrapFilter(ObservationFilterChainDecorator.java:240)
	at org.springframework.security.web.ObservationFilterChainDecorator$ObservationFilter.doFilter(ObservationFilterChainDecorator.java:227)
	at org.springframework.security.web.ObservationFilterChainDecorator$VirtualFilterChain.doFilter(ObservationFilterChainDecorator.java:137)
	at org.springframework.security.web.authentication.ui.DefaultLogoutPageGeneratingFilter.doFilterInternal(DefaultLogoutPageGeneratingFilter.java:58)
	at org.springframework.web.filter.OncePerRequestFilter.doFilter(OncePerRequestFilter.java:116)
	at org.springframework.security.web.ObservationFilterChainDecorator$ObservationFilter.wrapFilter(ObservationFilterChainDecorator.java:240)
	at org.springframework.security.web.ObservationFilterChainDecorator$ObservationFilter.doFilter(ObservationFilterChainDecorator.java:227)
	at org.springframework.security.web.ObservationFilterChainDecorator$VirtualFilterChain.doFilter(ObservationFilterChainDecorator.java:137)
	at org.springframework.security.web.authentication.ui.DefaultLoginPageGeneratingFilter.doFilter(DefaultLoginPageGeneratingFilter.java:220)
	at org.springframework.security.web.authentication.ui.DefaultLoginPageGeneratingFilter.doFilter(DefaultLoginPageGeneratingFilter.java:206)
	at org.springframework.security.web.ObservationFilterChainDecorator$ObservationFilter.wrapFilter(ObservationFilterChainDecorator.java:240)
	at org.springframework.security.web.ObservationFilterChainDecorator$ObservationFilter.doFilter(ObservationFilterChainDecorator.java:227)
	at org.springframework.security.web.ObservationFilterChainDecorator$VirtualFilterChain.doFilter(ObservationFilterChainDecorator.java:137)
	at org.springframework.security.web.authentication.ui.DefaultResourcesFilter.doFilter(DefaultResourcesFilter.java:72)
	at org.springframework.security.web.ObservationFilterChainDecorator$ObservationFilter.wrapFilter(ObservationFilterChainDecorator.java:240)
	at org.springframework.security.web.ObservationFilterChainDecorator$ObservationFilter.doFilter(ObservationFilterChainDecorator.java:227)
	at org.springframework.security.web.ObservationFilterChainDecorator$VirtualFilterChain.doFilter(ObservationFilterChainDecorator.java:137)
	at org.springframework.security.web.authentication.AbstractAuthenticationProcessingFilter.doFilter(AbstractAuthenticationProcessingFilter.java:227)
	at org.springframework.security.web.authentication.AbstractAuthenticationProcessingFilter.doFilter(AbstractAuthenticationProcessingFilter.java:221)
	at org.springframework.security.web.ObservationFilterChainDecorator$ObservationFilter.wrapFilter(ObservationFilterChainDecorator.java:240)
	at org.springframework.security.web.ObservationFilterChainDecorator$ObservationFilter.doFilter(ObservationFilterChainDecorator.java:227)
	at org.springframework.security.web.ObservationFilterChainDecorator$VirtualFilterChain.doFilter(ObservationFilterChainDecorator.java:137)
	at org.springframework.security.web.authentication.logout.LogoutFilter.doFilter(LogoutFilter.java:107)
	at org.springframework.security.web.authentication.logout.LogoutFilter.doFilter(LogoutFilter.java:93)
	at org.springframework.security.web.ObservationFilterChainDecorator$ObservationFilter.wrapFilter(ObservationFilterChainDecorator.java:240)
	at org.springframework.security.web.ObservationFilterChainDecorator$ObservationFilter.doFilter(ObservationFilterChainDecorator.java:227)
	at org.springframework.security.web.ObservationFilterChainDecorator$VirtualFilterChain.doFilter(ObservationFilterChainDecorator.java:137)
	at org.springframework.security.web.csrf.CsrfFilter.doFilterInternal(CsrfFilter.java:117)
	at org.springframework.web.filter.OncePerRequestFilter.doFilter(OncePerRequestFilter.java:116)
	at org.springframework.security.web.ObservationFilterChainDecorator$ObservationFilter.wrapFilter(ObservationFilterChainDecorator.java:240)
	at org.springframework.security.web.ObservationFilterChainDecorator$ObservationFilter.doFilter(ObservationFilterChainDecorator.java:227)
	at org.springframework.security.web.ObservationFilterChainDecorator$VirtualFilterChain.doFilter(ObservationFilterChainDecorator.java:137)
	at org.springframework.security.web.header.HeaderWriterFilter.doHeadersAfter(HeaderWriterFilter.java:90)
	at org.springframework.security.web.header.HeaderWriterFilter.doFilterInternal(HeaderWriterFilter.java:75)
	at org.springframework.web.filter.OncePerRequestFilter.doFilter(OncePerRequestFilter.java:116)
	at org.springframework.security.web.ObservationFilterChainDecorator$ObservationFilter.wrapFilter(ObservationFilterChainDecorator.java:240)
	at org.springframework.security.web.ObservationFilterChainDecorator$ObservationFilter.doFilter(ObservationFilterChainDecorator.java:227)
	at org.springframework.security.web.ObservationFilterChainDecorator$VirtualFilterChain.doFilter(ObservationFilterChainDecorator.java:137)
	at org.springframework.security.web.context.SecurityContextHolderFilter.doFilter(SecurityContextHolderFilter.java:82)
	at org.springframework.security.web.context.SecurityContextHolderFilter.doFilter(SecurityContextHolderFilter.java:69)
	at org.springframework.security.web.ObservationFilterChainDecorator$ObservationFilter.wrapFilter(ObservationFilterChainDecorator.java:240)
	at org.springframework.security.web.ObservationFilterChainDecorator$ObservationFilter.doFilter(ObservationFilterChainDecorator.java:227)
	at org.springframework.security.web.ObservationFilterChainDecorator$VirtualFilterChain.doFilter(ObservationFilterChainDecorator.java:137)
	at org.springframework.security.web.context.request.async.WebAsyncManagerIntegrationFilter.doFilterInternal(WebAsyncManagerIntegrationFilter.java:62)
	at org.springframework.web.filter.OncePerRequestFilter.doFilter(OncePerRequestFilter.java:116)
	at org.springframework.security.web.ObservationFilterChainDecorator$ObservationFilter.wrapFilter(ObservationFilterChainDecorator.java:240)
	at org.springframework.security.web.ObservationFilterChainDecorator$ObservationFilter.doFilter(ObservationFilterChainDecorator.java:227)
	at org.springframework.security.web.ObservationFilterChainDecorator$VirtualFilterChain.doFilter(ObservationFilterChainDecorator.java:137)
	at org.springframework.security.web.session.DisableEncodeUrlFilter.doFilterInternal(DisableEncodeUrlFilter.java:42)
	at org.springframework.web.filter.OncePerRequestFilter.doFilter(OncePerRequestFilter.java:116)
	at org.springframework.security.web.ObservationFilterChainDecorator$ObservationFilter.wrapFilter(ObservationFilterChainDecorator.java:240)
	at org.springframework.security.web.ObservationFilterChainDecorator$AroundFilterObservation$SimpleAroundFilterObservation.lambda$wrap$0(ObservationFilterChainDecorator.java:323)
	at org.springframework.security.web.ObservationFilterChainDecorator$ObservationFilter.doFilter(ObservationFilterChainDecorator.java:224)
	at org.springframework.security.web.ObservationFilterChainDecorator$VirtualFilterChain.doFilter(ObservationFilterChainDecorator.java:137)
	at org.springframework.security.web.FilterChainProxy.doFilterInternal(FilterChainProxy.java:233)
	at org.springframework.security.web.FilterChainProxy.doFilter(FilterChainProxy.java:191)
	at org.springframework.web.filter.CompositeFilter$VirtualFilterChain.doFilter(CompositeFilter.java:113)
	at org.springframework.web.servlet.handler.HandlerMappingIntrospector.lambda$createCacheFilter$3(HandlerMappingIntrospector.java:243)
	at org.springframework.web.filter.CompositeFilter$VirtualFilterChain.doFilter(CompositeFilter.java:113)
	at org.springframework.web.filter.CompositeFilter.doFilter(CompositeFilter.java:74)
	at org.springframework.security.config.annotation.web.configuration.WebMvcSecurityConfiguration$CompositeFilterChainProxy.doFilter(WebMvcSecurityConfiguration.java:238)
	at org.springframework.web.filter.DelegatingFilterProxy.invokeDelegate(DelegatingFilterProxy.java:362)
	at org.springframework.web.filter.DelegatingFilterProxy.doFilter(DelegatingFilterProxy.java:278)
	at org.apache.catalina.core.ApplicationFilterChain.internalDoFilter(ApplicationFilterChain.java:164)
	at org.apache.catalina.core.ApplicationFilterChain.doFilter(ApplicationFilterChain.java:140)
	at org.springframework.web.filter.RequestContextFilter.doFilterInternal(RequestContextFilter.java:100)
	at org.springframework.web.filter.OncePerRequestFilter.doFilter(OncePerRequestFilter.java:116)
	at org.apache.catalina.core.ApplicationFilterChain.internalDoFilter(ApplicationFilterChain.java:164)
	at org.apache.catalina.core.ApplicationFilterChain.doFilter(ApplicationFilterChain.java:140)
	at org.springframework.web.filter.FormContentFilter.doFilterInternal(FormContentFilter.java:93)
	at org.springframework.web.filter.OncePerRequestFilter.doFilter(OncePerRequestFilter.java:116)
	at org.apache.catalina.core.ApplicationFilterChain.internalDoFilter(ApplicationFilterChain.java:164)
	at org.apache.catalina.core.ApplicationFilterChain.doFilter(ApplicationFilterChain.java:140)
	at org.springframework.web.filter.ServerHttpObservationFilter.doFilterInternal(ServerHttpObservationFilter.java:114)
	at org.springframework.web.filter.OncePerRequestFilter.doFilter(OncePerRequestFilter.java:116)
	at org.apache.catalina.core.ApplicationFilterChain.internalDoFilter(ApplicationFilterChain.java:164)
	at org.apache.catalina.core.ApplicationFilterChain.doFilter(ApplicationFilterChain.java:140)
	at org.springframework.web.filter.CharacterEncodingFilter.doFilterInternal(CharacterEncodingFilter.java:201)
	at org.springframework.web.filter.OncePerRequestFilter.doFilter(OncePerRequestFilter.java:116)
	at org.apache.catalina.core.ApplicationFilterChain.internalDoFilter(ApplicationFilterChain.java:164)
	at org.apache.catalina.core.ApplicationFilterChain.doFilter(ApplicationFilterChain.java:140)
	at org.apache.catalina.core.StandardWrapperValve.invoke(StandardWrapperValve.java:167)
	at org.apache.catalina.core.StandardContextValve.invoke(StandardContextValve.java:90)
	at org.apache.catalina.authenticator.AuthenticatorBase.invoke(AuthenticatorBase.java:483)
	at org.apache.catalina.core.StandardHostValve.invoke(StandardHostValve.java:115)
	at org.apache.catalina.valves.ErrorReportValve.invoke(ErrorReportValve.java:93)
	at org.apache.catalina.core.StandardEngineValve.invoke(StandardEngineValve.java:74)
	at org.apache.catalina.connector.CoyoteAdapter.service(CoyoteAdapter.java:344)
	at org.apache.coyote.http11.Http11Processor.service(Http11Processor.java:397)
	at org.apache.coyote.AbstractProcessorLight.process(AbstractProcessorLight.java:63)
	at org.apache.coyote.AbstractProtocol$ConnectionHandler.process(AbstractProtocol.java:905)
	at org.apache.tomcat.util.net.NioEndpoint$SocketProcessor.doRun(NioEndpoint.java:1741)
	at org.apache.tomcat.util.net.SocketProcessorBase.run(SocketProcessorBase.java:52)
	at org.apache.tomcat.util.threads.ThreadPoolExecutor.runWorker(ThreadPoolExecutor.java:1190)
	at org.apache.tomcat.util.threads.ThreadPoolExecutor$Worker.run(ThreadPoolExecutor.java:659)
	at org.apache.tomcat.util.threads.TaskThread$WrappingRunnable.run(TaskThread.java:63)
	at java.base/java.lang.Thread.run(Thread.java:840)
26-05-15 10:31:43.299 [http-nio-8080-exec-5] [32mDEBUG[0;39m c.s.m.d.config.MDCLoggingInterceptor [f264c703b3f745ffbc2d18511bbaa3fe | GET | /.well-known/appspecific/com.chrome.devtools.json] - Request completed
26-05-15 10:31:43.363 [http-nio-8080-exec-2] [32mDEBUG[0;39m c.s.m.d.config.MDCLoggingInterceptor [4da8369993534c008326a72eedef3245 | GET | /api/auth/csrf-token] - Request started
26-05-15 10:31:43.363 [http-nio-8080-exec-2] [32mDEBUG[0;39m c.s.m.d.controller.AuthController    [4da8369993534c008326a72eedef3245 | GET | /api/auth/csrf-token] - CSRF 토큰 요청: oUYbMQnHkIN8VN4b43twJ5DiepN3JoKqgrjIQZldQhoCbFd5lHYtB2r2ortRbex9gFZEFKnSV6pPQrKH49ypIqE_ci83VTJB
26-05-15 10:31:43.363 [http-nio-8080-exec-2] [32mDEBUG[0;39m c.s.m.d.config.MDCLoggingInterceptor [4da8369993534c008326a72eedef3245 | GET | /api/auth/csrf-token] - Request completed
26-05-15 10:31:43.365 [http-nio-8080-exec-4] [32mDEBUG[0;39m c.s.m.d.config.MDCLoggingInterceptor [9f36d7f01ef748068cac4810e1ace748 | GET | /api/auth/me] - Request started
26-05-15 10:31:43.365 [http-nio-8080-exec-4] [32mDEBUG[0;39m c.s.m.d.config.MDCLoggingInterceptor [9f36d7f01ef748068cac4810e1ace748 | GET | /api/auth/me] - Request completed
26-05-15 10:31:43.435 [http-nio-8080-exec-9] [32mDEBUG[0;39m c.s.m.d.config.MDCLoggingInterceptor [5330b25517904361bd7af69829246d93 | POST | /api/auth/logout] - Request started
26-05-15 10:31:43.439 [http-nio-8080-exec-9] [31mERROR[0;39m c.s.m.d.e.GlobalExceptionHandler     [5330b25517904361bd7af69829246d93 | POST | /api/auth/logout] - 예상치 못한 오류 발생: No static resource api/auth/logout.
org.springframework.web.servlet.resource.NoResourceFoundException: No static resource api/auth/logout.
	at org.springframework.web.servlet.resource.ResourceHttpRequestHandler.handleRequest(ResourceHttpRequestHandler.java:585)
	at org.springframework.web.servlet.mvc.HttpRequestHandlerAdapter.handle(HttpRequestHandlerAdapter.java:52)
	at org.springframework.web.servlet.DispatcherServlet.doDispatch(DispatcherServlet.java:1088)
	at org.springframework.web.servlet.DispatcherServlet.doService(DispatcherServlet.java:978)
	at org.springframework.web.servlet.FrameworkServlet.processRequest(FrameworkServlet.java:1014)
	at org.springframework.web.servlet.FrameworkServlet.doPost(FrameworkServlet.java:914)
	at jakarta.servlet.http.HttpServlet.service(HttpServlet.java:590)
	at org.springframework.web.servlet.FrameworkServlet.service(FrameworkServlet.java:885)
	at jakarta.servlet.http.HttpServlet.service(HttpServlet.java:658)
	at org.apache.catalina.core.ApplicationFilterChain.internalDoFilter(ApplicationFilterChain.java:195)
	at org.apache.catalina.core.ApplicationFilterChain.doFilter(ApplicationFilterChain.java:140)
	at org.apache.tomcat.websocket.server.WsFilter.doFilter(WsFilter.java:51)
	at org.apache.catalina.core.ApplicationFilterChain.internalDoFilter(ApplicationFilterChain.java:164)
	at org.apache.catalina.core.ApplicationFilterChain.doFilter(ApplicationFilterChain.java:140)
	at org.springframework.web.filter.CompositeFilter$VirtualFilterChain.doFilter(CompositeFilter.java:108)
	at org.springframework.security.web.FilterChainProxy.lambda$doFilterInternal$3(FilterChainProxy.java:231)
	at org.springframework.security.web.ObservationFilterChainDecorator$FilterObservation$SimpleFilterObservation.lambda$wrap$1(ObservationFilterChainDecorator.java:479)
	at org.springframework.security.web.ObservationFilterChainDecorator$AroundFilterObservation$SimpleAroundFilterObservation.lambda$wrap$1(ObservationFilterChainDecorator.java:340)
	at org.springframework.security.web.ObservationFilterChainDecorator.lambda$wrapSecured$0(ObservationFilterChainDecorator.java:82)
	at org.springframework.security.web.ObservationFilterChainDecorator$VirtualFilterChain.doFilter(ObservationFilterChainDecorator.java:128)
	at org.springframework.security.web.access.ExceptionTranslationFilter.doFilter(ExceptionTranslationFilter.java:126)
	at org.springframework.security.web.access.ExceptionTranslationFilter.doFilter(ExceptionTranslationFilter.java:120)
	at org.springframework.security.web.ObservationFilterChainDecorator$ObservationFilter.wrapFilter(ObservationFilterChainDecorator.java:240)
	at org.springframework.security.web.ObservationFilterChainDecorator$ObservationFilter.doFilter(ObservationFilterChainDecorator.java:227)
	at org.springframework.security.web.ObservationFilterChainDecorator$VirtualFilterChain.doFilter(ObservationFilterChainDecorator.java:137)
	at org.springframework.security.web.authentication.AnonymousAuthenticationFilter.doFilter(AnonymousAuthenticationFilter.java:100)
	at org.springframework.security.web.ObservationFilterChainDecorator$ObservationFilter.wrapFilter(ObservationFilterChainDecorator.java:240)
	at org.springframework.security.web.ObservationFilterChainDecorator$ObservationFilter.doFilter(ObservationFilterChainDecorator.java:227)
	at org.springframework.security.web.ObservationFilterChainDecorator$VirtualFilterChain.doFilter(ObservationFilterChainDecorator.java:137)
	at org.springframework.security.web.servletapi.SecurityContextHolderAwareRequestFilter.doFilter(SecurityContextHolderAwareRequestFilter.java:179)
	at org.springframework.security.web.ObservationFilterChainDecorator$ObservationFilter.wrapFilter(ObservationFilterChainDecorator.java:240)
	at org.springframework.security.web.ObservationFilterChainDecorator$ObservationFilter.doFilter(ObservationFilterChainDecorator.java:227)
	at org.springframework.security.web.ObservationFilterChainDecorator$VirtualFilterChain.doFilter(ObservationFilterChainDecorator.java:137)
	at org.springframework.security.web.savedrequest.RequestCacheAwareFilter.doFilter(RequestCacheAwareFilter.java:63)
	at org.springframework.security.web.ObservationFilterChainDecorator$ObservationFilter.wrapFilter(ObservationFilterChainDecorator.java:240)
	at org.springframework.security.web.ObservationFilterChainDecorator$ObservationFilter.doFilter(ObservationFilterChainDecorator.java:227)
	at org.springframework.security.web.ObservationFilterChainDecorator$VirtualFilterChain.doFilter(ObservationFilterChainDecorator.java:137)
	at org.springframework.security.web.authentication.ui.DefaultLogoutPageGeneratingFilter.doFilterInternal(DefaultLogoutPageGeneratingFilter.java:58)
	at org.springframework.web.filter.OncePerRequestFilter.doFilter(OncePerRequestFilter.java:116)
	at org.springframework.security.web.ObservationFilterChainDecorator$ObservationFilter.wrapFilter(ObservationFilterChainDecorator.java:240)
	at org.springframework.security.web.ObservationFilterChainDecorator$ObservationFilter.doFilter(ObservationFilterChainDecorator.java:227)
	at org.springframework.security.web.ObservationFilterChainDecorator$VirtualFilterChain.doFilter(ObservationFilterChainDecorator.java:137)
	at org.springframework.security.web.authentication.ui.DefaultLoginPageGeneratingFilter.doFilter(DefaultLoginPageGeneratingFilter.java:220)
	at org.springframework.security.web.authentication.ui.DefaultLoginPageGeneratingFilter.doFilter(DefaultLoginPageGeneratingFilter.java:206)
	at org.springframework.security.web.ObservationFilterChainDecorator$ObservationFilter.wrapFilter(ObservationFilterChainDecorator.java:240)
	at org.springframework.security.web.ObservationFilterChainDecorator$ObservationFilter.doFilter(ObservationFilterChainDecorator.java:227)
	at org.springframework.security.web.ObservationFilterChainDecorator$VirtualFilterChain.doFilter(ObservationFilterChainDecorator.java:137)
	at org.springframework.security.web.authentication.ui.DefaultResourcesFilter.doFilter(DefaultResourcesFilter.java:72)
	at org.springframework.security.web.ObservationFilterChainDecorator$ObservationFilter.wrapFilter(ObservationFilterChainDecorator.java:240)
	at org.springframework.security.web.ObservationFilterChainDecorator$ObservationFilter.doFilter(ObservationFilterChainDecorator.java:227)
	at org.springframework.security.web.ObservationFilterChainDecorator$VirtualFilterChain.doFilter(ObservationFilterChainDecorator.java:137)
	at org.springframework.security.web.authentication.AbstractAuthenticationProcessingFilter.doFilter(AbstractAuthenticationProcessingFilter.java:227)
	at org.springframework.security.web.authentication.AbstractAuthenticationProcessingFilter.doFilter(AbstractAuthenticationProcessingFilter.java:221)
	at org.springframework.security.web.ObservationFilterChainDecorator$ObservationFilter.wrapFilter(ObservationFilterChainDecorator.java:240)
	at org.springframework.security.web.ObservationFilterChainDecorator$ObservationFilter.doFilter(ObservationFilterChainDecorator.java:227)
	at org.springframework.security.web.ObservationFilterChainDecorator$VirtualFilterChain.doFilter(ObservationFilterChainDecorator.java:137)
	at org.springframework.security.web.authentication.logout.LogoutFilter.doFilter(LogoutFilter.java:107)
	at org.springframework.security.web.authentication.logout.LogoutFilter.doFilter(LogoutFilter.java:93)
	at org.springframework.security.web.ObservationFilterChainDecorator$ObservationFilter.wrapFilter(ObservationFilterChainDecorator.java:240)
	at org.springframework.security.web.ObservationFilterChainDecorator$ObservationFilter.doFilter(ObservationFilterChainDecorator.java:227)
	at org.springframework.security.web.ObservationFilterChainDecorator$VirtualFilterChain.doFilter(ObservationFilterChainDecorator.java:137)
	at org.springframework.security.web.csrf.CsrfFilter.doFilterInternal(CsrfFilter.java:131)
	at org.springframework.web.filter.OncePerRequestFilter.doFilter(OncePerRequestFilter.java:116)
	at org.springframework.security.web.ObservationFilterChainDecorator$ObservationFilter.wrapFilter(ObservationFilterChainDecorator.java:240)
	at org.springframework.security.web.ObservationFilterChainDecorator$ObservationFilter.doFilter(ObservationFilterChainDecorator.java:227)
	at org.springframework.security.web.ObservationFilterChainDecorator$VirtualFilterChain.doFilter(ObservationFilterChainDecorator.java:137)
	at org.springframework.security.web.header.HeaderWriterFilter.doHeadersAfter(HeaderWriterFilter.java:90)
	at org.springframework.security.web.header.HeaderWriterFilter.doFilterInternal(HeaderWriterFilter.java:75)
	at org.springframework.web.filter.OncePerRequestFilter.doFilter(OncePerRequestFilter.java:116)
	at org.springframework.security.web.ObservationFilterChainDecorator$ObservationFilter.wrapFilter(ObservationFilterChainDecorator.java:240)
	at org.springframework.security.web.ObservationFilterChainDecorator$ObservationFilter.doFilter(ObservationFilterChainDecorator.java:227)
	at org.springframework.security.web.ObservationFilterChainDecorator$VirtualFilterChain.doFilter(ObservationFilterChainDecorator.java:137)
	at org.springframework.security.web.context.SecurityContextHolderFilter.doFilter(SecurityContextHolderFilter.java:82)
	at org.springframework.security.web.context.SecurityContextHolderFilter.doFilter(SecurityContextHolderFilter.java:69)
	at org.springframework.security.web.ObservationFilterChainDecorator$ObservationFilter.wrapFilter(ObservationFilterChainDecorator.java:240)
	at org.springframework.security.web.ObservationFilterChainDecorator$ObservationFilter.doFilter(ObservationFilterChainDecorator.java:227)
	at org.springframework.security.web.ObservationFilterChainDecorator$VirtualFilterChain.doFilter(ObservationFilterChainDecorator.java:137)
	at org.springframework.security.web.context.request.async.WebAsyncManagerIntegrationFilter.doFilterInternal(WebAsyncManagerIntegrationFilter.java:62)
	at org.springframework.web.filter.OncePerRequestFilter.doFilter(OncePerRequestFilter.java:116)
	at org.springframework.security.web.ObservationFilterChainDecorator$ObservationFilter.wrapFilter(ObservationFilterChainDecorator.java:240)
	at org.springframework.security.web.ObservationFilterChainDecorator$ObservationFilter.doFilter(ObservationFilterChainDecorator.java:227)
	at org.springframework.security.web.ObservationFilterChainDecorator$VirtualFilterChain.doFilter(ObservationFilterChainDecorator.java:137)
	at org.springframework.security.web.session.DisableEncodeUrlFilter.doFilterInternal(DisableEncodeUrlFilter.java:42)
	at org.springframework.web.filter.OncePerRequestFilter.doFilter(OncePerRequestFilter.java:116)
	at org.springframework.security.web.ObservationFilterChainDecorator$ObservationFilter.wrapFilter(ObservationFilterChainDecorator.java:240)
	at org.springframework.security.web.ObservationFilterChainDecorator$AroundFilterObservation$SimpleAroundFilterObservation.lambda$wrap$0(ObservationFilterChainDecorator.java:323)
	at org.springframework.security.web.ObservationFilterChainDecorator$ObservationFilter.doFilter(ObservationFilterChainDecorator.java:224)
	at org.springframework.security.web.ObservationFilterChainDecorator$VirtualFilterChain.doFilter(ObservationFilterChainDecorator.java:137)
	at org.springframework.security.web.FilterChainProxy.doFilterInternal(FilterChainProxy.java:233)
	at org.springframework.security.web.FilterChainProxy.doFilter(FilterChainProxy.java:191)
	at org.springframework.web.filter.CompositeFilter$VirtualFilterChain.doFilter(CompositeFilter.java:113)
	at org.springframework.web.servlet.handler.HandlerMappingIntrospector.lambda$createCacheFilter$3(HandlerMappingIntrospector.java:243)
	at org.springframework.web.filter.CompositeFilter$VirtualFilterChain.doFilter(CompositeFilter.java:113)
	at org.springframework.web.filter.CompositeFilter.doFilter(CompositeFilter.java:74)
	at org.springframework.security.config.annotation.web.configuration.WebMvcSecurityConfiguration$CompositeFilterChainProxy.doFilter(WebMvcSecurityConfiguration.java:238)
	at org.springframework.web.filter.DelegatingFilterProxy.invokeDelegate(DelegatingFilterProxy.java:362)
	at org.springframework.web.filter.DelegatingFilterProxy.doFilter(DelegatingFilterProxy.java:278)
	at org.apache.catalina.core.ApplicationFilterChain.internalDoFilter(ApplicationFilterChain.java:164)
	at org.apache.catalina.core.ApplicationFilterChain.doFilter(ApplicationFilterChain.java:140)
	at org.springframework.web.filter.RequestContextFilter.doFilterInternal(RequestContextFilter.java:100)
	at org.springframework.web.filter.OncePerRequestFilter.doFilter(OncePerRequestFilter.java:116)
	at org.apache.catalina.core.ApplicationFilterChain.internalDoFilter(ApplicationFilterChain.java:164)
	at org.apache.catalina.core.ApplicationFilterChain.doFilter(ApplicationFilterChain.java:140)
	at org.springframework.web.filter.FormContentFilter.doFilterInternal(FormContentFilter.java:93)
	at org.springframework.web.filter.OncePerRequestFilter.doFilter(OncePerRequestFilter.java:116)
	at org.apache.catalina.core.ApplicationFilterChain.internalDoFilter(ApplicationFilterChain.java:164)
	at org.apache.catalina.core.ApplicationFilterChain.doFilter(ApplicationFilterChain.java:140)
	at org.springframework.web.filter.ServerHttpObservationFilter.doFilterInternal(ServerHttpObservationFilter.java:114)
	at org.springframework.web.filter.OncePerRequestFilter.doFilter(OncePerRequestFilter.java:116)
	at org.apache.catalina.core.ApplicationFilterChain.internalDoFilter(ApplicationFilterChain.java:164)
	at org.apache.catalina.core.ApplicationFilterChain.doFilter(ApplicationFilterChain.java:140)
	at org.springframework.web.filter.CharacterEncodingFilter.doFilterInternal(CharacterEncodingFilter.java:201)
	at org.springframework.web.filter.OncePerRequestFilter.doFilter(OncePerRequestFilter.java:116)
	at org.apache.catalina.core.ApplicationFilterChain.internalDoFilter(ApplicationFilterChain.java:164)
	at org.apache.catalina.core.ApplicationFilterChain.doFilter(ApplicationFilterChain.java:140)
	at org.apache.catalina.core.StandardWrapperValve.invoke(StandardWrapperValve.java:167)
	at org.apache.catalina.core.StandardContextValve.invoke(StandardContextValve.java:90)
	at org.apache.catalina.authenticator.AuthenticatorBase.invoke(AuthenticatorBase.java:483)
	at org.apache.catalina.core.StandardHostValve.invoke(StandardHostValve.java:115)
	at org.apache.catalina.valves.ErrorReportValve.invoke(ErrorReportValve.java:93)
	at org.apache.catalina.core.StandardEngineValve.invoke(StandardEngineValve.java:74)
	at org.apache.catalina.connector.CoyoteAdapter.service(CoyoteAdapter.java:344)
	at org.apache.coyote.http11.Http11Processor.service(Http11Processor.java:397)
	at org.apache.coyote.AbstractProcessorLight.process(AbstractProcessorLight.java:63)
	at org.apache.coyote.AbstractProtocol$ConnectionHandler.process(AbstractProtocol.java:905)
	at org.apache.tomcat.util.net.NioEndpoint$SocketProcessor.doRun(NioEndpoint.java:1741)
	at org.apache.tomcat.util.net.SocketProcessorBase.run(SocketProcessorBase.java:52)
	at org.apache.tomcat.util.threads.ThreadPoolExecutor.runWorker(ThreadPoolExecutor.java:1190)
	at org.apache.tomcat.util.threads.ThreadPoolExecutor$Worker.run(ThreadPoolExecutor.java:659)
	at org.apache.tomcat.util.threads.TaskThread$WrappingRunnable.run(TaskThread.java:63)
	at java.base/java.lang.Thread.run(Thread.java:840)
26-05-15 10:31:43.442 [http-nio-8080-exec-9] [32mDEBUG[0;39m c.s.m.d.config.MDCLoggingInterceptor [5330b25517904361bd7af69829246d93 | POST | /api/auth/logout] - Request completed
26-05-15 10:31:49.351 [http-nio-8080-exec-10] [32mDEBUG[0;39m org.hibernate.SQL                    [ |  | ] - 
    select
        u1_0.id,
        u1_0.created_at,
        u1_0.email,
        u1_0.password,
        u1_0.profile_id,
        u1_0.updated_at,
        u1_0.username 
    from
        users u1_0 
    where
        u1_0.username=?
26-05-15 10:31:49.351 [http-nio-8080-exec-10] [32mTRACE[0;39m org.hibernate.orm.jdbc.bind          [ |  | ] - binding parameter (1:VARCHAR) <- [jongin98]
26-05-15 10:31:49.364 [http-nio-8080-exec-10] [32mDEBUG[0;39m org.hibernate.SQL                    [ |  | ] - 
    select
        us1_0.id,
        us1_0.created_at,
        us1_0.last_active_at,
        us1_0.updated_at,
        us1_0.user_id 
    from
        user_statuses us1_0 
    where
        us1_0.user_id=?
26-05-15 10:31:49.365 [http-nio-8080-exec-10] [32mTRACE[0;39m org.hibernate.orm.jdbc.bind          [ |  | ] - binding parameter (1:UUID) <- [aba478e0-9386-4424-924f-249335d64694]
26-05-15 10:31:49.733 [http-nio-8080-exec-10] [33mWARN [0;39m o.a.c.util.SessionIdGeneratorBase    [ |  | ] - Creation of SecureRandom instance for session ID generation using [SHA1PRNG] took [113] milliseconds.
26-05-15 10:31:49.746 [http-nio-8080-exec-7] [32mDEBUG[0;39m c.s.m.d.config.MDCLoggingInterceptor [d3f722141f59442aa039fc78513aa25c | GET | /api/auth/csrf-token] - Request started
26-05-15 10:31:49.746 [http-nio-8080-exec-7] [32mDEBUG[0;39m c.s.m.d.controller.AuthController    [d3f722141f59442aa039fc78513aa25c | GET | /api/auth/csrf-token] - CSRF 토큰 요청: MJNBWh1jH3HuXLT4jVufsPqW-dbADUlm7B9RQxQj8ijNUt_qAKVxY3hSeULDbITN7narhM3w1O_3bH5L2SdkJSMVwhypYuzZ
26-05-15 10:31:49.747 [http-nio-8080-exec-7] [32mDEBUG[0;39m c.s.m.d.config.MDCLoggingInterceptor [d3f722141f59442aa039fc78513aa25c | GET | /api/auth/csrf-token] - Request completed
26-05-15 10:31:49.779 [http-nio-8080-exec-8] [32mDEBUG[0;39m c.s.m.d.config.MDCLoggingInterceptor [deb2d705b5bf44d2bbd5b9ac82ca6abb | GET | /api/users] - Request started
26-05-15 10:31:49.781 [http-nio-8080-exec-8] [32mDEBUG[0;39m c.s.m.d.s.basic.BasicUserService     [deb2d705b5bf44d2bbd5b9ac82ca6abb | GET | /api/users] - 모든 사용자 조회 시작
26-05-15 10:31:49.813 [http-nio-8080-exec-8] [32mDEBUG[0;39m org.hibernate.SQL                    [deb2d705b5bf44d2bbd5b9ac82ca6abb | GET | /api/users] - 
    select
        u1_0.id,
        u1_0.created_at,
        u1_0.email,
        u1_0.password,
        p1_0.id,
        p1_0.content_type,
        p1_0.created_at,
        p1_0.file_name,
        p1_0.size,
        s1_0.id,
        s1_0.created_at,
        s1_0.last_active_at,
        s1_0.updated_at,
        s1_0.user_id,
        u1_0.updated_at,
        u1_0.username 
    from
        users u1_0 
    left join
        binary_contents p1_0 
            on p1_0.id=u1_0.profile_id 
    join
        user_statuses s1_0 
            on u1_0.id=s1_0.user_id
26-05-15 10:31:49.813 [http-nio-8080-exec-3] [32mDEBUG[0;39m c.s.m.d.config.MDCLoggingInterceptor [66ecf740de03421594db7d6b4f607f98 | GET | /api/readStatuses] - Request started
26-05-15 10:31:49.813 [http-nio-8080-exec-1] [32mDEBUG[0;39m c.s.m.d.config.MDCLoggingInterceptor [6e247c68f7924c879318125439bef297 | GET | /api/channels] - Request started
26-05-15 10:31:49.815 [http-nio-8080-exec-1] [32mINFO [0;39m c.s.m.d.controller.ChannelController [6e247c68f7924c879318125439bef297 | GET | /api/channels] - 사용자별 채널 목록 조회 요청: userId=aba478e0-9386-4424-924f-249335d64694
26-05-15 10:31:49.815 [http-nio-8080-exec-3] [32mINFO [0;39m c.s.m.d.c.ReadStatusController       [66ecf740de03421594db7d6b4f607f98 | GET | /api/readStatuses] - 사용자별 읽음 상태 목록 조회 요청: userId=aba478e0-9386-4424-924f-249335d64694
26-05-15 10:31:49.817 [http-nio-8080-exec-3] [32mDEBUG[0;39m c.s.m.d.s.b.BasicReadStatusService   [66ecf740de03421594db7d6b4f607f98 | GET | /api/readStatuses] - 사용자별 읽음 상태 목록 조회 시작: userId=aba478e0-9386-4424-924f-249335d64694
26-05-15 10:31:49.822 [http-nio-8080-exec-1] [32mDEBUG[0;39m org.hibernate.SQL                    [6e247c68f7924c879318125439bef297 | GET | /api/channels] - 
    select
        rs1_0.id,
        rs1_0.channel_id,
        rs1_0.created_at,
        rs1_0.last_read_at,
        rs1_0.updated_at,
        rs1_0.user_id 
    from
        read_statuses rs1_0 
    where
        rs1_0.user_id=?
26-05-15 10:31:49.822 [http-nio-8080-exec-3] [32mDEBUG[0;39m org.hibernate.SQL                    [66ecf740de03421594db7d6b4f607f98 | GET | /api/readStatuses] - 
    select
        rs1_0.id,
        rs1_0.channel_id,
        rs1_0.created_at,
        rs1_0.last_read_at,
        rs1_0.updated_at,
        rs1_0.user_id 
    from
        read_statuses rs1_0 
    where
        rs1_0.user_id=?
26-05-15 10:31:49.823 [http-nio-8080-exec-1] [32mTRACE[0;39m org.hibernate.orm.jdbc.bind          [6e247c68f7924c879318125439bef297 | GET | /api/channels] - binding parameter (1:UUID) <- [aba478e0-9386-4424-924f-249335d64694]
26-05-15 10:31:49.823 [http-nio-8080-exec-3] [32mTRACE[0;39m org.hibernate.orm.jdbc.bind          [66ecf740de03421594db7d6b4f607f98 | GET | /api/readStatuses] - binding parameter (1:UUID) <- [aba478e0-9386-4424-924f-249335d64694]
26-05-15 10:31:49.831 [http-nio-8080-exec-8] [32mINFO [0;39m c.s.m.d.s.basic.BasicUserService     [deb2d705b5bf44d2bbd5b9ac82ca6abb | GET | /api/users] - 모든 사용자 조회 완료: 총 6명
26-05-15 10:31:49.834 [http-nio-8080-exec-3] [32mINFO [0;39m c.s.m.d.s.b.BasicReadStatusService   [66ecf740de03421594db7d6b4f607f98 | GET | /api/readStatuses] - 사용자별 읽음 상태 목록 조회 완료: userId=aba478e0-9386-4424-924f-249335d64694, 조회된 항목 수=0
26-05-15 10:31:49.834 [http-nio-8080-exec-3] [32mDEBUG[0;39m c.s.m.d.c.ReadStatusController       [66ecf740de03421594db7d6b4f607f98 | GET | /api/readStatuses] - 사용자별 읽음 상태 목록 조회 응답: count=0
26-05-15 10:31:49.843 [http-nio-8080-exec-8] [32mDEBUG[0;39m c.s.m.d.config.MDCLoggingInterceptor [deb2d705b5bf44d2bbd5b9ac82ca6abb | GET | /api/users] - Request completed
26-05-15 10:31:49.847 [http-nio-8080-exec-3] [32mDEBUG[0;39m c.s.m.d.config.MDCLoggingInterceptor [66ecf740de03421594db7d6b4f607f98 | GET | /api/readStatuses] - Request completed
26-05-15 10:31:49.852 [http-nio-8080-exec-6] [32mDEBUG[0;39m c.s.m.d.config.MDCLoggingInterceptor [4849a9c18451447fa4b7d88d57252840 | GET | /api/users] - Request started
26-05-15 10:31:49.852 [http-nio-8080-exec-1] [32mDEBUG[0;39m org.hibernate.SQL                    [6e247c68f7924c879318125439bef297 | GET | /api/channels] - 
    select
        c1_0.id,
        c1_0.created_at,
        c1_0.description,
        c1_0.name,
        c1_0.type,
        c1_0.updated_at 
    from
        channels c1_0 
    where
        c1_0.type=? 
        or c1_0.id in (?)
26-05-15 10:31:49.852 [http-nio-8080-exec-6] [32mDEBUG[0;39m c.s.m.d.s.basic.BasicUserService     [4849a9c18451447fa4b7d88d57252840 | GET | /api/users] - 모든 사용자 조회 시작
26-05-15 10:31:49.852 [http-nio-8080-exec-1] [32mTRACE[0;39m org.hibernate.orm.jdbc.bind          [6e247c68f7924c879318125439bef297 | GET | /api/channels] - binding parameter (1:VARCHAR) <- [PUBLIC]
26-05-15 10:31:49.853 [http-nio-8080-exec-1] [32mTRACE[0;39m org.hibernate.orm.jdbc.bind          [6e247c68f7924c879318125439bef297 | GET | /api/channels] - binding parameter (2:UUID) <- [null]
26-05-15 10:31:49.854 [http-nio-8080-exec-6] [32mDEBUG[0;39m org.hibernate.SQL                    [4849a9c18451447fa4b7d88d57252840 | GET | /api/users] - 
    select
        u1_0.id,
        u1_0.created_at,
        u1_0.email,
        u1_0.password,
        p1_0.id,
        p1_0.content_type,
        p1_0.created_at,
        p1_0.file_name,
        p1_0.size,
        s1_0.id,
        s1_0.created_at,
        s1_0.last_active_at,
        s1_0.updated_at,
        s1_0.user_id,
        u1_0.updated_at,
        u1_0.username 
    from
        users u1_0 
    left join
        binary_contents p1_0 
            on p1_0.id=u1_0.profile_id 
    join
        user_statuses s1_0 
            on u1_0.id=s1_0.user_id
26-05-15 10:31:49.861 [http-nio-8080-exec-6] [32mINFO [0;39m c.s.m.d.s.basic.BasicUserService     [4849a9c18451447fa4b7d88d57252840 | GET | /api/users] - 모든 사용자 조회 완료: 총 6명
26-05-15 10:31:49.863 [http-nio-8080-exec-6] [32mDEBUG[0;39m c.s.m.d.config.MDCLoggingInterceptor [4849a9c18451447fa4b7d88d57252840 | GET | /api/users] - Request completed
26-05-15 10:31:49.869 [http-nio-8080-exec-5] [32mDEBUG[0;39m c.s.m.d.config.MDCLoggingInterceptor [c371ea7cf5294908b477fd57f9e11191 | GET | /api/users] - Request started
26-05-15 10:31:49.870 [http-nio-8080-exec-1] [32mDEBUG[0;39m org.hibernate.SQL                    [6e247c68f7924c879318125439bef297 | GET | /api/channels] - 
    select
        m1_0.created_at 
    from
        messages m1_0 
    where
        m1_0.channel_id=? 
    order by
        m1_0.created_at desc 
    fetch
        first 1 rows only
26-05-15 10:31:49.870 [http-nio-8080-exec-5] [32mDEBUG[0;39m c.s.m.d.s.basic.BasicUserService     [c371ea7cf5294908b477fd57f9e11191 | GET | /api/users] - 모든 사용자 조회 시작
26-05-15 10:31:49.870 [http-nio-8080-exec-1] [32mTRACE[0;39m org.hibernate.orm.jdbc.bind          [6e247c68f7924c879318125439bef297 | GET | /api/channels] - binding parameter (1:UUID) <- [7cdff344-ade9-4175-ad8a-0acaa200aaa4]
26-05-15 10:31:49.872 [http-nio-8080-exec-5] [32mDEBUG[0;39m org.hibernate.SQL                    [c371ea7cf5294908b477fd57f9e11191 | GET | /api/users] - 
    select
        u1_0.id,
        u1_0.created_at,
        u1_0.email,
        u1_0.password,
        p1_0.id,
        p1_0.content_type,
        p1_0.created_at,
        p1_0.file_name,
        p1_0.size,
        s1_0.id,
        s1_0.created_at,
        s1_0.last_active_at,
        s1_0.updated_at,
        s1_0.user_id,
        u1_0.updated_at,
        u1_0.username 
    from
        users u1_0 
    left join
        binary_contents p1_0 
            on p1_0.id=u1_0.profile_id 
    join
        user_statuses s1_0 
            on u1_0.id=s1_0.user_id
26-05-15 10:31:49.879 [http-nio-8080-exec-5] [32mINFO [0;39m c.s.m.d.s.basic.BasicUserService     [c371ea7cf5294908b477fd57f9e11191 | GET | /api/users] - 모든 사용자 조회 완료: 총 6명
26-05-15 10:31:49.883 [http-nio-8080-exec-1] [32mDEBUG[0;39m org.hibernate.SQL                    [6e247c68f7924c879318125439bef297 | GET | /api/channels] - 
    select
        m1_0.created_at 
    from
        messages m1_0 
    where
        m1_0.channel_id=? 
    order by
        m1_0.created_at desc 
    fetch
        first 1 rows only
26-05-15 10:31:49.884 [http-nio-8080-exec-1] [32mTRACE[0;39m org.hibernate.orm.jdbc.bind          [6e247c68f7924c879318125439bef297 | GET | /api/channels] - binding parameter (1:UUID) <- [4c2389f4-ec8c-4a2f-97b8-18350b7aef48]
26-05-15 10:31:49.886 [http-nio-8080-exec-5] [32mDEBUG[0;39m c.s.m.d.config.MDCLoggingInterceptor [c371ea7cf5294908b477fd57f9e11191 | GET | /api/users] - Request completed
26-05-15 10:31:49.887 [http-nio-8080-exec-1] [32mDEBUG[0;39m org.hibernate.SQL                    [6e247c68f7924c879318125439bef297 | GET | /api/channels] - 
    select
        m1_0.created_at 
    from
        messages m1_0 
    where
        m1_0.channel_id=? 
    order by
        m1_0.created_at desc 
    fetch
        first 1 rows only
26-05-15 10:31:49.887 [http-nio-8080-exec-1] [32mTRACE[0;39m org.hibernate.orm.jdbc.bind          [6e247c68f7924c879318125439bef297 | GET | /api/channels] - binding parameter (1:UUID) <- [0fb828ec-2cee-497c-8e87-348831a67f03]
26-05-15 10:31:49.890 [http-nio-8080-exec-1] [32mDEBUG[0;39m c.s.m.d.controller.ChannelController [6e247c68f7924c879318125439bef297 | GET | /api/channels] - 사용자별 채널 목록 조회 응답: count=3
26-05-15 10:31:49.899 [http-nio-8080-exec-1] [32mDEBUG[0;39m c.s.m.d.config.MDCLoggingInterceptor [6e247c68f7924c879318125439bef297 | GET | /api/channels] - Request completed
26-05-15 10:31:49.919 [http-nio-8080-exec-2] [32mDEBUG[0;39m c.s.m.d.config.MDCLoggingInterceptor [e21eecace11c4c6bbccf63000cb5d643 | GET | /api/binaryContents/1b11ce4a-6a4b-4028-afc8-40b74097d13a] - Request started
26-05-15 10:31:49.919 [http-nio-8080-exec-4] [32mDEBUG[0;39m c.s.m.d.config.MDCLoggingInterceptor [1a6c58158ec443a8bdb6dff4c895d6bb | GET | /api/binaryContents/6ae6049b-b522-4c13-857f-6589dec909f3] - Request started
26-05-15 10:31:49.920 [http-nio-8080-exec-4] [32mINFO [0;39m c.s.m.d.c.BinaryContentController    [1a6c58158ec443a8bdb6dff4c895d6bb | GET | /api/binaryContents/6ae6049b-b522-4c13-857f-6589dec909f3] - 바이너리 컨텐츠 조회 요청: id=6ae6049b-b522-4c13-857f-6589dec909f3
26-05-15 10:31:49.920 [http-nio-8080-exec-2] [32mINFO [0;39m c.s.m.d.c.BinaryContentController    [e21eecace11c4c6bbccf63000cb5d643 | GET | /api/binaryContents/1b11ce4a-6a4b-4028-afc8-40b74097d13a] - 바이너리 컨텐츠 조회 요청: id=1b11ce4a-6a4b-4028-afc8-40b74097d13a
26-05-15 10:31:49.920 [http-nio-8080-exec-2] [32mDEBUG[0;39m c.s.m.d.s.b.BasicBinaryContentService [e21eecace11c4c6bbccf63000cb5d643 | GET | /api/binaryContents/1b11ce4a-6a4b-4028-afc8-40b74097d13a] - 바이너리 컨텐츠 조회 시작: id=1b11ce4a-6a4b-4028-afc8-40b74097d13a
26-05-15 10:31:49.920 [http-nio-8080-exec-4] [32mDEBUG[0;39m c.s.m.d.s.b.BasicBinaryContentService [1a6c58158ec443a8bdb6dff4c895d6bb | GET | /api/binaryContents/6ae6049b-b522-4c13-857f-6589dec909f3] - 바이너리 컨텐츠 조회 시작: id=6ae6049b-b522-4c13-857f-6589dec909f3
26-05-15 10:31:49.924 [http-nio-8080-exec-9] [32mDEBUG[0;39m c.s.m.d.config.MDCLoggingInterceptor [383d34d021f54456ac6417c2c9c452cd | GET | /api/binaryContents/97ca87ce-122f-4d86-8c20-b1faa66dade6] - Request started
26-05-15 10:31:49.925 [http-nio-8080-exec-9] [32mINFO [0;39m c.s.m.d.c.BinaryContentController    [383d34d021f54456ac6417c2c9c452cd | GET | /api/binaryContents/97ca87ce-122f-4d86-8c20-b1faa66dade6] - 바이너리 컨텐츠 조회 요청: id=97ca87ce-122f-4d86-8c20-b1faa66dade6
26-05-15 10:31:49.925 [http-nio-8080-exec-9] [32mDEBUG[0;39m c.s.m.d.s.b.BasicBinaryContentService [383d34d021f54456ac6417c2c9c452cd | GET | /api/binaryContents/97ca87ce-122f-4d86-8c20-b1faa66dade6] - 바이너리 컨텐츠 조회 시작: id=97ca87ce-122f-4d86-8c20-b1faa66dade6
26-05-15 10:31:49.925 [http-nio-8080-exec-10] [32mDEBUG[0;39m c.s.m.d.config.MDCLoggingInterceptor [4a5577f8383a46cb9ba04daae5cbf848 | GET | /api/binaryContents/cc92f782-66b9-453e-984c-1f7cbcd11370] - Request started
26-05-15 10:31:49.926 [http-nio-8080-exec-10] [32mINFO [0;39m c.s.m.d.c.BinaryContentController    [4a5577f8383a46cb9ba04daae5cbf848 | GET | /api/binaryContents/cc92f782-66b9-453e-984c-1f7cbcd11370] - 바이너리 컨텐츠 조회 요청: id=cc92f782-66b9-453e-984c-1f7cbcd11370
26-05-15 10:31:49.926 [http-nio-8080-exec-10] [32mDEBUG[0;39m c.s.m.d.s.b.BasicBinaryContentService [4a5577f8383a46cb9ba04daae5cbf848 | GET | /api/binaryContents/cc92f782-66b9-453e-984c-1f7cbcd11370] - 바이너리 컨텐츠 조회 시작: id=cc92f782-66b9-453e-984c-1f7cbcd11370
26-05-15 10:31:49.927 [http-nio-8080-exec-7] [32mDEBUG[0;39m c.s.m.d.config.MDCLoggingInterceptor [188dff50cdf84e18a0c275815ffcd7c1 | GET | /api/binaryContents/ab4f6206-5a4b-4062-bf7c-b58569724fe3] - Request started
26-05-15 10:31:49.927 [http-nio-8080-exec-7] [32mINFO [0;39m c.s.m.d.c.BinaryContentController    [188dff50cdf84e18a0c275815ffcd7c1 | GET | /api/binaryContents/ab4f6206-5a4b-4062-bf7c-b58569724fe3] - 바이너리 컨텐츠 조회 요청: id=ab4f6206-5a4b-4062-bf7c-b58569724fe3
26-05-15 10:31:49.928 [http-nio-8080-exec-7] [32mDEBUG[0;39m c.s.m.d.s.b.BasicBinaryContentService [188dff50cdf84e18a0c275815ffcd7c1 | GET | /api/binaryContents/ab4f6206-5a4b-4062-bf7c-b58569724fe3] - 바이너리 컨텐츠 조회 시작: id=ab4f6206-5a4b-4062-bf7c-b58569724fe3
26-05-15 10:31:49.943 [http-nio-8080-exec-8] [32mDEBUG[0;39m c.s.m.d.config.MDCLoggingInterceptor [731f5d1466a24900b1c586cb99b2e0f5 | GET | /api/readStatuses] - Request started
26-05-15 10:31:49.944 [http-nio-8080-exec-8] [32mINFO [0;39m c.s.m.d.c.ReadStatusController       [731f5d1466a24900b1c586cb99b2e0f5 | GET | /api/readStatuses] - 사용자별 읽음 상태 목록 조회 요청: userId=aba478e0-9386-4424-924f-249335d64694
26-05-15 10:31:49.945 [http-nio-8080-exec-8] [32mDEBUG[0;39m c.s.m.d.s.b.BasicReadStatusService   [731f5d1466a24900b1c586cb99b2e0f5 | GET | /api/readStatuses] - 사용자별 읽음 상태 목록 조회 시작: userId=aba478e0-9386-4424-924f-249335d64694
26-05-15 10:31:49.950 [http-nio-8080-exec-8] [32mDEBUG[0;39m org.hibernate.SQL                    [731f5d1466a24900b1c586cb99b2e0f5 | GET | /api/readStatuses] - 
    select
        rs1_0.id,
        rs1_0.channel_id,
        rs1_0.created_at,
        rs1_0.last_read_at,
        rs1_0.updated_at,
        rs1_0.user_id 
    from
        read_statuses rs1_0 
    where
        rs1_0.user_id=?
26-05-15 10:31:49.951 [http-nio-8080-exec-8] [32mTRACE[0;39m org.hibernate.orm.jdbc.bind          [731f5d1466a24900b1c586cb99b2e0f5 | GET | /api/readStatuses] - binding parameter (1:UUID) <- [aba478e0-9386-4424-924f-249335d64694]
26-05-15 10:31:49.959 [http-nio-8080-exec-8] [32mINFO [0;39m c.s.m.d.s.b.BasicReadStatusService   [731f5d1466a24900b1c586cb99b2e0f5 | GET | /api/readStatuses] - 사용자별 읽음 상태 목록 조회 완료: userId=aba478e0-9386-4424-924f-249335d64694, 조회된 항목 수=0
26-05-15 10:31:49.960 [http-nio-8080-exec-8] [32mDEBUG[0;39m c.s.m.d.c.ReadStatusController       [731f5d1466a24900b1c586cb99b2e0f5 | GET | /api/readStatuses] - 사용자별 읽음 상태 목록 조회 응답: count=0
26-05-15 10:31:49.962 [http-nio-8080-exec-8] [32mDEBUG[0;39m c.s.m.d.config.MDCLoggingInterceptor [731f5d1466a24900b1c586cb99b2e0f5 | GET | /api/readStatuses] - Request completed
26-05-15 10:31:49.965 [http-nio-8080-exec-4] [32mDEBUG[0;39m org.hibernate.SQL                    [1a6c58158ec443a8bdb6dff4c895d6bb | GET | /api/binaryContents/6ae6049b-b522-4c13-857f-6589dec909f3] - 
    select
        bc1_0.id,
        bc1_0.content_type,
        bc1_0.created_at,
        bc1_0.file_name,
        bc1_0.size 
    from
        binary_contents bc1_0 
    where
        bc1_0.id=?
26-05-15 10:31:49.965 [http-nio-8080-exec-10] [32mDEBUG[0;39m org.hibernate.SQL                    [4a5577f8383a46cb9ba04daae5cbf848 | GET | /api/binaryContents/cc92f782-66b9-453e-984c-1f7cbcd11370] - 
    select
        bc1_0.id,
        bc1_0.content_type,
        bc1_0.created_at,
        bc1_0.file_name,
        bc1_0.size 
    from
        binary_contents bc1_0 
    where
        bc1_0.id=?
26-05-15 10:31:49.965 [http-nio-8080-exec-7] [32mDEBUG[0;39m org.hibernate.SQL                    [188dff50cdf84e18a0c275815ffcd7c1 | GET | /api/binaryContents/ab4f6206-5a4b-4062-bf7c-b58569724fe3] - 
    select
        bc1_0.id,
        bc1_0.content_type,
        bc1_0.created_at,
        bc1_0.file_name,
        bc1_0.size 
    from
        binary_contents bc1_0 
    where
        bc1_0.id=?
26-05-15 10:31:49.965 [http-nio-8080-exec-2] [32mDEBUG[0;39m org.hibernate.SQL                    [e21eecace11c4c6bbccf63000cb5d643 | GET | /api/binaryContents/1b11ce4a-6a4b-4028-afc8-40b74097d13a] - 
    select
        bc1_0.id,
        bc1_0.content_type,
        bc1_0.created_at,
        bc1_0.file_name,
        bc1_0.size 
    from
        binary_contents bc1_0 
    where
        bc1_0.id=?
26-05-15 10:31:49.965 [http-nio-8080-exec-9] [32mDEBUG[0;39m org.hibernate.SQL                    [383d34d021f54456ac6417c2c9c452cd | GET | /api/binaryContents/97ca87ce-122f-4d86-8c20-b1faa66dade6] - 
    select
        bc1_0.id,
        bc1_0.content_type,
        bc1_0.created_at,
        bc1_0.file_name,
        bc1_0.size 
    from
        binary_contents bc1_0 
    where
        bc1_0.id=?
26-05-15 10:31:49.966 [http-nio-8080-exec-4] [32mTRACE[0;39m org.hibernate.orm.jdbc.bind          [1a6c58158ec443a8bdb6dff4c895d6bb | GET | /api/binaryContents/6ae6049b-b522-4c13-857f-6589dec909f3] - binding parameter (1:UUID) <- [6ae6049b-b522-4c13-857f-6589dec909f3]
26-05-15 10:31:49.966 [http-nio-8080-exec-2] [32mTRACE[0;39m org.hibernate.orm.jdbc.bind          [e21eecace11c4c6bbccf63000cb5d643 | GET | /api/binaryContents/1b11ce4a-6a4b-4028-afc8-40b74097d13a] - binding parameter (1:UUID) <- [1b11ce4a-6a4b-4028-afc8-40b74097d13a]
26-05-15 10:31:49.966 [http-nio-8080-exec-7] [32mTRACE[0;39m org.hibernate.orm.jdbc.bind          [188dff50cdf84e18a0c275815ffcd7c1 | GET | /api/binaryContents/ab4f6206-5a4b-4062-bf7c-b58569724fe3] - binding parameter (1:UUID) <- [ab4f6206-5a4b-4062-bf7c-b58569724fe3]
26-05-15 10:31:49.966 [http-nio-8080-exec-10] [32mTRACE[0;39m org.hibernate.orm.jdbc.bind          [4a5577f8383a46cb9ba04daae5cbf848 | GET | /api/binaryContents/cc92f782-66b9-453e-984c-1f7cbcd11370] - binding parameter (1:UUID) <- [cc92f782-66b9-453e-984c-1f7cbcd11370]
26-05-15 10:31:49.966 [http-nio-8080-exec-9] [32mTRACE[0;39m org.hibernate.orm.jdbc.bind          [383d34d021f54456ac6417c2c9c452cd | GET | /api/binaryContents/97ca87ce-122f-4d86-8c20-b1faa66dade6] - binding parameter (1:UUID) <- [97ca87ce-122f-4d86-8c20-b1faa66dade6]
26-05-15 10:31:49.970 [http-nio-8080-exec-4] [32mINFO [0;39m c.s.m.d.s.b.BasicBinaryContentService [1a6c58158ec443a8bdb6dff4c895d6bb | GET | /api/binaryContents/6ae6049b-b522-4c13-857f-6589dec909f3] - 바이너리 컨텐츠 조회 완료: id=6ae6049b-b522-4c13-857f-6589dec909f3, fileName=Australian GP 2025 Desktop Wallpaper 3.jpg
26-05-15 10:31:49.973 [http-nio-8080-exec-9] [32mINFO [0;39m c.s.m.d.s.b.BasicBinaryContentService [383d34d021f54456ac6417c2c9c452cd | GET | /api/binaryContents/97ca87ce-122f-4d86-8c20-b1faa66dade6] - 바이너리 컨텐츠 조회 완료: id=97ca87ce-122f-4d86-8c20-b1faa66dade6, fileName=F677_still_02_v11_169.avif
26-05-15 10:31:49.973 [http-nio-8080-exec-2] [32mINFO [0;39m c.s.m.d.s.b.BasicBinaryContentService [e21eecace11c4c6bbccf63000cb5d643 | GET | /api/binaryContents/1b11ce4a-6a4b-4028-afc8-40b74097d13a] - 바이너리 컨텐츠 조회 완료: id=1b11ce4a-6a4b-4028-afc8-40b74097d13a, fileName=Longines-Legend-Diver-Colors-4.jpg
26-05-15 10:31:49.975 [http-nio-8080-exec-10] [32mINFO [0;39m c.s.m.d.s.b.BasicBinaryContentService [4a5577f8383a46cb9ba04daae5cbf848 | GET | /api/binaryContents/cc92f782-66b9-453e-984c-1f7cbcd11370] - 바이너리 컨텐츠 조회 완료: id=cc92f782-66b9-453e-984c-1f7cbcd11370, fileName=0e015653-fa4c-4d34-9770-f78bd6dd85bd.jpg
26-05-15 10:31:49.973 [http-nio-8080-exec-2] [32mDEBUG[0;39m c.s.m.d.c.BinaryContentController    [e21eecace11c4c6bbccf63000cb5d643 | GET | /api/binaryContents/1b11ce4a-6a4b-4028-afc8-40b74097d13a] - 바이너리 컨텐츠 조회 응답: BinaryContentDto[id=1b11ce4a-6a4b-4028-afc8-40b74097d13a, fileName=Longines-Legend-Diver-Colors-4.jpg, size=108398, contentType=image/jpeg]
26-05-15 10:31:49.975 [http-nio-8080-exec-10] [32mDEBUG[0;39m c.s.m.d.c.BinaryContentController    [4a5577f8383a46cb9ba04daae5cbf848 | GET | /api/binaryContents/cc92f782-66b9-453e-984c-1f7cbcd11370] - 바이너리 컨텐츠 조회 응답: BinaryContentDto[id=cc92f782-66b9-453e-984c-1f7cbcd11370, fileName=0e015653-fa4c-4d34-9770-f78bd6dd85bd.jpg, size=297503, contentType=image/jpeg]
26-05-15 10:31:49.973 [http-nio-8080-exec-9] [32mDEBUG[0;39m c.s.m.d.c.BinaryContentController    [383d34d021f54456ac6417c2c9c452cd | GET | /api/binaryContents/97ca87ce-122f-4d86-8c20-b1faa66dade6] - 바이너리 컨텐츠 조회 응답: BinaryContentDto[id=97ca87ce-122f-4d86-8c20-b1faa66dade6, fileName=F677_still_02_v11_169.avif, size=165353, contentType=image/avif]
26-05-15 10:31:49.971 [http-nio-8080-exec-4] [32mDEBUG[0;39m c.s.m.d.c.BinaryContentController    [1a6c58158ec443a8bdb6dff4c895d6bb | GET | /api/binaryContents/6ae6049b-b522-4c13-857f-6589dec909f3] - 바이너리 컨텐츠 조회 응답: BinaryContentDto[id=6ae6049b-b522-4c13-857f-6589dec909f3, fileName=Australian GP 2025 Desktop Wallpaper 3.jpg, size=2898389, contentType=image/jpeg]
26-05-15 10:31:49.978 [http-nio-8080-exec-7] [32mINFO [0;39m c.s.m.d.s.b.BasicBinaryContentService [188dff50cdf84e18a0c275815ffcd7c1 | GET | /api/binaryContents/ab4f6206-5a4b-4062-bf7c-b58569724fe3] - 바이너리 컨텐츠 조회 완료: id=ab4f6206-5a4b-4062-bf7c-b58569724fe3, fileName=Monaco GP 2025 Desktop Wallpaper 1.jpg
26-05-15 10:31:49.978 [http-nio-8080-exec-7] [32mDEBUG[0;39m c.s.m.d.c.BinaryContentController    [188dff50cdf84e18a0c275815ffcd7c1 | GET | /api/binaryContents/ab4f6206-5a4b-4062-bf7c-b58569724fe3] - 바이너리 컨텐츠 조회 응답: BinaryContentDto[id=ab4f6206-5a4b-4062-bf7c-b58569724fe3, fileName=Monaco GP 2025 Desktop Wallpaper 1.jpg, size=3234766, contentType=image/jpeg]
26-05-15 10:31:49.980 [http-nio-8080-exec-2] [32mDEBUG[0;39m c.s.m.d.config.MDCLoggingInterceptor [e21eecace11c4c6bbccf63000cb5d643 | GET | /api/binaryContents/1b11ce4a-6a4b-4028-afc8-40b74097d13a] - Request completed
26-05-15 10:31:49.980 [http-nio-8080-exec-4] [32mDEBUG[0;39m c.s.m.d.config.MDCLoggingInterceptor [1a6c58158ec443a8bdb6dff4c895d6bb | GET | /api/binaryContents/6ae6049b-b522-4c13-857f-6589dec909f3] - Request completed
26-05-15 10:31:49.980 [http-nio-8080-exec-9] [32mDEBUG[0;39m c.s.m.d.config.MDCLoggingInterceptor [383d34d021f54456ac6417c2c9c452cd | GET | /api/binaryContents/97ca87ce-122f-4d86-8c20-b1faa66dade6] - Request completed
26-05-15 10:31:49.980 [http-nio-8080-exec-7] [32mDEBUG[0;39m c.s.m.d.config.MDCLoggingInterceptor [188dff50cdf84e18a0c275815ffcd7c1 | GET | /api/binaryContents/ab4f6206-5a4b-4062-bf7c-b58569724fe3] - Request completed
26-05-15 10:31:49.982 [http-nio-8080-exec-10] [32mDEBUG[0;39m c.s.m.d.config.MDCLoggingInterceptor [4a5577f8383a46cb9ba04daae5cbf848 | GET | /api/binaryContents/cc92f782-66b9-453e-984c-1f7cbcd11370] - Request completed
26-05-15 10:31:50.030 [http-nio-8080-exec-3] [32mDEBUG[0;39m c.s.m.d.config.MDCLoggingInterceptor [c9b6d05196654df2bcdc9847327b7662 | GET | /api/binaryContents/1b11ce4a-6a4b-4028-afc8-40b74097d13a/download] - Request started
26-05-15 10:31:50.030 [http-nio-8080-exec-6] [32mDEBUG[0;39m c.s.m.d.config.MDCLoggingInterceptor [d83eda23e2e546c69cc99b363c0f740d | GET | /api/binaryContents/6ae6049b-b522-4c13-857f-6589dec909f3] - Request started
26-05-15 10:31:50.031 [http-nio-8080-exec-3] [32mINFO [0;39m c.s.m.d.c.BinaryContentController    [c9b6d05196654df2bcdc9847327b7662 | GET | /api/binaryContents/1b11ce4a-6a4b-4028-afc8-40b74097d13a/download] - 바이너리 컨텐츠 다운로드 요청: id=1b11ce4a-6a4b-4028-afc8-40b74097d13a
26-05-15 10:31:50.031 [http-nio-8080-exec-3] [32mDEBUG[0;39m c.s.m.d.s.b.BasicBinaryContentService [c9b6d05196654df2bcdc9847327b7662 | GET | /api/binaryContents/1b11ce4a-6a4b-4028-afc8-40b74097d13a/download] - 바이너리 컨텐츠 조회 시작: id=1b11ce4a-6a4b-4028-afc8-40b74097d13a
26-05-15 10:31:50.031 [http-nio-8080-exec-6] [32mINFO [0;39m c.s.m.d.c.BinaryContentController    [d83eda23e2e546c69cc99b363c0f740d | GET | /api/binaryContents/6ae6049b-b522-4c13-857f-6589dec909f3] - 바이너리 컨텐츠 조회 요청: id=6ae6049b-b522-4c13-857f-6589dec909f3
26-05-15 10:31:50.031 [http-nio-8080-exec-6] [32mDEBUG[0;39m c.s.m.d.s.b.BasicBinaryContentService [d83eda23e2e546c69cc99b363c0f740d | GET | /api/binaryContents/6ae6049b-b522-4c13-857f-6589dec909f3] - 바이너리 컨텐츠 조회 시작: id=6ae6049b-b522-4c13-857f-6589dec909f3
26-05-15 10:31:50.032 [http-nio-8080-exec-6] [32mDEBUG[0;39m org.hibernate.SQL                    [d83eda23e2e546c69cc99b363c0f740d | GET | /api/binaryContents/6ae6049b-b522-4c13-857f-6589dec909f3] - 
    select
        bc1_0.id,
        bc1_0.content_type,
        bc1_0.created_at,
        bc1_0.file_name,
        bc1_0.size 
    from
        binary_contents bc1_0 
    where
        bc1_0.id=?
26-05-15 10:31:50.033 [http-nio-8080-exec-6] [32mTRACE[0;39m org.hibernate.orm.jdbc.bind          [d83eda23e2e546c69cc99b363c0f740d | GET | /api/binaryContents/6ae6049b-b522-4c13-857f-6589dec909f3] - binding parameter (1:UUID) <- [6ae6049b-b522-4c13-857f-6589dec909f3]
26-05-15 10:31:50.033 [http-nio-8080-exec-3] [32mDEBUG[0;39m org.hibernate.SQL                    [c9b6d05196654df2bcdc9847327b7662 | GET | /api/binaryContents/1b11ce4a-6a4b-4028-afc8-40b74097d13a/download] - 
    select
        bc1_0.id,
        bc1_0.content_type,
        bc1_0.created_at,
        bc1_0.file_name,
        bc1_0.size 
    from
        binary_contents bc1_0 
    where
        bc1_0.id=?
26-05-15 10:31:50.034 [http-nio-8080-exec-3] [32mTRACE[0;39m org.hibernate.orm.jdbc.bind          [c9b6d05196654df2bcdc9847327b7662 | GET | /api/binaryContents/1b11ce4a-6a4b-4028-afc8-40b74097d13a/download] - binding parameter (1:UUID) <- [1b11ce4a-6a4b-4028-afc8-40b74097d13a]
26-05-15 10:31:50.038 [http-nio-8080-exec-3] [32mINFO [0;39m c.s.m.d.s.b.BasicBinaryContentService [c9b6d05196654df2bcdc9847327b7662 | GET | /api/binaryContents/1b11ce4a-6a4b-4028-afc8-40b74097d13a/download] - 바이너리 컨텐츠 조회 완료: id=1b11ce4a-6a4b-4028-afc8-40b74097d13a, fileName=Longines-Legend-Diver-Colors-4.jpg
26-05-15 10:31:50.038 [http-nio-8080-exec-6] [32mINFO [0;39m c.s.m.d.s.b.BasicBinaryContentService [d83eda23e2e546c69cc99b363c0f740d | GET | /api/binaryContents/6ae6049b-b522-4c13-857f-6589dec909f3] - 바이너리 컨텐츠 조회 완료: id=6ae6049b-b522-4c13-857f-6589dec909f3, fileName=Australian GP 2025 Desktop Wallpaper 3.jpg
26-05-15 10:31:50.038 [http-nio-8080-exec-6] [32mDEBUG[0;39m c.s.m.d.c.BinaryContentController    [d83eda23e2e546c69cc99b363c0f740d | GET | /api/binaryContents/6ae6049b-b522-4c13-857f-6589dec909f3] - 바이너리 컨텐츠 조회 응답: BinaryContentDto[id=6ae6049b-b522-4c13-857f-6589dec909f3, fileName=Australian GP 2025 Desktop Wallpaper 3.jpg, size=2898389, contentType=image/jpeg]
26-05-15 10:31:50.039 [http-nio-8080-exec-5] [32mDEBUG[0;39m c.s.m.d.config.MDCLoggingInterceptor [237e6a76c20c47db8e4c9f75ceefd232 | GET | /api/binaryContents/97ca87ce-122f-4d86-8c20-b1faa66dade6] - Request started
26-05-15 10:31:50.039 [http-nio-8080-exec-5] [32mINFO [0;39m c.s.m.d.c.BinaryContentController    [237e6a76c20c47db8e4c9f75ceefd232 | GET | /api/binaryContents/97ca87ce-122f-4d86-8c20-b1faa66dade6] - 바이너리 컨텐츠 조회 요청: id=97ca87ce-122f-4d86-8c20-b1faa66dade6
26-05-15 10:31:50.039 [http-nio-8080-exec-5] [32mDEBUG[0;39m c.s.m.d.s.b.BasicBinaryContentService [237e6a76c20c47db8e4c9f75ceefd232 | GET | /api/binaryContents/97ca87ce-122f-4d86-8c20-b1faa66dade6] - 바이너리 컨텐츠 조회 시작: id=97ca87ce-122f-4d86-8c20-b1faa66dade6
26-05-15 10:31:50.040 [http-nio-8080-exec-6] [32mDEBUG[0;39m c.s.m.d.config.MDCLoggingInterceptor [d83eda23e2e546c69cc99b363c0f740d | GET | /api/binaryContents/6ae6049b-b522-4c13-857f-6589dec909f3] - Request completed
26-05-15 10:31:50.040 [http-nio-8080-exec-1] [32mDEBUG[0;39m c.s.m.d.config.MDCLoggingInterceptor [df63aaaf3b2a43fe95f46c672b1bb1f5 | GET | /api/binaryContents/cc92f782-66b9-453e-984c-1f7cbcd11370] - Request started
26-05-15 10:31:50.040 [http-nio-8080-exec-5] [32mDEBUG[0;39m org.hibernate.SQL                    [237e6a76c20c47db8e4c9f75ceefd232 | GET | /api/binaryContents/97ca87ce-122f-4d86-8c20-b1faa66dade6] - 
    select
        bc1_0.id,
        bc1_0.content_type,
        bc1_0.created_at,
        bc1_0.file_name,
        bc1_0.size 
    from
        binary_contents bc1_0 
    where
        bc1_0.id=?
26-05-15 10:31:50.040 [http-nio-8080-exec-5] [32mTRACE[0;39m org.hibernate.orm.jdbc.bind          [237e6a76c20c47db8e4c9f75ceefd232 | GET | /api/binaryContents/97ca87ce-122f-4d86-8c20-b1faa66dade6] - binding parameter (1:UUID) <- [97ca87ce-122f-4d86-8c20-b1faa66dade6]
26-05-15 10:31:50.042 [http-nio-8080-exec-2] [32mDEBUG[0;39m c.s.m.d.config.MDCLoggingInterceptor [845c4a536efa4c4d8e943d9a85d75cd0 | GET | /api/binaryContents/cc92f782-66b9-453e-984c-1f7cbcd11370/download] - Request started
26-05-15 10:31:50.042 [http-nio-8080-exec-8] [32mDEBUG[0;39m c.s.m.d.config.MDCLoggingInterceptor [a566207515ff4545b75017d982716e64 | GET | /api/binaryContents/ab4f6206-5a4b-4062-bf7c-b58569724fe3] - Request started
26-05-15 10:31:50.043 [http-nio-8080-exec-8] [32mINFO [0;39m c.s.m.d.c.BinaryContentController    [a566207515ff4545b75017d982716e64 | GET | /api/binaryContents/ab4f6206-5a4b-4062-bf7c-b58569724fe3] - 바이너리 컨텐츠 조회 요청: id=ab4f6206-5a4b-4062-bf7c-b58569724fe3
26-05-15 10:31:50.043 [http-nio-8080-exec-8] [32mDEBUG[0;39m c.s.m.d.s.b.BasicBinaryContentService [a566207515ff4545b75017d982716e64 | GET | /api/binaryContents/ab4f6206-5a4b-4062-bf7c-b58569724fe3] - 바이너리 컨텐츠 조회 시작: id=ab4f6206-5a4b-4062-bf7c-b58569724fe3
26-05-15 10:31:50.043 [http-nio-8080-exec-2] [32mINFO [0;39m c.s.m.d.c.BinaryContentController    [845c4a536efa4c4d8e943d9a85d75cd0 | GET | /api/binaryContents/cc92f782-66b9-453e-984c-1f7cbcd11370/download] - 바이너리 컨텐츠 다운로드 요청: id=cc92f782-66b9-453e-984c-1f7cbcd11370
26-05-15 10:31:50.042 [http-nio-8080-exec-1] [32mINFO [0;39m c.s.m.d.c.BinaryContentController    [df63aaaf3b2a43fe95f46c672b1bb1f5 | GET | /api/binaryContents/cc92f782-66b9-453e-984c-1f7cbcd11370] - 바이너리 컨텐츠 조회 요청: id=cc92f782-66b9-453e-984c-1f7cbcd11370
26-05-15 10:31:50.043 [http-nio-8080-exec-2] [32mDEBUG[0;39m c.s.m.d.s.b.BasicBinaryContentService [845c4a536efa4c4d8e943d9a85d75cd0 | GET | /api/binaryContents/cc92f782-66b9-453e-984c-1f7cbcd11370/download] - 바이너리 컨텐츠 조회 시작: id=cc92f782-66b9-453e-984c-1f7cbcd11370
26-05-15 10:31:50.044 [http-nio-8080-exec-1] [32mDEBUG[0;39m c.s.m.d.s.b.BasicBinaryContentService [df63aaaf3b2a43fe95f46c672b1bb1f5 | GET | /api/binaryContents/cc92f782-66b9-453e-984c-1f7cbcd11370] - 바이너리 컨텐츠 조회 시작: id=cc92f782-66b9-453e-984c-1f7cbcd11370
26-05-15 10:31:50.044 [http-nio-8080-exec-8] [32mDEBUG[0;39m org.hibernate.SQL                    [a566207515ff4545b75017d982716e64 | GET | /api/binaryContents/ab4f6206-5a4b-4062-bf7c-b58569724fe3] - 
    select
        bc1_0.id,
        bc1_0.content_type,
        bc1_0.created_at,
        bc1_0.file_name,
        bc1_0.size 
    from
        binary_contents bc1_0 
    where
        bc1_0.id=?
26-05-15 10:31:50.044 [http-nio-8080-exec-5] [32mINFO [0;39m c.s.m.d.s.b.BasicBinaryContentService [237e6a76c20c47db8e4c9f75ceefd232 | GET | /api/binaryContents/97ca87ce-122f-4d86-8c20-b1faa66dade6] - 바이너리 컨텐츠 조회 완료: id=97ca87ce-122f-4d86-8c20-b1faa66dade6, fileName=F677_still_02_v11_169.avif
26-05-15 10:31:50.044 [http-nio-8080-exec-8] [32mTRACE[0;39m org.hibernate.orm.jdbc.bind          [a566207515ff4545b75017d982716e64 | GET | /api/binaryContents/ab4f6206-5a4b-4062-bf7c-b58569724fe3] - binding parameter (1:UUID) <- [ab4f6206-5a4b-4062-bf7c-b58569724fe3]
26-05-15 10:31:50.045 [http-nio-8080-exec-2] [32mDEBUG[0;39m org.hibernate.SQL                    [845c4a536efa4c4d8e943d9a85d75cd0 | GET | /api/binaryContents/cc92f782-66b9-453e-984c-1f7cbcd11370/download] - 
    select
        bc1_0.id,
        bc1_0.content_type,
        bc1_0.created_at,
        bc1_0.file_name,
        bc1_0.size 
    from
        binary_contents bc1_0 
    where
        bc1_0.id=?
26-05-15 10:31:50.045 [http-nio-8080-exec-5] [32mDEBUG[0;39m c.s.m.d.c.BinaryContentController    [237e6a76c20c47db8e4c9f75ceefd232 | GET | /api/binaryContents/97ca87ce-122f-4d86-8c20-b1faa66dade6] - 바이너리 컨텐츠 조회 응답: BinaryContentDto[id=97ca87ce-122f-4d86-8c20-b1faa66dade6, fileName=F677_still_02_v11_169.avif, size=165353, contentType=image/avif]
26-05-15 10:31:50.045 [http-nio-8080-exec-1] [32mDEBUG[0;39m org.hibernate.SQL                    [df63aaaf3b2a43fe95f46c672b1bb1f5 | GET | /api/binaryContents/cc92f782-66b9-453e-984c-1f7cbcd11370] - 
    select
        bc1_0.id,
        bc1_0.content_type,
        bc1_0.created_at,
        bc1_0.file_name,
        bc1_0.size 
    from
        binary_contents bc1_0 
    where
        bc1_0.id=?
26-05-15 10:31:50.045 [http-nio-8080-exec-2] [32mTRACE[0;39m org.hibernate.orm.jdbc.bind          [845c4a536efa4c4d8e943d9a85d75cd0 | GET | /api/binaryContents/cc92f782-66b9-453e-984c-1f7cbcd11370/download] - binding parameter (1:UUID) <- [cc92f782-66b9-453e-984c-1f7cbcd11370]
26-05-15 10:31:50.045 [http-nio-8080-exec-1] [32mTRACE[0;39m org.hibernate.orm.jdbc.bind          [df63aaaf3b2a43fe95f46c672b1bb1f5 | GET | /api/binaryContents/cc92f782-66b9-453e-984c-1f7cbcd11370] - binding parameter (1:UUID) <- [cc92f782-66b9-453e-984c-1f7cbcd11370]
26-05-15 10:31:50.046 [http-nio-8080-exec-5] [32mDEBUG[0;39m c.s.m.d.config.MDCLoggingInterceptor [237e6a76c20c47db8e4c9f75ceefd232 | GET | /api/binaryContents/97ca87ce-122f-4d86-8c20-b1faa66dade6] - Request completed
26-05-15 10:31:50.048 [http-nio-8080-exec-2] [32mINFO [0;39m c.s.m.d.s.b.BasicBinaryContentService [845c4a536efa4c4d8e943d9a85d75cd0 | GET | /api/binaryContents/cc92f782-66b9-453e-984c-1f7cbcd11370/download] - 바이너리 컨텐츠 조회 완료: id=cc92f782-66b9-453e-984c-1f7cbcd11370, fileName=0e015653-fa4c-4d34-9770-f78bd6dd85bd.jpg
26-05-15 10:31:50.049 [http-nio-8080-exec-1] [32mINFO [0;39m c.s.m.d.s.b.BasicBinaryContentService [df63aaaf3b2a43fe95f46c672b1bb1f5 | GET | /api/binaryContents/cc92f782-66b9-453e-984c-1f7cbcd11370] - 바이너리 컨텐츠 조회 완료: id=cc92f782-66b9-453e-984c-1f7cbcd11370, fileName=0e015653-fa4c-4d34-9770-f78bd6dd85bd.jpg
26-05-15 10:31:50.050 [http-nio-8080-exec-9] [32mDEBUG[0;39m c.s.m.d.config.MDCLoggingInterceptor [283d9d29960640899d99c1e2b4091fee | GET | /api/binaryContents/6ae6049b-b522-4c13-857f-6589dec909f3] - Request started
26-05-15 10:31:50.050 [http-nio-8080-exec-1] [32mDEBUG[0;39m c.s.m.d.c.BinaryContentController    [df63aaaf3b2a43fe95f46c672b1bb1f5 | GET | /api/binaryContents/cc92f782-66b9-453e-984c-1f7cbcd11370] - 바이너리 컨텐츠 조회 응답: BinaryContentDto[id=cc92f782-66b9-453e-984c-1f7cbcd11370, fileName=0e015653-fa4c-4d34-9770-f78bd6dd85bd.jpg, size=297503, contentType=image/jpeg]
26-05-15 10:31:50.050 [http-nio-8080-exec-9] [32mINFO [0;39m c.s.m.d.c.BinaryContentController    [283d9d29960640899d99c1e2b4091fee | GET | /api/binaryContents/6ae6049b-b522-4c13-857f-6589dec909f3] - 바이너리 컨텐츠 조회 요청: id=6ae6049b-b522-4c13-857f-6589dec909f3
26-05-15 10:31:50.050 [http-nio-8080-exec-9] [32mDEBUG[0;39m c.s.m.d.s.b.BasicBinaryContentService [283d9d29960640899d99c1e2b4091fee | GET | /api/binaryContents/6ae6049b-b522-4c13-857f-6589dec909f3] - 바이너리 컨텐츠 조회 시작: id=6ae6049b-b522-4c13-857f-6589dec909f3
26-05-15 10:31:50.051 [http-nio-8080-exec-1] [32mDEBUG[0;39m c.s.m.d.config.MDCLoggingInterceptor [df63aaaf3b2a43fe95f46c672b1bb1f5 | GET | /api/binaryContents/cc92f782-66b9-453e-984c-1f7cbcd11370] - Request completed
26-05-15 10:31:50.051 [http-nio-8080-exec-8] [32mINFO [0;39m c.s.m.d.s.b.BasicBinaryContentService [a566207515ff4545b75017d982716e64 | GET | /api/binaryContents/ab4f6206-5a4b-4062-bf7c-b58569724fe3] - 바이너리 컨텐츠 조회 완료: id=ab4f6206-5a4b-4062-bf7c-b58569724fe3, fileName=Monaco GP 2025 Desktop Wallpaper 1.jpg
26-05-15 10:31:50.051 [http-nio-8080-exec-4] [32mDEBUG[0;39m c.s.m.d.config.MDCLoggingInterceptor [cc3490d420654b4eb7087f4c5f510c48 | GET | /api/binaryContents/97ca87ce-122f-4d86-8c20-b1faa66dade6] - Request started
26-05-15 10:31:50.051 [http-nio-8080-exec-8] [32mDEBUG[0;39m c.s.m.d.c.BinaryContentController    [a566207515ff4545b75017d982716e64 | GET | /api/binaryContents/ab4f6206-5a4b-4062-bf7c-b58569724fe3] - 바이너리 컨텐츠 조회 응답: BinaryContentDto[id=ab4f6206-5a4b-4062-bf7c-b58569724fe3, fileName=Monaco GP 2025 Desktop Wallpaper 1.jpg, size=3234766, contentType=image/jpeg]
26-05-15 10:31:50.052 [http-nio-8080-exec-9] [32mDEBUG[0;39m org.hibernate.SQL                    [283d9d29960640899d99c1e2b4091fee | GET | /api/binaryContents/6ae6049b-b522-4c13-857f-6589dec909f3] - 
    select
        bc1_0.id,
        bc1_0.content_type,
        bc1_0.created_at,
        bc1_0.file_name,
        bc1_0.size 
    from
        binary_contents bc1_0 
    where
        bc1_0.id=?
26-05-15 10:31:50.052 [http-nio-8080-exec-4] [32mINFO [0;39m c.s.m.d.c.BinaryContentController    [cc3490d420654b4eb7087f4c5f510c48 | GET | /api/binaryContents/97ca87ce-122f-4d86-8c20-b1faa66dade6] - 바이너리 컨텐츠 조회 요청: id=97ca87ce-122f-4d86-8c20-b1faa66dade6
26-05-15 10:31:50.052 [http-nio-8080-exec-9] [32mTRACE[0;39m org.hibernate.orm.jdbc.bind          [283d9d29960640899d99c1e2b4091fee | GET | /api/binaryContents/6ae6049b-b522-4c13-857f-6589dec909f3] - binding parameter (1:UUID) <- [6ae6049b-b522-4c13-857f-6589dec909f3]
26-05-15 10:31:50.052 [http-nio-8080-exec-4] [32mDEBUG[0;39m c.s.m.d.s.b.BasicBinaryContentService [cc3490d420654b4eb7087f4c5f510c48 | GET | /api/binaryContents/97ca87ce-122f-4d86-8c20-b1faa66dade6] - 바이너리 컨텐츠 조회 시작: id=97ca87ce-122f-4d86-8c20-b1faa66dade6
26-05-15 10:31:50.052 [http-nio-8080-exec-8] [32mDEBUG[0;39m c.s.m.d.config.MDCLoggingInterceptor [a566207515ff4545b75017d982716e64 | GET | /api/binaryContents/ab4f6206-5a4b-4062-bf7c-b58569724fe3] - Request completed
26-05-15 10:31:50.053 [http-nio-8080-exec-4] [32mDEBUG[0;39m org.hibernate.SQL                    [cc3490d420654b4eb7087f4c5f510c48 | GET | /api/binaryContents/97ca87ce-122f-4d86-8c20-b1faa66dade6] - 
    select
        bc1_0.id,
        bc1_0.content_type,
        bc1_0.created_at,
        bc1_0.file_name,
        bc1_0.size 
    from
        binary_contents bc1_0 
    where
        bc1_0.id=?
26-05-15 10:31:50.054 [http-nio-8080-exec-4] [32mTRACE[0;39m org.hibernate.orm.jdbc.bind          [cc3490d420654b4eb7087f4c5f510c48 | GET | /api/binaryContents/97ca87ce-122f-4d86-8c20-b1faa66dade6] - binding parameter (1:UUID) <- [97ca87ce-122f-4d86-8c20-b1faa66dade6]
26-05-15 10:31:50.055 [http-nio-8080-exec-9] [32mINFO [0;39m c.s.m.d.s.b.BasicBinaryContentService [283d9d29960640899d99c1e2b4091fee | GET | /api/binaryContents/6ae6049b-b522-4c13-857f-6589dec909f3] - 바이너리 컨텐츠 조회 완료: id=6ae6049b-b522-4c13-857f-6589dec909f3, fileName=Australian GP 2025 Desktop Wallpaper 3.jpg
26-05-15 10:31:50.056 [http-nio-8080-exec-9] [32mDEBUG[0;39m c.s.m.d.c.BinaryContentController    [283d9d29960640899d99c1e2b4091fee | GET | /api/binaryContents/6ae6049b-b522-4c13-857f-6589dec909f3] - 바이너리 컨텐츠 조회 응답: BinaryContentDto[id=6ae6049b-b522-4c13-857f-6589dec909f3, fileName=Australian GP 2025 Desktop Wallpaper 3.jpg, size=2898389, contentType=image/jpeg]
26-05-15 10:31:50.057 [http-nio-8080-exec-9] [32mDEBUG[0;39m c.s.m.d.config.MDCLoggingInterceptor [283d9d29960640899d99c1e2b4091fee | GET | /api/binaryContents/6ae6049b-b522-4c13-857f-6589dec909f3] - Request completed
26-05-15 10:31:50.057 [http-nio-8080-exec-4] [32mINFO [0;39m c.s.m.d.s.b.BasicBinaryContentService [cc3490d420654b4eb7087f4c5f510c48 | GET | /api/binaryContents/97ca87ce-122f-4d86-8c20-b1faa66dade6] - 바이너리 컨텐츠 조회 완료: id=97ca87ce-122f-4d86-8c20-b1faa66dade6, fileName=F677_still_02_v11_169.avif
26-05-15 10:31:50.058 [http-nio-8080-exec-4] [32mDEBUG[0;39m c.s.m.d.c.BinaryContentController    [cc3490d420654b4eb7087f4c5f510c48 | GET | /api/binaryContents/97ca87ce-122f-4d86-8c20-b1faa66dade6] - 바이너리 컨텐츠 조회 응답: BinaryContentDto[id=97ca87ce-122f-4d86-8c20-b1faa66dade6, fileName=F677_still_02_v11_169.avif, size=165353, contentType=image/avif]
26-05-15 10:31:50.058 [http-nio-8080-exec-7] [32mDEBUG[0;39m c.s.m.d.config.MDCLoggingInterceptor [6c0752f1e311463ba40b549f152a4ce8 | GET | /api/binaryContents/ab4f6206-5a4b-4062-bf7c-b58569724fe3] - Request started
26-05-15 10:31:50.059 [http-nio-8080-exec-7] [32mINFO [0;39m c.s.m.d.c.BinaryContentController    [6c0752f1e311463ba40b549f152a4ce8 | GET | /api/binaryContents/ab4f6206-5a4b-4062-bf7c-b58569724fe3] - 바이너리 컨텐츠 조회 요청: id=ab4f6206-5a4b-4062-bf7c-b58569724fe3
26-05-15 10:31:50.059 [http-nio-8080-exec-7] [32mDEBUG[0;39m c.s.m.d.s.b.BasicBinaryContentService [6c0752f1e311463ba40b549f152a4ce8 | GET | /api/binaryContents/ab4f6206-5a4b-4062-bf7c-b58569724fe3] - 바이너리 컨텐츠 조회 시작: id=ab4f6206-5a4b-4062-bf7c-b58569724fe3
26-05-15 10:31:50.059 [http-nio-8080-exec-4] [32mDEBUG[0;39m c.s.m.d.config.MDCLoggingInterceptor [cc3490d420654b4eb7087f4c5f510c48 | GET | /api/binaryContents/97ca87ce-122f-4d86-8c20-b1faa66dade6] - Request completed
26-05-15 10:31:50.060 [http-nio-8080-exec-7] [32mDEBUG[0;39m org.hibernate.SQL                    [6c0752f1e311463ba40b549f152a4ce8 | GET | /api/binaryContents/ab4f6206-5a4b-4062-bf7c-b58569724fe3] - 
    select
        bc1_0.id,
        bc1_0.content_type,
        bc1_0.created_at,
        bc1_0.file_name,
        bc1_0.size 
    from
        binary_contents bc1_0 
    where
        bc1_0.id=?
26-05-15 10:31:50.060 [http-nio-8080-exec-7] [32mTRACE[0;39m org.hibernate.orm.jdbc.bind          [6c0752f1e311463ba40b549f152a4ce8 | GET | /api/binaryContents/ab4f6206-5a4b-4062-bf7c-b58569724fe3] - binding parameter (1:UUID) <- [ab4f6206-5a4b-4062-bf7c-b58569724fe3]
26-05-15 10:31:50.062 [http-nio-8080-exec-10] [32mDEBUG[0;39m c.s.m.d.config.MDCLoggingInterceptor [bf94930812634ce2ab22d8fefa72100e | GET | /api/binaryContents/6ae6049b-b522-4c13-857f-6589dec909f3] - Request started
26-05-15 10:31:50.063 [http-nio-8080-exec-10] [32mINFO [0;39m c.s.m.d.c.BinaryContentController    [bf94930812634ce2ab22d8fefa72100e | GET | /api/binaryContents/6ae6049b-b522-4c13-857f-6589dec909f3] - 바이너리 컨텐츠 조회 요청: id=6ae6049b-b522-4c13-857f-6589dec909f3
26-05-15 10:31:50.063 [http-nio-8080-exec-10] [32mDEBUG[0;39m c.s.m.d.s.b.BasicBinaryContentService [bf94930812634ce2ab22d8fefa72100e | GET | /api/binaryContents/6ae6049b-b522-4c13-857f-6589dec909f3] - 바이너리 컨텐츠 조회 시작: id=6ae6049b-b522-4c13-857f-6589dec909f3
26-05-15 10:31:50.064 [http-nio-8080-exec-7] [32mINFO [0;39m c.s.m.d.s.b.BasicBinaryContentService [6c0752f1e311463ba40b549f152a4ce8 | GET | /api/binaryContents/ab4f6206-5a4b-4062-bf7c-b58569724fe3] - 바이너리 컨텐츠 조회 완료: id=ab4f6206-5a4b-4062-bf7c-b58569724fe3, fileName=Monaco GP 2025 Desktop Wallpaper 1.jpg
26-05-15 10:31:50.064 [http-nio-8080-exec-7] [32mDEBUG[0;39m c.s.m.d.c.BinaryContentController    [6c0752f1e311463ba40b549f152a4ce8 | GET | /api/binaryContents/ab4f6206-5a4b-4062-bf7c-b58569724fe3] - 바이너리 컨텐츠 조회 응답: BinaryContentDto[id=ab4f6206-5a4b-4062-bf7c-b58569724fe3, fileName=Monaco GP 2025 Desktop Wallpaper 1.jpg, size=3234766, contentType=image/jpeg]
26-05-15 10:31:50.064 [http-nio-8080-exec-10] [32mDEBUG[0;39m org.hibernate.SQL                    [bf94930812634ce2ab22d8fefa72100e | GET | /api/binaryContents/6ae6049b-b522-4c13-857f-6589dec909f3] - 
    select
        bc1_0.id,
        bc1_0.content_type,
        bc1_0.created_at,
        bc1_0.file_name,
        bc1_0.size 
    from
        binary_contents bc1_0 
    where
        bc1_0.id=?
26-05-15 10:31:50.065 [http-nio-8080-exec-10] [32mTRACE[0;39m org.hibernate.orm.jdbc.bind          [bf94930812634ce2ab22d8fefa72100e | GET | /api/binaryContents/6ae6049b-b522-4c13-857f-6589dec909f3] - binding parameter (1:UUID) <- [6ae6049b-b522-4c13-857f-6589dec909f3]
26-05-15 10:31:50.065 [http-nio-8080-exec-7] [32mDEBUG[0;39m c.s.m.d.config.MDCLoggingInterceptor [6c0752f1e311463ba40b549f152a4ce8 | GET | /api/binaryContents/ab4f6206-5a4b-4062-bf7c-b58569724fe3] - Request completed
26-05-15 10:31:50.067 [http-nio-8080-exec-10] [32mINFO [0;39m c.s.m.d.s.b.BasicBinaryContentService [bf94930812634ce2ab22d8fefa72100e | GET | /api/binaryContents/6ae6049b-b522-4c13-857f-6589dec909f3] - 바이너리 컨텐츠 조회 완료: id=6ae6049b-b522-4c13-857f-6589dec909f3, fileName=Australian GP 2025 Desktop Wallpaper 3.jpg
26-05-15 10:31:50.067 [http-nio-8080-exec-10] [32mDEBUG[0;39m c.s.m.d.c.BinaryContentController    [bf94930812634ce2ab22d8fefa72100e | GET | /api/binaryContents/6ae6049b-b522-4c13-857f-6589dec909f3] - 바이너리 컨텐츠 조회 응답: BinaryContentDto[id=6ae6049b-b522-4c13-857f-6589dec909f3, fileName=Australian GP 2025 Desktop Wallpaper 3.jpg, size=2898389, contentType=image/jpeg]
26-05-15 10:31:50.069 [http-nio-8080-exec-10] [32mDEBUG[0;39m c.s.m.d.config.MDCLoggingInterceptor [bf94930812634ce2ab22d8fefa72100e | GET | /api/binaryContents/6ae6049b-b522-4c13-857f-6589dec909f3] - Request completed
26-05-15 10:31:50.069 [http-nio-8080-exec-6] [32mDEBUG[0;39m c.s.m.d.config.MDCLoggingInterceptor [eacfaab367c64aa6996fd2b2fdfd2213 | GET | /api/binaryContents/ab4f6206-5a4b-4062-bf7c-b58569724fe3] - Request started
26-05-15 10:31:50.069 [http-nio-8080-exec-6] [32mINFO [0;39m c.s.m.d.c.BinaryContentController    [eacfaab367c64aa6996fd2b2fdfd2213 | GET | /api/binaryContents/ab4f6206-5a4b-4062-bf7c-b58569724fe3] - 바이너리 컨텐츠 조회 요청: id=ab4f6206-5a4b-4062-bf7c-b58569724fe3
26-05-15 10:31:50.070 [http-nio-8080-exec-6] [32mDEBUG[0;39m c.s.m.d.s.b.BasicBinaryContentService [eacfaab367c64aa6996fd2b2fdfd2213 | GET | /api/binaryContents/ab4f6206-5a4b-4062-bf7c-b58569724fe3] - 바이너리 컨텐츠 조회 시작: id=ab4f6206-5a4b-4062-bf7c-b58569724fe3
26-05-15 10:31:50.070 [http-nio-8080-exec-5] [32mDEBUG[0;39m c.s.m.d.config.MDCLoggingInterceptor [adb098016cc547df967d3673ae6655e3 | GET | /api/binaryContents/97ca87ce-122f-4d86-8c20-b1faa66dade6/download] - Request started
26-05-15 10:31:50.070 [http-nio-8080-exec-5] [32mINFO [0;39m c.s.m.d.c.BinaryContentController    [adb098016cc547df967d3673ae6655e3 | GET | /api/binaryContents/97ca87ce-122f-4d86-8c20-b1faa66dade6/download] - 바이너리 컨텐츠 다운로드 요청: id=97ca87ce-122f-4d86-8c20-b1faa66dade6
26-05-15 10:31:50.071 [http-nio-8080-exec-5] [32mDEBUG[0;39m c.s.m.d.s.b.BasicBinaryContentService [adb098016cc547df967d3673ae6655e3 | GET | /api/binaryContents/97ca87ce-122f-4d86-8c20-b1faa66dade6/download] - 바이너리 컨텐츠 조회 시작: id=97ca87ce-122f-4d86-8c20-b1faa66dade6
26-05-15 10:31:50.072 [http-nio-8080-exec-6] [32mDEBUG[0;39m org.hibernate.SQL                    [eacfaab367c64aa6996fd2b2fdfd2213 | GET | /api/binaryContents/ab4f6206-5a4b-4062-bf7c-b58569724fe3] - 
    select
        bc1_0.id,
        bc1_0.content_type,
        bc1_0.created_at,
        bc1_0.file_name,
        bc1_0.size 
    from
        binary_contents bc1_0 
    where
        bc1_0.id=?
26-05-15 10:31:50.072 [http-nio-8080-exec-6] [32mTRACE[0;39m org.hibernate.orm.jdbc.bind          [eacfaab367c64aa6996fd2b2fdfd2213 | GET | /api/binaryContents/ab4f6206-5a4b-4062-bf7c-b58569724fe3] - binding parameter (1:UUID) <- [ab4f6206-5a4b-4062-bf7c-b58569724fe3]
26-05-15 10:31:50.072 [http-nio-8080-exec-1] [32mDEBUG[0;39m c.s.m.d.config.MDCLoggingInterceptor [15280b843ddb49a59233d7f09f3f9745 | GET | /api/binaryContents/6ae6049b-b522-4c13-857f-6589dec909f3] - Request started
26-05-15 10:31:50.073 [http-nio-8080-exec-5] [32mDEBUG[0;39m org.hibernate.SQL                    [adb098016cc547df967d3673ae6655e3 | GET | /api/binaryContents/97ca87ce-122f-4d86-8c20-b1faa66dade6/download] - 
    select
        bc1_0.id,
        bc1_0.content_type,
        bc1_0.created_at,
        bc1_0.file_name,
        bc1_0.size 
    from
        binary_contents bc1_0 
    where
        bc1_0.id=?
26-05-15 10:31:50.073 [http-nio-8080-exec-5] [32mTRACE[0;39m org.hibernate.orm.jdbc.bind          [adb098016cc547df967d3673ae6655e3 | GET | /api/binaryContents/97ca87ce-122f-4d86-8c20-b1faa66dade6/download] - binding parameter (1:UUID) <- [97ca87ce-122f-4d86-8c20-b1faa66dade6]
26-05-15 10:31:50.073 [http-nio-8080-exec-1] [32mINFO [0;39m c.s.m.d.c.BinaryContentController    [15280b843ddb49a59233d7f09f3f9745 | GET | /api/binaryContents/6ae6049b-b522-4c13-857f-6589dec909f3] - 바이너리 컨텐츠 조회 요청: id=6ae6049b-b522-4c13-857f-6589dec909f3
26-05-15 10:31:50.073 [http-nio-8080-exec-1] [32mDEBUG[0;39m c.s.m.d.s.b.BasicBinaryContentService [15280b843ddb49a59233d7f09f3f9745 | GET | /api/binaryContents/6ae6049b-b522-4c13-857f-6589dec909f3] - 바이너리 컨텐츠 조회 시작: id=6ae6049b-b522-4c13-857f-6589dec909f3
26-05-15 10:31:50.074 [http-nio-8080-exec-8] [32mDEBUG[0;39m c.s.m.d.config.MDCLoggingInterceptor [cf8aadcb3182434796c93ccb6e56c14c | GET | /api/binaryContents/ab4f6206-5a4b-4062-bf7c-b58569724fe3/download] - Request started
26-05-15 10:31:50.074 [http-nio-8080-exec-6] [32mINFO [0;39m c.s.m.d.s.b.BasicBinaryContentService [eacfaab367c64aa6996fd2b2fdfd2213 | GET | /api/binaryContents/ab4f6206-5a4b-4062-bf7c-b58569724fe3] - 바이너리 컨텐츠 조회 완료: id=ab4f6206-5a4b-4062-bf7c-b58569724fe3, fileName=Monaco GP 2025 Desktop Wallpaper 1.jpg
26-05-15 10:31:50.074 [http-nio-8080-exec-1] [32mDEBUG[0;39m org.hibernate.SQL                    [15280b843ddb49a59233d7f09f3f9745 | GET | /api/binaryContents/6ae6049b-b522-4c13-857f-6589dec909f3] - 
    select
        bc1_0.id,
        bc1_0.content_type,
        bc1_0.created_at,
        bc1_0.file_name,
        bc1_0.size 
    from
        binary_contents bc1_0 
    where
        bc1_0.id=?
26-05-15 10:31:50.074 [http-nio-8080-exec-6] [32mDEBUG[0;39m c.s.m.d.c.BinaryContentController    [eacfaab367c64aa6996fd2b2fdfd2213 | GET | /api/binaryContents/ab4f6206-5a4b-4062-bf7c-b58569724fe3] - 바이너리 컨텐츠 조회 응답: BinaryContentDto[id=ab4f6206-5a4b-4062-bf7c-b58569724fe3, fileName=Monaco GP 2025 Desktop Wallpaper 1.jpg, size=3234766, contentType=image/jpeg]
26-05-15 10:31:50.074 [http-nio-8080-exec-8] [32mINFO [0;39m c.s.m.d.c.BinaryContentController    [cf8aadcb3182434796c93ccb6e56c14c | GET | /api/binaryContents/ab4f6206-5a4b-4062-bf7c-b58569724fe3/download] - 바이너리 컨텐츠 다운로드 요청: id=ab4f6206-5a4b-4062-bf7c-b58569724fe3
26-05-15 10:31:50.075 [http-nio-8080-exec-1] [32mTRACE[0;39m org.hibernate.orm.jdbc.bind          [15280b843ddb49a59233d7f09f3f9745 | GET | /api/binaryContents/6ae6049b-b522-4c13-857f-6589dec909f3] - binding parameter (1:UUID) <- [6ae6049b-b522-4c13-857f-6589dec909f3]
26-05-15 10:31:50.075 [http-nio-8080-exec-8] [32mDEBUG[0;39m c.s.m.d.s.b.BasicBinaryContentService [cf8aadcb3182434796c93ccb6e56c14c | GET | /api/binaryContents/ab4f6206-5a4b-4062-bf7c-b58569724fe3/download] - 바이너리 컨텐츠 조회 시작: id=ab4f6206-5a4b-4062-bf7c-b58569724fe3
26-05-15 10:31:50.075 [http-nio-8080-exec-5] [32mINFO [0;39m c.s.m.d.s.b.BasicBinaryContentService [adb098016cc547df967d3673ae6655e3 | GET | /api/binaryContents/97ca87ce-122f-4d86-8c20-b1faa66dade6/download] - 바이너리 컨텐츠 조회 완료: id=97ca87ce-122f-4d86-8c20-b1faa66dade6, fileName=F677_still_02_v11_169.avif
26-05-15 10:31:50.075 [http-nio-8080-exec-8] [32mDEBUG[0;39m org.hibernate.SQL                    [cf8aadcb3182434796c93ccb6e56c14c | GET | /api/binaryContents/ab4f6206-5a4b-4062-bf7c-b58569724fe3/download] - 
    select
        bc1_0.id,
        bc1_0.content_type,
        bc1_0.created_at,
        bc1_0.file_name,
        bc1_0.size 
    from
        binary_contents bc1_0 
    where
        bc1_0.id=?
26-05-15 10:31:50.076 [http-nio-8080-exec-8] [32mTRACE[0;39m org.hibernate.orm.jdbc.bind          [cf8aadcb3182434796c93ccb6e56c14c | GET | /api/binaryContents/ab4f6206-5a4b-4062-bf7c-b58569724fe3/download] - binding parameter (1:UUID) <- [ab4f6206-5a4b-4062-bf7c-b58569724fe3]
26-05-15 10:31:50.076 [http-nio-8080-exec-6] [32mDEBUG[0;39m c.s.m.d.config.MDCLoggingInterceptor [eacfaab367c64aa6996fd2b2fdfd2213 | GET | /api/binaryContents/ab4f6206-5a4b-4062-bf7c-b58569724fe3] - Request completed
26-05-15 10:31:50.076 [http-nio-8080-exec-1] [32mINFO [0;39m c.s.m.d.s.b.BasicBinaryContentService [15280b843ddb49a59233d7f09f3f9745 | GET | /api/binaryContents/6ae6049b-b522-4c13-857f-6589dec909f3] - 바이너리 컨텐츠 조회 완료: id=6ae6049b-b522-4c13-857f-6589dec909f3, fileName=Australian GP 2025 Desktop Wallpaper 3.jpg
26-05-15 10:31:50.077 [http-nio-8080-exec-1] [32mDEBUG[0;39m c.s.m.d.c.BinaryContentController    [15280b843ddb49a59233d7f09f3f9745 | GET | /api/binaryContents/6ae6049b-b522-4c13-857f-6589dec909f3] - 바이너리 컨텐츠 조회 응답: BinaryContentDto[id=6ae6049b-b522-4c13-857f-6589dec909f3, fileName=Australian GP 2025 Desktop Wallpaper 3.jpg, size=2898389, contentType=image/jpeg]
26-05-15 10:31:50.077 [http-nio-8080-exec-8] [32mINFO [0;39m c.s.m.d.s.b.BasicBinaryContentService [cf8aadcb3182434796c93ccb6e56c14c | GET | /api/binaryContents/ab4f6206-5a4b-4062-bf7c-b58569724fe3/download] - 바이너리 컨텐츠 조회 완료: id=ab4f6206-5a4b-4062-bf7c-b58569724fe3, fileName=Monaco GP 2025 Desktop Wallpaper 1.jpg
26-05-15 10:31:50.078 [http-nio-8080-exec-1] [32mDEBUG[0;39m c.s.m.d.config.MDCLoggingInterceptor [15280b843ddb49a59233d7f09f3f9745 | GET | /api/binaryContents/6ae6049b-b522-4c13-857f-6589dec909f3] - Request completed
26-05-15 10:31:50.080 [http-nio-8080-exec-9] [32mDEBUG[0;39m c.s.m.d.config.MDCLoggingInterceptor [23f20b847b764e1fa21a277472611e3a | GET | /api/binaryContents/6ae6049b-b522-4c13-857f-6589dec909f3/download] - Request started
26-05-15 10:31:50.082 [http-nio-8080-exec-9] [32mINFO [0;39m c.s.m.d.c.BinaryContentController    [23f20b847b764e1fa21a277472611e3a | GET | /api/binaryContents/6ae6049b-b522-4c13-857f-6589dec909f3/download] - 바이너리 컨텐츠 다운로드 요청: id=6ae6049b-b522-4c13-857f-6589dec909f3
26-05-15 10:31:50.082 [http-nio-8080-exec-9] [32mDEBUG[0;39m c.s.m.d.s.b.BasicBinaryContentService [23f20b847b764e1fa21a277472611e3a | GET | /api/binaryContents/6ae6049b-b522-4c13-857f-6589dec909f3/download] - 바이너리 컨텐츠 조회 시작: id=6ae6049b-b522-4c13-857f-6589dec909f3
26-05-15 10:31:50.083 [http-nio-8080-exec-9] [32mDEBUG[0;39m org.hibernate.SQL                    [23f20b847b764e1fa21a277472611e3a | GET | /api/binaryContents/6ae6049b-b522-4c13-857f-6589dec909f3/download] - 
    select
        bc1_0.id,
        bc1_0.content_type,
        bc1_0.created_at,
        bc1_0.file_name,
        bc1_0.size 
    from
        binary_contents bc1_0 
    where
        bc1_0.id=?
26-05-15 10:31:50.083 [http-nio-8080-exec-9] [32mTRACE[0;39m org.hibernate.orm.jdbc.bind          [23f20b847b764e1fa21a277472611e3a | GET | /api/binaryContents/6ae6049b-b522-4c13-857f-6589dec909f3/download] - binding parameter (1:UUID) <- [6ae6049b-b522-4c13-857f-6589dec909f3]
26-05-15 10:31:50.086 [http-nio-8080-exec-9] [32mINFO [0;39m c.s.m.d.s.b.BasicBinaryContentService [23f20b847b764e1fa21a277472611e3a | GET | /api/binaryContents/6ae6049b-b522-4c13-857f-6589dec909f3/download] - 바이너리 컨텐츠 조회 완료: id=6ae6049b-b522-4c13-857f-6589dec909f3, fileName=Australian GP 2025 Desktop Wallpaper 3.jpg
26-05-15 10:31:51.148 [http-nio-8080-exec-2] [32mINFO [0;39m c.s.m.d.s.s3.S3BinaryContentStorage  [845c4a536efa4c4d8e943d9a85d75cd0 | GET | /api/binaryContents/cc92f782-66b9-453e-984c-1f7cbcd11370/download] - 생성된 Presigned URL: https://discodeit-binary-content-storage-choi.s3.ap-northeast-2.amazonaws.com/cc92f782-66b9-453e-984c-1f7cbcd11370?response-content-type=image%2Fjpeg&X-Amz-Algorithm=AWS4-HMAC-SHA256&X-Amz-Date=20260515T013150Z&X-Amz-SignedHeaders=host&X-Amz-Credential=AKIAVASZYED2GEKDG7DC%2F20260515%2Fap-northeast-2%2Fs3%2Faws4_request&X-Amz-Expires=600&X-Amz-Signature=332e51cf54f3c31b023960948b4119bda9701029ffa58cb5d7690da448c3d9e7
26-05-15 10:31:51.148 [http-nio-8080-exec-5] [32mINFO [0;39m c.s.m.d.s.s3.S3BinaryContentStorage  [adb098016cc547df967d3673ae6655e3 | GET | /api/binaryContents/97ca87ce-122f-4d86-8c20-b1faa66dade6/download] - 생성된 Presigned URL: https://discodeit-binary-content-storage-choi.s3.ap-northeast-2.amazonaws.com/97ca87ce-122f-4d86-8c20-b1faa66dade6?response-content-type=image%2Favif&X-Amz-Algorithm=AWS4-HMAC-SHA256&X-Amz-Date=20260515T013150Z&X-Amz-SignedHeaders=host&X-Amz-Credential=AKIAVASZYED2GEKDG7DC%2F20260515%2Fap-northeast-2%2Fs3%2Faws4_request&X-Amz-Expires=600&X-Amz-Signature=d2168d2844906e4b9127a0441509e77457b3b667c6a956cde8e9ec27f9c00459
26-05-15 10:31:51.148 [http-nio-8080-exec-9] [32mINFO [0;39m c.s.m.d.s.s3.S3BinaryContentStorage  [23f20b847b764e1fa21a277472611e3a | GET | /api/binaryContents/6ae6049b-b522-4c13-857f-6589dec909f3/download] - 생성된 Presigned URL: https://discodeit-binary-content-storage-choi.s3.ap-northeast-2.amazonaws.com/6ae6049b-b522-4c13-857f-6589dec909f3?response-content-type=image%2Fjpeg&X-Amz-Algorithm=AWS4-HMAC-SHA256&X-Amz-Date=20260515T013150Z&X-Amz-SignedHeaders=host&X-Amz-Credential=AKIAVASZYED2GEKDG7DC%2F20260515%2Fap-northeast-2%2Fs3%2Faws4_request&X-Amz-Expires=600&X-Amz-Signature=1874d1951b75b9c058691240e15852340ca3768c417484de9d903c11f279e5eb
26-05-15 10:31:51.148 [http-nio-8080-exec-8] [32mINFO [0;39m c.s.m.d.s.s3.S3BinaryContentStorage  [cf8aadcb3182434796c93ccb6e56c14c | GET | /api/binaryContents/ab4f6206-5a4b-4062-bf7c-b58569724fe3/download] - 생성된 Presigned URL: https://discodeit-binary-content-storage-choi.s3.ap-northeast-2.amazonaws.com/ab4f6206-5a4b-4062-bf7c-b58569724fe3?response-content-type=image%2Fjpeg&X-Amz-Algorithm=AWS4-HMAC-SHA256&X-Amz-Date=20260515T013150Z&X-Amz-SignedHeaders=host&X-Amz-Credential=AKIAVASZYED2GEKDG7DC%2F20260515%2Fap-northeast-2%2Fs3%2Faws4_request&X-Amz-Expires=600&X-Amz-Signature=f3a1ff13fb330417fc6bd18552299b0234eb33e21e0eb6229f29f8cfee562451
26-05-15 10:31:51.148 [http-nio-8080-exec-9] [32mDEBUG[0;39m c.s.m.d.c.BinaryContentController    [23f20b847b764e1fa21a277472611e3a | GET | /api/binaryContents/6ae6049b-b522-4c13-857f-6589dec909f3/download] - 바이너리 컨텐츠 다운로드 응답: contentType=null, contentLength=-1
26-05-15 10:31:51.148 [http-nio-8080-exec-3] [32mINFO [0;39m c.s.m.d.s.s3.S3BinaryContentStorage  [c9b6d05196654df2bcdc9847327b7662 | GET | /api/binaryContents/1b11ce4a-6a4b-4028-afc8-40b74097d13a/download] - 생성된 Presigned URL: https://discodeit-binary-content-storage-choi.s3.ap-northeast-2.amazonaws.com/1b11ce4a-6a4b-4028-afc8-40b74097d13a?response-content-type=image%2Fjpeg&X-Amz-Algorithm=AWS4-HMAC-SHA256&X-Amz-Date=20260515T013150Z&X-Amz-SignedHeaders=host&X-Amz-Credential=AKIAVASZYED2GEKDG7DC%2F20260515%2Fap-northeast-2%2Fs3%2Faws4_request&X-Amz-Expires=600&X-Amz-Signature=5812472ccc7366ccaa6bc0c660fca4042932aa584d3b4eb062f20496d5b391b4
26-05-15 10:31:51.148 [http-nio-8080-exec-5] [32mDEBUG[0;39m c.s.m.d.c.BinaryContentController    [adb098016cc547df967d3673ae6655e3 | GET | /api/binaryContents/97ca87ce-122f-4d86-8c20-b1faa66dade6/download] - 바이너리 컨텐츠 다운로드 응답: contentType=null, contentLength=-1
26-05-15 10:31:51.149 [http-nio-8080-exec-3] [32mDEBUG[0;39m c.s.m.d.c.BinaryContentController    [c9b6d05196654df2bcdc9847327b7662 | GET | /api/binaryContents/1b11ce4a-6a4b-4028-afc8-40b74097d13a/download] - 바이너리 컨텐츠 다운로드 응답: contentType=null, contentLength=-1
26-05-15 10:31:51.148 [http-nio-8080-exec-2] [32mDEBUG[0;39m c.s.m.d.c.BinaryContentController    [845c4a536efa4c4d8e943d9a85d75cd0 | GET | /api/binaryContents/cc92f782-66b9-453e-984c-1f7cbcd11370/download] - 바이너리 컨텐츠 다운로드 응답: contentType=null, contentLength=-1
26-05-15 10:31:51.148 [http-nio-8080-exec-8] [32mDEBUG[0;39m c.s.m.d.c.BinaryContentController    [cf8aadcb3182434796c93ccb6e56c14c | GET | /api/binaryContents/ab4f6206-5a4b-4062-bf7c-b58569724fe3/download] - 바이너리 컨텐츠 다운로드 응답: contentType=null, contentLength=-1
26-05-15 10:31:51.152 [http-nio-8080-exec-2] [32mDEBUG[0;39m c.s.m.d.config.MDCLoggingInterceptor [845c4a536efa4c4d8e943d9a85d75cd0 | GET | /api/binaryContents/cc92f782-66b9-453e-984c-1f7cbcd11370/download] - Request completed
26-05-15 10:31:51.152 [http-nio-8080-exec-8] [32mDEBUG[0;39m c.s.m.d.config.MDCLoggingInterceptor [cf8aadcb3182434796c93ccb6e56c14c | GET | /api/binaryContents/ab4f6206-5a4b-4062-bf7c-b58569724fe3/download] - Request completed
26-05-15 10:31:51.152 [http-nio-8080-exec-9] [32mDEBUG[0;39m c.s.m.d.config.MDCLoggingInterceptor [23f20b847b764e1fa21a277472611e3a | GET | /api/binaryContents/6ae6049b-b522-4c13-857f-6589dec909f3/download] - Request completed
26-05-15 10:31:51.152 [http-nio-8080-exec-3] [32mDEBUG[0;39m c.s.m.d.config.MDCLoggingInterceptor [c9b6d05196654df2bcdc9847327b7662 | GET | /api/binaryContents/1b11ce4a-6a4b-4028-afc8-40b74097d13a/download] - Request completed
26-05-15 10:31:51.152 [http-nio-8080-exec-5] [32mDEBUG[0;39m c.s.m.d.config.MDCLoggingInterceptor [adb098016cc547df967d3673ae6655e3 | GET | /api/binaryContents/97ca87ce-122f-4d86-8c20-b1faa66dade6/download] - Request completed
26-05-15 10:31:52.783 [http-nio-8080-exec-4] [32mDEBUG[0;39m c.s.m.d.config.MDCLoggingInterceptor [93fa42a068c644e38f72f23e0f96b2d4 | GET | /api/channels] - Request started
26-05-15 10:31:52.784 [http-nio-8080-exec-4] [32mINFO [0;39m c.s.m.d.controller.ChannelController [93fa42a068c644e38f72f23e0f96b2d4 | GET | /api/channels] - 사용자별 채널 목록 조회 요청: userId=aba478e0-9386-4424-924f-249335d64694
26-05-15 10:31:52.787 [http-nio-8080-exec-4] [32mDEBUG[0;39m org.hibernate.SQL                    [93fa42a068c644e38f72f23e0f96b2d4 | GET | /api/channels] - 
    select
        rs1_0.id,
        rs1_0.channel_id,
        rs1_0.created_at,
        rs1_0.last_read_at,
        rs1_0.updated_at,
        rs1_0.user_id 
    from
        read_statuses rs1_0 
    where
        rs1_0.user_id=?
26-05-15 10:31:52.788 [http-nio-8080-exec-4] [32mTRACE[0;39m org.hibernate.orm.jdbc.bind          [93fa42a068c644e38f72f23e0f96b2d4 | GET | /api/channels] - binding parameter (1:UUID) <- [aba478e0-9386-4424-924f-249335d64694]
26-05-15 10:31:52.794 [http-nio-8080-exec-4] [32mDEBUG[0;39m org.hibernate.SQL                    [93fa42a068c644e38f72f23e0f96b2d4 | GET | /api/channels] - 
    select
        c1_0.id,
        c1_0.created_at,
        c1_0.description,
        c1_0.name,
        c1_0.type,
        c1_0.updated_at 
    from
        channels c1_0 
    where
        c1_0.type=? 
        or c1_0.id in (?)
26-05-15 10:31:52.795 [http-nio-8080-exec-4] [32mTRACE[0;39m org.hibernate.orm.jdbc.bind          [93fa42a068c644e38f72f23e0f96b2d4 | GET | /api/channels] - binding parameter (1:VARCHAR) <- [PUBLIC]
26-05-15 10:31:52.795 [http-nio-8080-exec-4] [32mTRACE[0;39m org.hibernate.orm.jdbc.bind          [93fa42a068c644e38f72f23e0f96b2d4 | GET | /api/channels] - binding parameter (2:UUID) <- [null]
26-05-15 10:31:52.800 [http-nio-8080-exec-4] [32mDEBUG[0;39m org.hibernate.SQL                    [93fa42a068c644e38f72f23e0f96b2d4 | GET | /api/channels] - 
    select
        m1_0.created_at 
    from
        messages m1_0 
    where
        m1_0.channel_id=? 
    order by
        m1_0.created_at desc 
    fetch
        first 1 rows only
26-05-15 10:31:52.802 [http-nio-8080-exec-4] [32mTRACE[0;39m org.hibernate.orm.jdbc.bind          [93fa42a068c644e38f72f23e0f96b2d4 | GET | /api/channels] - binding parameter (1:UUID) <- [7cdff344-ade9-4175-ad8a-0acaa200aaa4]
26-05-15 10:31:52.806 [http-nio-8080-exec-4] [32mDEBUG[0;39m org.hibernate.SQL                    [93fa42a068c644e38f72f23e0f96b2d4 | GET | /api/channels] - 
    select
        m1_0.created_at 
    from
        messages m1_0 
    where
        m1_0.channel_id=? 
    order by
        m1_0.created_at desc 
    fetch
        first 1 rows only
26-05-15 10:31:52.806 [http-nio-8080-exec-4] [32mTRACE[0;39m org.hibernate.orm.jdbc.bind          [93fa42a068c644e38f72f23e0f96b2d4 | GET | /api/channels] - binding parameter (1:UUID) <- [4c2389f4-ec8c-4a2f-97b8-18350b7aef48]
26-05-15 10:31:52.808 [http-nio-8080-exec-4] [32mDEBUG[0;39m org.hibernate.SQL                    [93fa42a068c644e38f72f23e0f96b2d4 | GET | /api/channels] - 
    select
        m1_0.created_at 
    from
        messages m1_0 
    where
        m1_0.channel_id=? 
    order by
        m1_0.created_at desc 
    fetch
        first 1 rows only
26-05-15 10:31:52.808 [http-nio-8080-exec-4] [32mTRACE[0;39m org.hibernate.orm.jdbc.bind          [93fa42a068c644e38f72f23e0f96b2d4 | GET | /api/channels] - binding parameter (1:UUID) <- [0fb828ec-2cee-497c-8e87-348831a67f03]
26-05-15 10:31:52.811 [http-nio-8080-exec-4] [32mDEBUG[0;39m c.s.m.d.controller.ChannelController [93fa42a068c644e38f72f23e0f96b2d4 | GET | /api/channels] - 사용자별 채널 목록 조회 응답: count=3
26-05-15 10:31:52.813 [http-nio-8080-exec-4] [32mDEBUG[0;39m c.s.m.d.config.MDCLoggingInterceptor [93fa42a068c644e38f72f23e0f96b2d4 | GET | /api/channels] - Request completed
26-05-15 10:31:52.823 [http-nio-8080-exec-7] [32mDEBUG[0;39m c.s.m.d.config.MDCLoggingInterceptor [dfc8267271d742f39d951d2e14e38861 | GET | /api/readStatuses] - Request started
26-05-15 10:31:52.824 [http-nio-8080-exec-7] [32mINFO [0;39m c.s.m.d.c.ReadStatusController       [dfc8267271d742f39d951d2e14e38861 | GET | /api/readStatuses] - 사용자별 읽음 상태 목록 조회 요청: userId=aba478e0-9386-4424-924f-249335d64694
26-05-15 10:31:52.825 [http-nio-8080-exec-7] [32mDEBUG[0;39m c.s.m.d.s.b.BasicReadStatusService   [dfc8267271d742f39d951d2e14e38861 | GET | /api/readStatuses] - 사용자별 읽음 상태 목록 조회 시작: userId=aba478e0-9386-4424-924f-249335d64694
26-05-15 10:31:52.828 [http-nio-8080-exec-7] [32mDEBUG[0;39m org.hibernate.SQL                    [dfc8267271d742f39d951d2e14e38861 | GET | /api/readStatuses] - 
    select
        rs1_0.id,
        rs1_0.channel_id,
        rs1_0.created_at,
        rs1_0.last_read_at,
        rs1_0.updated_at,
        rs1_0.user_id 
    from
        read_statuses rs1_0 
    where
        rs1_0.user_id=?
26-05-15 10:31:52.828 [http-nio-8080-exec-7] [32mTRACE[0;39m org.hibernate.orm.jdbc.bind          [dfc8267271d742f39d951d2e14e38861 | GET | /api/readStatuses] - binding parameter (1:UUID) <- [aba478e0-9386-4424-924f-249335d64694]
26-05-15 10:31:52.834 [http-nio-8080-exec-7] [32mINFO [0;39m c.s.m.d.s.b.BasicReadStatusService   [dfc8267271d742f39d951d2e14e38861 | GET | /api/readStatuses] - 사용자별 읽음 상태 목록 조회 완료: userId=aba478e0-9386-4424-924f-249335d64694, 조회된 항목 수=0
26-05-15 10:31:52.834 [http-nio-8080-exec-7] [32mDEBUG[0;39m c.s.m.d.c.ReadStatusController       [dfc8267271d742f39d951d2e14e38861 | GET | /api/readStatuses] - 사용자별 읽음 상태 목록 조회 응답: count=0
26-05-15 10:31:52.836 [http-nio-8080-exec-7] [32mDEBUG[0;39m c.s.m.d.config.MDCLoggingInterceptor [dfc8267271d742f39d951d2e14e38861 | GET | /api/readStatuses] - Request completed
26-05-15 10:31:55.778 [http-nio-8080-exec-10] [32mDEBUG[0;39m c.s.m.d.config.MDCLoggingInterceptor [cfe1e1d6f5124c0da5dcaad5774aaef2 | GET | /api/channels] - Request started
26-05-15 10:31:55.779 [http-nio-8080-exec-10] [32mINFO [0;39m c.s.m.d.controller.ChannelController [cfe1e1d6f5124c0da5dcaad5774aaef2 | GET | /api/channels] - 사용자별 채널 목록 조회 요청: userId=aba478e0-9386-4424-924f-249335d64694
26-05-15 10:31:55.783 [http-nio-8080-exec-10] [32mDEBUG[0;39m org.hibernate.SQL                    [cfe1e1d6f5124c0da5dcaad5774aaef2 | GET | /api/channels] - 
    select
        rs1_0.id,
        rs1_0.channel_id,
        rs1_0.created_at,
        rs1_0.last_read_at,
        rs1_0.updated_at,
        rs1_0.user_id 
    from
        read_statuses rs1_0 
    where
        rs1_0.user_id=?
26-05-15 10:31:55.783 [http-nio-8080-exec-10] [32mTRACE[0;39m org.hibernate.orm.jdbc.bind          [cfe1e1d6f5124c0da5dcaad5774aaef2 | GET | /api/channels] - binding parameter (1:UUID) <- [aba478e0-9386-4424-924f-249335d64694]
26-05-15 10:31:55.789 [http-nio-8080-exec-10] [32mDEBUG[0;39m org.hibernate.SQL                    [cfe1e1d6f5124c0da5dcaad5774aaef2 | GET | /api/channels] - 
    select
        c1_0.id,
        c1_0.created_at,
        c1_0.description,
        c1_0.name,
        c1_0.type,
        c1_0.updated_at 
    from
        channels c1_0 
    where
        c1_0.type=? 
        or c1_0.id in (?)
26-05-15 10:31:55.790 [http-nio-8080-exec-10] [32mTRACE[0;39m org.hibernate.orm.jdbc.bind          [cfe1e1d6f5124c0da5dcaad5774aaef2 | GET | /api/channels] - binding parameter (1:VARCHAR) <- [PUBLIC]
26-05-15 10:31:55.790 [http-nio-8080-exec-10] [32mTRACE[0;39m org.hibernate.orm.jdbc.bind          [cfe1e1d6f5124c0da5dcaad5774aaef2 | GET | /api/channels] - binding parameter (2:UUID) <- [null]
26-05-15 10:31:55.796 [http-nio-8080-exec-10] [32mDEBUG[0;39m org.hibernate.SQL                    [cfe1e1d6f5124c0da5dcaad5774aaef2 | GET | /api/channels] - 
    select
        m1_0.created_at 
    from
        messages m1_0 
    where
        m1_0.channel_id=? 
    order by
        m1_0.created_at desc 
    fetch
        first 1 rows only
26-05-15 10:31:55.798 [http-nio-8080-exec-10] [32mTRACE[0;39m org.hibernate.orm.jdbc.bind          [cfe1e1d6f5124c0da5dcaad5774aaef2 | GET | /api/channels] - binding parameter (1:UUID) <- [7cdff344-ade9-4175-ad8a-0acaa200aaa4]
26-05-15 10:31:55.801 [http-nio-8080-exec-10] [32mDEBUG[0;39m org.hibernate.SQL                    [cfe1e1d6f5124c0da5dcaad5774aaef2 | GET | /api/channels] - 
    select
        m1_0.created_at 
    from
        messages m1_0 
    where
        m1_0.channel_id=? 
    order by
        m1_0.created_at desc 
    fetch
        first 1 rows only
26-05-15 10:31:55.802 [http-nio-8080-exec-10] [32mTRACE[0;39m org.hibernate.orm.jdbc.bind          [cfe1e1d6f5124c0da5dcaad5774aaef2 | GET | /api/channels] - binding parameter (1:UUID) <- [4c2389f4-ec8c-4a2f-97b8-18350b7aef48]
26-05-15 10:31:55.805 [http-nio-8080-exec-10] [32mDEBUG[0;39m org.hibernate.SQL                    [cfe1e1d6f5124c0da5dcaad5774aaef2 | GET | /api/channels] - 
    select
        m1_0.created_at 
    from
        messages m1_0 
    where
        m1_0.channel_id=? 
    order by
        m1_0.created_at desc 
    fetch
        first 1 rows only
26-05-15 10:31:55.805 [http-nio-8080-exec-10] [32mTRACE[0;39m org.hibernate.orm.jdbc.bind          [cfe1e1d6f5124c0da5dcaad5774aaef2 | GET | /api/channels] - binding parameter (1:UUID) <- [0fb828ec-2cee-497c-8e87-348831a67f03]
26-05-15 10:31:55.807 [http-nio-8080-exec-10] [32mDEBUG[0;39m c.s.m.d.controller.ChannelController [cfe1e1d6f5124c0da5dcaad5774aaef2 | GET | /api/channels] - 사용자별 채널 목록 조회 응답: count=3
26-05-15 10:31:55.808 [http-nio-8080-exec-10] [32mDEBUG[0;39m c.s.m.d.config.MDCLoggingInterceptor [cfe1e1d6f5124c0da5dcaad5774aaef2 | GET | /api/channels] - Request completed
26-05-15 10:31:55.818 [http-nio-8080-exec-6] [32mDEBUG[0;39m c.s.m.d.config.MDCLoggingInterceptor [19b83c909a6346ac9fa8aae0ef298b56 | GET | /api/readStatuses] - Request started
26-05-15 10:31:55.818 [http-nio-8080-exec-6] [32mINFO [0;39m c.s.m.d.c.ReadStatusController       [19b83c909a6346ac9fa8aae0ef298b56 | GET | /api/readStatuses] - 사용자별 읽음 상태 목록 조회 요청: userId=aba478e0-9386-4424-924f-249335d64694
26-05-15 10:31:55.819 [http-nio-8080-exec-6] [32mDEBUG[0;39m c.s.m.d.s.b.BasicReadStatusService   [19b83c909a6346ac9fa8aae0ef298b56 | GET | /api/readStatuses] - 사용자별 읽음 상태 목록 조회 시작: userId=aba478e0-9386-4424-924f-249335d64694
26-05-15 10:31:55.822 [http-nio-8080-exec-6] [32mDEBUG[0;39m org.hibernate.SQL                    [19b83c909a6346ac9fa8aae0ef298b56 | GET | /api/readStatuses] - 
    select
        rs1_0.id,
        rs1_0.channel_id,
        rs1_0.created_at,
        rs1_0.last_read_at,
        rs1_0.updated_at,
        rs1_0.user_id 
    from
        read_statuses rs1_0 
    where
        rs1_0.user_id=?
26-05-15 10:31:55.822 [http-nio-8080-exec-6] [32mTRACE[0;39m org.hibernate.orm.jdbc.bind          [19b83c909a6346ac9fa8aae0ef298b56 | GET | /api/readStatuses] - binding parameter (1:UUID) <- [aba478e0-9386-4424-924f-249335d64694]
26-05-15 10:31:55.824 [http-nio-8080-exec-6] [32mINFO [0;39m c.s.m.d.s.b.BasicReadStatusService   [19b83c909a6346ac9fa8aae0ef298b56 | GET | /api/readStatuses] - 사용자별 읽음 상태 목록 조회 완료: userId=aba478e0-9386-4424-924f-249335d64694, 조회된 항목 수=0
26-05-15 10:31:55.825 [http-nio-8080-exec-6] [32mDEBUG[0;39m c.s.m.d.c.ReadStatusController       [19b83c909a6346ac9fa8aae0ef298b56 | GET | /api/readStatuses] - 사용자별 읽음 상태 목록 조회 응답: count=0
26-05-15 10:31:55.826 [http-nio-8080-exec-6] [32mDEBUG[0;39m c.s.m.d.config.MDCLoggingInterceptor [19b83c909a6346ac9fa8aae0ef298b56 | GET | /api/readStatuses] - Request completed
26-05-15 10:31:58.770 [http-nio-8080-exec-1] [32mDEBUG[0;39m c.s.m.d.config.MDCLoggingInterceptor [6efe1e994482460f9c87f8dff945d0a7 | GET | /api/channels] - Request started
26-05-15 10:31:58.770 [http-nio-8080-exec-1] [32mINFO [0;39m c.s.m.d.controller.ChannelController [6efe1e994482460f9c87f8dff945d0a7 | GET | /api/channels] - 사용자별 채널 목록 조회 요청: userId=aba478e0-9386-4424-924f-249335d64694
26-05-15 10:31:58.774 [http-nio-8080-exec-1] [32mDEBUG[0;39m org.hibernate.SQL                    [6efe1e994482460f9c87f8dff945d0a7 | GET | /api/channels] - 
    select
        rs1_0.id,
        rs1_0.channel_id,
        rs1_0.created_at,
        rs1_0.last_read_at,
        rs1_0.updated_at,
        rs1_0.user_id 
    from
        read_statuses rs1_0 
    where
        rs1_0.user_id=?
26-05-15 10:31:58.774 [http-nio-8080-exec-1] [32mTRACE[0;39m org.hibernate.orm.jdbc.bind          [6efe1e994482460f9c87f8dff945d0a7 | GET | /api/channels] - binding parameter (1:UUID) <- [aba478e0-9386-4424-924f-249335d64694]
26-05-15 10:31:58.778 [http-nio-8080-exec-1] [32mDEBUG[0;39m org.hibernate.SQL                    [6efe1e994482460f9c87f8dff945d0a7 | GET | /api/channels] - 
    select
        c1_0.id,
        c1_0.created_at,
        c1_0.description,
        c1_0.name,
        c1_0.type,
        c1_0.updated_at 
    from
        channels c1_0 
    where
        c1_0.type=? 
        or c1_0.id in (?)
26-05-15 10:31:58.778 [http-nio-8080-exec-1] [32mTRACE[0;39m org.hibernate.orm.jdbc.bind          [6efe1e994482460f9c87f8dff945d0a7 | GET | /api/channels] - binding parameter (1:VARCHAR) <- [PUBLIC]
26-05-15 10:31:58.791 [http-nio-8080-exec-1] [32mTRACE[0;39m org.hibernate.orm.jdbc.bind          [6efe1e994482460f9c87f8dff945d0a7 | GET | /api/channels] - binding parameter (2:UUID) <- [null]
26-05-15 10:31:58.795 [http-nio-8080-exec-1] [32mDEBUG[0;39m org.hibernate.SQL                    [6efe1e994482460f9c87f8dff945d0a7 | GET | /api/channels] - 
    select
        m1_0.created_at 
    from
        messages m1_0 
    where
        m1_0.channel_id=? 
    order by
        m1_0.created_at desc 
    fetch
        first 1 rows only
26-05-15 10:31:58.795 [http-nio-8080-exec-1] [32mTRACE[0;39m org.hibernate.orm.jdbc.bind          [6efe1e994482460f9c87f8dff945d0a7 | GET | /api/channels] - binding parameter (1:UUID) <- [7cdff344-ade9-4175-ad8a-0acaa200aaa4]
26-05-15 10:31:58.797 [http-nio-8080-exec-1] [32mDEBUG[0;39m org.hibernate.SQL                    [6efe1e994482460f9c87f8dff945d0a7 | GET | /api/channels] - 
    select
        m1_0.created_at 
    from
        messages m1_0 
    where
        m1_0.channel_id=? 
    order by
        m1_0.created_at desc 
    fetch
        first 1 rows only
26-05-15 10:31:58.798 [http-nio-8080-exec-1] [32mTRACE[0;39m org.hibernate.orm.jdbc.bind          [6efe1e994482460f9c87f8dff945d0a7 | GET | /api/channels] - binding parameter (1:UUID) <- [4c2389f4-ec8c-4a2f-97b8-18350b7aef48]
26-05-15 10:31:58.800 [http-nio-8080-exec-1] [32mDEBUG[0;39m org.hibernate.SQL                    [6efe1e994482460f9c87f8dff945d0a7 | GET | /api/channels] - 
    select
        m1_0.created_at 
    from
        messages m1_0 
    where
        m1_0.channel_id=? 
    order by
        m1_0.created_at desc 
    fetch
        first 1 rows only
26-05-15 10:31:58.800 [http-nio-8080-exec-1] [32mTRACE[0;39m org.hibernate.orm.jdbc.bind          [6efe1e994482460f9c87f8dff945d0a7 | GET | /api/channels] - binding parameter (1:UUID) <- [0fb828ec-2cee-497c-8e87-348831a67f03]
26-05-15 10:31:58.804 [http-nio-8080-exec-1] [32mDEBUG[0;39m c.s.m.d.controller.ChannelController [6efe1e994482460f9c87f8dff945d0a7 | GET | /api/channels] - 사용자별 채널 목록 조회 응답: count=3
26-05-15 10:31:58.806 [http-nio-8080-exec-1] [32mDEBUG[0;39m c.s.m.d.config.MDCLoggingInterceptor [6efe1e994482460f9c87f8dff945d0a7 | GET | /api/channels] - Request completed
26-05-15 10:31:58.815 [http-nio-8080-exec-9] [32mDEBUG[0;39m c.s.m.d.config.MDCLoggingInterceptor [b6384ddbb89048ca8abb8507e6b11033 | GET | /api/readStatuses] - Request started
26-05-15 10:31:58.816 [http-nio-8080-exec-9] [32mINFO [0;39m c.s.m.d.c.ReadStatusController       [b6384ddbb89048ca8abb8507e6b11033 | GET | /api/readStatuses] - 사용자별 읽음 상태 목록 조회 요청: userId=aba478e0-9386-4424-924f-249335d64694
26-05-15 10:31:58.818 [http-nio-8080-exec-9] [32mDEBUG[0;39m c.s.m.d.s.b.BasicReadStatusService   [b6384ddbb89048ca8abb8507e6b11033 | GET | /api/readStatuses] - 사용자별 읽음 상태 목록 조회 시작: userId=aba478e0-9386-4424-924f-249335d64694
26-05-15 10:31:58.822 [http-nio-8080-exec-9] [32mDEBUG[0;39m org.hibernate.SQL                    [b6384ddbb89048ca8abb8507e6b11033 | GET | /api/readStatuses] - 
    select
        rs1_0.id,
        rs1_0.channel_id,
        rs1_0.created_at,
        rs1_0.last_read_at,
        rs1_0.updated_at,
        rs1_0.user_id 
    from
        read_statuses rs1_0 
    where
        rs1_0.user_id=?
26-05-15 10:31:58.822 [http-nio-8080-exec-9] [32mTRACE[0;39m org.hibernate.orm.jdbc.bind          [b6384ddbb89048ca8abb8507e6b11033 | GET | /api/readStatuses] - binding parameter (1:UUID) <- [aba478e0-9386-4424-924f-249335d64694]
26-05-15 10:31:58.826 [http-nio-8080-exec-9] [32mINFO [0;39m c.s.m.d.s.b.BasicReadStatusService   [b6384ddbb89048ca8abb8507e6b11033 | GET | /api/readStatuses] - 사용자별 읽음 상태 목록 조회 완료: userId=aba478e0-9386-4424-924f-249335d64694, 조회된 항목 수=0
26-05-15 10:31:58.827 [http-nio-8080-exec-9] [32mDEBUG[0;39m c.s.m.d.c.ReadStatusController       [b6384ddbb89048ca8abb8507e6b11033 | GET | /api/readStatuses] - 사용자별 읽음 상태 목록 조회 응답: count=0
26-05-15 10:31:58.828 [http-nio-8080-exec-9] [32mDEBUG[0;39m c.s.m.d.config.MDCLoggingInterceptor [b6384ddbb89048ca8abb8507e6b11033 | GET | /api/readStatuses] - Request completed
26-05-15 10:32:01.778 [http-nio-8080-exec-5] [32mDEBUG[0;39m c.s.m.d.config.MDCLoggingInterceptor [0ad0618136314ce1a42604f71eff868a | GET | /api/channels] - Request started
26-05-15 10:32:01.779 [http-nio-8080-exec-5] [32mINFO [0;39m c.s.m.d.controller.ChannelController [0ad0618136314ce1a42604f71eff868a | GET | /api/channels] - 사용자별 채널 목록 조회 요청: userId=aba478e0-9386-4424-924f-249335d64694
26-05-15 10:32:01.781 [http-nio-8080-exec-5] [32mDEBUG[0;39m org.hibernate.SQL                    [0ad0618136314ce1a42604f71eff868a | GET | /api/channels] - 
    select
        rs1_0.id,
        rs1_0.channel_id,
        rs1_0.created_at,
        rs1_0.last_read_at,
        rs1_0.updated_at,
        rs1_0.user_id 
    from
        read_statuses rs1_0 
    where
        rs1_0.user_id=?
26-05-15 10:32:01.782 [http-nio-8080-exec-5] [32mTRACE[0;39m org.hibernate.orm.jdbc.bind          [0ad0618136314ce1a42604f71eff868a | GET | /api/channels] - binding parameter (1:UUID) <- [aba478e0-9386-4424-924f-249335d64694]
26-05-15 10:32:01.787 [http-nio-8080-exec-5] [32mDEBUG[0;39m org.hibernate.SQL                    [0ad0618136314ce1a42604f71eff868a | GET | /api/channels] - 
    select
        c1_0.id,
        c1_0.created_at,
        c1_0.description,
        c1_0.name,
        c1_0.type,
        c1_0.updated_at 
    from
        channels c1_0 
    where
        c1_0.type=? 
        or c1_0.id in (?)
26-05-15 10:32:01.787 [http-nio-8080-exec-5] [32mTRACE[0;39m org.hibernate.orm.jdbc.bind          [0ad0618136314ce1a42604f71eff868a | GET | /api/channels] - binding parameter (1:VARCHAR) <- [PUBLIC]
26-05-15 10:32:01.787 [http-nio-8080-exec-5] [32mTRACE[0;39m org.hibernate.orm.jdbc.bind          [0ad0618136314ce1a42604f71eff868a | GET | /api/channels] - binding parameter (2:UUID) <- [null]
26-05-15 10:32:01.796 [http-nio-8080-exec-5] [32mDEBUG[0;39m org.hibernate.SQL                    [0ad0618136314ce1a42604f71eff868a | GET | /api/channels] - 
    select
        m1_0.created_at 
    from
        messages m1_0 
    where
        m1_0.channel_id=? 
    order by
        m1_0.created_at desc 
    fetch
        first 1 rows only
26-05-15 10:32:01.797 [http-nio-8080-exec-5] [32mTRACE[0;39m org.hibernate.orm.jdbc.bind          [0ad0618136314ce1a42604f71eff868a | GET | /api/channels] - binding parameter (1:UUID) <- [7cdff344-ade9-4175-ad8a-0acaa200aaa4]
26-05-15 10:32:01.801 [http-nio-8080-exec-5] [32mDEBUG[0;39m org.hibernate.SQL                    [0ad0618136314ce1a42604f71eff868a | GET | /api/channels] - 
    select
        m1_0.created_at 
    from
        messages m1_0 
    where
        m1_0.channel_id=? 
    order by
        m1_0.created_at desc 
    fetch
        first 1 rows only
26-05-15 10:32:01.802 [http-nio-8080-exec-5] [32mTRACE[0;39m org.hibernate.orm.jdbc.bind          [0ad0618136314ce1a42604f71eff868a | GET | /api/channels] - binding parameter (1:UUID) <- [4c2389f4-ec8c-4a2f-97b8-18350b7aef48]
26-05-15 10:32:01.803 [http-nio-8080-exec-5] [32mDEBUG[0;39m org.hibernate.SQL                    [0ad0618136314ce1a42604f71eff868a | GET | /api/channels] - 
    select
        m1_0.created_at 
    from
        messages m1_0 
    where
        m1_0.channel_id=? 
    order by
        m1_0.created_at desc 
    fetch
        first 1 rows only
26-05-15 10:32:01.803 [http-nio-8080-exec-5] [32mTRACE[0;39m org.hibernate.orm.jdbc.bind          [0ad0618136314ce1a42604f71eff868a | GET | /api/channels] - binding parameter (1:UUID) <- [0fb828ec-2cee-497c-8e87-348831a67f03]
26-05-15 10:32:01.806 [http-nio-8080-exec-5] [32mDEBUG[0;39m c.s.m.d.controller.ChannelController [0ad0618136314ce1a42604f71eff868a | GET | /api/channels] - 사용자별 채널 목록 조회 응답: count=3
26-05-15 10:32:01.809 [http-nio-8080-exec-5] [32mDEBUG[0;39m c.s.m.d.config.MDCLoggingInterceptor [0ad0618136314ce1a42604f71eff868a | GET | /api/channels] - Request completed
26-05-15 10:32:01.816 [http-nio-8080-exec-2] [32mDEBUG[0;39m c.s.m.d.config.MDCLoggingInterceptor [32fc2f5c24024286b4dea19099bf490a | GET | /api/readStatuses] - Request started
26-05-15 10:32:01.817 [http-nio-8080-exec-2] [32mINFO [0;39m c.s.m.d.c.ReadStatusController       [32fc2f5c24024286b4dea19099bf490a | GET | /api/readStatuses] - 사용자별 읽음 상태 목록 조회 요청: userId=aba478e0-9386-4424-924f-249335d64694
26-05-15 10:32:01.817 [http-nio-8080-exec-2] [32mDEBUG[0;39m c.s.m.d.s.b.BasicReadStatusService   [32fc2f5c24024286b4dea19099bf490a | GET | /api/readStatuses] - 사용자별 읽음 상태 목록 조회 시작: userId=aba478e0-9386-4424-924f-249335d64694
26-05-15 10:32:01.819 [http-nio-8080-exec-2] [32mDEBUG[0;39m org.hibernate.SQL                    [32fc2f5c24024286b4dea19099bf490a | GET | /api/readStatuses] - 
    select
        rs1_0.id,
        rs1_0.channel_id,
        rs1_0.created_at,
        rs1_0.last_read_at,
        rs1_0.updated_at,
        rs1_0.user_id 
    from
        read_statuses rs1_0 
    where
        rs1_0.user_id=?
26-05-15 10:32:01.819 [http-nio-8080-exec-2] [32mTRACE[0;39m org.hibernate.orm.jdbc.bind          [32fc2f5c24024286b4dea19099bf490a | GET | /api/readStatuses] - binding parameter (1:UUID) <- [aba478e0-9386-4424-924f-249335d64694]
26-05-15 10:32:01.820 [http-nio-8080-exec-2] [32mINFO [0;39m c.s.m.d.s.b.BasicReadStatusService   [32fc2f5c24024286b4dea19099bf490a | GET | /api/readStatuses] - 사용자별 읽음 상태 목록 조회 완료: userId=aba478e0-9386-4424-924f-249335d64694, 조회된 항목 수=0
26-05-15 10:32:01.821 [http-nio-8080-exec-2] [32mDEBUG[0;39m c.s.m.d.c.ReadStatusController       [32fc2f5c24024286b4dea19099bf490a | GET | /api/readStatuses] - 사용자별 읽음 상태 목록 조회 응답: count=0
26-05-15 10:32:01.822 [http-nio-8080-exec-2] [32mDEBUG[0;39m c.s.m.d.config.MDCLoggingInterceptor [32fc2f5c24024286b4dea19099bf490a | GET | /api/readStatuses] - Request completed
26-05-15 10:32:04.768 [http-nio-8080-exec-8] [32mDEBUG[0;39m c.s.m.d.config.MDCLoggingInterceptor [e0d5ee8f5f89455099bbf38e645481c9 | GET | /api/channels] - Request started
26-05-15 10:32:04.769 [http-nio-8080-exec-8] [32mINFO [0;39m c.s.m.d.controller.ChannelController [e0d5ee8f5f89455099bbf38e645481c9 | GET | /api/channels] - 사용자별 채널 목록 조회 요청: userId=aba478e0-9386-4424-924f-249335d64694
26-05-15 10:32:04.771 [http-nio-8080-exec-8] [32mDEBUG[0;39m org.hibernate.SQL                    [e0d5ee8f5f89455099bbf38e645481c9 | GET | /api/channels] - 
    select
        rs1_0.id,
        rs1_0.channel_id,
        rs1_0.created_at,
        rs1_0.last_read_at,
        rs1_0.updated_at,
        rs1_0.user_id 
    from
        read_statuses rs1_0 
    where
        rs1_0.user_id=?
26-05-15 10:32:04.771 [http-nio-8080-exec-8] [32mTRACE[0;39m org.hibernate.orm.jdbc.bind          [e0d5ee8f5f89455099bbf38e645481c9 | GET | /api/channels] - binding parameter (1:UUID) <- [aba478e0-9386-4424-924f-249335d64694]
26-05-15 10:32:04.775 [http-nio-8080-exec-8] [32mDEBUG[0;39m org.hibernate.SQL                    [e0d5ee8f5f89455099bbf38e645481c9 | GET | /api/channels] - 
    select
        c1_0.id,
        c1_0.created_at,
        c1_0.description,
        c1_0.name,
        c1_0.type,
        c1_0.updated_at 
    from
        channels c1_0 
    where
        c1_0.type=? 
        or c1_0.id in (?)
26-05-15 10:32:04.776 [http-nio-8080-exec-8] [32mTRACE[0;39m org.hibernate.orm.jdbc.bind          [e0d5ee8f5f89455099bbf38e645481c9 | GET | /api/channels] - binding parameter (1:VARCHAR) <- [PUBLIC]
26-05-15 10:32:04.776 [http-nio-8080-exec-8] [32mTRACE[0;39m org.hibernate.orm.jdbc.bind          [e0d5ee8f5f89455099bbf38e645481c9 | GET | /api/channels] - binding parameter (2:UUID) <- [null]
26-05-15 10:32:04.781 [http-nio-8080-exec-8] [32mDEBUG[0;39m org.hibernate.SQL                    [e0d5ee8f5f89455099bbf38e645481c9 | GET | /api/channels] - 
    select
        m1_0.created_at 
    from
        messages m1_0 
    where
        m1_0.channel_id=? 
    order by
        m1_0.created_at desc 
    fetch
        first 1 rows only
26-05-15 10:32:04.781 [http-nio-8080-exec-8] [32mTRACE[0;39m org.hibernate.orm.jdbc.bind          [e0d5ee8f5f89455099bbf38e645481c9 | GET | /api/channels] - binding parameter (1:UUID) <- [7cdff344-ade9-4175-ad8a-0acaa200aaa4]
26-05-15 10:32:04.786 [http-nio-8080-exec-8] [32mDEBUG[0;39m org.hibernate.SQL                    [e0d5ee8f5f89455099bbf38e645481c9 | GET | /api/channels] - 
    select
        m1_0.created_at 
    from
        messages m1_0 
    where
        m1_0.channel_id=? 
    order by
        m1_0.created_at desc 
    fetch
        first 1 rows only
26-05-15 10:32:04.786 [http-nio-8080-exec-8] [32mTRACE[0;39m org.hibernate.orm.jdbc.bind          [e0d5ee8f5f89455099bbf38e645481c9 | GET | /api/channels] - binding parameter (1:UUID) <- [4c2389f4-ec8c-4a2f-97b8-18350b7aef48]
26-05-15 10:32:04.788 [http-nio-8080-exec-8] [32mDEBUG[0;39m org.hibernate.SQL                    [e0d5ee8f5f89455099bbf38e645481c9 | GET | /api/channels] - 
    select
        m1_0.created_at 
    from
        messages m1_0 
    where
        m1_0.channel_id=? 
    order by
        m1_0.created_at desc 
    fetch
        first 1 rows only
26-05-15 10:32:04.788 [http-nio-8080-exec-8] [32mTRACE[0;39m org.hibernate.orm.jdbc.bind          [e0d5ee8f5f89455099bbf38e645481c9 | GET | /api/channels] - binding parameter (1:UUID) <- [0fb828ec-2cee-497c-8e87-348831a67f03]
26-05-15 10:32:04.790 [http-nio-8080-exec-8] [32mDEBUG[0;39m c.s.m.d.controller.ChannelController [e0d5ee8f5f89455099bbf38e645481c9 | GET | /api/channels] - 사용자별 채널 목록 조회 응답: count=3
26-05-15 10:32:04.794 [http-nio-8080-exec-8] [32mDEBUG[0;39m c.s.m.d.config.MDCLoggingInterceptor [e0d5ee8f5f89455099bbf38e645481c9 | GET | /api/channels] - Request completed
26-05-15 10:32:04.806 [http-nio-8080-exec-3] [32mDEBUG[0;39m c.s.m.d.config.MDCLoggingInterceptor [7b9ade5b630543feba54f58743a2e849 | GET | /api/readStatuses] - Request started
26-05-15 10:32:04.806 [http-nio-8080-exec-3] [32mINFO [0;39m c.s.m.d.c.ReadStatusController       [7b9ade5b630543feba54f58743a2e849 | GET | /api/readStatuses] - 사용자별 읽음 상태 목록 조회 요청: userId=aba478e0-9386-4424-924f-249335d64694
26-05-15 10:32:04.807 [http-nio-8080-exec-3] [32mDEBUG[0;39m c.s.m.d.s.b.BasicReadStatusService   [7b9ade5b630543feba54f58743a2e849 | GET | /api/readStatuses] - 사용자별 읽음 상태 목록 조회 시작: userId=aba478e0-9386-4424-924f-249335d64694
26-05-15 10:32:04.809 [http-nio-8080-exec-3] [32mDEBUG[0;39m org.hibernate.SQL                    [7b9ade5b630543feba54f58743a2e849 | GET | /api/readStatuses] - 
    select
        rs1_0.id,
        rs1_0.channel_id,
        rs1_0.created_at,
        rs1_0.last_read_at,
        rs1_0.updated_at,
        rs1_0.user_id 
    from
        read_statuses rs1_0 
    where
        rs1_0.user_id=?
26-05-15 10:32:04.809 [http-nio-8080-exec-3] [32mTRACE[0;39m org.hibernate.orm.jdbc.bind          [7b9ade5b630543feba54f58743a2e849 | GET | /api/readStatuses] - binding parameter (1:UUID) <- [aba478e0-9386-4424-924f-249335d64694]
26-05-15 10:32:04.811 [http-nio-8080-exec-3] [32mINFO [0;39m c.s.m.d.s.b.BasicReadStatusService   [7b9ade5b630543feba54f58743a2e849 | GET | /api/readStatuses] - 사용자별 읽음 상태 목록 조회 완료: userId=aba478e0-9386-4424-924f-249335d64694, 조회된 항목 수=0
26-05-15 10:32:04.812 [http-nio-8080-exec-3] [32mDEBUG[0;39m c.s.m.d.c.ReadStatusController       [7b9ade5b630543feba54f58743a2e849 | GET | /api/readStatuses] - 사용자별 읽음 상태 목록 조회 응답: count=0
26-05-15 10:32:04.813 [http-nio-8080-exec-3] [32mDEBUG[0;39m c.s.m.d.config.MDCLoggingInterceptor [7b9ade5b630543feba54f58743a2e849 | GET | /api/readStatuses] - Request completed
26-05-15 10:32:07.771 [http-nio-8080-exec-4] [32mDEBUG[0;39m c.s.m.d.config.MDCLoggingInterceptor [5232ef0e4fc343df9165d87cd1538b19 | GET | /api/channels] - Request started
26-05-15 10:32:07.771 [http-nio-8080-exec-4] [32mINFO [0;39m c.s.m.d.controller.ChannelController [5232ef0e4fc343df9165d87cd1538b19 | GET | /api/channels] - 사용자별 채널 목록 조회 요청: userId=aba478e0-9386-4424-924f-249335d64694
26-05-15 10:32:07.774 [http-nio-8080-exec-4] [32mDEBUG[0;39m org.hibernate.SQL                    [5232ef0e4fc343df9165d87cd1538b19 | GET | /api/channels] - 
    select
        rs1_0.id,
        rs1_0.channel_id,
        rs1_0.created_at,
        rs1_0.last_read_at,
        rs1_0.updated_at,
        rs1_0.user_id 
    from
        read_statuses rs1_0 
    where
        rs1_0.user_id=?
26-05-15 10:32:07.774 [http-nio-8080-exec-4] [32mTRACE[0;39m org.hibernate.orm.jdbc.bind          [5232ef0e4fc343df9165d87cd1538b19 | GET | /api/channels] - binding parameter (1:UUID) <- [aba478e0-9386-4424-924f-249335d64694]
26-05-15 10:32:07.777 [http-nio-8080-exec-4] [32mDEBUG[0;39m org.hibernate.SQL                    [5232ef0e4fc343df9165d87cd1538b19 | GET | /api/channels] - 
    select
        c1_0.id,
        c1_0.created_at,
        c1_0.description,
        c1_0.name,
        c1_0.type,
        c1_0.updated_at 
    from
        channels c1_0 
    where
        c1_0.type=? 
        or c1_0.id in (?)
26-05-15 10:32:07.777 [http-nio-8080-exec-4] [32mTRACE[0;39m org.hibernate.orm.jdbc.bind          [5232ef0e4fc343df9165d87cd1538b19 | GET | /api/channels] - binding parameter (1:VARCHAR) <- [PUBLIC]
26-05-15 10:32:07.777 [http-nio-8080-exec-4] [32mTRACE[0;39m org.hibernate.orm.jdbc.bind          [5232ef0e4fc343df9165d87cd1538b19 | GET | /api/channels] - binding parameter (2:UUID) <- [null]
26-05-15 10:32:07.779 [http-nio-8080-exec-4] [32mDEBUG[0;39m org.hibernate.SQL                    [5232ef0e4fc343df9165d87cd1538b19 | GET | /api/channels] - 
    select
        m1_0.created_at 
    from
        messages m1_0 
    where
        m1_0.channel_id=? 
    order by
        m1_0.created_at desc 
    fetch
        first 1 rows only
26-05-15 10:32:07.779 [http-nio-8080-exec-4] [32mTRACE[0;39m org.hibernate.orm.jdbc.bind          [5232ef0e4fc343df9165d87cd1538b19 | GET | /api/channels] - binding parameter (1:UUID) <- [7cdff344-ade9-4175-ad8a-0acaa200aaa4]
26-05-15 10:32:07.781 [http-nio-8080-exec-4] [32mDEBUG[0;39m org.hibernate.SQL                    [5232ef0e4fc343df9165d87cd1538b19 | GET | /api/channels] - 
    select
        m1_0.created_at 
    from
        messages m1_0 
    where
        m1_0.channel_id=? 
    order by
        m1_0.created_at desc 
    fetch
        first 1 rows only
26-05-15 10:32:07.781 [http-nio-8080-exec-4] [32mTRACE[0;39m org.hibernate.orm.jdbc.bind          [5232ef0e4fc343df9165d87cd1538b19 | GET | /api/channels] - binding parameter (1:UUID) <- [4c2389f4-ec8c-4a2f-97b8-18350b7aef48]
26-05-15 10:32:07.784 [http-nio-8080-exec-4] [32mDEBUG[0;39m org.hibernate.SQL                    [5232ef0e4fc343df9165d87cd1538b19 | GET | /api/channels] - 
    select
        m1_0.created_at 
    from
        messages m1_0 
    where
        m1_0.channel_id=? 
    order by
        m1_0.created_at desc 
    fetch
        first 1 rows only
26-05-15 10:32:07.784 [http-nio-8080-exec-4] [32mTRACE[0;39m org.hibernate.orm.jdbc.bind          [5232ef0e4fc343df9165d87cd1538b19 | GET | /api/channels] - binding parameter (1:UUID) <- [0fb828ec-2cee-497c-8e87-348831a67f03]
26-05-15 10:32:07.785 [http-nio-8080-exec-4] [32mDEBUG[0;39m c.s.m.d.controller.ChannelController [5232ef0e4fc343df9165d87cd1538b19 | GET | /api/channels] - 사용자별 채널 목록 조회 응답: count=3
26-05-15 10:32:07.786 [http-nio-8080-exec-4] [32mDEBUG[0;39m c.s.m.d.config.MDCLoggingInterceptor [5232ef0e4fc343df9165d87cd1538b19 | GET | /api/channels] - Request completed
26-05-15 10:32:07.794 [http-nio-8080-exec-7] [32mDEBUG[0;39m c.s.m.d.config.MDCLoggingInterceptor [e084c47b2879474da2b98b36a2b80362 | GET | /api/readStatuses] - Request started
26-05-15 10:32:07.794 [http-nio-8080-exec-7] [32mINFO [0;39m c.s.m.d.c.ReadStatusController       [e084c47b2879474da2b98b36a2b80362 | GET | /api/readStatuses] - 사용자별 읽음 상태 목록 조회 요청: userId=aba478e0-9386-4424-924f-249335d64694
26-05-15 10:32:07.795 [http-nio-8080-exec-7] [32mDEBUG[0;39m c.s.m.d.s.b.BasicReadStatusService   [e084c47b2879474da2b98b36a2b80362 | GET | /api/readStatuses] - 사용자별 읽음 상태 목록 조회 시작: userId=aba478e0-9386-4424-924f-249335d64694
26-05-15 10:32:07.799 [http-nio-8080-exec-7] [32mDEBUG[0;39m org.hibernate.SQL                    [e084c47b2879474da2b98b36a2b80362 | GET | /api/readStatuses] - 
    select
        rs1_0.id,
        rs1_0.channel_id,
        rs1_0.created_at,
        rs1_0.last_read_at,
        rs1_0.updated_at,
        rs1_0.user_id 
    from
        read_statuses rs1_0 
    where
        rs1_0.user_id=?
26-05-15 10:32:07.799 [http-nio-8080-exec-7] [32mTRACE[0;39m org.hibernate.orm.jdbc.bind          [e084c47b2879474da2b98b36a2b80362 | GET | /api/readStatuses] - binding parameter (1:UUID) <- [aba478e0-9386-4424-924f-249335d64694]
26-05-15 10:32:07.801 [http-nio-8080-exec-7] [32mINFO [0;39m c.s.m.d.s.b.BasicReadStatusService   [e084c47b2879474da2b98b36a2b80362 | GET | /api/readStatuses] - 사용자별 읽음 상태 목록 조회 완료: userId=aba478e0-9386-4424-924f-249335d64694, 조회된 항목 수=0
26-05-15 10:32:07.802 [http-nio-8080-exec-7] [32mDEBUG[0;39m c.s.m.d.c.ReadStatusController       [e084c47b2879474da2b98b36a2b80362 | GET | /api/readStatuses] - 사용자별 읽음 상태 목록 조회 응답: count=0
26-05-15 10:32:07.804 [http-nio-8080-exec-7] [32mDEBUG[0;39m c.s.m.d.config.MDCLoggingInterceptor [e084c47b2879474da2b98b36a2b80362 | GET | /api/readStatuses] - Request completed
26-05-15 10:32:10.767 [http-nio-8080-exec-10] [32mDEBUG[0;39m c.s.m.d.config.MDCLoggingInterceptor [a96d19f9eef8478faedaf8a9b30c3dd1 | GET | /api/channels] - Request started
26-05-15 10:32:10.767 [http-nio-8080-exec-10] [32mINFO [0;39m c.s.m.d.controller.ChannelController [a96d19f9eef8478faedaf8a9b30c3dd1 | GET | /api/channels] - 사용자별 채널 목록 조회 요청: userId=aba478e0-9386-4424-924f-249335d64694
26-05-15 10:32:10.770 [http-nio-8080-exec-10] [32mDEBUG[0;39m org.hibernate.SQL                    [a96d19f9eef8478faedaf8a9b30c3dd1 | GET | /api/channels] - 
    select
        rs1_0.id,
        rs1_0.channel_id,
        rs1_0.created_at,
        rs1_0.last_read_at,
        rs1_0.updated_at,
        rs1_0.user_id 
    from
        read_statuses rs1_0 
    where
        rs1_0.user_id=?
26-05-15 10:32:10.770 [http-nio-8080-exec-10] [32mTRACE[0;39m org.hibernate.orm.jdbc.bind          [a96d19f9eef8478faedaf8a9b30c3dd1 | GET | /api/channels] - binding parameter (1:UUID) <- [aba478e0-9386-4424-924f-249335d64694]
26-05-15 10:32:10.773 [http-nio-8080-exec-10] [32mDEBUG[0;39m org.hibernate.SQL                    [a96d19f9eef8478faedaf8a9b30c3dd1 | GET | /api/channels] - 
    select
        c1_0.id,
        c1_0.created_at,
        c1_0.description,
        c1_0.name,
        c1_0.type,
        c1_0.updated_at 
    from
        channels c1_0 
    where
        c1_0.type=? 
        or c1_0.id in (?)
26-05-15 10:32:10.773 [http-nio-8080-exec-10] [32mTRACE[0;39m org.hibernate.orm.jdbc.bind          [a96d19f9eef8478faedaf8a9b30c3dd1 | GET | /api/channels] - binding parameter (1:VARCHAR) <- [PUBLIC]
26-05-15 10:32:10.773 [http-nio-8080-exec-10] [32mTRACE[0;39m org.hibernate.orm.jdbc.bind          [a96d19f9eef8478faedaf8a9b30c3dd1 | GET | /api/channels] - binding parameter (2:UUID) <- [null]
26-05-15 10:32:10.776 [http-nio-8080-exec-10] [32mDEBUG[0;39m org.hibernate.SQL                    [a96d19f9eef8478faedaf8a9b30c3dd1 | GET | /api/channels] - 
    select
        m1_0.created_at 
    from
        messages m1_0 
    where
        m1_0.channel_id=? 
    order by
        m1_0.created_at desc 
    fetch
        first 1 rows only
26-05-15 10:32:10.776 [http-nio-8080-exec-10] [32mTRACE[0;39m org.hibernate.orm.jdbc.bind          [a96d19f9eef8478faedaf8a9b30c3dd1 | GET | /api/channels] - binding parameter (1:UUID) <- [7cdff344-ade9-4175-ad8a-0acaa200aaa4]
26-05-15 10:32:10.778 [http-nio-8080-exec-10] [32mDEBUG[0;39m org.hibernate.SQL                    [a96d19f9eef8478faedaf8a9b30c3dd1 | GET | /api/channels] - 
    select
        m1_0.created_at 
    from
        messages m1_0 
    where
        m1_0.channel_id=? 
    order by
        m1_0.created_at desc 
    fetch
        first 1 rows only
26-05-15 10:32:10.778 [http-nio-8080-exec-10] [32mTRACE[0;39m org.hibernate.orm.jdbc.bind          [a96d19f9eef8478faedaf8a9b30c3dd1 | GET | /api/channels] - binding parameter (1:UUID) <- [4c2389f4-ec8c-4a2f-97b8-18350b7aef48]
26-05-15 10:32:10.780 [http-nio-8080-exec-10] [32mDEBUG[0;39m org.hibernate.SQL                    [a96d19f9eef8478faedaf8a9b30c3dd1 | GET | /api/channels] - 
    select
        m1_0.created_at 
    from
        messages m1_0 
    where
        m1_0.channel_id=? 
    order by
        m1_0.created_at desc 
    fetch
        first 1 rows only
26-05-15 10:32:10.781 [http-nio-8080-exec-10] [32mTRACE[0;39m org.hibernate.orm.jdbc.bind          [a96d19f9eef8478faedaf8a9b30c3dd1 | GET | /api/channels] - binding parameter (1:UUID) <- [0fb828ec-2cee-497c-8e87-348831a67f03]
26-05-15 10:32:10.782 [http-nio-8080-exec-10] [32mDEBUG[0;39m c.s.m.d.controller.ChannelController [a96d19f9eef8478faedaf8a9b30c3dd1 | GET | /api/channels] - 사용자별 채널 목록 조회 응답: count=3
26-05-15 10:32:10.784 [http-nio-8080-exec-10] [32mDEBUG[0;39m c.s.m.d.config.MDCLoggingInterceptor [a96d19f9eef8478faedaf8a9b30c3dd1 | GET | /api/channels] - Request completed
26-05-15 10:32:10.794 [http-nio-8080-exec-6] [32mDEBUG[0;39m c.s.m.d.config.MDCLoggingInterceptor [6b787873ce3c41afb5fada67604093be | GET | /api/readStatuses] - Request started
26-05-15 10:32:10.795 [http-nio-8080-exec-6] [32mINFO [0;39m c.s.m.d.c.ReadStatusController       [6b787873ce3c41afb5fada67604093be | GET | /api/readStatuses] - 사용자별 읽음 상태 목록 조회 요청: userId=aba478e0-9386-4424-924f-249335d64694
26-05-15 10:32:10.796 [http-nio-8080-exec-6] [32mDEBUG[0;39m c.s.m.d.s.b.BasicReadStatusService   [6b787873ce3c41afb5fada67604093be | GET | /api/readStatuses] - 사용자별 읽음 상태 목록 조회 시작: userId=aba478e0-9386-4424-924f-249335d64694
26-05-15 10:32:10.798 [http-nio-8080-exec-6] [32mDEBUG[0;39m org.hibernate.SQL                    [6b787873ce3c41afb5fada67604093be | GET | /api/readStatuses] - 
    select
        rs1_0.id,
        rs1_0.channel_id,
        rs1_0.created_at,
        rs1_0.last_read_at,
        rs1_0.updated_at,
        rs1_0.user_id 
    from
        read_statuses rs1_0 
    where
        rs1_0.user_id=?
26-05-15 10:32:10.798 [http-nio-8080-exec-6] [32mTRACE[0;39m org.hibernate.orm.jdbc.bind          [6b787873ce3c41afb5fada67604093be | GET | /api/readStatuses] - binding parameter (1:UUID) <- [aba478e0-9386-4424-924f-249335d64694]
26-05-15 10:32:10.799 [http-nio-8080-exec-6] [32mINFO [0;39m c.s.m.d.s.b.BasicReadStatusService   [6b787873ce3c41afb5fada67604093be | GET | /api/readStatuses] - 사용자별 읽음 상태 목록 조회 완료: userId=aba478e0-9386-4424-924f-249335d64694, 조회된 항목 수=0
26-05-15 10:32:10.800 [http-nio-8080-exec-6] [32mDEBUG[0;39m c.s.m.d.c.ReadStatusController       [6b787873ce3c41afb5fada67604093be | GET | /api/readStatuses] - 사용자별 읽음 상태 목록 조회 응답: count=0
26-05-15 10:32:10.801 [http-nio-8080-exec-6] [32mDEBUG[0;39m c.s.m.d.config.MDCLoggingInterceptor [6b787873ce3c41afb5fada67604093be | GET | /api/readStatuses] - Request completed
26-05-15 10:32:13.769 [http-nio-8080-exec-1] [32mDEBUG[0;39m c.s.m.d.config.MDCLoggingInterceptor [49cee5404bea44d698405cf302c261ed | GET | /api/channels] - Request started
26-05-15 10:32:13.769 [http-nio-8080-exec-1] [32mINFO [0;39m c.s.m.d.controller.ChannelController [49cee5404bea44d698405cf302c261ed | GET | /api/channels] - 사용자별 채널 목록 조회 요청: userId=aba478e0-9386-4424-924f-249335d64694
26-05-15 10:32:13.773 [http-nio-8080-exec-1] [32mDEBUG[0;39m org.hibernate.SQL                    [49cee5404bea44d698405cf302c261ed | GET | /api/channels] - 
    select
        rs1_0.id,
        rs1_0.channel_id,
        rs1_0.created_at,
        rs1_0.last_read_at,
        rs1_0.updated_at,
        rs1_0.user_id 
    from
        read_statuses rs1_0 
    where
        rs1_0.user_id=?
26-05-15 10:32:13.773 [http-nio-8080-exec-1] [32mTRACE[0;39m org.hibernate.orm.jdbc.bind          [49cee5404bea44d698405cf302c261ed | GET | /api/channels] - binding parameter (1:UUID) <- [aba478e0-9386-4424-924f-249335d64694]
26-05-15 10:32:13.779 [http-nio-8080-exec-1] [32mDEBUG[0;39m org.hibernate.SQL                    [49cee5404bea44d698405cf302c261ed | GET | /api/channels] - 
    select
        c1_0.id,
        c1_0.created_at,
        c1_0.description,
        c1_0.name,
        c1_0.type,
        c1_0.updated_at 
    from
        channels c1_0 
    where
        c1_0.type=? 
        or c1_0.id in (?)
26-05-15 10:32:13.780 [http-nio-8080-exec-1] [32mTRACE[0;39m org.hibernate.orm.jdbc.bind          [49cee5404bea44d698405cf302c261ed | GET | /api/channels] - binding parameter (1:VARCHAR) <- [PUBLIC]
26-05-15 10:32:13.780 [http-nio-8080-exec-1] [32mTRACE[0;39m org.hibernate.orm.jdbc.bind          [49cee5404bea44d698405cf302c261ed | GET | /api/channels] - binding parameter (2:UUID) <- [null]
26-05-15 10:32:13.783 [http-nio-8080-exec-1] [32mDEBUG[0;39m org.hibernate.SQL                    [49cee5404bea44d698405cf302c261ed | GET | /api/channels] - 
    select
        m1_0.created_at 
    from
        messages m1_0 
    where
        m1_0.channel_id=? 
    order by
        m1_0.created_at desc 
    fetch
        first 1 rows only
26-05-15 10:32:13.783 [http-nio-8080-exec-1] [32mTRACE[0;39m org.hibernate.orm.jdbc.bind          [49cee5404bea44d698405cf302c261ed | GET | /api/channels] - binding parameter (1:UUID) <- [7cdff344-ade9-4175-ad8a-0acaa200aaa4]
26-05-15 10:32:13.784 [http-nio-8080-exec-1] [32mDEBUG[0;39m org.hibernate.SQL                    [49cee5404bea44d698405cf302c261ed | GET | /api/channels] - 
    select
        m1_0.created_at 
    from
        messages m1_0 
    where
        m1_0.channel_id=? 
    order by
        m1_0.created_at desc 
    fetch
        first 1 rows only
26-05-15 10:32:13.785 [http-nio-8080-exec-1] [32mTRACE[0;39m org.hibernate.orm.jdbc.bind          [49cee5404bea44d698405cf302c261ed | GET | /api/channels] - binding parameter (1:UUID) <- [4c2389f4-ec8c-4a2f-97b8-18350b7aef48]
26-05-15 10:32:13.787 [http-nio-8080-exec-1] [32mDEBUG[0;39m org.hibernate.SQL                    [49cee5404bea44d698405cf302c261ed | GET | /api/channels] - 
    select
        m1_0.created_at 
    from
        messages m1_0 
    where
        m1_0.channel_id=? 
    order by
        m1_0.created_at desc 
    fetch
        first 1 rows only
26-05-15 10:32:13.787 [http-nio-8080-exec-1] [32mTRACE[0;39m org.hibernate.orm.jdbc.bind          [49cee5404bea44d698405cf302c261ed | GET | /api/channels] - binding parameter (1:UUID) <- [0fb828ec-2cee-497c-8e87-348831a67f03]
26-05-15 10:32:13.788 [http-nio-8080-exec-1] [32mDEBUG[0;39m c.s.m.d.controller.ChannelController [49cee5404bea44d698405cf302c261ed | GET | /api/channels] - 사용자별 채널 목록 조회 응답: count=3
26-05-15 10:32:13.789 [http-nio-8080-exec-1] [32mDEBUG[0;39m c.s.m.d.config.MDCLoggingInterceptor [49cee5404bea44d698405cf302c261ed | GET | /api/channels] - Request completed
26-05-15 10:32:13.801 [http-nio-8080-exec-9] [32mDEBUG[0;39m c.s.m.d.config.MDCLoggingInterceptor [8562f907cbe643af9d89fb69cfc6c8c9 | GET | /api/readStatuses] - Request started
26-05-15 10:32:13.801 [http-nio-8080-exec-9] [32mINFO [0;39m c.s.m.d.c.ReadStatusController       [8562f907cbe643af9d89fb69cfc6c8c9 | GET | /api/readStatuses] - 사용자별 읽음 상태 목록 조회 요청: userId=aba478e0-9386-4424-924f-249335d64694
26-05-15 10:32:13.802 [http-nio-8080-exec-9] [32mDEBUG[0;39m c.s.m.d.s.b.BasicReadStatusService   [8562f907cbe643af9d89fb69cfc6c8c9 | GET | /api/readStatuses] - 사용자별 읽음 상태 목록 조회 시작: userId=aba478e0-9386-4424-924f-249335d64694
26-05-15 10:32:13.804 [http-nio-8080-exec-9] [32mDEBUG[0;39m org.hibernate.SQL                    [8562f907cbe643af9d89fb69cfc6c8c9 | GET | /api/readStatuses] - 
    select
        rs1_0.id,
        rs1_0.channel_id,
        rs1_0.created_at,
        rs1_0.last_read_at,
        rs1_0.updated_at,
        rs1_0.user_id 
    from
        read_statuses rs1_0 
    where
        rs1_0.user_id=?
26-05-15 10:32:13.804 [http-nio-8080-exec-9] [32mTRACE[0;39m org.hibernate.orm.jdbc.bind          [8562f907cbe643af9d89fb69cfc6c8c9 | GET | /api/readStatuses] - binding parameter (1:UUID) <- [aba478e0-9386-4424-924f-249335d64694]
26-05-15 10:32:13.806 [http-nio-8080-exec-9] [32mINFO [0;39m c.s.m.d.s.b.BasicReadStatusService   [8562f907cbe643af9d89fb69cfc6c8c9 | GET | /api/readStatuses] - 사용자별 읽음 상태 목록 조회 완료: userId=aba478e0-9386-4424-924f-249335d64694, 조회된 항목 수=0
26-05-15 10:32:13.807 [http-nio-8080-exec-9] [32mDEBUG[0;39m c.s.m.d.c.ReadStatusController       [8562f907cbe643af9d89fb69cfc6c8c9 | GET | /api/readStatuses] - 사용자별 읽음 상태 목록 조회 응답: count=0
26-05-15 10:32:13.808 [http-nio-8080-exec-9] [32mDEBUG[0;39m c.s.m.d.config.MDCLoggingInterceptor [8562f907cbe643af9d89fb69cfc6c8c9 | GET | /api/readStatuses] - Request completed
26-05-15 10:32:16.783 [http-nio-8080-exec-5] [32mDEBUG[0;39m c.s.m.d.config.MDCLoggingInterceptor [1a0664c9e32e47a6af103defaa305203 | GET | /api/channels] - Request started
26-05-15 10:32:16.784 [http-nio-8080-exec-5] [32mINFO [0;39m c.s.m.d.controller.ChannelController [1a0664c9e32e47a6af103defaa305203 | GET | /api/channels] - 사용자별 채널 목록 조회 요청: userId=aba478e0-9386-4424-924f-249335d64694
26-05-15 10:32:16.786 [http-nio-8080-exec-5] [32mDEBUG[0;39m org.hibernate.SQL                    [1a0664c9e32e47a6af103defaa305203 | GET | /api/channels] - 
    select
        rs1_0.id,
        rs1_0.channel_id,
        rs1_0.created_at,
        rs1_0.last_read_at,
        rs1_0.updated_at,
        rs1_0.user_id 
    from
        read_statuses rs1_0 
    where
        rs1_0.user_id=?
26-05-15 10:32:16.786 [http-nio-8080-exec-5] [32mTRACE[0;39m org.hibernate.orm.jdbc.bind          [1a0664c9e32e47a6af103defaa305203 | GET | /api/channels] - binding parameter (1:UUID) <- [aba478e0-9386-4424-924f-249335d64694]
26-05-15 10:32:16.791 [http-nio-8080-exec-5] [32mDEBUG[0;39m org.hibernate.SQL                    [1a0664c9e32e47a6af103defaa305203 | GET | /api/channels] - 
    select
        c1_0.id,
        c1_0.created_at,
        c1_0.description,
        c1_0.name,
        c1_0.type,
        c1_0.updated_at 
    from
        channels c1_0 
    where
        c1_0.type=? 
        or c1_0.id in (?)
26-05-15 10:32:16.791 [http-nio-8080-exec-5] [32mTRACE[0;39m org.hibernate.orm.jdbc.bind          [1a0664c9e32e47a6af103defaa305203 | GET | /api/channels] - binding parameter (1:VARCHAR) <- [PUBLIC]
26-05-15 10:32:16.791 [http-nio-8080-exec-5] [32mTRACE[0;39m org.hibernate.orm.jdbc.bind          [1a0664c9e32e47a6af103defaa305203 | GET | /api/channels] - binding parameter (2:UUID) <- [null]
26-05-15 10:32:16.796 [http-nio-8080-exec-5] [32mDEBUG[0;39m org.hibernate.SQL                    [1a0664c9e32e47a6af103defaa305203 | GET | /api/channels] - 
    select
        m1_0.created_at 
    from
        messages m1_0 
    where
        m1_0.channel_id=? 
    order by
        m1_0.created_at desc 
    fetch
        first 1 rows only
26-05-15 10:32:16.796 [http-nio-8080-exec-5] [32mTRACE[0;39m org.hibernate.orm.jdbc.bind          [1a0664c9e32e47a6af103defaa305203 | GET | /api/channels] - binding parameter (1:UUID) <- [7cdff344-ade9-4175-ad8a-0acaa200aaa4]
26-05-15 10:32:16.798 [http-nio-8080-exec-5] [32mDEBUG[0;39m org.hibernate.SQL                    [1a0664c9e32e47a6af103defaa305203 | GET | /api/channels] - 
    select
        m1_0.created_at 
    from
        messages m1_0 
    where
        m1_0.channel_id=? 
    order by
        m1_0.created_at desc 
    fetch
        first 1 rows only
26-05-15 10:32:16.799 [http-nio-8080-exec-5] [32mTRACE[0;39m org.hibernate.orm.jdbc.bind          [1a0664c9e32e47a6af103defaa305203 | GET | /api/channels] - binding parameter (1:UUID) <- [4c2389f4-ec8c-4a2f-97b8-18350b7aef48]
26-05-15 10:32:16.801 [http-nio-8080-exec-5] [32mDEBUG[0;39m org.hibernate.SQL                    [1a0664c9e32e47a6af103defaa305203 | GET | /api/channels] - 
    select
        m1_0.created_at 
    from
        messages m1_0 
    where
        m1_0.channel_id=? 
    order by
        m1_0.created_at desc 
    fetch
        first 1 rows only
26-05-15 10:32:16.801 [http-nio-8080-exec-5] [32mTRACE[0;39m org.hibernate.orm.jdbc.bind          [1a0664c9e32e47a6af103defaa305203 | GET | /api/channels] - binding parameter (1:UUID) <- [0fb828ec-2cee-497c-8e87-348831a67f03]
26-05-15 10:32:16.803 [http-nio-8080-exec-5] [32mDEBUG[0;39m c.s.m.d.controller.ChannelController [1a0664c9e32e47a6af103defaa305203 | GET | /api/channels] - 사용자별 채널 목록 조회 응답: count=3
26-05-15 10:32:16.805 [http-nio-8080-exec-5] [32mDEBUG[0;39m c.s.m.d.config.MDCLoggingInterceptor [1a0664c9e32e47a6af103defaa305203 | GET | /api/channels] - Request completed
26-05-15 10:32:16.816 [http-nio-8080-exec-2] [32mDEBUG[0;39m c.s.m.d.config.MDCLoggingInterceptor [97170392838d49e1a2daefaea7f441df | GET | /api/readStatuses] - Request started
26-05-15 10:32:16.816 [http-nio-8080-exec-2] [32mINFO [0;39m c.s.m.d.c.ReadStatusController       [97170392838d49e1a2daefaea7f441df | GET | /api/readStatuses] - 사용자별 읽음 상태 목록 조회 요청: userId=aba478e0-9386-4424-924f-249335d64694
26-05-15 10:32:16.817 [http-nio-8080-exec-2] [32mDEBUG[0;39m c.s.m.d.s.b.BasicReadStatusService   [97170392838d49e1a2daefaea7f441df | GET | /api/readStatuses] - 사용자별 읽음 상태 목록 조회 시작: userId=aba478e0-9386-4424-924f-249335d64694
26-05-15 10:32:16.818 [http-nio-8080-exec-2] [32mDEBUG[0;39m org.hibernate.SQL                    [97170392838d49e1a2daefaea7f441df | GET | /api/readStatuses] - 
    select
        rs1_0.id,
        rs1_0.channel_id,
        rs1_0.created_at,
        rs1_0.last_read_at,
        rs1_0.updated_at,
        rs1_0.user_id 
    from
        read_statuses rs1_0 
    where
        rs1_0.user_id=?
26-05-15 10:32:16.819 [http-nio-8080-exec-2] [32mTRACE[0;39m org.hibernate.orm.jdbc.bind          [97170392838d49e1a2daefaea7f441df | GET | /api/readStatuses] - binding parameter (1:UUID) <- [aba478e0-9386-4424-924f-249335d64694]
26-05-15 10:32:16.820 [http-nio-8080-exec-2] [32mINFO [0;39m c.s.m.d.s.b.BasicReadStatusService   [97170392838d49e1a2daefaea7f441df | GET | /api/readStatuses] - 사용자별 읽음 상태 목록 조회 완료: userId=aba478e0-9386-4424-924f-249335d64694, 조회된 항목 수=0
26-05-15 10:32:16.821 [http-nio-8080-exec-2] [32mDEBUG[0;39m c.s.m.d.c.ReadStatusController       [97170392838d49e1a2daefaea7f441df | GET | /api/readStatuses] - 사용자별 읽음 상태 목록 조회 응답: count=0
26-05-15 10:32:16.822 [http-nio-8080-exec-2] [32mDEBUG[0;39m c.s.m.d.config.MDCLoggingInterceptor [97170392838d49e1a2daefaea7f441df | GET | /api/readStatuses] - Request completed
26-05-15 10:32:19.774 [http-nio-8080-exec-8] [32mDEBUG[0;39m c.s.m.d.config.MDCLoggingInterceptor [717565b4b1294d12aaf777c70d4ff507 | GET | /api/channels] - Request started
26-05-15 10:32:19.775 [http-nio-8080-exec-8] [32mINFO [0;39m c.s.m.d.controller.ChannelController [717565b4b1294d12aaf777c70d4ff507 | GET | /api/channels] - 사용자별 채널 목록 조회 요청: userId=aba478e0-9386-4424-924f-249335d64694
26-05-15 10:32:19.779 [http-nio-8080-exec-8] [32mDEBUG[0;39m org.hibernate.SQL                    [717565b4b1294d12aaf777c70d4ff507 | GET | /api/channels] - 
    select
        rs1_0.id,
        rs1_0.channel_id,
        rs1_0.created_at,
        rs1_0.last_read_at,
        rs1_0.updated_at,
        rs1_0.user_id 
    from
        read_statuses rs1_0 
    where
        rs1_0.user_id=?
26-05-15 10:32:19.779 [http-nio-8080-exec-8] [32mTRACE[0;39m org.hibernate.orm.jdbc.bind          [717565b4b1294d12aaf777c70d4ff507 | GET | /api/channels] - binding parameter (1:UUID) <- [aba478e0-9386-4424-924f-249335d64694]
26-05-15 10:32:19.786 [http-nio-8080-exec-8] [32mDEBUG[0;39m org.hibernate.SQL                    [717565b4b1294d12aaf777c70d4ff507 | GET | /api/channels] - 
    select
        c1_0.id,
        c1_0.created_at,
        c1_0.description,
        c1_0.name,
        c1_0.type,
        c1_0.updated_at 
    from
        channels c1_0 
    where
        c1_0.type=? 
        or c1_0.id in (?)
26-05-15 10:32:19.786 [http-nio-8080-exec-8] [32mTRACE[0;39m org.hibernate.orm.jdbc.bind          [717565b4b1294d12aaf777c70d4ff507 | GET | /api/channels] - binding parameter (1:VARCHAR) <- [PUBLIC]
26-05-15 10:32:19.787 [http-nio-8080-exec-8] [32mTRACE[0;39m org.hibernate.orm.jdbc.bind          [717565b4b1294d12aaf777c70d4ff507 | GET | /api/channels] - binding parameter (2:UUID) <- [null]
26-05-15 10:32:19.793 [http-nio-8080-exec-8] [32mDEBUG[0;39m org.hibernate.SQL                    [717565b4b1294d12aaf777c70d4ff507 | GET | /api/channels] - 
    select
        m1_0.created_at 
    from
        messages m1_0 
    where
        m1_0.channel_id=? 
    order by
        m1_0.created_at desc 
    fetch
        first 1 rows only
26-05-15 10:32:19.794 [http-nio-8080-exec-8] [32mTRACE[0;39m org.hibernate.orm.jdbc.bind          [717565b4b1294d12aaf777c70d4ff507 | GET | /api/channels] - binding parameter (1:UUID) <- [7cdff344-ade9-4175-ad8a-0acaa200aaa4]
26-05-15 10:32:19.797 [http-nio-8080-exec-8] [32mDEBUG[0;39m org.hibernate.SQL                    [717565b4b1294d12aaf777c70d4ff507 | GET | /api/channels] - 
    select
        m1_0.created_at 
    from
        messages m1_0 
    where
        m1_0.channel_id=? 
    order by
        m1_0.created_at desc 
    fetch
        first 1 rows only
26-05-15 10:32:19.797 [http-nio-8080-exec-8] [32mTRACE[0;39m org.hibernate.orm.jdbc.bind          [717565b4b1294d12aaf777c70d4ff507 | GET | /api/channels] - binding parameter (1:UUID) <- [4c2389f4-ec8c-4a2f-97b8-18350b7aef48]
26-05-15 10:32:19.801 [http-nio-8080-exec-8] [32mDEBUG[0;39m org.hibernate.SQL                    [717565b4b1294d12aaf777c70d4ff507 | GET | /api/channels] - 
    select
        m1_0.created_at 
    from
        messages m1_0 
    where
        m1_0.channel_id=? 
    order by
        m1_0.created_at desc 
    fetch
        first 1 rows only
26-05-15 10:32:19.802 [http-nio-8080-exec-8] [32mTRACE[0;39m org.hibernate.orm.jdbc.bind          [717565b4b1294d12aaf777c70d4ff507 | GET | /api/channels] - binding parameter (1:UUID) <- [0fb828ec-2cee-497c-8e87-348831a67f03]
26-05-15 10:32:19.806 [http-nio-8080-exec-8] [32mDEBUG[0;39m c.s.m.d.controller.ChannelController [717565b4b1294d12aaf777c70d4ff507 | GET | /api/channels] - 사용자별 채널 목록 조회 응답: count=3
26-05-15 10:32:19.809 [http-nio-8080-exec-8] [32mDEBUG[0;39m c.s.m.d.config.MDCLoggingInterceptor [717565b4b1294d12aaf777c70d4ff507 | GET | /api/channels] - Request completed
26-05-15 10:32:19.828 [http-nio-8080-exec-3] [32mDEBUG[0;39m c.s.m.d.config.MDCLoggingInterceptor [3474cf1a9adc486d8fce1cba571302ce | GET | /api/readStatuses] - Request started
26-05-15 10:32:19.829 [http-nio-8080-exec-3] [32mINFO [0;39m c.s.m.d.c.ReadStatusController       [3474cf1a9adc486d8fce1cba571302ce | GET | /api/readStatuses] - 사용자별 읽음 상태 목록 조회 요청: userId=aba478e0-9386-4424-924f-249335d64694
26-05-15 10:32:19.830 [http-nio-8080-exec-3] [32mDEBUG[0;39m c.s.m.d.s.b.BasicReadStatusService   [3474cf1a9adc486d8fce1cba571302ce | GET | /api/readStatuses] - 사용자별 읽음 상태 목록 조회 시작: userId=aba478e0-9386-4424-924f-249335d64694
26-05-15 10:32:19.834 [http-nio-8080-exec-3] [32mDEBUG[0;39m org.hibernate.SQL                    [3474cf1a9adc486d8fce1cba571302ce | GET | /api/readStatuses] - 
    select
        rs1_0.id,
        rs1_0.channel_id,
        rs1_0.created_at,
        rs1_0.last_read_at,
        rs1_0.updated_at,
        rs1_0.user_id 
    from
        read_statuses rs1_0 
    where
        rs1_0.user_id=?
26-05-15 10:32:19.835 [http-nio-8080-exec-3] [32mTRACE[0;39m org.hibernate.orm.jdbc.bind          [3474cf1a9adc486d8fce1cba571302ce | GET | /api/readStatuses] - binding parameter (1:UUID) <- [aba478e0-9386-4424-924f-249335d64694]
26-05-15 10:32:19.837 [http-nio-8080-exec-3] [32mINFO [0;39m c.s.m.d.s.b.BasicReadStatusService   [3474cf1a9adc486d8fce1cba571302ce | GET | /api/readStatuses] - 사용자별 읽음 상태 목록 조회 완료: userId=aba478e0-9386-4424-924f-249335d64694, 조회된 항목 수=0
26-05-15 10:32:19.839 [http-nio-8080-exec-3] [32mDEBUG[0;39m c.s.m.d.c.ReadStatusController       [3474cf1a9adc486d8fce1cba571302ce | GET | /api/readStatuses] - 사용자별 읽음 상태 목록 조회 응답: count=0
26-05-15 10:32:19.840 [http-nio-8080-exec-3] [32mDEBUG[0;39m c.s.m.d.config.MDCLoggingInterceptor [3474cf1a9adc486d8fce1cba571302ce | GET | /api/readStatuses] - Request completed
26-05-15 10:32:22.770 [http-nio-8080-exec-4] [32mDEBUG[0;39m c.s.m.d.config.MDCLoggingInterceptor [f09a3b589a3b42ebaf9929218e0a7e64 | GET | /api/channels] - Request started
26-05-15 10:32:22.771 [http-nio-8080-exec-4] [32mINFO [0;39m c.s.m.d.controller.ChannelController [f09a3b589a3b42ebaf9929218e0a7e64 | GET | /api/channels] - 사용자별 채널 목록 조회 요청: userId=aba478e0-9386-4424-924f-249335d64694
26-05-15 10:32:22.774 [http-nio-8080-exec-4] [32mDEBUG[0;39m org.hibernate.SQL                    [f09a3b589a3b42ebaf9929218e0a7e64 | GET | /api/channels] - 
    select
        rs1_0.id,
        rs1_0.channel_id,
        rs1_0.created_at,
        rs1_0.last_read_at,
        rs1_0.updated_at,
        rs1_0.user_id 
    from
        read_statuses rs1_0 
    where
        rs1_0.user_id=?
26-05-15 10:32:22.775 [http-nio-8080-exec-4] [32mTRACE[0;39m org.hibernate.orm.jdbc.bind          [f09a3b589a3b42ebaf9929218e0a7e64 | GET | /api/channels] - binding parameter (1:UUID) <- [aba478e0-9386-4424-924f-249335d64694]
26-05-15 10:32:22.779 [http-nio-8080-exec-4] [32mDEBUG[0;39m org.hibernate.SQL                    [f09a3b589a3b42ebaf9929218e0a7e64 | GET | /api/channels] - 
    select
        c1_0.id,
        c1_0.created_at,
        c1_0.description,
        c1_0.name,
        c1_0.type,
        c1_0.updated_at 
    from
        channels c1_0 
    where
        c1_0.type=? 
        or c1_0.id in (?)
26-05-15 10:32:22.779 [http-nio-8080-exec-4] [32mTRACE[0;39m org.hibernate.orm.jdbc.bind          [f09a3b589a3b42ebaf9929218e0a7e64 | GET | /api/channels] - binding parameter (1:VARCHAR) <- [PUBLIC]
26-05-15 10:32:22.779 [http-nio-8080-exec-4] [32mTRACE[0;39m org.hibernate.orm.jdbc.bind          [f09a3b589a3b42ebaf9929218e0a7e64 | GET | /api/channels] - binding parameter (2:UUID) <- [null]
26-05-15 10:32:22.782 [http-nio-8080-exec-4] [32mDEBUG[0;39m org.hibernate.SQL                    [f09a3b589a3b42ebaf9929218e0a7e64 | GET | /api/channels] - 
    select
        m1_0.created_at 
    from
        messages m1_0 
    where
        m1_0.channel_id=? 
    order by
        m1_0.created_at desc 
    fetch
        first 1 rows only
26-05-15 10:32:22.783 [http-nio-8080-exec-4] [32mTRACE[0;39m org.hibernate.orm.jdbc.bind          [f09a3b589a3b42ebaf9929218e0a7e64 | GET | /api/channels] - binding parameter (1:UUID) <- [7cdff344-ade9-4175-ad8a-0acaa200aaa4]
26-05-15 10:32:22.784 [http-nio-8080-exec-4] [32mDEBUG[0;39m org.hibernate.SQL                    [f09a3b589a3b42ebaf9929218e0a7e64 | GET | /api/channels] - 
    select
        m1_0.created_at 
    from
        messages m1_0 
    where
        m1_0.channel_id=? 
    order by
        m1_0.created_at desc 
    fetch
        first 1 rows only
26-05-15 10:32:22.784 [http-nio-8080-exec-4] [32mTRACE[0;39m org.hibernate.orm.jdbc.bind          [f09a3b589a3b42ebaf9929218e0a7e64 | GET | /api/channels] - binding parameter (1:UUID) <- [4c2389f4-ec8c-4a2f-97b8-18350b7aef48]
26-05-15 10:32:22.786 [http-nio-8080-exec-4] [32mDEBUG[0;39m org.hibernate.SQL                    [f09a3b589a3b42ebaf9929218e0a7e64 | GET | /api/channels] - 
    select
        m1_0.created_at 
    from
        messages m1_0 
    where
        m1_0.channel_id=? 
    order by
        m1_0.created_at desc 
    fetch
        first 1 rows only
26-05-15 10:32:22.786 [http-nio-8080-exec-4] [32mTRACE[0;39m org.hibernate.orm.jdbc.bind          [f09a3b589a3b42ebaf9929218e0a7e64 | GET | /api/channels] - binding parameter (1:UUID) <- [0fb828ec-2cee-497c-8e87-348831a67f03]
26-05-15 10:32:22.789 [http-nio-8080-exec-4] [32mDEBUG[0;39m c.s.m.d.controller.ChannelController [f09a3b589a3b42ebaf9929218e0a7e64 | GET | /api/channels] - 사용자별 채널 목록 조회 응답: count=3
26-05-15 10:32:22.790 [http-nio-8080-exec-4] [32mDEBUG[0;39m c.s.m.d.config.MDCLoggingInterceptor [f09a3b589a3b42ebaf9929218e0a7e64 | GET | /api/channels] - Request completed
26-05-15 10:32:22.799 [http-nio-8080-exec-7] [32mDEBUG[0;39m c.s.m.d.config.MDCLoggingInterceptor [5e1e66c8ed8546e18f458b93cb0b2a70 | GET | /api/readStatuses] - Request started
26-05-15 10:32:22.799 [http-nio-8080-exec-7] [32mINFO [0;39m c.s.m.d.c.ReadStatusController       [5e1e66c8ed8546e18f458b93cb0b2a70 | GET | /api/readStatuses] - 사용자별 읽음 상태 목록 조회 요청: userId=aba478e0-9386-4424-924f-249335d64694
26-05-15 10:32:22.800 [http-nio-8080-exec-7] [32mDEBUG[0;39m c.s.m.d.s.b.BasicReadStatusService   [5e1e66c8ed8546e18f458b93cb0b2a70 | GET | /api/readStatuses] - 사용자별 읽음 상태 목록 조회 시작: userId=aba478e0-9386-4424-924f-249335d64694
26-05-15 10:32:22.804 [http-nio-8080-exec-7] [32mDEBUG[0;39m org.hibernate.SQL                    [5e1e66c8ed8546e18f458b93cb0b2a70 | GET | /api/readStatuses] - 
    select
        rs1_0.id,
        rs1_0.channel_id,
        rs1_0.created_at,
        rs1_0.last_read_at,
        rs1_0.updated_at,
        rs1_0.user_id 
    from
        read_statuses rs1_0 
    where
        rs1_0.user_id=?
26-05-15 10:32:22.805 [http-nio-8080-exec-7] [32mTRACE[0;39m org.hibernate.orm.jdbc.bind          [5e1e66c8ed8546e18f458b93cb0b2a70 | GET | /api/readStatuses] - binding parameter (1:UUID) <- [aba478e0-9386-4424-924f-249335d64694]
26-05-15 10:32:22.806 [http-nio-8080-exec-7] [32mINFO [0;39m c.s.m.d.s.b.BasicReadStatusService   [5e1e66c8ed8546e18f458b93cb0b2a70 | GET | /api/readStatuses] - 사용자별 읽음 상태 목록 조회 완료: userId=aba478e0-9386-4424-924f-249335d64694, 조회된 항목 수=0
26-05-15 10:32:22.807 [http-nio-8080-exec-7] [32mDEBUG[0;39m c.s.m.d.c.ReadStatusController       [5e1e66c8ed8546e18f458b93cb0b2a70 | GET | /api/readStatuses] - 사용자별 읽음 상태 목록 조회 응답: count=0
26-05-15 10:32:22.808 [http-nio-8080-exec-7] [32mDEBUG[0;39m c.s.m.d.config.MDCLoggingInterceptor [5e1e66c8ed8546e18f458b93cb0b2a70 | GET | /api/readStatuses] - Request completed
26-05-15 10:32:25.779 [http-nio-8080-exec-10] [32mDEBUG[0;39m c.s.m.d.config.MDCLoggingInterceptor [f31be350f3a34d728b669e568ed83d1a | GET | /api/channels] - Request started
26-05-15 10:32:25.779 [http-nio-8080-exec-10] [32mINFO [0;39m c.s.m.d.controller.ChannelController [f31be350f3a34d728b669e568ed83d1a | GET | /api/channels] - 사용자별 채널 목록 조회 요청: userId=aba478e0-9386-4424-924f-249335d64694
26-05-15 10:32:25.783 [http-nio-8080-exec-10] [32mDEBUG[0;39m org.hibernate.SQL                    [f31be350f3a34d728b669e568ed83d1a | GET | /api/channels] - 
    select
        rs1_0.id,
        rs1_0.channel_id,
        rs1_0.created_at,
        rs1_0.last_read_at,
        rs1_0.updated_at,
        rs1_0.user_id 
    from
        read_statuses rs1_0 
    where
        rs1_0.user_id=?
26-05-15 10:32:25.783 [http-nio-8080-exec-10] [32mTRACE[0;39m org.hibernate.orm.jdbc.bind          [f31be350f3a34d728b669e568ed83d1a | GET | /api/channels] - binding parameter (1:UUID) <- [aba478e0-9386-4424-924f-249335d64694]
26-05-15 10:32:25.786 [http-nio-8080-exec-10] [32mDEBUG[0;39m org.hibernate.SQL                    [f31be350f3a34d728b669e568ed83d1a | GET | /api/channels] - 
    select
        c1_0.id,
        c1_0.created_at,
        c1_0.description,
        c1_0.name,
        c1_0.type,
        c1_0.updated_at 
    from
        channels c1_0 
    where
        c1_0.type=? 
        or c1_0.id in (?)
26-05-15 10:32:25.786 [http-nio-8080-exec-10] [32mTRACE[0;39m org.hibernate.orm.jdbc.bind          [f31be350f3a34d728b669e568ed83d1a | GET | /api/channels] - binding parameter (1:VARCHAR) <- [PUBLIC]
26-05-15 10:32:25.786 [http-nio-8080-exec-10] [32mTRACE[0;39m org.hibernate.orm.jdbc.bind          [f31be350f3a34d728b669e568ed83d1a | GET | /api/channels] - binding parameter (2:UUID) <- [null]
26-05-15 10:32:25.788 [http-nio-8080-exec-10] [32mDEBUG[0;39m org.hibernate.SQL                    [f31be350f3a34d728b669e568ed83d1a | GET | /api/channels] - 
    select
        m1_0.created_at 
    from
        messages m1_0 
    where
        m1_0.channel_id=? 
    order by
        m1_0.created_at desc 
    fetch
        first 1 rows only
26-05-15 10:32:25.788 [http-nio-8080-exec-10] [32mTRACE[0;39m org.hibernate.orm.jdbc.bind          [f31be350f3a34d728b669e568ed83d1a | GET | /api/channels] - binding parameter (1:UUID) <- [7cdff344-ade9-4175-ad8a-0acaa200aaa4]
26-05-15 10:32:25.791 [http-nio-8080-exec-10] [32mDEBUG[0;39m org.hibernate.SQL                    [f31be350f3a34d728b669e568ed83d1a | GET | /api/channels] - 
    select
        m1_0.created_at 
    from
        messages m1_0 
    where
        m1_0.channel_id=? 
    order by
        m1_0.created_at desc 
    fetch
        first 1 rows only
26-05-15 10:32:25.792 [http-nio-8080-exec-10] [32mTRACE[0;39m org.hibernate.orm.jdbc.bind          [f31be350f3a34d728b669e568ed83d1a | GET | /api/channels] - binding parameter (1:UUID) <- [4c2389f4-ec8c-4a2f-97b8-18350b7aef48]
26-05-15 10:32:25.793 [http-nio-8080-exec-10] [32mDEBUG[0;39m org.hibernate.SQL                    [f31be350f3a34d728b669e568ed83d1a | GET | /api/channels] - 
    select
        m1_0.created_at 
    from
        messages m1_0 
    where
        m1_0.channel_id=? 
    order by
        m1_0.created_at desc 
    fetch
        first 1 rows only
26-05-15 10:32:25.793 [http-nio-8080-exec-10] [32mTRACE[0;39m org.hibernate.orm.jdbc.bind          [f31be350f3a34d728b669e568ed83d1a | GET | /api/channels] - binding parameter (1:UUID) <- [0fb828ec-2cee-497c-8e87-348831a67f03]
26-05-15 10:32:25.796 [http-nio-8080-exec-10] [32mDEBUG[0;39m c.s.m.d.controller.ChannelController [f31be350f3a34d728b669e568ed83d1a | GET | /api/channels] - 사용자별 채널 목록 조회 응답: count=3
26-05-15 10:32:25.797 [http-nio-8080-exec-10] [32mDEBUG[0;39m c.s.m.d.config.MDCLoggingInterceptor [f31be350f3a34d728b669e568ed83d1a | GET | /api/channels] - Request completed
26-05-15 10:32:25.806 [http-nio-8080-exec-6] [32mDEBUG[0;39m c.s.m.d.config.MDCLoggingInterceptor [0a17242b58f14236bb59ce4fcae90923 | GET | /api/readStatuses] - Request started
26-05-15 10:32:25.806 [http-nio-8080-exec-6] [32mINFO [0;39m c.s.m.d.c.ReadStatusController       [0a17242b58f14236bb59ce4fcae90923 | GET | /api/readStatuses] - 사용자별 읽음 상태 목록 조회 요청: userId=aba478e0-9386-4424-924f-249335d64694
26-05-15 10:32:25.808 [http-nio-8080-exec-6] [32mDEBUG[0;39m c.s.m.d.s.b.BasicReadStatusService   [0a17242b58f14236bb59ce4fcae90923 | GET | /api/readStatuses] - 사용자별 읽음 상태 목록 조회 시작: userId=aba478e0-9386-4424-924f-249335d64694
26-05-15 10:32:25.811 [http-nio-8080-exec-6] [32mDEBUG[0;39m org.hibernate.SQL                    [0a17242b58f14236bb59ce4fcae90923 | GET | /api/readStatuses] - 
    select
        rs1_0.id,
        rs1_0.channel_id,
        rs1_0.created_at,
        rs1_0.last_read_at,
        rs1_0.updated_at,
        rs1_0.user_id 
    from
        read_statuses rs1_0 
    where
        rs1_0.user_id=?
26-05-15 10:32:25.811 [http-nio-8080-exec-6] [32mTRACE[0;39m org.hibernate.orm.jdbc.bind          [0a17242b58f14236bb59ce4fcae90923 | GET | /api/readStatuses] - binding parameter (1:UUID) <- [aba478e0-9386-4424-924f-249335d64694]
26-05-15 10:32:25.813 [http-nio-8080-exec-6] [32mINFO [0;39m c.s.m.d.s.b.BasicReadStatusService   [0a17242b58f14236bb59ce4fcae90923 | GET | /api/readStatuses] - 사용자별 읽음 상태 목록 조회 완료: userId=aba478e0-9386-4424-924f-249335d64694, 조회된 항목 수=0
26-05-15 10:32:25.813 [http-nio-8080-exec-6] [32mDEBUG[0;39m c.s.m.d.c.ReadStatusController       [0a17242b58f14236bb59ce4fcae90923 | GET | /api/readStatuses] - 사용자별 읽음 상태 목록 조회 응답: count=0
26-05-15 10:32:25.814 [http-nio-8080-exec-6] [32mDEBUG[0;39m c.s.m.d.config.MDCLoggingInterceptor [0a17242b58f14236bb59ce4fcae90923 | GET | /api/readStatuses] - Request completed
26-05-15 10:32:28.770 [http-nio-8080-exec-1] [32mDEBUG[0;39m c.s.m.d.config.MDCLoggingInterceptor [333cbdd289174763b9a7dc665e648d35 | GET | /api/channels] - Request started
26-05-15 10:32:28.770 [http-nio-8080-exec-1] [32mINFO [0;39m c.s.m.d.controller.ChannelController [333cbdd289174763b9a7dc665e648d35 | GET | /api/channels] - 사용자별 채널 목록 조회 요청: userId=aba478e0-9386-4424-924f-249335d64694
26-05-15 10:32:28.773 [http-nio-8080-exec-1] [32mDEBUG[0;39m org.hibernate.SQL                    [333cbdd289174763b9a7dc665e648d35 | GET | /api/channels] - 
    select
        rs1_0.id,
        rs1_0.channel_id,
        rs1_0.created_at,
        rs1_0.last_read_at,
        rs1_0.updated_at,
        rs1_0.user_id 
    from
        read_statuses rs1_0 
    where
        rs1_0.user_id=?
26-05-15 10:32:28.773 [http-nio-8080-exec-1] [32mTRACE[0;39m org.hibernate.orm.jdbc.bind          [333cbdd289174763b9a7dc665e648d35 | GET | /api/channels] - binding parameter (1:UUID) <- [aba478e0-9386-4424-924f-249335d64694]
26-05-15 10:32:28.777 [http-nio-8080-exec-1] [32mDEBUG[0;39m org.hibernate.SQL                    [333cbdd289174763b9a7dc665e648d35 | GET | /api/channels] - 
    select
        c1_0.id,
        c1_0.created_at,
        c1_0.description,
        c1_0.name,
        c1_0.type,
        c1_0.updated_at 
    from
        channels c1_0 
    where
        c1_0.type=? 
        or c1_0.id in (?)
26-05-15 10:32:28.778 [http-nio-8080-exec-1] [32mTRACE[0;39m org.hibernate.orm.jdbc.bind          [333cbdd289174763b9a7dc665e648d35 | GET | /api/channels] - binding parameter (1:VARCHAR) <- [PUBLIC]
26-05-15 10:32:28.778 [http-nio-8080-exec-1] [32mTRACE[0;39m org.hibernate.orm.jdbc.bind          [333cbdd289174763b9a7dc665e648d35 | GET | /api/channels] - binding parameter (2:UUID) <- [null]
26-05-15 10:32:28.780 [http-nio-8080-exec-1] [32mDEBUG[0;39m org.hibernate.SQL                    [333cbdd289174763b9a7dc665e648d35 | GET | /api/channels] - 
    select
        m1_0.created_at 
    from
        messages m1_0 
    where
        m1_0.channel_id=? 
    order by
        m1_0.created_at desc 
    fetch
        first 1 rows only
26-05-15 10:32:28.781 [http-nio-8080-exec-1] [32mTRACE[0;39m org.hibernate.orm.jdbc.bind          [333cbdd289174763b9a7dc665e648d35 | GET | /api/channels] - binding parameter (1:UUID) <- [7cdff344-ade9-4175-ad8a-0acaa200aaa4]
26-05-15 10:32:28.783 [http-nio-8080-exec-1] [32mDEBUG[0;39m org.hibernate.SQL                    [333cbdd289174763b9a7dc665e648d35 | GET | /api/channels] - 
    select
        m1_0.created_at 
    from
        messages m1_0 
    where
        m1_0.channel_id=? 
    order by
        m1_0.created_at desc 
    fetch
        first 1 rows only
26-05-15 10:32:28.783 [http-nio-8080-exec-1] [32mTRACE[0;39m org.hibernate.orm.jdbc.bind          [333cbdd289174763b9a7dc665e648d35 | GET | /api/channels] - binding parameter (1:UUID) <- [4c2389f4-ec8c-4a2f-97b8-18350b7aef48]
26-05-15 10:32:28.785 [http-nio-8080-exec-1] [32mDEBUG[0;39m org.hibernate.SQL                    [333cbdd289174763b9a7dc665e648d35 | GET | /api/channels] - 
    select
        m1_0.created_at 
    from
        messages m1_0 
    where
        m1_0.channel_id=? 
    order by
        m1_0.created_at desc 
    fetch
        first 1 rows only
26-05-15 10:32:28.785 [http-nio-8080-exec-1] [32mTRACE[0;39m org.hibernate.orm.jdbc.bind          [333cbdd289174763b9a7dc665e648d35 | GET | /api/channels] - binding parameter (1:UUID) <- [0fb828ec-2cee-497c-8e87-348831a67f03]
26-05-15 10:32:28.788 [http-nio-8080-exec-1] [32mDEBUG[0;39m c.s.m.d.controller.ChannelController [333cbdd289174763b9a7dc665e648d35 | GET | /api/channels] - 사용자별 채널 목록 조회 응답: count=3
26-05-15 10:32:28.789 [http-nio-8080-exec-1] [32mDEBUG[0;39m c.s.m.d.config.MDCLoggingInterceptor [333cbdd289174763b9a7dc665e648d35 | GET | /api/channels] - Request completed
26-05-15 10:32:28.805 [http-nio-8080-exec-9] [32mDEBUG[0;39m c.s.m.d.config.MDCLoggingInterceptor [19e9d5d6c0d44c82bbecbd71ab959d5f | GET | /api/readStatuses] - Request started
26-05-15 10:32:28.806 [http-nio-8080-exec-9] [32mINFO [0;39m c.s.m.d.c.ReadStatusController       [19e9d5d6c0d44c82bbecbd71ab959d5f | GET | /api/readStatuses] - 사용자별 읽음 상태 목록 조회 요청: userId=aba478e0-9386-4424-924f-249335d64694
26-05-15 10:32:28.807 [http-nio-8080-exec-9] [32mDEBUG[0;39m c.s.m.d.s.b.BasicReadStatusService   [19e9d5d6c0d44c82bbecbd71ab959d5f | GET | /api/readStatuses] - 사용자별 읽음 상태 목록 조회 시작: userId=aba478e0-9386-4424-924f-249335d64694
26-05-15 10:32:28.809 [http-nio-8080-exec-9] [32mDEBUG[0;39m org.hibernate.SQL                    [19e9d5d6c0d44c82bbecbd71ab959d5f | GET | /api/readStatuses] - 
    select
        rs1_0.id,
        rs1_0.channel_id,
        rs1_0.created_at,
        rs1_0.last_read_at,
        rs1_0.updated_at,
        rs1_0.user_id 
    from
        read_statuses rs1_0 
    where
        rs1_0.user_id=?
26-05-15 10:32:28.809 [http-nio-8080-exec-9] [32mTRACE[0;39m org.hibernate.orm.jdbc.bind          [19e9d5d6c0d44c82bbecbd71ab959d5f | GET | /api/readStatuses] - binding parameter (1:UUID) <- [aba478e0-9386-4424-924f-249335d64694]
26-05-15 10:32:28.811 [http-nio-8080-exec-9] [32mINFO [0;39m c.s.m.d.s.b.BasicReadStatusService   [19e9d5d6c0d44c82bbecbd71ab959d5f | GET | /api/readStatuses] - 사용자별 읽음 상태 목록 조회 완료: userId=aba478e0-9386-4424-924f-249335d64694, 조회된 항목 수=0
26-05-15 10:32:28.813 [http-nio-8080-exec-9] [32mDEBUG[0;39m c.s.m.d.c.ReadStatusController       [19e9d5d6c0d44c82bbecbd71ab959d5f | GET | /api/readStatuses] - 사용자별 읽음 상태 목록 조회 응답: count=0
26-05-15 10:32:28.814 [http-nio-8080-exec-9] [32mDEBUG[0;39m c.s.m.d.config.MDCLoggingInterceptor [19e9d5d6c0d44c82bbecbd71ab959d5f | GET | /api/readStatuses] - Request completed
26-05-15 10:32:31.772 [http-nio-8080-exec-5] [32mDEBUG[0;39m c.s.m.d.config.MDCLoggingInterceptor [3786bc965d5e4a8597bce1c2475cfd8f | GET | /api/channels] - Request started
26-05-15 10:32:31.772 [http-nio-8080-exec-5] [32mINFO [0;39m c.s.m.d.controller.ChannelController [3786bc965d5e4a8597bce1c2475cfd8f | GET | /api/channels] - 사용자별 채널 목록 조회 요청: userId=aba478e0-9386-4424-924f-249335d64694
26-05-15 10:32:31.775 [http-nio-8080-exec-5] [32mDEBUG[0;39m org.hibernate.SQL                    [3786bc965d5e4a8597bce1c2475cfd8f | GET | /api/channels] - 
    select
        rs1_0.id,
        rs1_0.channel_id,
        rs1_0.created_at,
        rs1_0.last_read_at,
        rs1_0.updated_at,
        rs1_0.user_id 
    from
        read_statuses rs1_0 
    where
        rs1_0.user_id=?
26-05-15 10:32:31.775 [http-nio-8080-exec-5] [32mTRACE[0;39m org.hibernate.orm.jdbc.bind          [3786bc965d5e4a8597bce1c2475cfd8f | GET | /api/channels] - binding parameter (1:UUID) <- [aba478e0-9386-4424-924f-249335d64694]
26-05-15 10:32:31.778 [http-nio-8080-exec-5] [32mDEBUG[0;39m org.hibernate.SQL                    [3786bc965d5e4a8597bce1c2475cfd8f | GET | /api/channels] - 
    select
        c1_0.id,
        c1_0.created_at,
        c1_0.description,
        c1_0.name,
        c1_0.type,
        c1_0.updated_at 
    from
        channels c1_0 
    where
        c1_0.type=? 
        or c1_0.id in (?)
26-05-15 10:32:31.778 [http-nio-8080-exec-5] [32mTRACE[0;39m org.hibernate.orm.jdbc.bind          [3786bc965d5e4a8597bce1c2475cfd8f | GET | /api/channels] - binding parameter (1:VARCHAR) <- [PUBLIC]
26-05-15 10:32:31.778 [http-nio-8080-exec-5] [32mTRACE[0;39m org.hibernate.orm.jdbc.bind          [3786bc965d5e4a8597bce1c2475cfd8f | GET | /api/channels] - binding parameter (2:UUID) <- [null]
26-05-15 10:32:31.782 [http-nio-8080-exec-5] [32mDEBUG[0;39m org.hibernate.SQL                    [3786bc965d5e4a8597bce1c2475cfd8f | GET | /api/channels] - 
    select
        m1_0.created_at 
    from
        messages m1_0 
    where
        m1_0.channel_id=? 
    order by
        m1_0.created_at desc 
    fetch
        first 1 rows only
26-05-15 10:32:31.782 [http-nio-8080-exec-5] [32mTRACE[0;39m org.hibernate.orm.jdbc.bind          [3786bc965d5e4a8597bce1c2475cfd8f | GET | /api/channels] - binding parameter (1:UUID) <- [7cdff344-ade9-4175-ad8a-0acaa200aaa4]
26-05-15 10:32:31.785 [http-nio-8080-exec-5] [32mDEBUG[0;39m org.hibernate.SQL                    [3786bc965d5e4a8597bce1c2475cfd8f | GET | /api/channels] - 
    select
        m1_0.created_at 
    from
        messages m1_0 
    where
        m1_0.channel_id=? 
    order by
        m1_0.created_at desc 
    fetch
        first 1 rows only
26-05-15 10:32:31.785 [http-nio-8080-exec-5] [32mTRACE[0;39m org.hibernate.orm.jdbc.bind          [3786bc965d5e4a8597bce1c2475cfd8f | GET | /api/channels] - binding parameter (1:UUID) <- [4c2389f4-ec8c-4a2f-97b8-18350b7aef48]
26-05-15 10:32:31.787 [http-nio-8080-exec-5] [32mDEBUG[0;39m org.hibernate.SQL                    [3786bc965d5e4a8597bce1c2475cfd8f | GET | /api/channels] - 
    select
        m1_0.created_at 
    from
        messages m1_0 
    where
        m1_0.channel_id=? 
    order by
        m1_0.created_at desc 
    fetch
        first 1 rows only
26-05-15 10:32:31.788 [http-nio-8080-exec-5] [32mTRACE[0;39m org.hibernate.orm.jdbc.bind          [3786bc965d5e4a8597bce1c2475cfd8f | GET | /api/channels] - binding parameter (1:UUID) <- [0fb828ec-2cee-497c-8e87-348831a67f03]
26-05-15 10:32:31.791 [http-nio-8080-exec-5] [32mDEBUG[0;39m c.s.m.d.controller.ChannelController [3786bc965d5e4a8597bce1c2475cfd8f | GET | /api/channels] - 사용자별 채널 목록 조회 응답: count=3
26-05-15 10:32:31.792 [http-nio-8080-exec-5] [32mDEBUG[0;39m c.s.m.d.config.MDCLoggingInterceptor [3786bc965d5e4a8597bce1c2475cfd8f | GET | /api/channels] - Request completed
26-05-15 10:32:31.804 [http-nio-8080-exec-2] [32mDEBUG[0;39m c.s.m.d.config.MDCLoggingInterceptor [6d0467a5925b47ad8569726ddb46a4b0 | GET | /api/readStatuses] - Request started
26-05-15 10:32:31.805 [http-nio-8080-exec-2] [32mINFO [0;39m c.s.m.d.c.ReadStatusController       [6d0467a5925b47ad8569726ddb46a4b0 | GET | /api/readStatuses] - 사용자별 읽음 상태 목록 조회 요청: userId=aba478e0-9386-4424-924f-249335d64694
26-05-15 10:32:31.807 [http-nio-8080-exec-2] [32mDEBUG[0;39m c.s.m.d.s.b.BasicReadStatusService   [6d0467a5925b47ad8569726ddb46a4b0 | GET | /api/readStatuses] - 사용자별 읽음 상태 목록 조회 시작: userId=aba478e0-9386-4424-924f-249335d64694
26-05-15 10:32:31.809 [http-nio-8080-exec-2] [32mDEBUG[0;39m org.hibernate.SQL                    [6d0467a5925b47ad8569726ddb46a4b0 | GET | /api/readStatuses] - 
    select
        rs1_0.id,
        rs1_0.channel_id,
        rs1_0.created_at,
        rs1_0.last_read_at,
        rs1_0.updated_at,
        rs1_0.user_id 
    from
        read_statuses rs1_0 
    where
        rs1_0.user_id=?
26-05-15 10:32:31.810 [http-nio-8080-exec-2] [32mTRACE[0;39m org.hibernate.orm.jdbc.bind          [6d0467a5925b47ad8569726ddb46a4b0 | GET | /api/readStatuses] - binding parameter (1:UUID) <- [aba478e0-9386-4424-924f-249335d64694]
26-05-15 10:32:31.811 [http-nio-8080-exec-2] [32mINFO [0;39m c.s.m.d.s.b.BasicReadStatusService   [6d0467a5925b47ad8569726ddb46a4b0 | GET | /api/readStatuses] - 사용자별 읽음 상태 목록 조회 완료: userId=aba478e0-9386-4424-924f-249335d64694, 조회된 항목 수=0
26-05-15 10:32:31.812 [http-nio-8080-exec-2] [32mDEBUG[0;39m c.s.m.d.c.ReadStatusController       [6d0467a5925b47ad8569726ddb46a4b0 | GET | /api/readStatuses] - 사용자별 읽음 상태 목록 조회 응답: count=0
26-05-15 10:32:31.813 [http-nio-8080-exec-2] [32mDEBUG[0;39m c.s.m.d.config.MDCLoggingInterceptor [6d0467a5925b47ad8569726ddb46a4b0 | GET | /api/readStatuses] - Request completed
26-05-15 10:32:34.774 [http-nio-8080-exec-8] [32mDEBUG[0;39m c.s.m.d.config.MDCLoggingInterceptor [333b544e91ff4d7b9303233cfefb4085 | GET | /api/channels] - Request started
26-05-15 10:32:34.774 [http-nio-8080-exec-8] [32mINFO [0;39m c.s.m.d.controller.ChannelController [333b544e91ff4d7b9303233cfefb4085 | GET | /api/channels] - 사용자별 채널 목록 조회 요청: userId=aba478e0-9386-4424-924f-249335d64694
26-05-15 10:32:34.777 [http-nio-8080-exec-8] [32mDEBUG[0;39m org.hibernate.SQL                    [333b544e91ff4d7b9303233cfefb4085 | GET | /api/channels] - 
    select
        rs1_0.id,
        rs1_0.channel_id,
        rs1_0.created_at,
        rs1_0.last_read_at,
        rs1_0.updated_at,
        rs1_0.user_id 
    from
        read_statuses rs1_0 
    where
        rs1_0.user_id=?
26-05-15 10:32:34.778 [http-nio-8080-exec-8] [32mTRACE[0;39m org.hibernate.orm.jdbc.bind          [333b544e91ff4d7b9303233cfefb4085 | GET | /api/channels] - binding parameter (1:UUID) <- [aba478e0-9386-4424-924f-249335d64694]
26-05-15 10:32:34.781 [http-nio-8080-exec-8] [32mDEBUG[0;39m org.hibernate.SQL                    [333b544e91ff4d7b9303233cfefb4085 | GET | /api/channels] - 
    select
        c1_0.id,
        c1_0.created_at,
        c1_0.description,
        c1_0.name,
        c1_0.type,
        c1_0.updated_at 
    from
        channels c1_0 
    where
        c1_0.type=? 
        or c1_0.id in (?)
26-05-15 10:32:34.781 [http-nio-8080-exec-8] [32mTRACE[0;39m org.hibernate.orm.jdbc.bind          [333b544e91ff4d7b9303233cfefb4085 | GET | /api/channels] - binding parameter (1:VARCHAR) <- [PUBLIC]
26-05-15 10:32:34.781 [http-nio-8080-exec-8] [32mTRACE[0;39m org.hibernate.orm.jdbc.bind          [333b544e91ff4d7b9303233cfefb4085 | GET | /api/channels] - binding parameter (2:UUID) <- [null]
26-05-15 10:32:34.786 [http-nio-8080-exec-8] [32mDEBUG[0;39m org.hibernate.SQL                    [333b544e91ff4d7b9303233cfefb4085 | GET | /api/channels] - 
    select
        m1_0.created_at 
    from
        messages m1_0 
    where
        m1_0.channel_id=? 
    order by
        m1_0.created_at desc 
    fetch
        first 1 rows only
26-05-15 10:32:34.786 [http-nio-8080-exec-8] [32mTRACE[0;39m org.hibernate.orm.jdbc.bind          [333b544e91ff4d7b9303233cfefb4085 | GET | /api/channels] - binding parameter (1:UUID) <- [7cdff344-ade9-4175-ad8a-0acaa200aaa4]
26-05-15 10:32:34.788 [http-nio-8080-exec-8] [32mDEBUG[0;39m org.hibernate.SQL                    [333b544e91ff4d7b9303233cfefb4085 | GET | /api/channels] - 
    select
        m1_0.created_at 
    from
        messages m1_0 
    where
        m1_0.channel_id=? 
    order by
        m1_0.created_at desc 
    fetch
        first 1 rows only
26-05-15 10:32:34.789 [http-nio-8080-exec-8] [32mTRACE[0;39m org.hibernate.orm.jdbc.bind          [333b544e91ff4d7b9303233cfefb4085 | GET | /api/channels] - binding parameter (1:UUID) <- [4c2389f4-ec8c-4a2f-97b8-18350b7aef48]
26-05-15 10:32:34.791 [http-nio-8080-exec-8] [32mDEBUG[0;39m org.hibernate.SQL                    [333b544e91ff4d7b9303233cfefb4085 | GET | /api/channels] - 
    select
        m1_0.created_at 
    from
        messages m1_0 
    where
        m1_0.channel_id=? 
    order by
        m1_0.created_at desc 
    fetch
        first 1 rows only
26-05-15 10:32:34.791 [http-nio-8080-exec-8] [32mTRACE[0;39m org.hibernate.orm.jdbc.bind          [333b544e91ff4d7b9303233cfefb4085 | GET | /api/channels] - binding parameter (1:UUID) <- [0fb828ec-2cee-497c-8e87-348831a67f03]
26-05-15 10:32:34.792 [http-nio-8080-exec-8] [32mDEBUG[0;39m c.s.m.d.controller.ChannelController [333b544e91ff4d7b9303233cfefb4085 | GET | /api/channels] - 사용자별 채널 목록 조회 응답: count=3
26-05-15 10:32:34.794 [http-nio-8080-exec-8] [32mDEBUG[0;39m c.s.m.d.config.MDCLoggingInterceptor [333b544e91ff4d7b9303233cfefb4085 | GET | /api/channels] - Request completed
26-05-15 10:32:34.808 [http-nio-8080-exec-3] [32mDEBUG[0;39m c.s.m.d.config.MDCLoggingInterceptor [2f5fcd9e2c62489b98f50e8845e53a46 | GET | /api/readStatuses] - Request started
26-05-15 10:32:34.808 [http-nio-8080-exec-3] [32mINFO [0;39m c.s.m.d.c.ReadStatusController       [2f5fcd9e2c62489b98f50e8845e53a46 | GET | /api/readStatuses] - 사용자별 읽음 상태 목록 조회 요청: userId=aba478e0-9386-4424-924f-249335d64694
26-05-15 10:32:34.810 [http-nio-8080-exec-3] [32mDEBUG[0;39m c.s.m.d.s.b.BasicReadStatusService   [2f5fcd9e2c62489b98f50e8845e53a46 | GET | /api/readStatuses] - 사용자별 읽음 상태 목록 조회 시작: userId=aba478e0-9386-4424-924f-249335d64694
26-05-15 10:32:34.812 [http-nio-8080-exec-3] [32mDEBUG[0;39m org.hibernate.SQL                    [2f5fcd9e2c62489b98f50e8845e53a46 | GET | /api/readStatuses] - 
    select
        rs1_0.id,
        rs1_0.channel_id,
        rs1_0.created_at,
        rs1_0.last_read_at,
        rs1_0.updated_at,
        rs1_0.user_id 
    from
        read_statuses rs1_0 
    where
        rs1_0.user_id=?
26-05-15 10:32:34.812 [http-nio-8080-exec-3] [32mTRACE[0;39m org.hibernate.orm.jdbc.bind          [2f5fcd9e2c62489b98f50e8845e53a46 | GET | /api/readStatuses] - binding parameter (1:UUID) <- [aba478e0-9386-4424-924f-249335d64694]
26-05-15 10:32:34.814 [http-nio-8080-exec-3] [32mINFO [0;39m c.s.m.d.s.b.BasicReadStatusService   [2f5fcd9e2c62489b98f50e8845e53a46 | GET | /api/readStatuses] - 사용자별 읽음 상태 목록 조회 완료: userId=aba478e0-9386-4424-924f-249335d64694, 조회된 항목 수=0
26-05-15 10:32:34.814 [http-nio-8080-exec-3] [32mDEBUG[0;39m c.s.m.d.c.ReadStatusController       [2f5fcd9e2c62489b98f50e8845e53a46 | GET | /api/readStatuses] - 사용자별 읽음 상태 목록 조회 응답: count=0
26-05-15 10:32:34.815 [http-nio-8080-exec-3] [32mDEBUG[0;39m c.s.m.d.config.MDCLoggingInterceptor [2f5fcd9e2c62489b98f50e8845e53a46 | GET | /api/readStatuses] - Request completed
26-05-15 10:32:37.777 [http-nio-8080-exec-4] [32mDEBUG[0;39m c.s.m.d.config.MDCLoggingInterceptor [34e47d74ed4b4d39b34ea2abb6b22242 | GET | /api/channels] - Request started
26-05-15 10:32:37.778 [http-nio-8080-exec-4] [32mINFO [0;39m c.s.m.d.controller.ChannelController [34e47d74ed4b4d39b34ea2abb6b22242 | GET | /api/channels] - 사용자별 채널 목록 조회 요청: userId=aba478e0-9386-4424-924f-249335d64694
26-05-15 10:32:37.781 [http-nio-8080-exec-4] [32mDEBUG[0;39m org.hibernate.SQL                    [34e47d74ed4b4d39b34ea2abb6b22242 | GET | /api/channels] - 
    select
        rs1_0.id,
        rs1_0.channel_id,
        rs1_0.created_at,
        rs1_0.last_read_at,
        rs1_0.updated_at,
        rs1_0.user_id 
    from
        read_statuses rs1_0 
    where
        rs1_0.user_id=?
26-05-15 10:32:37.781 [http-nio-8080-exec-4] [32mTRACE[0;39m org.hibernate.orm.jdbc.bind          [34e47d74ed4b4d39b34ea2abb6b22242 | GET | /api/channels] - binding parameter (1:UUID) <- [aba478e0-9386-4424-924f-249335d64694]
26-05-15 10:32:37.784 [http-nio-8080-exec-4] [32mDEBUG[0;39m org.hibernate.SQL                    [34e47d74ed4b4d39b34ea2abb6b22242 | GET | /api/channels] - 
    select
        c1_0.id,
        c1_0.created_at,
        c1_0.description,
        c1_0.name,
        c1_0.type,
        c1_0.updated_at 
    from
        channels c1_0 
    where
        c1_0.type=? 
        or c1_0.id in (?)
26-05-15 10:32:37.785 [http-nio-8080-exec-4] [32mTRACE[0;39m org.hibernate.orm.jdbc.bind          [34e47d74ed4b4d39b34ea2abb6b22242 | GET | /api/channels] - binding parameter (1:VARCHAR) <- [PUBLIC]
26-05-15 10:32:37.785 [http-nio-8080-exec-4] [32mTRACE[0;39m org.hibernate.orm.jdbc.bind          [34e47d74ed4b4d39b34ea2abb6b22242 | GET | /api/channels] - binding parameter (2:UUID) <- [null]
26-05-15 10:32:37.787 [http-nio-8080-exec-4] [32mDEBUG[0;39m org.hibernate.SQL                    [34e47d74ed4b4d39b34ea2abb6b22242 | GET | /api/channels] - 
    select
        m1_0.created_at 
    from
        messages m1_0 
    where
        m1_0.channel_id=? 
    order by
        m1_0.created_at desc 
    fetch
        first 1 rows only
26-05-15 10:32:37.788 [http-nio-8080-exec-4] [32mTRACE[0;39m org.hibernate.orm.jdbc.bind          [34e47d74ed4b4d39b34ea2abb6b22242 | GET | /api/channels] - binding parameter (1:UUID) <- [7cdff344-ade9-4175-ad8a-0acaa200aaa4]
26-05-15 10:32:37.789 [http-nio-8080-exec-4] [32mDEBUG[0;39m org.hibernate.SQL                    [34e47d74ed4b4d39b34ea2abb6b22242 | GET | /api/channels] - 
    select
        m1_0.created_at 
    from
        messages m1_0 
    where
        m1_0.channel_id=? 
    order by
        m1_0.created_at desc 
    fetch
        first 1 rows only
26-05-15 10:32:37.790 [http-nio-8080-exec-4] [32mTRACE[0;39m org.hibernate.orm.jdbc.bind          [34e47d74ed4b4d39b34ea2abb6b22242 | GET | /api/channels] - binding parameter (1:UUID) <- [4c2389f4-ec8c-4a2f-97b8-18350b7aef48]
26-05-15 10:32:37.791 [http-nio-8080-exec-4] [32mDEBUG[0;39m org.hibernate.SQL                    [34e47d74ed4b4d39b34ea2abb6b22242 | GET | /api/channels] - 
    select
        m1_0.created_at 
    from
        messages m1_0 
    where
        m1_0.channel_id=? 
    order by
        m1_0.created_at desc 
    fetch
        first 1 rows only
26-05-15 10:32:37.791 [http-nio-8080-exec-4] [32mTRACE[0;39m org.hibernate.orm.jdbc.bind          [34e47d74ed4b4d39b34ea2abb6b22242 | GET | /api/channels] - binding parameter (1:UUID) <- [0fb828ec-2cee-497c-8e87-348831a67f03]
26-05-15 10:32:37.793 [http-nio-8080-exec-4] [32mDEBUG[0;39m c.s.m.d.controller.ChannelController [34e47d74ed4b4d39b34ea2abb6b22242 | GET | /api/channels] - 사용자별 채널 목록 조회 응답: count=3
26-05-15 10:32:37.794 [http-nio-8080-exec-4] [32mDEBUG[0;39m c.s.m.d.config.MDCLoggingInterceptor [34e47d74ed4b4d39b34ea2abb6b22242 | GET | /api/channels] - Request completed
26-05-15 10:32:37.805 [http-nio-8080-exec-7] [32mDEBUG[0;39m c.s.m.d.config.MDCLoggingInterceptor [a6f77051c0ec48b7a290bc020f41375d | GET | /api/readStatuses] - Request started
26-05-15 10:32:37.806 [http-nio-8080-exec-7] [32mINFO [0;39m c.s.m.d.c.ReadStatusController       [a6f77051c0ec48b7a290bc020f41375d | GET | /api/readStatuses] - 사용자별 읽음 상태 목록 조회 요청: userId=aba478e0-9386-4424-924f-249335d64694
26-05-15 10:32:37.807 [http-nio-8080-exec-7] [32mDEBUG[0;39m c.s.m.d.s.b.BasicReadStatusService   [a6f77051c0ec48b7a290bc020f41375d | GET | /api/readStatuses] - 사용자별 읽음 상태 목록 조회 시작: userId=aba478e0-9386-4424-924f-249335d64694
26-05-15 10:32:37.810 [http-nio-8080-exec-7] [32mDEBUG[0;39m org.hibernate.SQL                    [a6f77051c0ec48b7a290bc020f41375d | GET | /api/readStatuses] - 
    select
        rs1_0.id,
        rs1_0.channel_id,
        rs1_0.created_at,
        rs1_0.last_read_at,
        rs1_0.updated_at,
        rs1_0.user_id 
    from
        read_statuses rs1_0 
    where
        rs1_0.user_id=?
26-05-15 10:32:37.810 [http-nio-8080-exec-7] [32mTRACE[0;39m org.hibernate.orm.jdbc.bind          [a6f77051c0ec48b7a290bc020f41375d | GET | /api/readStatuses] - binding parameter (1:UUID) <- [aba478e0-9386-4424-924f-249335d64694]
26-05-15 10:32:37.812 [http-nio-8080-exec-7] [32mINFO [0;39m c.s.m.d.s.b.BasicReadStatusService   [a6f77051c0ec48b7a290bc020f41375d | GET | /api/readStatuses] - 사용자별 읽음 상태 목록 조회 완료: userId=aba478e0-9386-4424-924f-249335d64694, 조회된 항목 수=0
26-05-15 10:32:37.813 [http-nio-8080-exec-7] [32mDEBUG[0;39m c.s.m.d.c.ReadStatusController       [a6f77051c0ec48b7a290bc020f41375d | GET | /api/readStatuses] - 사용자별 읽음 상태 목록 조회 응답: count=0
26-05-15 10:32:37.814 [http-nio-8080-exec-7] [32mDEBUG[0;39m c.s.m.d.config.MDCLoggingInterceptor [a6f77051c0ec48b7a290bc020f41375d | GET | /api/readStatuses] - Request completed
26-05-15 10:32:40.773 [http-nio-8080-exec-10] [32mDEBUG[0;39m c.s.m.d.config.MDCLoggingInterceptor [3b960602c3e646848adf7beb0b22979e | GET | /api/channels] - Request started
26-05-15 10:32:40.774 [http-nio-8080-exec-10] [32mINFO [0;39m c.s.m.d.controller.ChannelController [3b960602c3e646848adf7beb0b22979e | GET | /api/channels] - 사용자별 채널 목록 조회 요청: userId=aba478e0-9386-4424-924f-249335d64694
26-05-15 10:32:40.777 [http-nio-8080-exec-10] [32mDEBUG[0;39m org.hibernate.SQL                    [3b960602c3e646848adf7beb0b22979e | GET | /api/channels] - 
    select
        rs1_0.id,
        rs1_0.channel_id,
        rs1_0.created_at,
        rs1_0.last_read_at,
        rs1_0.updated_at,
        rs1_0.user_id 
    from
        read_statuses rs1_0 
    where
        rs1_0.user_id=?
26-05-15 10:32:40.777 [http-nio-8080-exec-10] [32mTRACE[0;39m org.hibernate.orm.jdbc.bind          [3b960602c3e646848adf7beb0b22979e | GET | /api/channels] - binding parameter (1:UUID) <- [aba478e0-9386-4424-924f-249335d64694]
26-05-15 10:32:40.780 [http-nio-8080-exec-10] [32mDEBUG[0;39m org.hibernate.SQL                    [3b960602c3e646848adf7beb0b22979e | GET | /api/channels] - 
    select
        c1_0.id,
        c1_0.created_at,
        c1_0.description,
        c1_0.name,
        c1_0.type,
        c1_0.updated_at 
    from
        channels c1_0 
    where
        c1_0.type=? 
        or c1_0.id in (?)
26-05-15 10:32:40.780 [http-nio-8080-exec-10] [32mTRACE[0;39m org.hibernate.orm.jdbc.bind          [3b960602c3e646848adf7beb0b22979e | GET | /api/channels] - binding parameter (1:VARCHAR) <- [PUBLIC]
26-05-15 10:32:40.780 [http-nio-8080-exec-10] [32mTRACE[0;39m org.hibernate.orm.jdbc.bind          [3b960602c3e646848adf7beb0b22979e | GET | /api/channels] - binding parameter (2:UUID) <- [null]
26-05-15 10:32:40.783 [http-nio-8080-exec-10] [32mDEBUG[0;39m org.hibernate.SQL                    [3b960602c3e646848adf7beb0b22979e | GET | /api/channels] - 
    select
        m1_0.created_at 
    from
        messages m1_0 
    where
        m1_0.channel_id=? 
    order by
        m1_0.created_at desc 
    fetch
        first 1 rows only
26-05-15 10:32:40.783 [http-nio-8080-exec-10] [32mTRACE[0;39m org.hibernate.orm.jdbc.bind          [3b960602c3e646848adf7beb0b22979e | GET | /api/channels] - binding parameter (1:UUID) <- [7cdff344-ade9-4175-ad8a-0acaa200aaa4]
26-05-15 10:32:40.785 [http-nio-8080-exec-10] [32mDEBUG[0;39m org.hibernate.SQL                    [3b960602c3e646848adf7beb0b22979e | GET | /api/channels] - 
    select
        m1_0.created_at 
    from
        messages m1_0 
    where
        m1_0.channel_id=? 
    order by
        m1_0.created_at desc 
    fetch
        first 1 rows only
26-05-15 10:32:40.786 [http-nio-8080-exec-10] [32mTRACE[0;39m org.hibernate.orm.jdbc.bind          [3b960602c3e646848adf7beb0b22979e | GET | /api/channels] - binding parameter (1:UUID) <- [4c2389f4-ec8c-4a2f-97b8-18350b7aef48]
26-05-15 10:32:40.787 [http-nio-8080-exec-10] [32mDEBUG[0;39m org.hibernate.SQL                    [3b960602c3e646848adf7beb0b22979e | GET | /api/channels] - 
    select
        m1_0.created_at 
    from
        messages m1_0 
    where
        m1_0.channel_id=? 
    order by
        m1_0.created_at desc 
    fetch
        first 1 rows only
26-05-15 10:32:40.787 [http-nio-8080-exec-10] [32mTRACE[0;39m org.hibernate.orm.jdbc.bind          [3b960602c3e646848adf7beb0b22979e | GET | /api/channels] - binding parameter (1:UUID) <- [0fb828ec-2cee-497c-8e87-348831a67f03]
26-05-15 10:32:40.789 [http-nio-8080-exec-10] [32mDEBUG[0;39m c.s.m.d.controller.ChannelController [3b960602c3e646848adf7beb0b22979e | GET | /api/channels] - 사용자별 채널 목록 조회 응답: count=3
26-05-15 10:32:40.790 [http-nio-8080-exec-10] [32mDEBUG[0;39m c.s.m.d.config.MDCLoggingInterceptor [3b960602c3e646848adf7beb0b22979e | GET | /api/channels] - Request completed
26-05-15 10:32:40.800 [http-nio-8080-exec-6] [32mDEBUG[0;39m c.s.m.d.config.MDCLoggingInterceptor [7027f485436b4d13ad88ca98333270b6 | GET | /api/readStatuses] - Request started
26-05-15 10:32:40.801 [http-nio-8080-exec-6] [32mINFO [0;39m c.s.m.d.c.ReadStatusController       [7027f485436b4d13ad88ca98333270b6 | GET | /api/readStatuses] - 사용자별 읽음 상태 목록 조회 요청: userId=aba478e0-9386-4424-924f-249335d64694
26-05-15 10:32:40.802 [http-nio-8080-exec-6] [32mDEBUG[0;39m c.s.m.d.s.b.BasicReadStatusService   [7027f485436b4d13ad88ca98333270b6 | GET | /api/readStatuses] - 사용자별 읽음 상태 목록 조회 시작: userId=aba478e0-9386-4424-924f-249335d64694
26-05-15 10:32:40.803 [http-nio-8080-exec-6] [32mDEBUG[0;39m org.hibernate.SQL                    [7027f485436b4d13ad88ca98333270b6 | GET | /api/readStatuses] - 
    select
        rs1_0.id,
        rs1_0.channel_id,
        rs1_0.created_at,
        rs1_0.last_read_at,
        rs1_0.updated_at,
        rs1_0.user_id 
    from
        read_statuses rs1_0 
    where
        rs1_0.user_id=?
26-05-15 10:32:40.805 [http-nio-8080-exec-6] [32mTRACE[0;39m org.hibernate.orm.jdbc.bind          [7027f485436b4d13ad88ca98333270b6 | GET | /api/readStatuses] - binding parameter (1:UUID) <- [aba478e0-9386-4424-924f-249335d64694]
26-05-15 10:32:40.806 [http-nio-8080-exec-6] [32mINFO [0;39m c.s.m.d.s.b.BasicReadStatusService   [7027f485436b4d13ad88ca98333270b6 | GET | /api/readStatuses] - 사용자별 읽음 상태 목록 조회 완료: userId=aba478e0-9386-4424-924f-249335d64694, 조회된 항목 수=0
26-05-15 10:32:40.806 [http-nio-8080-exec-6] [32mDEBUG[0;39m c.s.m.d.c.ReadStatusController       [7027f485436b4d13ad88ca98333270b6 | GET | /api/readStatuses] - 사용자별 읽음 상태 목록 조회 응답: count=0
26-05-15 10:32:40.808 [http-nio-8080-exec-6] [32mDEBUG[0;39m c.s.m.d.config.MDCLoggingInterceptor [7027f485436b4d13ad88ca98333270b6 | GET | /api/readStatuses] - Request completed
26-05-15 10:32:43.779 [http-nio-8080-exec-1] [32mDEBUG[0;39m c.s.m.d.config.MDCLoggingInterceptor [0ba6e8fc0262405e86a3aba8d2d526ba | GET | /api/channels] - Request started
26-05-15 10:32:43.779 [http-nio-8080-exec-1] [32mINFO [0;39m c.s.m.d.controller.ChannelController [0ba6e8fc0262405e86a3aba8d2d526ba | GET | /api/channels] - 사용자별 채널 목록 조회 요청: userId=aba478e0-9386-4424-924f-249335d64694
26-05-15 10:32:43.783 [http-nio-8080-exec-1] [32mDEBUG[0;39m org.hibernate.SQL                    [0ba6e8fc0262405e86a3aba8d2d526ba | GET | /api/channels] - 
    select
        rs1_0.id,
        rs1_0.channel_id,
        rs1_0.created_at,
        rs1_0.last_read_at,
        rs1_0.updated_at,
        rs1_0.user_id 
    from
        read_statuses rs1_0 
    where
        rs1_0.user_id=?
26-05-15 10:32:43.783 [http-nio-8080-exec-1] [32mTRACE[0;39m org.hibernate.orm.jdbc.bind          [0ba6e8fc0262405e86a3aba8d2d526ba | GET | /api/channels] - binding parameter (1:UUID) <- [aba478e0-9386-4424-924f-249335d64694]
26-05-15 10:32:43.787 [http-nio-8080-exec-1] [32mDEBUG[0;39m org.hibernate.SQL                    [0ba6e8fc0262405e86a3aba8d2d526ba | GET | /api/channels] - 
    select
        c1_0.id,
        c1_0.created_at,
        c1_0.description,
        c1_0.name,
        c1_0.type,
        c1_0.updated_at 
    from
        channels c1_0 
    where
        c1_0.type=? 
        or c1_0.id in (?)
26-05-15 10:32:43.787 [http-nio-8080-exec-1] [32mTRACE[0;39m org.hibernate.orm.jdbc.bind          [0ba6e8fc0262405e86a3aba8d2d526ba | GET | /api/channels] - binding parameter (1:VARCHAR) <- [PUBLIC]
26-05-15 10:32:43.787 [http-nio-8080-exec-1] [32mTRACE[0;39m org.hibernate.orm.jdbc.bind          [0ba6e8fc0262405e86a3aba8d2d526ba | GET | /api/channels] - binding parameter (2:UUID) <- [null]
26-05-15 10:32:43.790 [http-nio-8080-exec-1] [32mDEBUG[0;39m org.hibernate.SQL                    [0ba6e8fc0262405e86a3aba8d2d526ba | GET | /api/channels] - 
    select
        m1_0.created_at 
    from
        messages m1_0 
    where
        m1_0.channel_id=? 
    order by
        m1_0.created_at desc 
    fetch
        first 1 rows only
26-05-15 10:32:43.790 [http-nio-8080-exec-1] [32mTRACE[0;39m org.hibernate.orm.jdbc.bind          [0ba6e8fc0262405e86a3aba8d2d526ba | GET | /api/channels] - binding parameter (1:UUID) <- [7cdff344-ade9-4175-ad8a-0acaa200aaa4]
26-05-15 10:32:43.792 [http-nio-8080-exec-1] [32mDEBUG[0;39m org.hibernate.SQL                    [0ba6e8fc0262405e86a3aba8d2d526ba | GET | /api/channels] - 
    select
        m1_0.created_at 
    from
        messages m1_0 
    where
        m1_0.channel_id=? 
    order by
        m1_0.created_at desc 
    fetch
        first 1 rows only
26-05-15 10:32:43.792 [http-nio-8080-exec-1] [32mTRACE[0;39m org.hibernate.orm.jdbc.bind          [0ba6e8fc0262405e86a3aba8d2d526ba | GET | /api/channels] - binding parameter (1:UUID) <- [4c2389f4-ec8c-4a2f-97b8-18350b7aef48]
26-05-15 10:32:43.795 [http-nio-8080-exec-1] [32mDEBUG[0;39m org.hibernate.SQL                    [0ba6e8fc0262405e86a3aba8d2d526ba | GET | /api/channels] - 
    select
        m1_0.created_at 
    from
        messages m1_0 
    where
        m1_0.channel_id=? 
    order by
        m1_0.created_at desc 
    fetch
        first 1 rows only
26-05-15 10:32:43.795 [http-nio-8080-exec-1] [32mTRACE[0;39m org.hibernate.orm.jdbc.bind          [0ba6e8fc0262405e86a3aba8d2d526ba | GET | /api/channels] - binding parameter (1:UUID) <- [0fb828ec-2cee-497c-8e87-348831a67f03]
26-05-15 10:32:43.797 [http-nio-8080-exec-1] [32mDEBUG[0;39m c.s.m.d.controller.ChannelController [0ba6e8fc0262405e86a3aba8d2d526ba | GET | /api/channels] - 사용자별 채널 목록 조회 응답: count=3
26-05-15 10:32:43.800 [http-nio-8080-exec-1] [32mDEBUG[0;39m c.s.m.d.config.MDCLoggingInterceptor [0ba6e8fc0262405e86a3aba8d2d526ba | GET | /api/channels] - Request completed
26-05-15 10:32:43.812 [http-nio-8080-exec-9] [32mDEBUG[0;39m c.s.m.d.config.MDCLoggingInterceptor [3d2dfcf731b640fe942d598d6f165e01 | GET | /api/readStatuses] - Request started
26-05-15 10:32:43.812 [http-nio-8080-exec-9] [32mINFO [0;39m c.s.m.d.c.ReadStatusController       [3d2dfcf731b640fe942d598d6f165e01 | GET | /api/readStatuses] - 사용자별 읽음 상태 목록 조회 요청: userId=aba478e0-9386-4424-924f-249335d64694
26-05-15 10:32:43.812 [http-nio-8080-exec-9] [32mDEBUG[0;39m c.s.m.d.s.b.BasicReadStatusService   [3d2dfcf731b640fe942d598d6f165e01 | GET | /api/readStatuses] - 사용자별 읽음 상태 목록 조회 시작: userId=aba478e0-9386-4424-924f-249335d64694
26-05-15 10:32:43.815 [http-nio-8080-exec-9] [32mDEBUG[0;39m org.hibernate.SQL                    [3d2dfcf731b640fe942d598d6f165e01 | GET | /api/readStatuses] - 
    select
        rs1_0.id,
        rs1_0.channel_id,
        rs1_0.created_at,
        rs1_0.last_read_at,
        rs1_0.updated_at,
        rs1_0.user_id 
    from
        read_statuses rs1_0 
    where
        rs1_0.user_id=?
26-05-15 10:32:43.815 [http-nio-8080-exec-9] [32mTRACE[0;39m org.hibernate.orm.jdbc.bind          [3d2dfcf731b640fe942d598d6f165e01 | GET | /api/readStatuses] - binding parameter (1:UUID) <- [aba478e0-9386-4424-924f-249335d64694]
26-05-15 10:32:43.817 [http-nio-8080-exec-9] [32mINFO [0;39m c.s.m.d.s.b.BasicReadStatusService   [3d2dfcf731b640fe942d598d6f165e01 | GET | /api/readStatuses] - 사용자별 읽음 상태 목록 조회 완료: userId=aba478e0-9386-4424-924f-249335d64694, 조회된 항목 수=0
26-05-15 10:32:43.819 [http-nio-8080-exec-9] [32mDEBUG[0;39m c.s.m.d.c.ReadStatusController       [3d2dfcf731b640fe942d598d6f165e01 | GET | /api/readStatuses] - 사용자별 읽음 상태 목록 조회 응답: count=0
26-05-15 10:32:43.820 [http-nio-8080-exec-9] [32mDEBUG[0;39m c.s.m.d.config.MDCLoggingInterceptor [3d2dfcf731b640fe942d598d6f165e01 | GET | /api/readStatuses] - Request completed
26-05-15 10:32:46.778 [http-nio-8080-exec-5] [32mDEBUG[0;39m c.s.m.d.config.MDCLoggingInterceptor [407d866fa2a84749bba9882a74bdc5ae | GET | /api/channels] - Request started
26-05-15 10:32:46.779 [http-nio-8080-exec-5] [32mINFO [0;39m c.s.m.d.controller.ChannelController [407d866fa2a84749bba9882a74bdc5ae | GET | /api/channels] - 사용자별 채널 목록 조회 요청: userId=aba478e0-9386-4424-924f-249335d64694
26-05-15 10:32:46.781 [http-nio-8080-exec-5] [32mDEBUG[0;39m org.hibernate.SQL                    [407d866fa2a84749bba9882a74bdc5ae | GET | /api/channels] - 
    select
        rs1_0.id,
        rs1_0.channel_id,
        rs1_0.created_at,
        rs1_0.last_read_at,
        rs1_0.updated_at,
        rs1_0.user_id 
    from
        read_statuses rs1_0 
    where
        rs1_0.user_id=?
26-05-15 10:32:46.781 [http-nio-8080-exec-5] [32mTRACE[0;39m org.hibernate.orm.jdbc.bind          [407d866fa2a84749bba9882a74bdc5ae | GET | /api/channels] - binding parameter (1:UUID) <- [aba478e0-9386-4424-924f-249335d64694]
26-05-15 10:32:46.783 [http-nio-8080-exec-5] [32mDEBUG[0;39m org.hibernate.SQL                    [407d866fa2a84749bba9882a74bdc5ae | GET | /api/channels] - 
    select
        c1_0.id,
        c1_0.created_at,
        c1_0.description,
        c1_0.name,
        c1_0.type,
        c1_0.updated_at 
    from
        channels c1_0 
    where
        c1_0.type=? 
        or c1_0.id in (?)
26-05-15 10:32:46.784 [http-nio-8080-exec-5] [32mTRACE[0;39m org.hibernate.orm.jdbc.bind          [407d866fa2a84749bba9882a74bdc5ae | GET | /api/channels] - binding parameter (1:VARCHAR) <- [PUBLIC]
26-05-15 10:32:46.784 [http-nio-8080-exec-5] [32mTRACE[0;39m org.hibernate.orm.jdbc.bind          [407d866fa2a84749bba9882a74bdc5ae | GET | /api/channels] - binding parameter (2:UUID) <- [null]
26-05-15 10:32:46.786 [http-nio-8080-exec-5] [32mDEBUG[0;39m org.hibernate.SQL                    [407d866fa2a84749bba9882a74bdc5ae | GET | /api/channels] - 
    select
        m1_0.created_at 
    from
        messages m1_0 
    where
        m1_0.channel_id=? 
    order by
        m1_0.created_at desc 
    fetch
        first 1 rows only
26-05-15 10:32:46.786 [http-nio-8080-exec-5] [32mTRACE[0;39m org.hibernate.orm.jdbc.bind          [407d866fa2a84749bba9882a74bdc5ae | GET | /api/channels] - binding parameter (1:UUID) <- [7cdff344-ade9-4175-ad8a-0acaa200aaa4]
26-05-15 10:32:46.787 [http-nio-8080-exec-5] [32mDEBUG[0;39m org.hibernate.SQL                    [407d866fa2a84749bba9882a74bdc5ae | GET | /api/channels] - 
    select
        m1_0.created_at 
    from
        messages m1_0 
    where
        m1_0.channel_id=? 
    order by
        m1_0.created_at desc 
    fetch
        first 1 rows only
26-05-15 10:32:46.787 [http-nio-8080-exec-5] [32mTRACE[0;39m org.hibernate.orm.jdbc.bind          [407d866fa2a84749bba9882a74bdc5ae | GET | /api/channels] - binding parameter (1:UUID) <- [4c2389f4-ec8c-4a2f-97b8-18350b7aef48]
26-05-15 10:32:46.788 [http-nio-8080-exec-5] [32mDEBUG[0;39m org.hibernate.SQL                    [407d866fa2a84749bba9882a74bdc5ae | GET | /api/channels] - 
    select
        m1_0.created_at 
    from
        messages m1_0 
    where
        m1_0.channel_id=? 
    order by
        m1_0.created_at desc 
    fetch
        first 1 rows only
26-05-15 10:32:46.789 [http-nio-8080-exec-5] [32mTRACE[0;39m org.hibernate.orm.jdbc.bind          [407d866fa2a84749bba9882a74bdc5ae | GET | /api/channels] - binding parameter (1:UUID) <- [0fb828ec-2cee-497c-8e87-348831a67f03]
26-05-15 10:32:46.790 [http-nio-8080-exec-5] [32mDEBUG[0;39m c.s.m.d.controller.ChannelController [407d866fa2a84749bba9882a74bdc5ae | GET | /api/channels] - 사용자별 채널 목록 조회 응답: count=3
26-05-15 10:32:46.792 [http-nio-8080-exec-5] [32mDEBUG[0;39m c.s.m.d.config.MDCLoggingInterceptor [407d866fa2a84749bba9882a74bdc5ae | GET | /api/channels] - Request completed
26-05-15 10:32:46.801 [http-nio-8080-exec-2] [32mDEBUG[0;39m c.s.m.d.config.MDCLoggingInterceptor [bab5d58e8d754e7c9f762fcd87063cf3 | GET | /api/readStatuses] - Request started
26-05-15 10:32:46.801 [http-nio-8080-exec-2] [32mINFO [0;39m c.s.m.d.c.ReadStatusController       [bab5d58e8d754e7c9f762fcd87063cf3 | GET | /api/readStatuses] - 사용자별 읽음 상태 목록 조회 요청: userId=aba478e0-9386-4424-924f-249335d64694
26-05-15 10:32:46.802 [http-nio-8080-exec-2] [32mDEBUG[0;39m c.s.m.d.s.b.BasicReadStatusService   [bab5d58e8d754e7c9f762fcd87063cf3 | GET | /api/readStatuses] - 사용자별 읽음 상태 목록 조회 시작: userId=aba478e0-9386-4424-924f-249335d64694
26-05-15 10:32:46.804 [http-nio-8080-exec-2] [32mDEBUG[0;39m org.hibernate.SQL                    [bab5d58e8d754e7c9f762fcd87063cf3 | GET | /api/readStatuses] - 
    select
        rs1_0.id,
        rs1_0.channel_id,
        rs1_0.created_at,
        rs1_0.last_read_at,
        rs1_0.updated_at,
        rs1_0.user_id 
    from
        read_statuses rs1_0 
    where
        rs1_0.user_id=?
26-05-15 10:32:46.805 [http-nio-8080-exec-2] [32mTRACE[0;39m org.hibernate.orm.jdbc.bind          [bab5d58e8d754e7c9f762fcd87063cf3 | GET | /api/readStatuses] - binding parameter (1:UUID) <- [aba478e0-9386-4424-924f-249335d64694]
26-05-15 10:32:46.807 [http-nio-8080-exec-2] [32mINFO [0;39m c.s.m.d.s.b.BasicReadStatusService   [bab5d58e8d754e7c9f762fcd87063cf3 | GET | /api/readStatuses] - 사용자별 읽음 상태 목록 조회 완료: userId=aba478e0-9386-4424-924f-249335d64694, 조회된 항목 수=0
26-05-15 10:32:46.807 [http-nio-8080-exec-2] [32mDEBUG[0;39m c.s.m.d.c.ReadStatusController       [bab5d58e8d754e7c9f762fcd87063cf3 | GET | /api/readStatuses] - 사용자별 읽음 상태 목록 조회 응답: count=0
26-05-15 10:32:46.809 [http-nio-8080-exec-2] [32mDEBUG[0;39m c.s.m.d.config.MDCLoggingInterceptor [bab5d58e8d754e7c9f762fcd87063cf3 | GET | /api/readStatuses] - Request completed
26-05-15 10:32:49.755 [http-nio-8080-exec-8] [32mDEBUG[0;39m c.s.m.d.config.MDCLoggingInterceptor [d6291e67633c48d5b15d56dab4717c94 | POST | /api/readStatuses] - Request started
26-05-15 10:32:49.756 [http-nio-8080-exec-3] [32mDEBUG[0;39m c.s.m.d.config.MDCLoggingInterceptor [5435818c36494debafeb71eba0a10685 | GET | /api/messages] - Request started
26-05-15 10:32:49.772 [http-nio-8080-exec-3] [32mINFO [0;39m c.s.m.d.controller.MessageController [5435818c36494debafeb71eba0a10685 | GET | /api/messages] - 채널별 메시지 목록 조회 요청: channelId=0fb828ec-2cee-497c-8e87-348831a67f03, cursor=null, pageable=Page request [number: 0, size 50, sort: createdAt: DESC]
26-05-15 10:32:49.800 [http-nio-8080-exec-3] [32mDEBUG[0;39m org.hibernate.SQL                    [5435818c36494debafeb71eba0a10685 | GET | /api/messages] - 
    select
        m1_0.id,
        a1_0.id,
        a1_0.created_at,
        a1_0.email,
        a1_0.password,
        p1_0.id,
        p1_0.content_type,
        p1_0.created_at,
        p1_0.file_name,
        p1_0.size,
        s1_0.id,
        s1_0.created_at,
        s1_0.last_active_at,
        s1_0.updated_at,
        s1_0.user_id,
        a1_0.updated_at,
        a1_0.username,
        m1_0.channel_id,
        m1_0.content,
        m1_0.created_at,
        m1_0.updated_at 
    from
        messages m1_0 
    left join
        users a1_0 
            on a1_0.id=m1_0.author_id 
    join
        user_statuses s1_0 
            on a1_0.id=s1_0.user_id 
    left join
        binary_contents p1_0 
            on p1_0.id=a1_0.profile_id 
    where
        m1_0.channel_id=? 
        and m1_0.created_at<? 
    order by
        m1_0.created_at desc 
    fetch
        first ? rows only
26-05-15 10:32:49.800 [http-nio-8080-exec-3] [32mTRACE[0;39m org.hibernate.orm.jdbc.bind          [5435818c36494debafeb71eba0a10685 | GET | /api/messages] - binding parameter (1:UUID) <- [0fb828ec-2cee-497c-8e87-348831a67f03]
26-05-15 10:32:49.801 [http-nio-8080-exec-3] [32mTRACE[0;39m org.hibernate.orm.jdbc.bind          [5435818c36494debafeb71eba0a10685 | GET | /api/messages] - binding parameter (2:TIMESTAMP_UTC) <- [2026-05-15T01:32:49.773993Z]
26-05-15 10:32:49.801 [http-nio-8080-exec-3] [32mTRACE[0;39m org.hibernate.orm.jdbc.bind          [5435818c36494debafeb71eba0a10685 | GET | /api/messages] - binding parameter (3:INTEGER) <- [51]
26-05-15 10:32:49.811 [http-nio-8080-exec-8] [32mINFO [0;39m c.s.m.d.c.ReadStatusController       [d6291e67633c48d5b15d56dab4717c94 | POST | /api/readStatuses] - 읽음 상태 생성 요청: ReadStatusCreateRequest[userId=aba478e0-9386-4424-924f-249335d64694, channelId=0fb828ec-2cee-497c-8e87-348831a67f03, lastReadAt=2026-05-15T01:32:49.741Z]
26-05-15 10:32:49.815 [http-nio-8080-exec-4] [32mDEBUG[0;39m c.s.m.d.config.MDCLoggingInterceptor [f991e370dc024e07b450da0dc43639cd | GET | /api/channels] - Request started
26-05-15 10:32:49.815 [http-nio-8080-exec-8] [32mDEBUG[0;39m c.s.m.d.s.b.BasicReadStatusService   [d6291e67633c48d5b15d56dab4717c94 | POST | /api/readStatuses] - 읽음 상태 생성 시작: userId=aba478e0-9386-4424-924f-249335d64694, channelId=0fb828ec-2cee-497c-8e87-348831a67f03
26-05-15 10:32:49.815 [http-nio-8080-exec-4] [32mINFO [0;39m c.s.m.d.controller.ChannelController [f991e370dc024e07b450da0dc43639cd | GET | /api/channels] - 사용자별 채널 목록 조회 요청: userId=aba478e0-9386-4424-924f-249335d64694
26-05-15 10:32:49.816 [http-nio-8080-exec-7] [32mDEBUG[0;39m c.s.m.d.config.MDCLoggingInterceptor [66f25e7715464583ba487a00314c2f0d | GET | /api/users] - Request started
26-05-15 10:32:49.816 [http-nio-8080-exec-8] [32mDEBUG[0;39m org.hibernate.SQL                    [d6291e67633c48d5b15d56dab4717c94 | POST | /api/readStatuses] - 
    select
        u1_0.id,
        u1_0.created_at,
        u1_0.email,
        u1_0.password,
        u1_0.profile_id,
        s1_0.id,
        s1_0.created_at,
        s1_0.last_active_at,
        s1_0.updated_at,
        s1_0.user_id,
        u1_0.updated_at,
        u1_0.username 
    from
        users u1_0 
    left join
        user_statuses s1_0 
            on u1_0.id=s1_0.user_id 
    where
        u1_0.id=?
26-05-15 10:32:49.817 [http-nio-8080-exec-8] [32mTRACE[0;39m org.hibernate.orm.jdbc.bind          [d6291e67633c48d5b15d56dab4717c94 | POST | /api/readStatuses] - binding parameter (1:UUID) <- [aba478e0-9386-4424-924f-249335d64694]
26-05-15 10:32:49.817 [http-nio-8080-exec-7] [32mDEBUG[0;39m c.s.m.d.s.basic.BasicUserService     [66f25e7715464583ba487a00314c2f0d | GET | /api/users] - 모든 사용자 조회 시작
26-05-15 10:32:49.818 [http-nio-8080-exec-4] [32mDEBUG[0;39m org.hibernate.SQL                    [f991e370dc024e07b450da0dc43639cd | GET | /api/channels] - 
    select
        rs1_0.id,
        rs1_0.channel_id,
        rs1_0.created_at,
        rs1_0.last_read_at,
        rs1_0.updated_at,
        rs1_0.user_id 
    from
        read_statuses rs1_0 
    where
        rs1_0.user_id=?
26-05-15 10:32:49.818 [http-nio-8080-exec-4] [32mTRACE[0;39m org.hibernate.orm.jdbc.bind          [f991e370dc024e07b450da0dc43639cd | GET | /api/channels] - binding parameter (1:UUID) <- [aba478e0-9386-4424-924f-249335d64694]
26-05-15 10:32:49.819 [http-nio-8080-exec-7] [32mDEBUG[0;39m org.hibernate.SQL                    [66f25e7715464583ba487a00314c2f0d | GET | /api/users] - 
    select
        u1_0.id,
        u1_0.created_at,
        u1_0.email,
        u1_0.password,
        p1_0.id,
        p1_0.content_type,
        p1_0.created_at,
        p1_0.file_name,
        p1_0.size,
        s1_0.id,
        s1_0.created_at,
        s1_0.last_active_at,
        s1_0.updated_at,
        s1_0.user_id,
        u1_0.updated_at,
        u1_0.username 
    from
        users u1_0 
    left join
        binary_contents p1_0 
            on p1_0.id=u1_0.profile_id 
    join
        user_statuses s1_0 
            on u1_0.id=s1_0.user_id
26-05-15 10:32:49.821 [http-nio-8080-exec-4] [32mDEBUG[0;39m org.hibernate.SQL                    [f991e370dc024e07b450da0dc43639cd | GET | /api/channels] - 
    select
        c1_0.id,
        c1_0.created_at,
        c1_0.description,
        c1_0.name,
        c1_0.type,
        c1_0.updated_at 
    from
        channels c1_0 
    where
        c1_0.type=? 
        or c1_0.id in (?)
26-05-15 10:32:49.821 [http-nio-8080-exec-4] [32mTRACE[0;39m org.hibernate.orm.jdbc.bind          [f991e370dc024e07b450da0dc43639cd | GET | /api/channels] - binding parameter (1:VARCHAR) <- [PUBLIC]
26-05-15 10:32:49.821 [http-nio-8080-exec-4] [32mTRACE[0;39m org.hibernate.orm.jdbc.bind          [f991e370dc024e07b450da0dc43639cd | GET | /api/channels] - binding parameter (2:UUID) <- [null]
26-05-15 10:32:49.824 [http-nio-8080-exec-4] [32mDEBUG[0;39m org.hibernate.SQL                    [f991e370dc024e07b450da0dc43639cd | GET | /api/channels] - 
    select
        m1_0.created_at 
    from
        messages m1_0 
    where
        m1_0.channel_id=? 
    order by
        m1_0.created_at desc 
    fetch
        first 1 rows only
26-05-15 10:32:49.825 [http-nio-8080-exec-4] [32mTRACE[0;39m org.hibernate.orm.jdbc.bind          [f991e370dc024e07b450da0dc43639cd | GET | /api/channels] - binding parameter (1:UUID) <- [7cdff344-ade9-4175-ad8a-0acaa200aaa4]
26-05-15 10:32:49.827 [http-nio-8080-exec-4] [32mDEBUG[0;39m org.hibernate.SQL                    [f991e370dc024e07b450da0dc43639cd | GET | /api/channels] - 
    select
        m1_0.created_at 
    from
        messages m1_0 
    where
        m1_0.channel_id=? 
    order by
        m1_0.created_at desc 
    fetch
        first 1 rows only
26-05-15 10:32:49.827 [http-nio-8080-exec-3] [32mDEBUG[0;39m c.s.m.d.controller.MessageController [5435818c36494debafeb71eba0a10685 | GET | /api/messages] - 채널별 메시지 목록 조회 응답: totalElements=null
26-05-15 10:32:49.828 [http-nio-8080-exec-4] [32mTRACE[0;39m org.hibernate.orm.jdbc.bind          [f991e370dc024e07b450da0dc43639cd | GET | /api/channels] - binding parameter (1:UUID) <- [4c2389f4-ec8c-4a2f-97b8-18350b7aef48]
26-05-15 10:32:49.830 [http-nio-8080-exec-8] [32mDEBUG[0;39m org.hibernate.SQL                    [d6291e67633c48d5b15d56dab4717c94 | POST | /api/readStatuses] - 
    select
        c1_0.id,
        c1_0.created_at,
        c1_0.description,
        c1_0.name,
        c1_0.type,
        c1_0.updated_at 
    from
        channels c1_0 
    where
        c1_0.id=?
26-05-15 10:32:49.830 [http-nio-8080-exec-8] [32mTRACE[0;39m org.hibernate.orm.jdbc.bind          [d6291e67633c48d5b15d56dab4717c94 | POST | /api/readStatuses] - binding parameter (1:UUID) <- [0fb828ec-2cee-497c-8e87-348831a67f03]
26-05-15 10:32:49.831 [http-nio-8080-exec-4] [32mDEBUG[0;39m org.hibernate.SQL                    [f991e370dc024e07b450da0dc43639cd | GET | /api/channels] - 
    select
        m1_0.created_at 
    from
        messages m1_0 
    where
        m1_0.channel_id=? 
    order by
        m1_0.created_at desc 
    fetch
        first 1 rows only
26-05-15 10:32:49.832 [http-nio-8080-exec-4] [32mTRACE[0;39m org.hibernate.orm.jdbc.bind          [f991e370dc024e07b450da0dc43639cd | GET | /api/channels] - binding parameter (1:UUID) <- [0fb828ec-2cee-497c-8e87-348831a67f03]
26-05-15 10:32:49.833 [http-nio-8080-exec-4] [32mDEBUG[0;39m c.s.m.d.controller.ChannelController [f991e370dc024e07b450da0dc43639cd | GET | /api/channels] - 사용자별 채널 목록 조회 응답: count=3
26-05-15 10:32:49.834 [http-nio-8080-exec-7] [32mINFO [0;39m c.s.m.d.s.basic.BasicUserService     [66f25e7715464583ba487a00314c2f0d | GET | /api/users] - 모든 사용자 조회 완료: 총 6명
26-05-15 10:32:49.834 [http-nio-8080-exec-4] [32mDEBUG[0;39m c.s.m.d.config.MDCLoggingInterceptor [f991e370dc024e07b450da0dc43639cd | GET | /api/channels] - Request completed
26-05-15 10:32:49.836 [http-nio-8080-exec-8] [32mDEBUG[0;39m org.hibernate.SQL                    [d6291e67633c48d5b15d56dab4717c94 | POST | /api/readStatuses] - 
    select
        rs1_0.id,
        rs1_0.channel_id,
        rs1_0.created_at,
        rs1_0.last_read_at,
        rs1_0.updated_at,
        rs1_0.user_id 
    from
        read_statuses rs1_0 
    where
        rs1_0.user_id=? 
        and rs1_0.channel_id=?
26-05-15 10:32:49.836 [http-nio-8080-exec-8] [32mTRACE[0;39m org.hibernate.orm.jdbc.bind          [d6291e67633c48d5b15d56dab4717c94 | POST | /api/readStatuses] - binding parameter (1:UUID) <- [aba478e0-9386-4424-924f-249335d64694]
26-05-15 10:32:49.836 [http-nio-8080-exec-3] [32mDEBUG[0;39m c.s.m.d.config.MDCLoggingInterceptor [5435818c36494debafeb71eba0a10685 | GET | /api/messages] - Request completed
26-05-15 10:32:49.836 [http-nio-8080-exec-8] [32mTRACE[0;39m org.hibernate.orm.jdbc.bind          [d6291e67633c48d5b15d56dab4717c94 | POST | /api/readStatuses] - binding parameter (2:UUID) <- [0fb828ec-2cee-497c-8e87-348831a67f03]
26-05-15 10:32:49.836 [http-nio-8080-exec-7] [32mDEBUG[0;39m c.s.m.d.config.MDCLoggingInterceptor [66f25e7715464583ba487a00314c2f0d | GET | /api/users] - Request completed
26-05-15 10:32:49.841 [http-nio-8080-exec-10] [32mDEBUG[0;39m c.s.m.d.config.MDCLoggingInterceptor [00e2ef40a04b46ce99cb5c51411bd925 | GET | /api/messages] - Request started
26-05-15 10:32:49.845 [http-nio-8080-exec-10] [32mINFO [0;39m c.s.m.d.controller.MessageController [00e2ef40a04b46ce99cb5c51411bd925 | GET | /api/messages] - 채널별 메시지 목록 조회 요청: channelId=0fb828ec-2cee-497c-8e87-348831a67f03, cursor=null, pageable=Page request [number: 0, size 50, sort: createdAt: DESC]
26-05-15 10:32:49.846 [http-nio-8080-exec-6] [32mDEBUG[0;39m c.s.m.d.config.MDCLoggingInterceptor [db4053554f03402ea74124d9d4c8d893 | GET | /api/readStatuses] - Request started
26-05-15 10:32:49.847 [http-nio-8080-exec-6] [32mINFO [0;39m c.s.m.d.c.ReadStatusController       [db4053554f03402ea74124d9d4c8d893 | GET | /api/readStatuses] - 사용자별 읽음 상태 목록 조회 요청: userId=aba478e0-9386-4424-924f-249335d64694
26-05-15 10:32:49.848 [http-nio-8080-exec-6] [32mDEBUG[0;39m c.s.m.d.s.b.BasicReadStatusService   [db4053554f03402ea74124d9d4c8d893 | GET | /api/readStatuses] - 사용자별 읽음 상태 목록 조회 시작: userId=aba478e0-9386-4424-924f-249335d64694
26-05-15 10:32:49.848 [http-nio-8080-exec-10] [32mDEBUG[0;39m org.hibernate.SQL                    [00e2ef40a04b46ce99cb5c51411bd925 | GET | /api/messages] - 
    select
        m1_0.id,
        a1_0.id,
        a1_0.created_at,
        a1_0.email,
        a1_0.password,
        p1_0.id,
        p1_0.content_type,
        p1_0.created_at,
        p1_0.file_name,
        p1_0.size,
        s1_0.id,
        s1_0.created_at,
        s1_0.last_active_at,
        s1_0.updated_at,
        s1_0.user_id,
        a1_0.updated_at,
        a1_0.username,
        m1_0.channel_id,
        m1_0.content,
        m1_0.created_at,
        m1_0.updated_at 
    from
        messages m1_0 
    left join
        users a1_0 
            on a1_0.id=m1_0.author_id 
    join
        user_statuses s1_0 
            on a1_0.id=s1_0.user_id 
    left join
        binary_contents p1_0 
            on p1_0.id=a1_0.profile_id 
    where
        m1_0.channel_id=? 
        and m1_0.created_at<? 
    order by
        m1_0.created_at desc 
    fetch
        first ? rows only
26-05-15 10:32:49.849 [http-nio-8080-exec-10] [32mTRACE[0;39m org.hibernate.orm.jdbc.bind          [00e2ef40a04b46ce99cb5c51411bd925 | GET | /api/messages] - binding parameter (1:UUID) <- [0fb828ec-2cee-497c-8e87-348831a67f03]
26-05-15 10:32:49.849 [http-nio-8080-exec-10] [32mTRACE[0;39m org.hibernate.orm.jdbc.bind          [00e2ef40a04b46ce99cb5c51411bd925 | GET | /api/messages] - binding parameter (2:TIMESTAMP_UTC) <- [2026-05-15T01:32:49.847487400Z]
26-05-15 10:32:49.849 [http-nio-8080-exec-10] [32mTRACE[0;39m org.hibernate.orm.jdbc.bind          [00e2ef40a04b46ce99cb5c51411bd925 | GET | /api/messages] - binding parameter (3:INTEGER) <- [51]
26-05-15 10:32:49.850 [http-nio-8080-exec-6] [32mDEBUG[0;39m org.hibernate.SQL                    [db4053554f03402ea74124d9d4c8d893 | GET | /api/readStatuses] - 
    select
        rs1_0.id,
        rs1_0.channel_id,
        rs1_0.created_at,
        rs1_0.last_read_at,
        rs1_0.updated_at,
        rs1_0.user_id 
    from
        read_statuses rs1_0 
    where
        rs1_0.user_id=?
26-05-15 10:32:49.850 [http-nio-8080-exec-6] [32mTRACE[0;39m org.hibernate.orm.jdbc.bind          [db4053554f03402ea74124d9d4c8d893 | GET | /api/readStatuses] - binding parameter (1:UUID) <- [aba478e0-9386-4424-924f-249335d64694]
26-05-15 10:32:49.851 [http-nio-8080-exec-8] [32mINFO [0;39m c.s.m.d.s.b.BasicReadStatusService   [d6291e67633c48d5b15d56dab4717c94 | POST | /api/readStatuses] - 읽음 상태 생성 완료: id=1bc7f4d8-205c-4de2-8296-3f0cd5618dbc, userId=aba478e0-9386-4424-924f-249335d64694, channelId=0fb828ec-2cee-497c-8e87-348831a67f03
26-05-15 10:32:49.851 [http-nio-8080-exec-6] [32mINFO [0;39m c.s.m.d.s.b.BasicReadStatusService   [db4053554f03402ea74124d9d4c8d893 | GET | /api/readStatuses] - 사용자별 읽음 상태 목록 조회 완료: userId=aba478e0-9386-4424-924f-249335d64694, 조회된 항목 수=0
26-05-15 10:32:49.852 [http-nio-8080-exec-8] [32mDEBUG[0;39m org.hibernate.SQL                    [d6291e67633c48d5b15d56dab4717c94 | POST | /api/readStatuses] - 
    insert 
    into
        read_statuses
        (channel_id, created_at, last_read_at, updated_at, user_id, id) 
    values
        (?, ?, ?, ?, ?, ?)
26-05-15 10:32:49.852 [http-nio-8080-exec-6] [32mDEBUG[0;39m c.s.m.d.c.ReadStatusController       [db4053554f03402ea74124d9d4c8d893 | GET | /api/readStatuses] - 사용자별 읽음 상태 목록 조회 응답: count=0
26-05-15 10:32:49.852 [http-nio-8080-exec-8] [32mTRACE[0;39m org.hibernate.orm.jdbc.bind          [d6291e67633c48d5b15d56dab4717c94 | POST | /api/readStatuses] - binding parameter (1:UUID) <- [0fb828ec-2cee-497c-8e87-348831a67f03]
26-05-15 10:32:49.852 [http-nio-8080-exec-8] [32mTRACE[0;39m org.hibernate.orm.jdbc.bind          [d6291e67633c48d5b15d56dab4717c94 | POST | /api/readStatuses] - binding parameter (2:TIMESTAMP_UTC) <- [2026-05-15T01:32:49.844449300Z]
26-05-15 10:32:49.852 [http-nio-8080-exec-8] [32mTRACE[0;39m org.hibernate.orm.jdbc.bind          [d6291e67633c48d5b15d56dab4717c94 | POST | /api/readStatuses] - binding parameter (3:TIMESTAMP_UTC) <- [2026-05-15T01:32:49.741Z]
26-05-15 10:32:49.854 [http-nio-8080-exec-8] [32mTRACE[0;39m org.hibernate.orm.jdbc.bind          [d6291e67633c48d5b15d56dab4717c94 | POST | /api/readStatuses] - binding parameter (4:TIMESTAMP_UTC) <- [2026-05-15T01:32:49.844449300Z]
26-05-15 10:32:49.854 [http-nio-8080-exec-6] [32mDEBUG[0;39m c.s.m.d.config.MDCLoggingInterceptor [db4053554f03402ea74124d9d4c8d893 | GET | /api/readStatuses] - Request completed
26-05-15 10:32:49.854 [http-nio-8080-exec-8] [32mTRACE[0;39m org.hibernate.orm.jdbc.bind          [d6291e67633c48d5b15d56dab4717c94 | POST | /api/readStatuses] - binding parameter (5:UUID) <- [aba478e0-9386-4424-924f-249335d64694]
26-05-15 10:32:49.854 [http-nio-8080-exec-8] [32mTRACE[0;39m org.hibernate.orm.jdbc.bind          [d6291e67633c48d5b15d56dab4717c94 | POST | /api/readStatuses] - binding parameter (6:UUID) <- [1bc7f4d8-205c-4de2-8296-3f0cd5618dbc]
26-05-15 10:32:49.861 [http-nio-8080-exec-8] [32mDEBUG[0;39m c.s.m.d.c.ReadStatusController       [d6291e67633c48d5b15d56dab4717c94 | POST | /api/readStatuses] - 읽음 상태 생성 응답: ReadStatusDto[id=1bc7f4d8-205c-4de2-8296-3f0cd5618dbc, userId=aba478e0-9386-4424-924f-249335d64694, channelId=0fb828ec-2cee-497c-8e87-348831a67f03, lastReadAt=2026-05-15T01:32:49.741Z]
26-05-15 10:32:49.864 [http-nio-8080-exec-10] [32mDEBUG[0;39m c.s.m.d.controller.MessageController [00e2ef40a04b46ce99cb5c51411bd925 | GET | /api/messages] - 채널별 메시지 목록 조회 응답: totalElements=null
26-05-15 10:32:49.865 [http-nio-8080-exec-10] [32mDEBUG[0;39m c.s.m.d.config.MDCLoggingInterceptor [00e2ef40a04b46ce99cb5c51411bd925 | GET | /api/messages] - Request completed
26-05-15 10:32:49.870 [http-nio-8080-exec-8] [32mDEBUG[0;39m c.s.m.d.config.MDCLoggingInterceptor [d6291e67633c48d5b15d56dab4717c94 | POST | /api/readStatuses] - Request completed
26-05-15 10:32:50.334 [http-nio-8080-exec-1] [32mDEBUG[0;39m c.s.m.d.config.MDCLoggingInterceptor [d31d258a20484707b0ac602d214e7056 | GET | /api/messages] - Request started
26-05-15 10:32:50.335 [http-nio-8080-exec-1] [32mINFO [0;39m c.s.m.d.controller.MessageController [d31d258a20484707b0ac602d214e7056 | GET | /api/messages] - 채널별 메시지 목록 조회 요청: channelId=0fb828ec-2cee-497c-8e87-348831a67f03, cursor=null, pageable=Page request [number: 0, size 50, sort: createdAt: DESC]
26-05-15 10:32:50.337 [http-nio-8080-exec-1] [32mDEBUG[0;39m org.hibernate.SQL                    [d31d258a20484707b0ac602d214e7056 | GET | /api/messages] - 
    select
        m1_0.id,
        a1_0.id,
        a1_0.created_at,
        a1_0.email,
        a1_0.password,
        p1_0.id,
        p1_0.content_type,
        p1_0.created_at,
        p1_0.file_name,
        p1_0.size,
        s1_0.id,
        s1_0.created_at,
        s1_0.last_active_at,
        s1_0.updated_at,
        s1_0.user_id,
        a1_0.updated_at,
        a1_0.username,
        m1_0.channel_id,
        m1_0.content,
        m1_0.created_at,
        m1_0.updated_at 
    from
        messages m1_0 
    left join
        users a1_0 
            on a1_0.id=m1_0.author_id 
    join
        user_statuses s1_0 
            on a1_0.id=s1_0.user_id 
    left join
        binary_contents p1_0 
            on p1_0.id=a1_0.profile_id 
    where
        m1_0.channel_id=? 
        and m1_0.created_at<? 
    order by
        m1_0.created_at desc 
    fetch
        first ? rows only
26-05-15 10:32:50.337 [http-nio-8080-exec-1] [32mTRACE[0;39m org.hibernate.orm.jdbc.bind          [d31d258a20484707b0ac602d214e7056 | GET | /api/messages] - binding parameter (1:UUID) <- [0fb828ec-2cee-497c-8e87-348831a67f03]
26-05-15 10:32:50.337 [http-nio-8080-exec-1] [32mTRACE[0;39m org.hibernate.orm.jdbc.bind          [d31d258a20484707b0ac602d214e7056 | GET | /api/messages] - binding parameter (2:TIMESTAMP_UTC) <- [2026-05-15T01:32:50.336699300Z]
26-05-15 10:32:50.338 [http-nio-8080-exec-1] [32mTRACE[0;39m org.hibernate.orm.jdbc.bind          [d31d258a20484707b0ac602d214e7056 | GET | /api/messages] - binding parameter (3:INTEGER) <- [51]
26-05-15 10:32:50.347 [http-nio-8080-exec-1] [32mDEBUG[0;39m c.s.m.d.controller.MessageController [d31d258a20484707b0ac602d214e7056 | GET | /api/messages] - 채널별 메시지 목록 조회 응답: totalElements=null
26-05-15 10:32:50.348 [http-nio-8080-exec-1] [32mDEBUG[0;39m c.s.m.d.config.MDCLoggingInterceptor [d31d258a20484707b0ac602d214e7056 | GET | /api/messages] - Request completed
26-05-15 10:32:51.034 [http-nio-8080-exec-9] [32mDEBUG[0;39m c.s.m.d.config.MDCLoggingInterceptor [a40dc5a25fa2425199a49e8d3373d2e4 | GET | /api/messages] - Request started
26-05-15 10:32:51.036 [http-nio-8080-exec-9] [32mINFO [0;39m c.s.m.d.controller.MessageController [a40dc5a25fa2425199a49e8d3373d2e4 | GET | /api/messages] - 채널별 메시지 목록 조회 요청: channelId=0fb828ec-2cee-497c-8e87-348831a67f03, cursor=null, pageable=Page request [number: 0, size 50, sort: createdAt: DESC]
26-05-15 10:32:51.038 [http-nio-8080-exec-9] [32mDEBUG[0;39m org.hibernate.SQL                    [a40dc5a25fa2425199a49e8d3373d2e4 | GET | /api/messages] - 
    select
        m1_0.id,
        a1_0.id,
        a1_0.created_at,
        a1_0.email,
        a1_0.password,
        p1_0.id,
        p1_0.content_type,
        p1_0.created_at,
        p1_0.file_name,
        p1_0.size,
        s1_0.id,
        s1_0.created_at,
        s1_0.last_active_at,
        s1_0.updated_at,
        s1_0.user_id,
        a1_0.updated_at,
        a1_0.username,
        m1_0.channel_id,
        m1_0.content,
        m1_0.created_at,
        m1_0.updated_at 
    from
        messages m1_0 
    left join
        users a1_0 
            on a1_0.id=m1_0.author_id 
    join
        user_statuses s1_0 
            on a1_0.id=s1_0.user_id 
    left join
        binary_contents p1_0 
            on p1_0.id=a1_0.profile_id 
    where
        m1_0.channel_id=? 
        and m1_0.created_at<? 
    order by
        m1_0.created_at desc 
    fetch
        first ? rows only
26-05-15 10:32:51.073 [http-nio-8080-exec-9] [32mTRACE[0;39m org.hibernate.orm.jdbc.bind          [a40dc5a25fa2425199a49e8d3373d2e4 | GET | /api/messages] - binding parameter (1:UUID) <- [0fb828ec-2cee-497c-8e87-348831a67f03]
26-05-15 10:32:51.073 [http-nio-8080-exec-9] [32mTRACE[0;39m org.hibernate.orm.jdbc.bind          [a40dc5a25fa2425199a49e8d3373d2e4 | GET | /api/messages] - binding parameter (2:TIMESTAMP_UTC) <- [2026-05-15T01:32:51.037859300Z]
26-05-15 10:32:51.073 [http-nio-8080-exec-9] [32mTRACE[0;39m org.hibernate.orm.jdbc.bind          [a40dc5a25fa2425199a49e8d3373d2e4 | GET | /api/messages] - binding parameter (3:INTEGER) <- [51]
26-05-15 10:32:51.076 [http-nio-8080-exec-9] [32mDEBUG[0;39m c.s.m.d.controller.MessageController [a40dc5a25fa2425199a49e8d3373d2e4 | GET | /api/messages] - 채널별 메시지 목록 조회 응답: totalElements=null
26-05-15 10:32:51.077 [http-nio-8080-exec-9] [32mDEBUG[0;39m c.s.m.d.config.MDCLoggingInterceptor [a40dc5a25fa2425199a49e8d3373d2e4 | GET | /api/messages] - Request completed
26-05-15 10:32:51.802 [http-nio-8080-exec-2] [32mDEBUG[0;39m c.s.m.d.config.MDCLoggingInterceptor [1d84a12cb9d84a8d8a62e5b37d2633e0 | GET | /] - Request started
26-05-15 10:32:51.804 [http-nio-8080-exec-2] [32mDEBUG[0;39m c.s.m.d.config.MDCLoggingInterceptor [cfee9fddf8284a36a72be7734781091c | GET | /index.html] - Request started
26-05-15 10:32:51.807 [http-nio-8080-exec-2] [32mDEBUG[0;39m c.s.m.d.config.MDCLoggingInterceptor [cfee9fddf8284a36a72be7734781091c | GET | /index.html] - Request completed
26-05-15 10:32:51.808 [http-nio-8080-exec-2] [32mDEBUG[0;39m c.s.m.d.config.MDCLoggingInterceptor [ |  | ] - Request completed
26-05-15 10:32:51.854 [http-nio-8080-exec-4] [32mDEBUG[0;39m c.s.m.d.config.MDCLoggingInterceptor [3e3fdd70daad40968831691312240ca9 | GET | /assets/index-pvm8va9e.js] - Request started
26-05-15 10:32:51.856 [http-nio-8080-exec-7] [32mDEBUG[0;39m c.s.m.d.config.MDCLoggingInterceptor [d13ab99c7abb4f2db4b11c64c070f2dc | GET | /assets/index-kQJbKSsj.css] - Request started
26-05-15 10:32:51.859 [http-nio-8080-exec-7] [32mDEBUG[0;39m c.s.m.d.config.MDCLoggingInterceptor [d13ab99c7abb4f2db4b11c64c070f2dc | GET | /assets/index-kQJbKSsj.css] - Request completed
26-05-15 10:32:51.864 [http-nio-8080-exec-4] [32mDEBUG[0;39m c.s.m.d.config.MDCLoggingInterceptor [3e3fdd70daad40968831691312240ca9 | GET | /assets/index-pvm8va9e.js] - Request completed
26-05-15 10:32:51.945 [http-nio-8080-exec-3] [32mDEBUG[0;39m c.s.m.d.config.MDCLoggingInterceptor [ad4f13d53f4a468a96a455f472887700 | GET | /.well-known/appspecific/com.chrome.devtools.json] - Request started
26-05-15 10:32:51.947 [http-nio-8080-exec-6] [32mDEBUG[0;39m c.s.m.d.config.MDCLoggingInterceptor [32a51c5418c04c9087b94c99b33752c2 | GET | /api/auth/csrf-token] - Request started
26-05-15 10:32:51.947 [http-nio-8080-exec-6] [32mDEBUG[0;39m c.s.m.d.controller.AuthController    [32a51c5418c04c9087b94c99b33752c2 | GET | /api/auth/csrf-token] - CSRF 토큰 요청: 059G4tYZ8r3nszspJ7BKlZNLDJ3wTzHVrRmUu6JcxCQc3ypA46l227MolI7KgwscRJ1-oaQtIaTHLgb4mCGh3ZVq9BB47xlz
26-05-15 10:32:51.948 [http-nio-8080-exec-6] [32mDEBUG[0;39m c.s.m.d.config.MDCLoggingInterceptor [32a51c5418c04c9087b94c99b33752c2 | GET | /api/auth/csrf-token] - Request completed
26-05-15 10:32:51.954 [http-nio-8080-exec-3] [31mERROR[0;39m c.s.m.d.e.GlobalExceptionHandler     [ad4f13d53f4a468a96a455f472887700 | GET | /.well-known/appspecific/com.chrome.devtools.json] - 예상치 못한 오류 발생: No static resource .well-known/appspecific/com.chrome.devtools.json.
org.springframework.web.servlet.resource.NoResourceFoundException: No static resource .well-known/appspecific/com.chrome.devtools.json.
	at org.springframework.web.servlet.resource.ResourceHttpRequestHandler.handleRequest(ResourceHttpRequestHandler.java:585)
	at org.springframework.web.servlet.mvc.HttpRequestHandlerAdapter.handle(HttpRequestHandlerAdapter.java:52)
	at org.springframework.web.servlet.DispatcherServlet.doDispatch(DispatcherServlet.java:1088)
	at org.springframework.web.servlet.DispatcherServlet.doService(DispatcherServlet.java:978)
	at org.springframework.web.servlet.FrameworkServlet.processRequest(FrameworkServlet.java:1014)
	at org.springframework.web.servlet.FrameworkServlet.doGet(FrameworkServlet.java:903)
	at jakarta.servlet.http.HttpServlet.service(HttpServlet.java:564)
	at org.springframework.web.servlet.FrameworkServlet.service(FrameworkServlet.java:885)
	at jakarta.servlet.http.HttpServlet.service(HttpServlet.java:658)
	at org.apache.catalina.core.ApplicationFilterChain.internalDoFilter(ApplicationFilterChain.java:195)
	at org.apache.catalina.core.ApplicationFilterChain.doFilter(ApplicationFilterChain.java:140)
	at org.apache.tomcat.websocket.server.WsFilter.doFilter(WsFilter.java:51)
	at org.apache.catalina.core.ApplicationFilterChain.internalDoFilter(ApplicationFilterChain.java:164)
	at org.apache.catalina.core.ApplicationFilterChain.doFilter(ApplicationFilterChain.java:140)
	at org.springframework.web.filter.CompositeFilter$VirtualFilterChain.doFilter(CompositeFilter.java:108)
	at org.springframework.security.web.FilterChainProxy.lambda$doFilterInternal$3(FilterChainProxy.java:231)
	at org.springframework.security.web.ObservationFilterChainDecorator$FilterObservation$SimpleFilterObservation.lambda$wrap$1(ObservationFilterChainDecorator.java:479)
	at org.springframework.security.web.ObservationFilterChainDecorator$AroundFilterObservation$SimpleAroundFilterObservation.lambda$wrap$1(ObservationFilterChainDecorator.java:340)
	at org.springframework.security.web.ObservationFilterChainDecorator.lambda$wrapSecured$0(ObservationFilterChainDecorator.java:82)
	at org.springframework.security.web.ObservationFilterChainDecorator$VirtualFilterChain.doFilter(ObservationFilterChainDecorator.java:128)
	at org.springframework.security.web.access.ExceptionTranslationFilter.doFilter(ExceptionTranslationFilter.java:126)
	at org.springframework.security.web.access.ExceptionTranslationFilter.doFilter(ExceptionTranslationFilter.java:120)
	at org.springframework.security.web.ObservationFilterChainDecorator$ObservationFilter.wrapFilter(ObservationFilterChainDecorator.java:240)
	at org.springframework.security.web.ObservationFilterChainDecorator$ObservationFilter.doFilter(ObservationFilterChainDecorator.java:227)
	at org.springframework.security.web.ObservationFilterChainDecorator$VirtualFilterChain.doFilter(ObservationFilterChainDecorator.java:137)
	at org.springframework.security.web.authentication.AnonymousAuthenticationFilter.doFilter(AnonymousAuthenticationFilter.java:100)
	at org.springframework.security.web.ObservationFilterChainDecorator$ObservationFilter.wrapFilter(ObservationFilterChainDecorator.java:240)
	at org.springframework.security.web.ObservationFilterChainDecorator$ObservationFilter.doFilter(ObservationFilterChainDecorator.java:227)
	at org.springframework.security.web.ObservationFilterChainDecorator$VirtualFilterChain.doFilter(ObservationFilterChainDecorator.java:137)
	at org.springframework.security.web.servletapi.SecurityContextHolderAwareRequestFilter.doFilter(SecurityContextHolderAwareRequestFilter.java:179)
	at org.springframework.security.web.ObservationFilterChainDecorator$ObservationFilter.wrapFilter(ObservationFilterChainDecorator.java:240)
	at org.springframework.security.web.ObservationFilterChainDecorator$ObservationFilter.doFilter(ObservationFilterChainDecorator.java:227)
	at org.springframework.security.web.ObservationFilterChainDecorator$VirtualFilterChain.doFilter(ObservationFilterChainDecorator.java:137)
	at org.springframework.security.web.savedrequest.RequestCacheAwareFilter.doFilter(RequestCacheAwareFilter.java:63)
	at org.springframework.security.web.ObservationFilterChainDecorator$ObservationFilter.wrapFilter(ObservationFilterChainDecorator.java:240)
	at org.springframework.security.web.ObservationFilterChainDecorator$ObservationFilter.doFilter(ObservationFilterChainDecorator.java:227)
	at org.springframework.security.web.ObservationFilterChainDecorator$VirtualFilterChain.doFilter(ObservationFilterChainDecorator.java:137)
	at org.springframework.security.web.authentication.ui.DefaultLogoutPageGeneratingFilter.doFilterInternal(DefaultLogoutPageGeneratingFilter.java:58)
	at org.springframework.web.filter.OncePerRequestFilter.doFilter(OncePerRequestFilter.java:116)
	at org.springframework.security.web.ObservationFilterChainDecorator$ObservationFilter.wrapFilter(ObservationFilterChainDecorator.java:240)
	at org.springframework.security.web.ObservationFilterChainDecorator$ObservationFilter.doFilter(ObservationFilterChainDecorator.java:227)
	at org.springframework.security.web.ObservationFilterChainDecorator$VirtualFilterChain.doFilter(ObservationFilterChainDecorator.java:137)
	at org.springframework.security.web.authentication.ui.DefaultLoginPageGeneratingFilter.doFilter(DefaultLoginPageGeneratingFilter.java:220)
	at org.springframework.security.web.authentication.ui.DefaultLoginPageGeneratingFilter.doFilter(DefaultLoginPageGeneratingFilter.java:206)
	at org.springframework.security.web.ObservationFilterChainDecorator$ObservationFilter.wrapFilter(ObservationFilterChainDecorator.java:240)
	at org.springframework.security.web.ObservationFilterChainDecorator$ObservationFilter.doFilter(ObservationFilterChainDecorator.java:227)
	at org.springframework.security.web.ObservationFilterChainDecorator$VirtualFilterChain.doFilter(ObservationFilterChainDecorator.java:137)
	at org.springframework.security.web.authentication.ui.DefaultResourcesFilter.doFilter(DefaultResourcesFilter.java:72)
	at org.springframework.security.web.ObservationFilterChainDecorator$ObservationFilter.wrapFilter(ObservationFilterChainDecorator.java:240)
	at org.springframework.security.web.ObservationFilterChainDecorator$ObservationFilter.doFilter(ObservationFilterChainDecorator.java:227)
	at org.springframework.security.web.ObservationFilterChainDecorator$VirtualFilterChain.doFilter(ObservationFilterChainDecorator.java:137)
	at org.springframework.security.web.authentication.AbstractAuthenticationProcessingFilter.doFilter(AbstractAuthenticationProcessingFilter.java:227)
	at org.springframework.security.web.authentication.AbstractAuthenticationProcessingFilter.doFilter(AbstractAuthenticationProcessingFilter.java:221)
	at org.springframework.security.web.ObservationFilterChainDecorator$ObservationFilter.wrapFilter(ObservationFilterChainDecorator.java:240)
	at org.springframework.security.web.ObservationFilterChainDecorator$ObservationFilter.doFilter(ObservationFilterChainDecorator.java:227)
	at org.springframework.security.web.ObservationFilterChainDecorator$VirtualFilterChain.doFilter(ObservationFilterChainDecorator.java:137)
	at org.springframework.security.web.authentication.logout.LogoutFilter.doFilter(LogoutFilter.java:107)
	at org.springframework.security.web.authentication.logout.LogoutFilter.doFilter(LogoutFilter.java:93)
	at org.springframework.security.web.ObservationFilterChainDecorator$ObservationFilter.wrapFilter(ObservationFilterChainDecorator.java:240)
	at org.springframework.security.web.ObservationFilterChainDecorator$ObservationFilter.doFilter(ObservationFilterChainDecorator.java:227)
	at org.springframework.security.web.ObservationFilterChainDecorator$VirtualFilterChain.doFilter(ObservationFilterChainDecorator.java:137)
	at org.springframework.security.web.csrf.CsrfFilter.doFilterInternal(CsrfFilter.java:117)
	at org.springframework.web.filter.OncePerRequestFilter.doFilter(OncePerRequestFilter.java:116)
	at org.springframework.security.web.ObservationFilterChainDecorator$ObservationFilter.wrapFilter(ObservationFilterChainDecorator.java:240)
	at org.springframework.security.web.ObservationFilterChainDecorator$ObservationFilter.doFilter(ObservationFilterChainDecorator.java:227)
	at org.springframework.security.web.ObservationFilterChainDecorator$VirtualFilterChain.doFilter(ObservationFilterChainDecorator.java:137)
	at org.springframework.security.web.header.HeaderWriterFilter.doHeadersAfter(HeaderWriterFilter.java:90)
	at org.springframework.security.web.header.HeaderWriterFilter.doFilterInternal(HeaderWriterFilter.java:75)
	at org.springframework.web.filter.OncePerRequestFilter.doFilter(OncePerRequestFilter.java:116)
	at org.springframework.security.web.ObservationFilterChainDecorator$ObservationFilter.wrapFilter(ObservationFilterChainDecorator.java:240)
	at org.springframework.security.web.ObservationFilterChainDecorator$ObservationFilter.doFilter(ObservationFilterChainDecorator.java:227)
	at org.springframework.security.web.ObservationFilterChainDecorator$VirtualFilterChain.doFilter(ObservationFilterChainDecorator.java:137)
	at org.springframework.security.web.context.SecurityContextHolderFilter.doFilter(SecurityContextHolderFilter.java:82)
	at org.springframework.security.web.context.SecurityContextHolderFilter.doFilter(SecurityContextHolderFilter.java:69)
	at org.springframework.security.web.ObservationFilterChainDecorator$ObservationFilter.wrapFilter(ObservationFilterChainDecorator.java:240)
	at org.springframework.security.web.ObservationFilterChainDecorator$ObservationFilter.doFilter(ObservationFilterChainDecorator.java:227)
	at org.springframework.security.web.ObservationFilterChainDecorator$VirtualFilterChain.doFilter(ObservationFilterChainDecorator.java:137)
	at org.springframework.security.web.context.request.async.WebAsyncManagerIntegrationFilter.doFilterInternal(WebAsyncManagerIntegrationFilter.java:62)
	at org.springframework.web.filter.OncePerRequestFilter.doFilter(OncePerRequestFilter.java:116)
	at org.springframework.security.web.ObservationFilterChainDecorator$ObservationFilter.wrapFilter(ObservationFilterChainDecorator.java:240)
	at org.springframework.security.web.ObservationFilterChainDecorator$ObservationFilter.doFilter(ObservationFilterChainDecorator.java:227)
	at org.springframework.security.web.ObservationFilterChainDecorator$VirtualFilterChain.doFilter(ObservationFilterChainDecorator.java:137)
	at org.springframework.security.web.session.DisableEncodeUrlFilter.doFilterInternal(DisableEncodeUrlFilter.java:42)
	at org.springframework.web.filter.OncePerRequestFilter.doFilter(OncePerRequestFilter.java:116)
	at org.springframework.security.web.ObservationFilterChainDecorator$ObservationFilter.wrapFilter(ObservationFilterChainDecorator.java:240)
	at org.springframework.security.web.ObservationFilterChainDecorator$AroundFilterObservation$SimpleAroundFilterObservation.lambda$wrap$0(ObservationFilterChainDecorator.java:323)
	at org.springframework.security.web.ObservationFilterChainDecorator$ObservationFilter.doFilter(ObservationFilterChainDecorator.java:224)
	at org.springframework.security.web.ObservationFilterChainDecorator$VirtualFilterChain.doFilter(ObservationFilterChainDecorator.java:137)
	at org.springframework.security.web.FilterChainProxy.doFilterInternal(FilterChainProxy.java:233)
	at org.springframework.security.web.FilterChainProxy.doFilter(FilterChainProxy.java:191)
	at org.springframework.web.filter.CompositeFilter$VirtualFilterChain.doFilter(CompositeFilter.java:113)
	at org.springframework.web.servlet.handler.HandlerMappingIntrospector.lambda$createCacheFilter$3(HandlerMappingIntrospector.java:243)
	at org.springframework.web.filter.CompositeFilter$VirtualFilterChain.doFilter(CompositeFilter.java:113)
	at org.springframework.web.filter.CompositeFilter.doFilter(CompositeFilter.java:74)
	at org.springframework.security.config.annotation.web.configuration.WebMvcSecurityConfiguration$CompositeFilterChainProxy.doFilter(WebMvcSecurityConfiguration.java:238)
	at org.springframework.web.filter.DelegatingFilterProxy.invokeDelegate(DelegatingFilterProxy.java:362)
	at org.springframework.web.filter.DelegatingFilterProxy.doFilter(DelegatingFilterProxy.java:278)
	at org.apache.catalina.core.ApplicationFilterChain.internalDoFilter(ApplicationFilterChain.java:164)
	at org.apache.catalina.core.ApplicationFilterChain.doFilter(ApplicationFilterChain.java:140)
	at org.springframework.web.filter.RequestContextFilter.doFilterInternal(RequestContextFilter.java:100)
	at org.springframework.web.filter.OncePerRequestFilter.doFilter(OncePerRequestFilter.java:116)
	at org.apache.catalina.core.ApplicationFilterChain.internalDoFilter(ApplicationFilterChain.java:164)
	at org.apache.catalina.core.ApplicationFilterChain.doFilter(ApplicationFilterChain.java:140)
	at org.springframework.web.filter.FormContentFilter.doFilterInternal(FormContentFilter.java:93)
	at org.springframework.web.filter.OncePerRequestFilter.doFilter(OncePerRequestFilter.java:116)
	at org.apache.catalina.core.ApplicationFilterChain.internalDoFilter(ApplicationFilterChain.java:164)
	at org.apache.catalina.core.ApplicationFilterChain.doFilter(ApplicationFilterChain.java:140)
	at org.springframework.web.filter.ServerHttpObservationFilter.doFilterInternal(ServerHttpObservationFilter.java:114)
	at org.springframework.web.filter.OncePerRequestFilter.doFilter(OncePerRequestFilter.java:116)
	at org.apache.catalina.core.ApplicationFilterChain.internalDoFilter(ApplicationFilterChain.java:164)
	at org.apache.catalina.core.ApplicationFilterChain.doFilter(ApplicationFilterChain.java:140)
	at org.springframework.web.filter.CharacterEncodingFilter.doFilterInternal(CharacterEncodingFilter.java:201)
	at org.springframework.web.filter.OncePerRequestFilter.doFilter(OncePerRequestFilter.java:116)
	at org.apache.catalina.core.ApplicationFilterChain.internalDoFilter(ApplicationFilterChain.java:164)
	at org.apache.catalina.core.ApplicationFilterChain.doFilter(ApplicationFilterChain.java:140)
	at org.apache.catalina.core.StandardWrapperValve.invoke(StandardWrapperValve.java:167)
	at org.apache.catalina.core.StandardContextValve.invoke(StandardContextValve.java:90)
	at org.apache.catalina.authenticator.AuthenticatorBase.invoke(AuthenticatorBase.java:483)
	at org.apache.catalina.core.StandardHostValve.invoke(StandardHostValve.java:115)
	at org.apache.catalina.valves.ErrorReportValve.invoke(ErrorReportValve.java:93)
	at org.apache.catalina.core.StandardEngineValve.invoke(StandardEngineValve.java:74)
	at org.apache.catalina.connector.CoyoteAdapter.service(CoyoteAdapter.java:344)
	at org.apache.coyote.http11.Http11Processor.service(Http11Processor.java:397)
	at org.apache.coyote.AbstractProcessorLight.process(AbstractProcessorLight.java:63)
	at org.apache.coyote.AbstractProtocol$ConnectionHandler.process(AbstractProtocol.java:905)
	at org.apache.tomcat.util.net.NioEndpoint$SocketProcessor.doRun(NioEndpoint.java:1741)
	at org.apache.tomcat.util.net.SocketProcessorBase.run(SocketProcessorBase.java:52)
	at org.apache.tomcat.util.threads.ThreadPoolExecutor.runWorker(ThreadPoolExecutor.java:1190)
	at org.apache.tomcat.util.threads.ThreadPoolExecutor$Worker.run(ThreadPoolExecutor.java:659)
	at org.apache.tomcat.util.threads.TaskThread$WrappingRunnable.run(TaskThread.java:63)
	at java.base/java.lang.Thread.run(Thread.java:840)
26-05-15 10:32:51.959 [http-nio-8080-exec-3] [32mDEBUG[0;39m c.s.m.d.config.MDCLoggingInterceptor [ad4f13d53f4a468a96a455f472887700 | GET | /.well-known/appspecific/com.chrome.devtools.json] - Request completed
26-05-15 10:32:51.976 [http-nio-8080-exec-10] [32mDEBUG[0;39m c.s.m.d.config.MDCLoggingInterceptor [a5dc24e3eba54fe0907d3386841071b8 | GET | /api/auth/me] - Request started
26-05-15 10:32:51.977 [http-nio-8080-exec-10] [32mDEBUG[0;39m c.s.m.d.controller.AuthController    [a5dc24e3eba54fe0907d3386841071b8 | GET | /api/auth/me] - 현재 사용자 정보 조회: userId=aba478e0-9386-4424-924f-249335d64694, username=jongin98
26-05-15 10:32:51.978 [http-nio-8080-exec-10] [32mDEBUG[0;39m c.s.m.d.config.MDCLoggingInterceptor [a5dc24e3eba54fe0907d3386841071b8 | GET | /api/auth/me] - Request completed
26-05-15 10:32:51.986 [http-nio-8080-exec-8] [32mDEBUG[0;39m c.s.m.d.config.MDCLoggingInterceptor [e29db68bc557453da2ddb41415d51335 | GET | /favicon.ico] - Request started
26-05-15 10:32:51.992 [http-nio-8080-exec-8] [32mDEBUG[0;39m c.s.m.d.config.MDCLoggingInterceptor [e29db68bc557453da2ddb41415d51335 | GET | /favicon.ico] - Request completed
26-05-15 10:32:52.012 [http-nio-8080-exec-1] [32mDEBUG[0;39m c.s.m.d.config.MDCLoggingInterceptor [33805f526bef4f08b92680798cb585c7 | GET | /api/channels] - Request started
26-05-15 10:32:52.013 [http-nio-8080-exec-1] [32mINFO [0;39m c.s.m.d.controller.ChannelController [33805f526bef4f08b92680798cb585c7 | GET | /api/channels] - 사용자별 채널 목록 조회 요청: userId=aba478e0-9386-4424-924f-249335d64694
26-05-15 10:32:52.014 [http-nio-8080-exec-5] [32mDEBUG[0;39m c.s.m.d.config.MDCLoggingInterceptor [ce0c263987184e279e2997a244a16f8e | GET | /api/readStatuses] - Request started
26-05-15 10:32:52.015 [http-nio-8080-exec-5] [32mINFO [0;39m c.s.m.d.c.ReadStatusController       [ce0c263987184e279e2997a244a16f8e | GET | /api/readStatuses] - 사용자별 읽음 상태 목록 조회 요청: userId=aba478e0-9386-4424-924f-249335d64694
26-05-15 10:32:52.015 [http-nio-8080-exec-9] [32mDEBUG[0;39m c.s.m.d.config.MDCLoggingInterceptor [f63148c8dea74f6495f46368676d4c5e | GET | /api/users] - Request started
26-05-15 10:32:52.016 [http-nio-8080-exec-5] [32mDEBUG[0;39m c.s.m.d.s.b.BasicReadStatusService   [ce0c263987184e279e2997a244a16f8e | GET | /api/readStatuses] - 사용자별 읽음 상태 목록 조회 시작: userId=aba478e0-9386-4424-924f-249335d64694
26-05-15 10:32:52.017 [http-nio-8080-exec-9] [32mDEBUG[0;39m c.s.m.d.s.basic.BasicUserService     [f63148c8dea74f6495f46368676d4c5e | GET | /api/users] - 모든 사용자 조회 시작
26-05-15 10:32:52.017 [http-nio-8080-exec-9] [32mDEBUG[0;39m org.hibernate.SQL                    [f63148c8dea74f6495f46368676d4c5e | GET | /api/users] - 
    select
        u1_0.id,
        u1_0.created_at,
        u1_0.email,
        u1_0.password,
        p1_0.id,
        p1_0.content_type,
        p1_0.created_at,
        p1_0.file_name,
        p1_0.size,
        s1_0.id,
        s1_0.created_at,
        s1_0.last_active_at,
        s1_0.updated_at,
        s1_0.user_id,
        u1_0.updated_at,
        u1_0.username 
    from
        users u1_0 
    left join
        binary_contents p1_0 
            on p1_0.id=u1_0.profile_id 
    join
        user_statuses s1_0 
            on u1_0.id=s1_0.user_id
26-05-15 10:32:52.018 [http-nio-8080-exec-1] [32mDEBUG[0;39m org.hibernate.SQL                    [33805f526bef4f08b92680798cb585c7 | GET | /api/channels] - 
    select
        rs1_0.id,
        rs1_0.channel_id,
        rs1_0.created_at,
        rs1_0.last_read_at,
        rs1_0.updated_at,
        rs1_0.user_id 
    from
        read_statuses rs1_0 
    where
        rs1_0.user_id=?
26-05-15 10:32:52.019 [http-nio-8080-exec-1] [32mTRACE[0;39m org.hibernate.orm.jdbc.bind          [33805f526bef4f08b92680798cb585c7 | GET | /api/channels] - binding parameter (1:UUID) <- [aba478e0-9386-4424-924f-249335d64694]
26-05-15 10:32:52.019 [http-nio-8080-exec-5] [32mDEBUG[0;39m org.hibernate.SQL                    [ce0c263987184e279e2997a244a16f8e | GET | /api/readStatuses] - 
    select
        rs1_0.id,
        rs1_0.channel_id,
        rs1_0.created_at,
        rs1_0.last_read_at,
        rs1_0.updated_at,
        rs1_0.user_id 
    from
        read_statuses rs1_0 
    where
        rs1_0.user_id=?
26-05-15 10:32:52.020 [http-nio-8080-exec-5] [32mTRACE[0;39m org.hibernate.orm.jdbc.bind          [ce0c263987184e279e2997a244a16f8e | GET | /api/readStatuses] - binding parameter (1:UUID) <- [aba478e0-9386-4424-924f-249335d64694]
26-05-15 10:32:52.022 [http-nio-8080-exec-9] [32mINFO [0;39m c.s.m.d.s.basic.BasicUserService     [f63148c8dea74f6495f46368676d4c5e | GET | /api/users] - 모든 사용자 조회 완료: 총 6명
26-05-15 10:32:52.026 [http-nio-8080-exec-9] [32mDEBUG[0;39m c.s.m.d.config.MDCLoggingInterceptor [f63148c8dea74f6495f46368676d4c5e | GET | /api/users] - Request completed
26-05-15 10:32:52.031 [http-nio-8080-exec-2] [32mDEBUG[0;39m c.s.m.d.config.MDCLoggingInterceptor [12e532fc61cd4379ac16c9be65dc4648 | GET | /api/users] - Request started
26-05-15 10:32:52.032 [http-nio-8080-exec-2] [32mDEBUG[0;39m c.s.m.d.s.basic.BasicUserService     [12e532fc61cd4379ac16c9be65dc4648 | GET | /api/users] - 모든 사용자 조회 시작
26-05-15 10:32:52.034 [http-nio-8080-exec-2] [32mDEBUG[0;39m org.hibernate.SQL                    [12e532fc61cd4379ac16c9be65dc4648 | GET | /api/users] - 
    select
        u1_0.id,
        u1_0.created_at,
        u1_0.email,
        u1_0.password,
        p1_0.id,
        p1_0.content_type,
        p1_0.created_at,
        p1_0.file_name,
        p1_0.size,
        s1_0.id,
        s1_0.created_at,
        s1_0.last_active_at,
        s1_0.updated_at,
        s1_0.user_id,
        u1_0.updated_at,
        u1_0.username 
    from
        users u1_0 
    left join
        binary_contents p1_0 
            on p1_0.id=u1_0.profile_id 
    join
        user_statuses s1_0 
            on u1_0.id=s1_0.user_id
26-05-15 10:32:52.037 [http-nio-8080-exec-5] [32mINFO [0;39m c.s.m.d.s.b.BasicReadStatusService   [ce0c263987184e279e2997a244a16f8e | GET | /api/readStatuses] - 사용자별 읽음 상태 목록 조회 완료: userId=aba478e0-9386-4424-924f-249335d64694, 조회된 항목 수=1
26-05-15 10:32:52.039 [http-nio-8080-exec-5] [32mDEBUG[0;39m c.s.m.d.c.ReadStatusController       [ce0c263987184e279e2997a244a16f8e | GET | /api/readStatuses] - 사용자별 읽음 상태 목록 조회 응답: count=1
26-05-15 10:32:52.039 [http-nio-8080-exec-2] [32mINFO [0;39m c.s.m.d.s.basic.BasicUserService     [12e532fc61cd4379ac16c9be65dc4648 | GET | /api/users] - 모든 사용자 조회 완료: 총 6명
26-05-15 10:32:52.040 [http-nio-8080-exec-5] [32mDEBUG[0;39m c.s.m.d.config.MDCLoggingInterceptor [ce0c263987184e279e2997a244a16f8e | GET | /api/readStatuses] - Request completed
26-05-15 10:32:52.042 [http-nio-8080-exec-2] [32mDEBUG[0;39m c.s.m.d.config.MDCLoggingInterceptor [12e532fc61cd4379ac16c9be65dc4648 | GET | /api/users] - Request completed
26-05-15 10:32:52.042 [http-nio-8080-exec-1] [32mDEBUG[0;39m org.hibernate.SQL                    [33805f526bef4f08b92680798cb585c7 | GET | /api/channels] - 
    select
        c1_0.id,
        c1_0.created_at,
        c1_0.description,
        c1_0.name,
        c1_0.type,
        c1_0.updated_at 
    from
        channels c1_0 
    where
        c1_0.type=? 
        or c1_0.id in (?)
26-05-15 10:32:52.045 [http-nio-8080-exec-1] [32mTRACE[0;39m org.hibernate.orm.jdbc.bind          [33805f526bef4f08b92680798cb585c7 | GET | /api/channels] - binding parameter (1:VARCHAR) <- [PUBLIC]
26-05-15 10:32:52.045 [http-nio-8080-exec-1] [32mTRACE[0;39m org.hibernate.orm.jdbc.bind          [33805f526bef4f08b92680798cb585c7 | GET | /api/channels] - binding parameter (2:UUID) <- [0fb828ec-2cee-497c-8e87-348831a67f03]
26-05-15 10:32:52.050 [http-nio-8080-exec-1] [32mDEBUG[0;39m org.hibernate.SQL                    [33805f526bef4f08b92680798cb585c7 | GET | /api/channels] - 
    select
        m1_0.created_at 
    from
        messages m1_0 
    where
        m1_0.channel_id=? 
    order by
        m1_0.created_at desc 
    fetch
        first 1 rows only
26-05-15 10:32:52.050 [http-nio-8080-exec-1] [32mTRACE[0;39m org.hibernate.orm.jdbc.bind          [33805f526bef4f08b92680798cb585c7 | GET | /api/channels] - binding parameter (1:UUID) <- [7cdff344-ade9-4175-ad8a-0acaa200aaa4]
26-05-15 10:32:52.052 [http-nio-8080-exec-1] [32mDEBUG[0;39m org.hibernate.SQL                    [33805f526bef4f08b92680798cb585c7 | GET | /api/channels] - 
    select
        m1_0.created_at 
    from
        messages m1_0 
    where
        m1_0.channel_id=? 
    order by
        m1_0.created_at desc 
    fetch
        first 1 rows only
26-05-15 10:32:52.052 [http-nio-8080-exec-1] [32mTRACE[0;39m org.hibernate.orm.jdbc.bind          [33805f526bef4f08b92680798cb585c7 | GET | /api/channels] - binding parameter (1:UUID) <- [4c2389f4-ec8c-4a2f-97b8-18350b7aef48]
26-05-15 10:32:52.054 [http-nio-8080-exec-7] [32mDEBUG[0;39m c.s.m.d.config.MDCLoggingInterceptor [377e8455ab174cccbd35e386f1e12361 | GET | /api/binaryContents/1b11ce4a-6a4b-4028-afc8-40b74097d13a] - Request started
26-05-15 10:32:52.055 [http-nio-8080-exec-7] [32mINFO [0;39m c.s.m.d.c.BinaryContentController    [377e8455ab174cccbd35e386f1e12361 | GET | /api/binaryContents/1b11ce4a-6a4b-4028-afc8-40b74097d13a] - 바이너리 컨텐츠 조회 요청: id=1b11ce4a-6a4b-4028-afc8-40b74097d13a
26-05-15 10:32:52.055 [http-nio-8080-exec-7] [32mDEBUG[0;39m c.s.m.d.s.b.BasicBinaryContentService [377e8455ab174cccbd35e386f1e12361 | GET | /api/binaryContents/1b11ce4a-6a4b-4028-afc8-40b74097d13a] - 바이너리 컨텐츠 조회 시작: id=1b11ce4a-6a4b-4028-afc8-40b74097d13a
26-05-15 10:32:52.055 [http-nio-8080-exec-1] [32mDEBUG[0;39m org.hibernate.SQL                    [33805f526bef4f08b92680798cb585c7 | GET | /api/channels] - 
    select
        m1_0.created_at 
    from
        messages m1_0 
    where
        m1_0.channel_id=? 
    order by
        m1_0.created_at desc 
    fetch
        first 1 rows only
26-05-15 10:32:52.055 [http-nio-8080-exec-4] [32mDEBUG[0;39m c.s.m.d.config.MDCLoggingInterceptor [5c62e927597b4b36b90a1645f30f6210 | GET | /api/binaryContents/6ae6049b-b522-4c13-857f-6589dec909f3] - Request started
26-05-15 10:32:52.056 [http-nio-8080-exec-1] [32mTRACE[0;39m org.hibernate.orm.jdbc.bind          [33805f526bef4f08b92680798cb585c7 | GET | /api/channels] - binding parameter (1:UUID) <- [0fb828ec-2cee-497c-8e87-348831a67f03]
26-05-15 10:32:52.056 [http-nio-8080-exec-6] [32mDEBUG[0;39m c.s.m.d.config.MDCLoggingInterceptor [cdc1dba748104ffe93413cd081c820c4 | GET | /api/binaryContents/97ca87ce-122f-4d86-8c20-b1faa66dade6] - Request started
26-05-15 10:32:52.056 [http-nio-8080-exec-4] [32mINFO [0;39m c.s.m.d.c.BinaryContentController    [5c62e927597b4b36b90a1645f30f6210 | GET | /api/binaryContents/6ae6049b-b522-4c13-857f-6589dec909f3] - 바이너리 컨텐츠 조회 요청: id=6ae6049b-b522-4c13-857f-6589dec909f3
26-05-15 10:32:52.056 [http-nio-8080-exec-6] [32mINFO [0;39m c.s.m.d.c.BinaryContentController    [cdc1dba748104ffe93413cd081c820c4 | GET | /api/binaryContents/97ca87ce-122f-4d86-8c20-b1faa66dade6] - 바이너리 컨텐츠 조회 요청: id=97ca87ce-122f-4d86-8c20-b1faa66dade6
26-05-15 10:32:52.057 [http-nio-8080-exec-4] [32mDEBUG[0;39m c.s.m.d.s.b.BasicBinaryContentService [5c62e927597b4b36b90a1645f30f6210 | GET | /api/binaryContents/6ae6049b-b522-4c13-857f-6589dec909f3] - 바이너리 컨텐츠 조회 시작: id=6ae6049b-b522-4c13-857f-6589dec909f3
26-05-15 10:32:52.057 [http-nio-8080-exec-6] [32mDEBUG[0;39m c.s.m.d.s.b.BasicBinaryContentService [cdc1dba748104ffe93413cd081c820c4 | GET | /api/binaryContents/97ca87ce-122f-4d86-8c20-b1faa66dade6] - 바이너리 컨텐츠 조회 시작: id=97ca87ce-122f-4d86-8c20-b1faa66dade6
26-05-15 10:32:52.057 [http-nio-8080-exec-7] [32mDEBUG[0;39m org.hibernate.SQL                    [377e8455ab174cccbd35e386f1e12361 | GET | /api/binaryContents/1b11ce4a-6a4b-4028-afc8-40b74097d13a] - 
    select
        bc1_0.id,
        bc1_0.content_type,
        bc1_0.created_at,
        bc1_0.file_name,
        bc1_0.size 
    from
        binary_contents bc1_0 
    where
        bc1_0.id=?
26-05-15 10:32:52.057 [http-nio-8080-exec-7] [32mTRACE[0;39m org.hibernate.orm.jdbc.bind          [377e8455ab174cccbd35e386f1e12361 | GET | /api/binaryContents/1b11ce4a-6a4b-4028-afc8-40b74097d13a] - binding parameter (1:UUID) <- [1b11ce4a-6a4b-4028-afc8-40b74097d13a]
26-05-15 10:32:52.057 [http-nio-8080-exec-4] [32mDEBUG[0;39m org.hibernate.SQL                    [5c62e927597b4b36b90a1645f30f6210 | GET | /api/binaryContents/6ae6049b-b522-4c13-857f-6589dec909f3] - 
    select
        bc1_0.id,
        bc1_0.content_type,
        bc1_0.created_at,
        bc1_0.file_name,
        bc1_0.size 
    from
        binary_contents bc1_0 
    where
        bc1_0.id=?
26-05-15 10:32:52.057 [http-nio-8080-exec-6] [32mDEBUG[0;39m org.hibernate.SQL                    [cdc1dba748104ffe93413cd081c820c4 | GET | /api/binaryContents/97ca87ce-122f-4d86-8c20-b1faa66dade6] - 
    select
        bc1_0.id,
        bc1_0.content_type,
        bc1_0.created_at,
        bc1_0.file_name,
        bc1_0.size 
    from
        binary_contents bc1_0 
    where
        bc1_0.id=?
26-05-15 10:32:52.057 [http-nio-8080-exec-4] [32mTRACE[0;39m org.hibernate.orm.jdbc.bind          [5c62e927597b4b36b90a1645f30f6210 | GET | /api/binaryContents/6ae6049b-b522-4c13-857f-6589dec909f3] - binding parameter (1:UUID) <- [6ae6049b-b522-4c13-857f-6589dec909f3]
26-05-15 10:32:52.057 [http-nio-8080-exec-1] [32mDEBUG[0;39m c.s.m.d.controller.ChannelController [33805f526bef4f08b92680798cb585c7 | GET | /api/channels] - 사용자별 채널 목록 조회 응답: count=3
26-05-15 10:32:52.058 [http-nio-8080-exec-6] [32mTRACE[0;39m org.hibernate.orm.jdbc.bind          [cdc1dba748104ffe93413cd081c820c4 | GET | /api/binaryContents/97ca87ce-122f-4d86-8c20-b1faa66dade6] - binding parameter (1:UUID) <- [97ca87ce-122f-4d86-8c20-b1faa66dade6]
26-05-15 10:32:52.059 [http-nio-8080-exec-7] [32mINFO [0;39m c.s.m.d.s.b.BasicBinaryContentService [377e8455ab174cccbd35e386f1e12361 | GET | /api/binaryContents/1b11ce4a-6a4b-4028-afc8-40b74097d13a] - 바이너리 컨텐츠 조회 완료: id=1b11ce4a-6a4b-4028-afc8-40b74097d13a, fileName=Longines-Legend-Diver-Colors-4.jpg
26-05-15 10:32:52.059 [http-nio-8080-exec-4] [32mINFO [0;39m c.s.m.d.s.b.BasicBinaryContentService [5c62e927597b4b36b90a1645f30f6210 | GET | /api/binaryContents/6ae6049b-b522-4c13-857f-6589dec909f3] - 바이너리 컨텐츠 조회 완료: id=6ae6049b-b522-4c13-857f-6589dec909f3, fileName=Australian GP 2025 Desktop Wallpaper 3.jpg
26-05-15 10:32:52.059 [http-nio-8080-exec-1] [32mDEBUG[0;39m c.s.m.d.config.MDCLoggingInterceptor [33805f526bef4f08b92680798cb585c7 | GET | /api/channels] - Request completed
26-05-15 10:32:52.059 [http-nio-8080-exec-7] [32mDEBUG[0;39m c.s.m.d.c.BinaryContentController    [377e8455ab174cccbd35e386f1e12361 | GET | /api/binaryContents/1b11ce4a-6a4b-4028-afc8-40b74097d13a] - 바이너리 컨텐츠 조회 응답: BinaryContentDto[id=1b11ce4a-6a4b-4028-afc8-40b74097d13a, fileName=Longines-Legend-Diver-Colors-4.jpg, size=108398, contentType=image/jpeg]
26-05-15 10:32:52.059 [http-nio-8080-exec-4] [32mDEBUG[0;39m c.s.m.d.c.BinaryContentController    [5c62e927597b4b36b90a1645f30f6210 | GET | /api/binaryContents/6ae6049b-b522-4c13-857f-6589dec909f3] - 바이너리 컨텐츠 조회 응답: BinaryContentDto[id=6ae6049b-b522-4c13-857f-6589dec909f3, fileName=Australian GP 2025 Desktop Wallpaper 3.jpg, size=2898389, contentType=image/jpeg]
26-05-15 10:32:52.060 [http-nio-8080-exec-6] [32mINFO [0;39m c.s.m.d.s.b.BasicBinaryContentService [cdc1dba748104ffe93413cd081c820c4 | GET | /api/binaryContents/97ca87ce-122f-4d86-8c20-b1faa66dade6] - 바이너리 컨텐츠 조회 완료: id=97ca87ce-122f-4d86-8c20-b1faa66dade6, fileName=F677_still_02_v11_169.avif
26-05-15 10:32:52.060 [http-nio-8080-exec-6] [32mDEBUG[0;39m c.s.m.d.c.BinaryContentController    [cdc1dba748104ffe93413cd081c820c4 | GET | /api/binaryContents/97ca87ce-122f-4d86-8c20-b1faa66dade6] - 바이너리 컨텐츠 조회 응답: BinaryContentDto[id=97ca87ce-122f-4d86-8c20-b1faa66dade6, fileName=F677_still_02_v11_169.avif, size=165353, contentType=image/avif]
26-05-15 10:32:52.060 [http-nio-8080-exec-7] [32mDEBUG[0;39m c.s.m.d.config.MDCLoggingInterceptor [377e8455ab174cccbd35e386f1e12361 | GET | /api/binaryContents/1b11ce4a-6a4b-4028-afc8-40b74097d13a] - Request completed
26-05-15 10:32:52.060 [http-nio-8080-exec-4] [32mDEBUG[0;39m c.s.m.d.config.MDCLoggingInterceptor [5c62e927597b4b36b90a1645f30f6210 | GET | /api/binaryContents/6ae6049b-b522-4c13-857f-6589dec909f3] - Request completed
26-05-15 10:32:52.061 [http-nio-8080-exec-6] [32mDEBUG[0;39m c.s.m.d.config.MDCLoggingInterceptor [cdc1dba748104ffe93413cd081c820c4 | GET | /api/binaryContents/97ca87ce-122f-4d86-8c20-b1faa66dade6] - Request completed
26-05-15 10:32:52.062 [http-nio-8080-exec-3] [32mDEBUG[0;39m c.s.m.d.config.MDCLoggingInterceptor [32dc1df9fc0f421881e368e1b1d35d8b | GET | /api/binaryContents/cc92f782-66b9-453e-984c-1f7cbcd11370] - Request started
26-05-15 10:32:52.063 [http-nio-8080-exec-3] [32mINFO [0;39m c.s.m.d.c.BinaryContentController    [32dc1df9fc0f421881e368e1b1d35d8b | GET | /api/binaryContents/cc92f782-66b9-453e-984c-1f7cbcd11370] - 바이너리 컨텐츠 조회 요청: id=cc92f782-66b9-453e-984c-1f7cbcd11370
26-05-15 10:32:52.063 [http-nio-8080-exec-10] [32mDEBUG[0;39m c.s.m.d.config.MDCLoggingInterceptor [8b5cda91d13a45ac8c95838b7b843a17 | GET | /api/binaryContents/ab4f6206-5a4b-4062-bf7c-b58569724fe3] - Request started
26-05-15 10:32:52.063 [http-nio-8080-exec-3] [32mDEBUG[0;39m c.s.m.d.s.b.BasicBinaryContentService [32dc1df9fc0f421881e368e1b1d35d8b | GET | /api/binaryContents/cc92f782-66b9-453e-984c-1f7cbcd11370] - 바이너리 컨텐츠 조회 시작: id=cc92f782-66b9-453e-984c-1f7cbcd11370
26-05-15 10:32:52.063 [http-nio-8080-exec-10] [32mINFO [0;39m c.s.m.d.c.BinaryContentController    [8b5cda91d13a45ac8c95838b7b843a17 | GET | /api/binaryContents/ab4f6206-5a4b-4062-bf7c-b58569724fe3] - 바이너리 컨텐츠 조회 요청: id=ab4f6206-5a4b-4062-bf7c-b58569724fe3
26-05-15 10:32:52.063 [http-nio-8080-exec-10] [32mDEBUG[0;39m c.s.m.d.s.b.BasicBinaryContentService [8b5cda91d13a45ac8c95838b7b843a17 | GET | /api/binaryContents/ab4f6206-5a4b-4062-bf7c-b58569724fe3] - 바이너리 컨텐츠 조회 시작: id=ab4f6206-5a4b-4062-bf7c-b58569724fe3
26-05-15 10:32:52.064 [http-nio-8080-exec-3] [32mDEBUG[0;39m org.hibernate.SQL                    [32dc1df9fc0f421881e368e1b1d35d8b | GET | /api/binaryContents/cc92f782-66b9-453e-984c-1f7cbcd11370] - 
    select
        bc1_0.id,
        bc1_0.content_type,
        bc1_0.created_at,
        bc1_0.file_name,
        bc1_0.size 
    from
        binary_contents bc1_0 
    where
        bc1_0.id=?
26-05-15 10:32:52.065 [http-nio-8080-exec-3] [32mTRACE[0;39m org.hibernate.orm.jdbc.bind          [32dc1df9fc0f421881e368e1b1d35d8b | GET | /api/binaryContents/cc92f782-66b9-453e-984c-1f7cbcd11370] - binding parameter (1:UUID) <- [cc92f782-66b9-453e-984c-1f7cbcd11370]
26-05-15 10:32:52.065 [http-nio-8080-exec-10] [32mDEBUG[0;39m org.hibernate.SQL                    [8b5cda91d13a45ac8c95838b7b843a17 | GET | /api/binaryContents/ab4f6206-5a4b-4062-bf7c-b58569724fe3] - 
    select
        bc1_0.id,
        bc1_0.content_type,
        bc1_0.created_at,
        bc1_0.file_name,
        bc1_0.size 
    from
        binary_contents bc1_0 
    where
        bc1_0.id=?
26-05-15 10:32:52.066 [http-nio-8080-exec-10] [32mTRACE[0;39m org.hibernate.orm.jdbc.bind          [8b5cda91d13a45ac8c95838b7b843a17 | GET | /api/binaryContents/ab4f6206-5a4b-4062-bf7c-b58569724fe3] - binding parameter (1:UUID) <- [ab4f6206-5a4b-4062-bf7c-b58569724fe3]
26-05-15 10:32:52.069 [http-nio-8080-exec-3] [32mINFO [0;39m c.s.m.d.s.b.BasicBinaryContentService [32dc1df9fc0f421881e368e1b1d35d8b | GET | /api/binaryContents/cc92f782-66b9-453e-984c-1f7cbcd11370] - 바이너리 컨텐츠 조회 완료: id=cc92f782-66b9-453e-984c-1f7cbcd11370, fileName=0e015653-fa4c-4d34-9770-f78bd6dd85bd.jpg
26-05-15 10:32:52.069 [http-nio-8080-exec-3] [32mDEBUG[0;39m c.s.m.d.c.BinaryContentController    [32dc1df9fc0f421881e368e1b1d35d8b | GET | /api/binaryContents/cc92f782-66b9-453e-984c-1f7cbcd11370] - 바이너리 컨텐츠 조회 응답: BinaryContentDto[id=cc92f782-66b9-453e-984c-1f7cbcd11370, fileName=0e015653-fa4c-4d34-9770-f78bd6dd85bd.jpg, size=297503, contentType=image/jpeg]
26-05-15 10:32:52.070 [http-nio-8080-exec-3] [32mDEBUG[0;39m c.s.m.d.config.MDCLoggingInterceptor [32dc1df9fc0f421881e368e1b1d35d8b | GET | /api/binaryContents/cc92f782-66b9-453e-984c-1f7cbcd11370] - Request completed
26-05-15 10:32:52.070 [http-nio-8080-exec-10] [32mINFO [0;39m c.s.m.d.s.b.BasicBinaryContentService [8b5cda91d13a45ac8c95838b7b843a17 | GET | /api/binaryContents/ab4f6206-5a4b-4062-bf7c-b58569724fe3] - 바이너리 컨텐츠 조회 완료: id=ab4f6206-5a4b-4062-bf7c-b58569724fe3, fileName=Monaco GP 2025 Desktop Wallpaper 1.jpg
26-05-15 10:32:52.071 [http-nio-8080-exec-10] [32mDEBUG[0;39m c.s.m.d.c.BinaryContentController    [8b5cda91d13a45ac8c95838b7b843a17 | GET | /api/binaryContents/ab4f6206-5a4b-4062-bf7c-b58569724fe3] - 바이너리 컨텐츠 조회 응답: BinaryContentDto[id=ab4f6206-5a4b-4062-bf7c-b58569724fe3, fileName=Monaco GP 2025 Desktop Wallpaper 1.jpg, size=3234766, contentType=image/jpeg]
26-05-15 10:32:52.072 [http-nio-8080-exec-10] [32mDEBUG[0;39m c.s.m.d.config.MDCLoggingInterceptor [8b5cda91d13a45ac8c95838b7b843a17 | GET | /api/binaryContents/ab4f6206-5a4b-4062-bf7c-b58569724fe3] - Request completed
26-05-15 10:32:52.086 [http-nio-8080-exec-8] [32mDEBUG[0;39m c.s.m.d.config.MDCLoggingInterceptor [8dbc3b84aaf342ad8f855af6062a8b3c | GET | /api/readStatuses] - Request started
26-05-15 10:32:52.087 [http-nio-8080-exec-8] [32mINFO [0;39m c.s.m.d.c.ReadStatusController       [8dbc3b84aaf342ad8f855af6062a8b3c | GET | /api/readStatuses] - 사용자별 읽음 상태 목록 조회 요청: userId=aba478e0-9386-4424-924f-249335d64694
26-05-15 10:32:52.088 [http-nio-8080-exec-8] [32mDEBUG[0;39m c.s.m.d.s.b.BasicReadStatusService   [8dbc3b84aaf342ad8f855af6062a8b3c | GET | /api/readStatuses] - 사용자별 읽음 상태 목록 조회 시작: userId=aba478e0-9386-4424-924f-249335d64694
26-05-15 10:32:52.090 [http-nio-8080-exec-9] [32mDEBUG[0;39m c.s.m.d.config.MDCLoggingInterceptor [e9c7bdb1bc844486a9f49cb83ef8a329 | GET | /api/binaryContents/1b11ce4a-6a4b-4028-afc8-40b74097d13a/download] - Request started
26-05-15 10:32:52.091 [http-nio-8080-exec-8] [32mDEBUG[0;39m org.hibernate.SQL                    [8dbc3b84aaf342ad8f855af6062a8b3c | GET | /api/readStatuses] - 
    select
        rs1_0.id,
        rs1_0.channel_id,
        rs1_0.created_at,
        rs1_0.last_read_at,
        rs1_0.updated_at,
        rs1_0.user_id 
    from
        read_statuses rs1_0 
    where
        rs1_0.user_id=?
26-05-15 10:32:52.091 [http-nio-8080-exec-8] [32mTRACE[0;39m org.hibernate.orm.jdbc.bind          [8dbc3b84aaf342ad8f855af6062a8b3c | GET | /api/readStatuses] - binding parameter (1:UUID) <- [aba478e0-9386-4424-924f-249335d64694]
26-05-15 10:32:52.091 [http-nio-8080-exec-9] [32mINFO [0;39m c.s.m.d.c.BinaryContentController    [e9c7bdb1bc844486a9f49cb83ef8a329 | GET | /api/binaryContents/1b11ce4a-6a4b-4028-afc8-40b74097d13a/download] - 바이너리 컨텐츠 다운로드 요청: id=1b11ce4a-6a4b-4028-afc8-40b74097d13a
26-05-15 10:32:52.091 [http-nio-8080-exec-9] [32mDEBUG[0;39m c.s.m.d.s.b.BasicBinaryContentService [e9c7bdb1bc844486a9f49cb83ef8a329 | GET | /api/binaryContents/1b11ce4a-6a4b-4028-afc8-40b74097d13a/download] - 바이너리 컨텐츠 조회 시작: id=1b11ce4a-6a4b-4028-afc8-40b74097d13a
26-05-15 10:32:52.092 [http-nio-8080-exec-9] [32mDEBUG[0;39m org.hibernate.SQL                    [e9c7bdb1bc844486a9f49cb83ef8a329 | GET | /api/binaryContents/1b11ce4a-6a4b-4028-afc8-40b74097d13a/download] - 
    select
        bc1_0.id,
        bc1_0.content_type,
        bc1_0.created_at,
        bc1_0.file_name,
        bc1_0.size 
    from
        binary_contents bc1_0 
    where
        bc1_0.id=?
26-05-15 10:32:52.092 [http-nio-8080-exec-9] [32mTRACE[0;39m org.hibernate.orm.jdbc.bind          [e9c7bdb1bc844486a9f49cb83ef8a329 | GET | /api/binaryContents/1b11ce4a-6a4b-4028-afc8-40b74097d13a/download] - binding parameter (1:UUID) <- [1b11ce4a-6a4b-4028-afc8-40b74097d13a]
26-05-15 10:32:52.092 [http-nio-8080-exec-5] [32mDEBUG[0;39m c.s.m.d.config.MDCLoggingInterceptor [480dafcf32f746d88dde3fd26fb9e803 | GET | /api/binaryContents/6ae6049b-b522-4c13-857f-6589dec909f3] - Request started
26-05-15 10:32:52.092 [http-nio-8080-exec-2] [32mDEBUG[0;39m c.s.m.d.config.MDCLoggingInterceptor [c38db8f24e594154b13bb6cbcfedf0ee | GET | /api/binaryContents/97ca87ce-122f-4d86-8c20-b1faa66dade6] - Request started
26-05-15 10:32:52.094 [http-nio-8080-exec-2] [32mINFO [0;39m c.s.m.d.c.BinaryContentController    [c38db8f24e594154b13bb6cbcfedf0ee | GET | /api/binaryContents/97ca87ce-122f-4d86-8c20-b1faa66dade6] - 바이너리 컨텐츠 조회 요청: id=97ca87ce-122f-4d86-8c20-b1faa66dade6
26-05-15 10:32:52.094 [http-nio-8080-exec-5] [32mINFO [0;39m c.s.m.d.c.BinaryContentController    [480dafcf32f746d88dde3fd26fb9e803 | GET | /api/binaryContents/6ae6049b-b522-4c13-857f-6589dec909f3] - 바이너리 컨텐츠 조회 요청: id=6ae6049b-b522-4c13-857f-6589dec909f3
26-05-15 10:32:52.094 [http-nio-8080-exec-8] [32mINFO [0;39m c.s.m.d.s.b.BasicReadStatusService   [8dbc3b84aaf342ad8f855af6062a8b3c | GET | /api/readStatuses] - 사용자별 읽음 상태 목록 조회 완료: userId=aba478e0-9386-4424-924f-249335d64694, 조회된 항목 수=1
26-05-15 10:32:52.094 [http-nio-8080-exec-2] [32mDEBUG[0;39m c.s.m.d.s.b.BasicBinaryContentService [c38db8f24e594154b13bb6cbcfedf0ee | GET | /api/binaryContents/97ca87ce-122f-4d86-8c20-b1faa66dade6] - 바이너리 컨텐츠 조회 시작: id=97ca87ce-122f-4d86-8c20-b1faa66dade6
26-05-15 10:32:52.094 [http-nio-8080-exec-5] [32mDEBUG[0;39m c.s.m.d.s.b.BasicBinaryContentService [480dafcf32f746d88dde3fd26fb9e803 | GET | /api/binaryContents/6ae6049b-b522-4c13-857f-6589dec909f3] - 바이너리 컨텐츠 조회 시작: id=6ae6049b-b522-4c13-857f-6589dec909f3
26-05-15 10:32:52.095 [http-nio-8080-exec-8] [32mDEBUG[0;39m c.s.m.d.c.ReadStatusController       [8dbc3b84aaf342ad8f855af6062a8b3c | GET | /api/readStatuses] - 사용자별 읽음 상태 목록 조회 응답: count=1
26-05-15 10:32:52.095 [http-nio-8080-exec-9] [32mINFO [0;39m c.s.m.d.s.b.BasicBinaryContentService [e9c7bdb1bc844486a9f49cb83ef8a329 | GET | /api/binaryContents/1b11ce4a-6a4b-4028-afc8-40b74097d13a/download] - 바이너리 컨텐츠 조회 완료: id=1b11ce4a-6a4b-4028-afc8-40b74097d13a, fileName=Longines-Legend-Diver-Colors-4.jpg
26-05-15 10:32:52.096 [http-nio-8080-exec-8] [32mDEBUG[0;39m c.s.m.d.config.MDCLoggingInterceptor [8dbc3b84aaf342ad8f855af6062a8b3c | GET | /api/readStatuses] - Request completed
26-05-15 10:32:52.096 [http-nio-8080-exec-2] [32mDEBUG[0;39m org.hibernate.SQL                    [c38db8f24e594154b13bb6cbcfedf0ee | GET | /api/binaryContents/97ca87ce-122f-4d86-8c20-b1faa66dade6] - 
    select
        bc1_0.id,
        bc1_0.content_type,
        bc1_0.created_at,
        bc1_0.file_name,
        bc1_0.size 
    from
        binary_contents bc1_0 
    where
        bc1_0.id=?
26-05-15 10:32:52.097 [http-nio-8080-exec-7] [32mDEBUG[0;39m c.s.m.d.config.MDCLoggingInterceptor [188e11cbbffc41388448d7bfdefac6e1 | GET | /api/binaryContents/ab4f6206-5a4b-4062-bf7c-b58569724fe3] - Request started
26-05-15 10:32:52.099 [http-nio-8080-exec-2] [32mTRACE[0;39m org.hibernate.orm.jdbc.bind          [c38db8f24e594154b13bb6cbcfedf0ee | GET | /api/binaryContents/97ca87ce-122f-4d86-8c20-b1faa66dade6] - binding parameter (1:UUID) <- [97ca87ce-122f-4d86-8c20-b1faa66dade6]
26-05-15 10:32:52.099 [http-nio-8080-exec-7] [32mINFO [0;39m c.s.m.d.c.BinaryContentController    [188e11cbbffc41388448d7bfdefac6e1 | GET | /api/binaryContents/ab4f6206-5a4b-4062-bf7c-b58569724fe3] - 바이너리 컨텐츠 조회 요청: id=ab4f6206-5a4b-4062-bf7c-b58569724fe3
26-05-15 10:32:52.099 [http-nio-8080-exec-7] [32mDEBUG[0;39m c.s.m.d.s.b.BasicBinaryContentService [188e11cbbffc41388448d7bfdefac6e1 | GET | /api/binaryContents/ab4f6206-5a4b-4062-bf7c-b58569724fe3] - 바이너리 컨텐츠 조회 시작: id=ab4f6206-5a4b-4062-bf7c-b58569724fe3
26-05-15 10:32:52.099 [http-nio-8080-exec-5] [32mDEBUG[0;39m org.hibernate.SQL                    [480dafcf32f746d88dde3fd26fb9e803 | GET | /api/binaryContents/6ae6049b-b522-4c13-857f-6589dec909f3] - 
    select
        bc1_0.id,
        bc1_0.content_type,
        bc1_0.created_at,
        bc1_0.file_name,
        bc1_0.size 
    from
        binary_contents bc1_0 
    where
        bc1_0.id=?
26-05-15 10:32:52.100 [http-nio-8080-exec-5] [32mTRACE[0;39m org.hibernate.orm.jdbc.bind          [480dafcf32f746d88dde3fd26fb9e803 | GET | /api/binaryContents/6ae6049b-b522-4c13-857f-6589dec909f3] - binding parameter (1:UUID) <- [6ae6049b-b522-4c13-857f-6589dec909f3]
26-05-15 10:32:52.100 [http-nio-8080-exec-7] [32mDEBUG[0;39m org.hibernate.SQL                    [188e11cbbffc41388448d7bfdefac6e1 | GET | /api/binaryContents/ab4f6206-5a4b-4062-bf7c-b58569724fe3] - 
    select
        bc1_0.id,
        bc1_0.content_type,
        bc1_0.created_at,
        bc1_0.file_name,
        bc1_0.size 
    from
        binary_contents bc1_0 
    where
        bc1_0.id=?
26-05-15 10:32:52.101 [http-nio-8080-exec-7] [32mTRACE[0;39m org.hibernate.orm.jdbc.bind          [188e11cbbffc41388448d7bfdefac6e1 | GET | /api/binaryContents/ab4f6206-5a4b-4062-bf7c-b58569724fe3] - binding parameter (1:UUID) <- [ab4f6206-5a4b-4062-bf7c-b58569724fe3]
26-05-15 10:32:52.101 [http-nio-8080-exec-1] [32mDEBUG[0;39m c.s.m.d.config.MDCLoggingInterceptor [033d36c6e63f4aad8e12a52a8494b735 | GET | /api/binaryContents/cc92f782-66b9-453e-984c-1f7cbcd11370] - Request started
26-05-15 10:32:52.102 [http-nio-8080-exec-2] [32mINFO [0;39m c.s.m.d.s.b.BasicBinaryContentService [c38db8f24e594154b13bb6cbcfedf0ee | GET | /api/binaryContents/97ca87ce-122f-4d86-8c20-b1faa66dade6] - 바이너리 컨텐츠 조회 완료: id=97ca87ce-122f-4d86-8c20-b1faa66dade6, fileName=F677_still_02_v11_169.avif
26-05-15 10:32:52.102 [http-nio-8080-exec-5] [32mINFO [0;39m c.s.m.d.s.b.BasicBinaryContentService [480dafcf32f746d88dde3fd26fb9e803 | GET | /api/binaryContents/6ae6049b-b522-4c13-857f-6589dec909f3] - 바이너리 컨텐츠 조회 완료: id=6ae6049b-b522-4c13-857f-6589dec909f3, fileName=Australian GP 2025 Desktop Wallpaper 3.jpg
26-05-15 10:32:52.102 [http-nio-8080-exec-1] [32mINFO [0;39m c.s.m.d.c.BinaryContentController    [033d36c6e63f4aad8e12a52a8494b735 | GET | /api/binaryContents/cc92f782-66b9-453e-984c-1f7cbcd11370] - 바이너리 컨텐츠 조회 요청: id=cc92f782-66b9-453e-984c-1f7cbcd11370
26-05-15 10:32:52.102 [http-nio-8080-exec-5] [32mDEBUG[0;39m c.s.m.d.c.BinaryContentController    [480dafcf32f746d88dde3fd26fb9e803 | GET | /api/binaryContents/6ae6049b-b522-4c13-857f-6589dec909f3] - 바이너리 컨텐츠 조회 응답: BinaryContentDto[id=6ae6049b-b522-4c13-857f-6589dec909f3, fileName=Australian GP 2025 Desktop Wallpaper 3.jpg, size=2898389, contentType=image/jpeg]
26-05-15 10:32:52.102 [http-nio-8080-exec-2] [32mDEBUG[0;39m c.s.m.d.c.BinaryContentController    [c38db8f24e594154b13bb6cbcfedf0ee | GET | /api/binaryContents/97ca87ce-122f-4d86-8c20-b1faa66dade6] - 바이너리 컨텐츠 조회 응답: BinaryContentDto[id=97ca87ce-122f-4d86-8c20-b1faa66dade6, fileName=F677_still_02_v11_169.avif, size=165353, contentType=image/avif]
26-05-15 10:32:52.102 [http-nio-8080-exec-1] [32mDEBUG[0;39m c.s.m.d.s.b.BasicBinaryContentService [033d36c6e63f4aad8e12a52a8494b735 | GET | /api/binaryContents/cc92f782-66b9-453e-984c-1f7cbcd11370] - 바이너리 컨텐츠 조회 시작: id=cc92f782-66b9-453e-984c-1f7cbcd11370
26-05-15 10:32:52.103 [http-nio-8080-exec-5] [32mDEBUG[0;39m c.s.m.d.config.MDCLoggingInterceptor [480dafcf32f746d88dde3fd26fb9e803 | GET | /api/binaryContents/6ae6049b-b522-4c13-857f-6589dec909f3] - Request completed
26-05-15 10:32:52.103 [http-nio-8080-exec-7] [32mINFO [0;39m c.s.m.d.s.b.BasicBinaryContentService [188e11cbbffc41388448d7bfdefac6e1 | GET | /api/binaryContents/ab4f6206-5a4b-4062-bf7c-b58569724fe3] - 바이너리 컨텐츠 조회 완료: id=ab4f6206-5a4b-4062-bf7c-b58569724fe3, fileName=Monaco GP 2025 Desktop Wallpaper 1.jpg
26-05-15 10:32:52.103 [http-nio-8080-exec-2] [32mDEBUG[0;39m c.s.m.d.config.MDCLoggingInterceptor [c38db8f24e594154b13bb6cbcfedf0ee | GET | /api/binaryContents/97ca87ce-122f-4d86-8c20-b1faa66dade6] - Request completed
26-05-15 10:32:52.103 [http-nio-8080-exec-7] [32mDEBUG[0;39m c.s.m.d.c.BinaryContentController    [188e11cbbffc41388448d7bfdefac6e1 | GET | /api/binaryContents/ab4f6206-5a4b-4062-bf7c-b58569724fe3] - 바이너리 컨텐츠 조회 응답: BinaryContentDto[id=ab4f6206-5a4b-4062-bf7c-b58569724fe3, fileName=Monaco GP 2025 Desktop Wallpaper 1.jpg, size=3234766, contentType=image/jpeg]
26-05-15 10:32:52.103 [http-nio-8080-exec-1] [32mDEBUG[0;39m org.hibernate.SQL                    [033d36c6e63f4aad8e12a52a8494b735 | GET | /api/binaryContents/cc92f782-66b9-453e-984c-1f7cbcd11370] - 
    select
        bc1_0.id,
        bc1_0.content_type,
        bc1_0.created_at,
        bc1_0.file_name,
        bc1_0.size 
    from
        binary_contents bc1_0 
    where
        bc1_0.id=?
26-05-15 10:32:52.104 [http-nio-8080-exec-1] [32mTRACE[0;39m org.hibernate.orm.jdbc.bind          [033d36c6e63f4aad8e12a52a8494b735 | GET | /api/binaryContents/cc92f782-66b9-453e-984c-1f7cbcd11370] - binding parameter (1:UUID) <- [cc92f782-66b9-453e-984c-1f7cbcd11370]
26-05-15 10:32:52.105 [http-nio-8080-exec-7] [32mDEBUG[0;39m c.s.m.d.config.MDCLoggingInterceptor [188e11cbbffc41388448d7bfdefac6e1 | GET | /api/binaryContents/ab4f6206-5a4b-4062-bf7c-b58569724fe3] - Request completed
26-05-15 10:32:52.106 [http-nio-8080-exec-1] [32mINFO [0;39m c.s.m.d.s.b.BasicBinaryContentService [033d36c6e63f4aad8e12a52a8494b735 | GET | /api/binaryContents/cc92f782-66b9-453e-984c-1f7cbcd11370] - 바이너리 컨텐츠 조회 완료: id=cc92f782-66b9-453e-984c-1f7cbcd11370, fileName=0e015653-fa4c-4d34-9770-f78bd6dd85bd.jpg
26-05-15 10:32:52.106 [http-nio-8080-exec-1] [32mDEBUG[0;39m c.s.m.d.c.BinaryContentController    [033d36c6e63f4aad8e12a52a8494b735 | GET | /api/binaryContents/cc92f782-66b9-453e-984c-1f7cbcd11370] - 바이너리 컨텐츠 조회 응답: BinaryContentDto[id=cc92f782-66b9-453e-984c-1f7cbcd11370, fileName=0e015653-fa4c-4d34-9770-f78bd6dd85bd.jpg, size=297503, contentType=image/jpeg]
26-05-15 10:32:52.107 [http-nio-8080-exec-4] [32mDEBUG[0;39m c.s.m.d.config.MDCLoggingInterceptor [66acf68768b3460bbac3ee19516be0e5 | GET | /api/binaryContents/6ae6049b-b522-4c13-857f-6589dec909f3/download] - Request started
26-05-15 10:32:52.107 [http-nio-8080-exec-1] [32mDEBUG[0;39m c.s.m.d.config.MDCLoggingInterceptor [033d36c6e63f4aad8e12a52a8494b735 | GET | /api/binaryContents/cc92f782-66b9-453e-984c-1f7cbcd11370] - Request completed
26-05-15 10:32:52.108 [http-nio-8080-exec-4] [32mINFO [0;39m c.s.m.d.c.BinaryContentController    [66acf68768b3460bbac3ee19516be0e5 | GET | /api/binaryContents/6ae6049b-b522-4c13-857f-6589dec909f3/download] - 바이너리 컨텐츠 다운로드 요청: id=6ae6049b-b522-4c13-857f-6589dec909f3
26-05-15 10:32:52.108 [http-nio-8080-exec-4] [32mDEBUG[0;39m c.s.m.d.s.b.BasicBinaryContentService [66acf68768b3460bbac3ee19516be0e5 | GET | /api/binaryContents/6ae6049b-b522-4c13-857f-6589dec909f3/download] - 바이너리 컨텐츠 조회 시작: id=6ae6049b-b522-4c13-857f-6589dec909f3
26-05-15 10:32:52.109 [http-nio-8080-exec-4] [32mDEBUG[0;39m org.hibernate.SQL                    [66acf68768b3460bbac3ee19516be0e5 | GET | /api/binaryContents/6ae6049b-b522-4c13-857f-6589dec909f3/download] - 
    select
        bc1_0.id,
        bc1_0.content_type,
        bc1_0.created_at,
        bc1_0.file_name,
        bc1_0.size 
    from
        binary_contents bc1_0 
    where
        bc1_0.id=?
26-05-15 10:32:52.110 [http-nio-8080-exec-6] [32mDEBUG[0;39m c.s.m.d.config.MDCLoggingInterceptor [e1792b11e87b4641a232287b6a804d67 | GET | /api/binaryContents/97ca87ce-122f-4d86-8c20-b1faa66dade6] - Request started
26-05-15 10:32:52.110 [http-nio-8080-exec-4] [32mTRACE[0;39m org.hibernate.orm.jdbc.bind          [66acf68768b3460bbac3ee19516be0e5 | GET | /api/binaryContents/6ae6049b-b522-4c13-857f-6589dec909f3/download] - binding parameter (1:UUID) <- [6ae6049b-b522-4c13-857f-6589dec909f3]
26-05-15 10:32:52.110 [http-nio-8080-exec-6] [32mINFO [0;39m c.s.m.d.c.BinaryContentController    [e1792b11e87b4641a232287b6a804d67 | GET | /api/binaryContents/97ca87ce-122f-4d86-8c20-b1faa66dade6] - 바이너리 컨텐츠 조회 요청: id=97ca87ce-122f-4d86-8c20-b1faa66dade6
26-05-15 10:32:52.111 [http-nio-8080-exec-6] [32mDEBUG[0;39m c.s.m.d.s.b.BasicBinaryContentService [e1792b11e87b4641a232287b6a804d67 | GET | /api/binaryContents/97ca87ce-122f-4d86-8c20-b1faa66dade6] - 바이너리 컨텐츠 조회 시작: id=97ca87ce-122f-4d86-8c20-b1faa66dade6
26-05-15 10:32:52.112 [http-nio-8080-exec-6] [32mDEBUG[0;39m org.hibernate.SQL                    [e1792b11e87b4641a232287b6a804d67 | GET | /api/binaryContents/97ca87ce-122f-4d86-8c20-b1faa66dade6] - 
    select
        bc1_0.id,
        bc1_0.content_type,
        bc1_0.created_at,
        bc1_0.file_name,
        bc1_0.size 
    from
        binary_contents bc1_0 
    where
        bc1_0.id=?
26-05-15 10:32:52.112 [http-nio-8080-exec-6] [32mTRACE[0;39m org.hibernate.orm.jdbc.bind          [e1792b11e87b4641a232287b6a804d67 | GET | /api/binaryContents/97ca87ce-122f-4d86-8c20-b1faa66dade6] - binding parameter (1:UUID) <- [97ca87ce-122f-4d86-8c20-b1faa66dade6]
26-05-15 10:32:52.113 [http-nio-8080-exec-4] [32mINFO [0;39m c.s.m.d.s.b.BasicBinaryContentService [66acf68768b3460bbac3ee19516be0e5 | GET | /api/binaryContents/6ae6049b-b522-4c13-857f-6589dec909f3/download] - 바이너리 컨텐츠 조회 완료: id=6ae6049b-b522-4c13-857f-6589dec909f3, fileName=Australian GP 2025 Desktop Wallpaper 3.jpg
26-05-15 10:32:52.114 [http-nio-8080-exec-6] [32mINFO [0;39m c.s.m.d.s.b.BasicBinaryContentService [e1792b11e87b4641a232287b6a804d67 | GET | /api/binaryContents/97ca87ce-122f-4d86-8c20-b1faa66dade6] - 바이너리 컨텐츠 조회 완료: id=97ca87ce-122f-4d86-8c20-b1faa66dade6, fileName=F677_still_02_v11_169.avif
26-05-15 10:32:52.114 [http-nio-8080-exec-6] [32mDEBUG[0;39m c.s.m.d.c.BinaryContentController    [e1792b11e87b4641a232287b6a804d67 | GET | /api/binaryContents/97ca87ce-122f-4d86-8c20-b1faa66dade6] - 바이너리 컨텐츠 조회 응답: BinaryContentDto[id=97ca87ce-122f-4d86-8c20-b1faa66dade6, fileName=F677_still_02_v11_169.avif, size=165353, contentType=image/avif]
26-05-15 10:32:52.115 [http-nio-8080-exec-3] [32mDEBUG[0;39m c.s.m.d.config.MDCLoggingInterceptor [182b7d92f2a847ee8ecbaaeb254c899b | GET | /api/binaryContents/cc92f782-66b9-453e-984c-1f7cbcd11370] - Request started
26-05-15 10:32:52.115 [http-nio-8080-exec-6] [32mDEBUG[0;39m c.s.m.d.config.MDCLoggingInterceptor [e1792b11e87b4641a232287b6a804d67 | GET | /api/binaryContents/97ca87ce-122f-4d86-8c20-b1faa66dade6] - Request completed
26-05-15 10:32:52.115 [http-nio-8080-exec-10] [32mDEBUG[0;39m c.s.m.d.config.MDCLoggingInterceptor [be676639be9846fdbb9b065f75e750c6 | GET | /api/binaryContents/ab4f6206-5a4b-4062-bf7c-b58569724fe3] - Request started
26-05-15 10:32:52.116 [http-nio-8080-exec-3] [32mINFO [0;39m c.s.m.d.c.BinaryContentController    [182b7d92f2a847ee8ecbaaeb254c899b | GET | /api/binaryContents/cc92f782-66b9-453e-984c-1f7cbcd11370] - 바이너리 컨텐츠 조회 요청: id=cc92f782-66b9-453e-984c-1f7cbcd11370
26-05-15 10:32:52.116 [http-nio-8080-exec-3] [32mDEBUG[0;39m c.s.m.d.s.b.BasicBinaryContentService [182b7d92f2a847ee8ecbaaeb254c899b | GET | /api/binaryContents/cc92f782-66b9-453e-984c-1f7cbcd11370] - 바이너리 컨텐츠 조회 시작: id=cc92f782-66b9-453e-984c-1f7cbcd11370
26-05-15 10:32:52.116 [http-nio-8080-exec-10] [32mINFO [0;39m c.s.m.d.c.BinaryContentController    [be676639be9846fdbb9b065f75e750c6 | GET | /api/binaryContents/ab4f6206-5a4b-4062-bf7c-b58569724fe3] - 바이너리 컨텐츠 조회 요청: id=ab4f6206-5a4b-4062-bf7c-b58569724fe3
26-05-15 10:32:52.116 [http-nio-8080-exec-10] [32mDEBUG[0;39m c.s.m.d.s.b.BasicBinaryContentService [be676639be9846fdbb9b065f75e750c6 | GET | /api/binaryContents/ab4f6206-5a4b-4062-bf7c-b58569724fe3] - 바이너리 컨텐츠 조회 시작: id=ab4f6206-5a4b-4062-bf7c-b58569724fe3
26-05-15 10:32:52.117 [http-nio-8080-exec-8] [32mDEBUG[0;39m c.s.m.d.config.MDCLoggingInterceptor [4040834ecf7b4be0a0a410bbc172bf15 | GET | /api/binaryContents/97ca87ce-122f-4d86-8c20-b1faa66dade6/download] - Request started
26-05-15 10:32:52.117 [http-nio-8080-exec-10] [32mDEBUG[0;39m org.hibernate.SQL                    [be676639be9846fdbb9b065f75e750c6 | GET | /api/binaryContents/ab4f6206-5a4b-4062-bf7c-b58569724fe3] - 
    select
        bc1_0.id,
        bc1_0.content_type,
        bc1_0.created_at,
        bc1_0.file_name,
        bc1_0.size 
    from
        binary_contents bc1_0 
    where
        bc1_0.id=?
26-05-15 10:32:52.117 [http-nio-8080-exec-3] [32mDEBUG[0;39m org.hibernate.SQL                    [182b7d92f2a847ee8ecbaaeb254c899b | GET | /api/binaryContents/cc92f782-66b9-453e-984c-1f7cbcd11370] - 
    select
        bc1_0.id,
        bc1_0.content_type,
        bc1_0.created_at,
        bc1_0.file_name,
        bc1_0.size 
    from
        binary_contents bc1_0 
    where
        bc1_0.id=?
26-05-15 10:32:52.117 [http-nio-8080-exec-8] [32mINFO [0;39m c.s.m.d.c.BinaryContentController    [4040834ecf7b4be0a0a410bbc172bf15 | GET | /api/binaryContents/97ca87ce-122f-4d86-8c20-b1faa66dade6/download] - 바이너리 컨텐츠 다운로드 요청: id=97ca87ce-122f-4d86-8c20-b1faa66dade6
26-05-15 10:32:52.117 [http-nio-8080-exec-10] [32mTRACE[0;39m org.hibernate.orm.jdbc.bind          [be676639be9846fdbb9b065f75e750c6 | GET | /api/binaryContents/ab4f6206-5a4b-4062-bf7c-b58569724fe3] - binding parameter (1:UUID) <- [ab4f6206-5a4b-4062-bf7c-b58569724fe3]
26-05-15 10:32:52.117 [http-nio-8080-exec-3] [32mTRACE[0;39m org.hibernate.orm.jdbc.bind          [182b7d92f2a847ee8ecbaaeb254c899b | GET | /api/binaryContents/cc92f782-66b9-453e-984c-1f7cbcd11370] - binding parameter (1:UUID) <- [cc92f782-66b9-453e-984c-1f7cbcd11370]
26-05-15 10:32:52.118 [http-nio-8080-exec-8] [32mDEBUG[0;39m c.s.m.d.s.b.BasicBinaryContentService [4040834ecf7b4be0a0a410bbc172bf15 | GET | /api/binaryContents/97ca87ce-122f-4d86-8c20-b1faa66dade6/download] - 바이너리 컨텐츠 조회 시작: id=97ca87ce-122f-4d86-8c20-b1faa66dade6
26-05-15 10:32:52.119 [http-nio-8080-exec-8] [32mDEBUG[0;39m org.hibernate.SQL                    [4040834ecf7b4be0a0a410bbc172bf15 | GET | /api/binaryContents/97ca87ce-122f-4d86-8c20-b1faa66dade6/download] - 
    select
        bc1_0.id,
        bc1_0.content_type,
        bc1_0.created_at,
        bc1_0.file_name,
        bc1_0.size 
    from
        binary_contents bc1_0 
    where
        bc1_0.id=?
26-05-15 10:32:52.119 [http-nio-8080-exec-8] [32mTRACE[0;39m org.hibernate.orm.jdbc.bind          [4040834ecf7b4be0a0a410bbc172bf15 | GET | /api/binaryContents/97ca87ce-122f-4d86-8c20-b1faa66dade6/download] - binding parameter (1:UUID) <- [97ca87ce-122f-4d86-8c20-b1faa66dade6]
26-05-15 10:32:52.120 [http-nio-8080-exec-10] [32mINFO [0;39m c.s.m.d.s.b.BasicBinaryContentService [be676639be9846fdbb9b065f75e750c6 | GET | /api/binaryContents/ab4f6206-5a4b-4062-bf7c-b58569724fe3] - 바이너리 컨텐츠 조회 완료: id=ab4f6206-5a4b-4062-bf7c-b58569724fe3, fileName=Monaco GP 2025 Desktop Wallpaper 1.jpg
26-05-15 10:32:52.120 [http-nio-8080-exec-3] [32mINFO [0;39m c.s.m.d.s.b.BasicBinaryContentService [182b7d92f2a847ee8ecbaaeb254c899b | GET | /api/binaryContents/cc92f782-66b9-453e-984c-1f7cbcd11370] - 바이너리 컨텐츠 조회 완료: id=cc92f782-66b9-453e-984c-1f7cbcd11370, fileName=0e015653-fa4c-4d34-9770-f78bd6dd85bd.jpg
26-05-15 10:32:52.120 [http-nio-8080-exec-10] [32mDEBUG[0;39m c.s.m.d.c.BinaryContentController    [be676639be9846fdbb9b065f75e750c6 | GET | /api/binaryContents/ab4f6206-5a4b-4062-bf7c-b58569724fe3] - 바이너리 컨텐츠 조회 응답: BinaryContentDto[id=ab4f6206-5a4b-4062-bf7c-b58569724fe3, fileName=Monaco GP 2025 Desktop Wallpaper 1.jpg, size=3234766, contentType=image/jpeg]
26-05-15 10:32:52.120 [http-nio-8080-exec-3] [32mDEBUG[0;39m c.s.m.d.c.BinaryContentController    [182b7d92f2a847ee8ecbaaeb254c899b | GET | /api/binaryContents/cc92f782-66b9-453e-984c-1f7cbcd11370] - 바이너리 컨텐츠 조회 응답: BinaryContentDto[id=cc92f782-66b9-453e-984c-1f7cbcd11370, fileName=0e015653-fa4c-4d34-9770-f78bd6dd85bd.jpg, size=297503, contentType=image/jpeg]
26-05-15 10:32:52.121 [http-nio-8080-exec-8] [32mINFO [0;39m c.s.m.d.s.b.BasicBinaryContentService [4040834ecf7b4be0a0a410bbc172bf15 | GET | /api/binaryContents/97ca87ce-122f-4d86-8c20-b1faa66dade6/download] - 바이너리 컨텐츠 조회 완료: id=97ca87ce-122f-4d86-8c20-b1faa66dade6, fileName=F677_still_02_v11_169.avif
26-05-15 10:32:52.121 [http-nio-8080-exec-3] [32mDEBUG[0;39m c.s.m.d.config.MDCLoggingInterceptor [182b7d92f2a847ee8ecbaaeb254c899b | GET | /api/binaryContents/cc92f782-66b9-453e-984c-1f7cbcd11370] - Request completed
26-05-15 10:32:52.122 [http-nio-8080-exec-10] [32mDEBUG[0;39m c.s.m.d.config.MDCLoggingInterceptor [be676639be9846fdbb9b065f75e750c6 | GET | /api/binaryContents/ab4f6206-5a4b-4062-bf7c-b58569724fe3] - Request completed
26-05-15 10:32:52.127 [http-nio-8080-exec-5] [32mDEBUG[0;39m c.s.m.d.config.MDCLoggingInterceptor [fdc9fbdc39a74ed695beae5926e6d269 | GET | /api/binaryContents/cc92f782-66b9-453e-984c-1f7cbcd11370] - Request started
26-05-15 10:32:52.127 [http-nio-8080-exec-2] [32mDEBUG[0;39m c.s.m.d.config.MDCLoggingInterceptor [95766cf9c9374d49a21c61db9b308899 | GET | /api/binaryContents/ab4f6206-5a4b-4062-bf7c-b58569724fe3] - Request started
26-05-15 10:32:52.128 [http-nio-8080-exec-5] [32mINFO [0;39m c.s.m.d.c.BinaryContentController    [fdc9fbdc39a74ed695beae5926e6d269 | GET | /api/binaryContents/cc92f782-66b9-453e-984c-1f7cbcd11370] - 바이너리 컨텐츠 조회 요청: id=cc92f782-66b9-453e-984c-1f7cbcd11370
26-05-15 10:32:52.128 [http-nio-8080-exec-2] [32mINFO [0;39m c.s.m.d.c.BinaryContentController    [95766cf9c9374d49a21c61db9b308899 | GET | /api/binaryContents/ab4f6206-5a4b-4062-bf7c-b58569724fe3] - 바이너리 컨텐츠 조회 요청: id=ab4f6206-5a4b-4062-bf7c-b58569724fe3
26-05-15 10:32:52.128 [http-nio-8080-exec-5] [32mDEBUG[0;39m c.s.m.d.s.b.BasicBinaryContentService [fdc9fbdc39a74ed695beae5926e6d269 | GET | /api/binaryContents/cc92f782-66b9-453e-984c-1f7cbcd11370] - 바이너리 컨텐츠 조회 시작: id=cc92f782-66b9-453e-984c-1f7cbcd11370
26-05-15 10:32:52.128 [http-nio-8080-exec-2] [32mDEBUG[0;39m c.s.m.d.s.b.BasicBinaryContentService [95766cf9c9374d49a21c61db9b308899 | GET | /api/binaryContents/ab4f6206-5a4b-4062-bf7c-b58569724fe3] - 바이너리 컨텐츠 조회 시작: id=ab4f6206-5a4b-4062-bf7c-b58569724fe3
26-05-15 10:32:52.129 [http-nio-8080-exec-2] [32mDEBUG[0;39m org.hibernate.SQL                    [95766cf9c9374d49a21c61db9b308899 | GET | /api/binaryContents/ab4f6206-5a4b-4062-bf7c-b58569724fe3] - 
    select
        bc1_0.id,
        bc1_0.content_type,
        bc1_0.created_at,
        bc1_0.file_name,
        bc1_0.size 
    from
        binary_contents bc1_0 
    where
        bc1_0.id=?
26-05-15 10:32:52.129 [http-nio-8080-exec-5] [32mDEBUG[0;39m org.hibernate.SQL                    [fdc9fbdc39a74ed695beae5926e6d269 | GET | /api/binaryContents/cc92f782-66b9-453e-984c-1f7cbcd11370] - 
    select
        bc1_0.id,
        bc1_0.content_type,
        bc1_0.created_at,
        bc1_0.file_name,
        bc1_0.size 
    from
        binary_contents bc1_0 
    where
        bc1_0.id=?
26-05-15 10:32:52.129 [http-nio-8080-exec-2] [32mTRACE[0;39m org.hibernate.orm.jdbc.bind          [95766cf9c9374d49a21c61db9b308899 | GET | /api/binaryContents/ab4f6206-5a4b-4062-bf7c-b58569724fe3] - binding parameter (1:UUID) <- [ab4f6206-5a4b-4062-bf7c-b58569724fe3]
26-05-15 10:32:52.129 [http-nio-8080-exec-5] [32mTRACE[0;39m org.hibernate.orm.jdbc.bind          [fdc9fbdc39a74ed695beae5926e6d269 | GET | /api/binaryContents/cc92f782-66b9-453e-984c-1f7cbcd11370] - binding parameter (1:UUID) <- [cc92f782-66b9-453e-984c-1f7cbcd11370]
26-05-15 10:32:52.130 [http-nio-8080-exec-7] [32mDEBUG[0;39m c.s.m.d.config.MDCLoggingInterceptor [861df33f486441d4a6a9396378372294 | GET | /api/binaryContents/cc92f782-66b9-453e-984c-1f7cbcd11370/download] - Request started
26-05-15 10:32:52.131 [http-nio-8080-exec-7] [32mINFO [0;39m c.s.m.d.c.BinaryContentController    [861df33f486441d4a6a9396378372294 | GET | /api/binaryContents/cc92f782-66b9-453e-984c-1f7cbcd11370/download] - 바이너리 컨텐츠 다운로드 요청: id=cc92f782-66b9-453e-984c-1f7cbcd11370
26-05-15 10:32:52.131 [http-nio-8080-exec-7] [32mDEBUG[0;39m c.s.m.d.s.b.BasicBinaryContentService [861df33f486441d4a6a9396378372294 | GET | /api/binaryContents/cc92f782-66b9-453e-984c-1f7cbcd11370/download] - 바이너리 컨텐츠 조회 시작: id=cc92f782-66b9-453e-984c-1f7cbcd11370
26-05-15 10:32:52.132 [http-nio-8080-exec-7] [32mDEBUG[0;39m org.hibernate.SQL                    [861df33f486441d4a6a9396378372294 | GET | /api/binaryContents/cc92f782-66b9-453e-984c-1f7cbcd11370/download] - 
    select
        bc1_0.id,
        bc1_0.content_type,
        bc1_0.created_at,
        bc1_0.file_name,
        bc1_0.size 
    from
        binary_contents bc1_0 
    where
        bc1_0.id=?
26-05-15 10:32:52.132 [http-nio-8080-exec-2] [32mINFO [0;39m c.s.m.d.s.b.BasicBinaryContentService [95766cf9c9374d49a21c61db9b308899 | GET | /api/binaryContents/ab4f6206-5a4b-4062-bf7c-b58569724fe3] - 바이너리 컨텐츠 조회 완료: id=ab4f6206-5a4b-4062-bf7c-b58569724fe3, fileName=Monaco GP 2025 Desktop Wallpaper 1.jpg
26-05-15 10:32:52.132 [http-nio-8080-exec-2] [32mDEBUG[0;39m c.s.m.d.c.BinaryContentController    [95766cf9c9374d49a21c61db9b308899 | GET | /api/binaryContents/ab4f6206-5a4b-4062-bf7c-b58569724fe3] - 바이너리 컨텐츠 조회 응답: BinaryContentDto[id=ab4f6206-5a4b-4062-bf7c-b58569724fe3, fileName=Monaco GP 2025 Desktop Wallpaper 1.jpg, size=3234766, contentType=image/jpeg]
26-05-15 10:32:52.132 [http-nio-8080-exec-5] [32mINFO [0;39m c.s.m.d.s.b.BasicBinaryContentService [fdc9fbdc39a74ed695beae5926e6d269 | GET | /api/binaryContents/cc92f782-66b9-453e-984c-1f7cbcd11370] - 바이너리 컨텐츠 조회 완료: id=cc92f782-66b9-453e-984c-1f7cbcd11370, fileName=0e015653-fa4c-4d34-9770-f78bd6dd85bd.jpg
26-05-15 10:32:52.132 [http-nio-8080-exec-7] [32mTRACE[0;39m org.hibernate.orm.jdbc.bind          [861df33f486441d4a6a9396378372294 | GET | /api/binaryContents/cc92f782-66b9-453e-984c-1f7cbcd11370/download] - binding parameter (1:UUID) <- [cc92f782-66b9-453e-984c-1f7cbcd11370]
26-05-15 10:32:52.132 [http-nio-8080-exec-5] [32mDEBUG[0;39m c.s.m.d.c.BinaryContentController    [fdc9fbdc39a74ed695beae5926e6d269 | GET | /api/binaryContents/cc92f782-66b9-453e-984c-1f7cbcd11370] - 바이너리 컨텐츠 조회 응답: BinaryContentDto[id=cc92f782-66b9-453e-984c-1f7cbcd11370, fileName=0e015653-fa4c-4d34-9770-f78bd6dd85bd.jpg, size=297503, contentType=image/jpeg]
26-05-15 10:32:52.135 [http-nio-8080-exec-2] [32mDEBUG[0;39m c.s.m.d.config.MDCLoggingInterceptor [95766cf9c9374d49a21c61db9b308899 | GET | /api/binaryContents/ab4f6206-5a4b-4062-bf7c-b58569724fe3] - Request completed
26-05-15 10:32:52.135 [http-nio-8080-exec-5] [32mDEBUG[0;39m c.s.m.d.config.MDCLoggingInterceptor [fdc9fbdc39a74ed695beae5926e6d269 | GET | /api/binaryContents/cc92f782-66b9-453e-984c-1f7cbcd11370] - Request completed
26-05-15 10:32:52.135 [http-nio-8080-exec-7] [32mINFO [0;39m c.s.m.d.s.b.BasicBinaryContentService [861df33f486441d4a6a9396378372294 | GET | /api/binaryContents/cc92f782-66b9-453e-984c-1f7cbcd11370/download] - 바이너리 컨텐츠 조회 완료: id=cc92f782-66b9-453e-984c-1f7cbcd11370, fileName=0e015653-fa4c-4d34-9770-f78bd6dd85bd.jpg
26-05-15 10:32:52.140 [http-nio-8080-exec-1] [32mDEBUG[0;39m c.s.m.d.config.MDCLoggingInterceptor [ee7ec7466a4e43b6aeb144a5442aaa2b | GET | /api/binaryContents/ab4f6206-5a4b-4062-bf7c-b58569724fe3] - Request started
26-05-15 10:32:52.141 [http-nio-8080-exec-1] [32mINFO [0;39m c.s.m.d.c.BinaryContentController    [ee7ec7466a4e43b6aeb144a5442aaa2b | GET | /api/binaryContents/ab4f6206-5a4b-4062-bf7c-b58569724fe3] - 바이너리 컨텐츠 조회 요청: id=ab4f6206-5a4b-4062-bf7c-b58569724fe3
26-05-15 10:32:52.141 [http-nio-8080-exec-1] [32mDEBUG[0;39m c.s.m.d.s.b.BasicBinaryContentService [ee7ec7466a4e43b6aeb144a5442aaa2b | GET | /api/binaryContents/ab4f6206-5a4b-4062-bf7c-b58569724fe3] - 바이너리 컨텐츠 조회 시작: id=ab4f6206-5a4b-4062-bf7c-b58569724fe3
26-05-15 10:32:52.141 [http-nio-8080-exec-6] [32mDEBUG[0;39m c.s.m.d.config.MDCLoggingInterceptor [e61070bd0cf149d581c215ff786f2fbc | GET | /api/binaryContents/ab4f6206-5a4b-4062-bf7c-b58569724fe3/download] - Request started
26-05-15 10:32:52.141 [http-nio-8080-exec-6] [32mINFO [0;39m c.s.m.d.c.BinaryContentController    [e61070bd0cf149d581c215ff786f2fbc | GET | /api/binaryContents/ab4f6206-5a4b-4062-bf7c-b58569724fe3/download] - 바이너리 컨텐츠 다운로드 요청: id=ab4f6206-5a4b-4062-bf7c-b58569724fe3
26-05-15 10:32:52.142 [http-nio-8080-exec-6] [32mDEBUG[0;39m c.s.m.d.s.b.BasicBinaryContentService [e61070bd0cf149d581c215ff786f2fbc | GET | /api/binaryContents/ab4f6206-5a4b-4062-bf7c-b58569724fe3/download] - 바이너리 컨텐츠 조회 시작: id=ab4f6206-5a4b-4062-bf7c-b58569724fe3
26-05-15 10:32:52.143 [http-nio-8080-exec-6] [32mDEBUG[0;39m org.hibernate.SQL                    [e61070bd0cf149d581c215ff786f2fbc | GET | /api/binaryContents/ab4f6206-5a4b-4062-bf7c-b58569724fe3/download] - 
    select
        bc1_0.id,
        bc1_0.content_type,
        bc1_0.created_at,
        bc1_0.file_name,
        bc1_0.size 
    from
        binary_contents bc1_0 
    where
        bc1_0.id=?
26-05-15 10:32:52.143 [http-nio-8080-exec-6] [32mTRACE[0;39m org.hibernate.orm.jdbc.bind          [e61070bd0cf149d581c215ff786f2fbc | GET | /api/binaryContents/ab4f6206-5a4b-4062-bf7c-b58569724fe3/download] - binding parameter (1:UUID) <- [ab4f6206-5a4b-4062-bf7c-b58569724fe3]
26-05-15 10:32:52.144 [http-nio-8080-exec-1] [32mDEBUG[0;39m org.hibernate.SQL                    [ee7ec7466a4e43b6aeb144a5442aaa2b | GET | /api/binaryContents/ab4f6206-5a4b-4062-bf7c-b58569724fe3] - 
    select
        bc1_0.id,
        bc1_0.content_type,
        bc1_0.created_at,
        bc1_0.file_name,
        bc1_0.size 
    from
        binary_contents bc1_0 
    where
        bc1_0.id=?
26-05-15 10:32:52.144 [http-nio-8080-exec-1] [32mTRACE[0;39m org.hibernate.orm.jdbc.bind          [ee7ec7466a4e43b6aeb144a5442aaa2b | GET | /api/binaryContents/ab4f6206-5a4b-4062-bf7c-b58569724fe3] - binding parameter (1:UUID) <- [ab4f6206-5a4b-4062-bf7c-b58569724fe3]
26-05-15 10:32:52.145 [http-nio-8080-exec-6] [32mINFO [0;39m c.s.m.d.s.b.BasicBinaryContentService [e61070bd0cf149d581c215ff786f2fbc | GET | /api/binaryContents/ab4f6206-5a4b-4062-bf7c-b58569724fe3/download] - 바이너리 컨텐츠 조회 완료: id=ab4f6206-5a4b-4062-bf7c-b58569724fe3, fileName=Monaco GP 2025 Desktop Wallpaper 1.jpg
26-05-15 10:32:52.147 [http-nio-8080-exec-1] [32mINFO [0;39m c.s.m.d.s.b.BasicBinaryContentService [ee7ec7466a4e43b6aeb144a5442aaa2b | GET | /api/binaryContents/ab4f6206-5a4b-4062-bf7c-b58569724fe3] - 바이너리 컨텐츠 조회 완료: id=ab4f6206-5a4b-4062-bf7c-b58569724fe3, fileName=Monaco GP 2025 Desktop Wallpaper 1.jpg
26-05-15 10:32:52.147 [http-nio-8080-exec-1] [32mDEBUG[0;39m c.s.m.d.c.BinaryContentController    [ee7ec7466a4e43b6aeb144a5442aaa2b | GET | /api/binaryContents/ab4f6206-5a4b-4062-bf7c-b58569724fe3] - 바이너리 컨텐츠 조회 응답: BinaryContentDto[id=ab4f6206-5a4b-4062-bf7c-b58569724fe3, fileName=Monaco GP 2025 Desktop Wallpaper 1.jpg, size=3234766, contentType=image/jpeg]
26-05-15 10:32:52.149 [http-nio-8080-exec-1] [32mDEBUG[0;39m c.s.m.d.config.MDCLoggingInterceptor [ee7ec7466a4e43b6aeb144a5442aaa2b | GET | /api/binaryContents/ab4f6206-5a4b-4062-bf7c-b58569724fe3] - Request completed
26-05-15 10:32:52.157 [http-nio-8080-exec-9] [32mINFO [0;39m c.s.m.d.s.s3.S3BinaryContentStorage  [e9c7bdb1bc844486a9f49cb83ef8a329 | GET | /api/binaryContents/1b11ce4a-6a4b-4028-afc8-40b74097d13a/download] - 생성된 Presigned URL: https://discodeit-binary-content-storage-choi.s3.ap-northeast-2.amazonaws.com/1b11ce4a-6a4b-4028-afc8-40b74097d13a?response-content-type=image%2Fjpeg&X-Amz-Algorithm=AWS4-HMAC-SHA256&X-Amz-Date=20260515T013252Z&X-Amz-SignedHeaders=host&X-Amz-Credential=AKIAVASZYED2GEKDG7DC%2F20260515%2Fap-northeast-2%2Fs3%2Faws4_request&X-Amz-Expires=600&X-Amz-Signature=7b41aa91a0d9f6e4c0b15617899d9d469e79c4a2f46ec3130e4d11d7cbcdb943
26-05-15 10:32:52.158 [http-nio-8080-exec-9] [32mDEBUG[0;39m c.s.m.d.c.BinaryContentController    [e9c7bdb1bc844486a9f49cb83ef8a329 | GET | /api/binaryContents/1b11ce4a-6a4b-4028-afc8-40b74097d13a/download] - 바이너리 컨텐츠 다운로드 응답: contentType=null, contentLength=-1
26-05-15 10:32:52.159 [http-nio-8080-exec-9] [32mDEBUG[0;39m c.s.m.d.config.MDCLoggingInterceptor [e9c7bdb1bc844486a9f49cb83ef8a329 | GET | /api/binaryContents/1b11ce4a-6a4b-4028-afc8-40b74097d13a/download] - Request completed
26-05-15 10:32:52.169 [http-nio-8080-exec-4] [32mINFO [0;39m c.s.m.d.s.s3.S3BinaryContentStorage  [66acf68768b3460bbac3ee19516be0e5 | GET | /api/binaryContents/6ae6049b-b522-4c13-857f-6589dec909f3/download] - 생성된 Presigned URL: https://discodeit-binary-content-storage-choi.s3.ap-northeast-2.amazonaws.com/6ae6049b-b522-4c13-857f-6589dec909f3?response-content-type=image%2Fjpeg&X-Amz-Algorithm=AWS4-HMAC-SHA256&X-Amz-Date=20260515T013252Z&X-Amz-SignedHeaders=host&X-Amz-Credential=AKIAVASZYED2GEKDG7DC%2F20260515%2Fap-northeast-2%2Fs3%2Faws4_request&X-Amz-Expires=600&X-Amz-Signature=978c10a8c11ebea8b323e1809ee2590913db40675beea4d17a6a72acff16c787
26-05-15 10:32:52.169 [http-nio-8080-exec-4] [32mDEBUG[0;39m c.s.m.d.c.BinaryContentController    [66acf68768b3460bbac3ee19516be0e5 | GET | /api/binaryContents/6ae6049b-b522-4c13-857f-6589dec909f3/download] - 바이너리 컨텐츠 다운로드 응답: contentType=null, contentLength=-1
26-05-15 10:32:52.170 [http-nio-8080-exec-4] [32mDEBUG[0;39m c.s.m.d.config.MDCLoggingInterceptor [66acf68768b3460bbac3ee19516be0e5 | GET | /api/binaryContents/6ae6049b-b522-4c13-857f-6589dec909f3/download] - Request completed
26-05-15 10:32:52.177 [http-nio-8080-exec-8] [32mINFO [0;39m c.s.m.d.s.s3.S3BinaryContentStorage  [4040834ecf7b4be0a0a410bbc172bf15 | GET | /api/binaryContents/97ca87ce-122f-4d86-8c20-b1faa66dade6/download] - 생성된 Presigned URL: https://discodeit-binary-content-storage-choi.s3.ap-northeast-2.amazonaws.com/97ca87ce-122f-4d86-8c20-b1faa66dade6?response-content-type=image%2Favif&X-Amz-Algorithm=AWS4-HMAC-SHA256&X-Amz-Date=20260515T013252Z&X-Amz-SignedHeaders=host&X-Amz-Credential=AKIAVASZYED2GEKDG7DC%2F20260515%2Fap-northeast-2%2Fs3%2Faws4_request&X-Amz-Expires=600&X-Amz-Signature=c4e2bdb965e1553a064d827a65728d6adadeb2f0b5cae99858a7bbc5979b85ef
26-05-15 10:32:52.177 [http-nio-8080-exec-8] [32mDEBUG[0;39m c.s.m.d.c.BinaryContentController    [4040834ecf7b4be0a0a410bbc172bf15 | GET | /api/binaryContents/97ca87ce-122f-4d86-8c20-b1faa66dade6/download] - 바이너리 컨텐츠 다운로드 응답: contentType=null, contentLength=-1
26-05-15 10:32:52.177 [http-nio-8080-exec-8] [32mDEBUG[0;39m c.s.m.d.config.MDCLoggingInterceptor [4040834ecf7b4be0a0a410bbc172bf15 | GET | /api/binaryContents/97ca87ce-122f-4d86-8c20-b1faa66dade6/download] - Request completed
26-05-15 10:32:52.183 [http-nio-8080-exec-7] [32mINFO [0;39m c.s.m.d.s.s3.S3BinaryContentStorage  [861df33f486441d4a6a9396378372294 | GET | /api/binaryContents/cc92f782-66b9-453e-984c-1f7cbcd11370/download] - 생성된 Presigned URL: https://discodeit-binary-content-storage-choi.s3.ap-northeast-2.amazonaws.com/cc92f782-66b9-453e-984c-1f7cbcd11370?response-content-type=image%2Fjpeg&X-Amz-Algorithm=AWS4-HMAC-SHA256&X-Amz-Date=20260515T013252Z&X-Amz-SignedHeaders=host&X-Amz-Credential=AKIAVASZYED2GEKDG7DC%2F20260515%2Fap-northeast-2%2Fs3%2Faws4_request&X-Amz-Expires=600&X-Amz-Signature=7693886b3011df14c6042f2f12e3f002bc53be37955d54c37dc7adcc2fc8dd6b
26-05-15 10:32:52.184 [http-nio-8080-exec-7] [32mDEBUG[0;39m c.s.m.d.c.BinaryContentController    [861df33f486441d4a6a9396378372294 | GET | /api/binaryContents/cc92f782-66b9-453e-984c-1f7cbcd11370/download] - 바이너리 컨텐츠 다운로드 응답: contentType=null, contentLength=-1
26-05-15 10:32:52.184 [http-nio-8080-exec-7] [32mDEBUG[0;39m c.s.m.d.config.MDCLoggingInterceptor [861df33f486441d4a6a9396378372294 | GET | /api/binaryContents/cc92f782-66b9-453e-984c-1f7cbcd11370/download] - Request completed
26-05-15 10:32:52.190 [http-nio-8080-exec-6] [32mINFO [0;39m c.s.m.d.s.s3.S3BinaryContentStorage  [e61070bd0cf149d581c215ff786f2fbc | GET | /api/binaryContents/ab4f6206-5a4b-4062-bf7c-b58569724fe3/download] - 생성된 Presigned URL: https://discodeit-binary-content-storage-choi.s3.ap-northeast-2.amazonaws.com/ab4f6206-5a4b-4062-bf7c-b58569724fe3?response-content-type=image%2Fjpeg&X-Amz-Algorithm=AWS4-HMAC-SHA256&X-Amz-Date=20260515T013252Z&X-Amz-SignedHeaders=host&X-Amz-Credential=AKIAVASZYED2GEKDG7DC%2F20260515%2Fap-northeast-2%2Fs3%2Faws4_request&X-Amz-Expires=600&X-Amz-Signature=d3538f2a54779f235728f38cc4d8cb6cc3d6ce9287d5ced1cb756dcfb38b3a55
26-05-15 10:32:52.190 [http-nio-8080-exec-6] [32mDEBUG[0;39m c.s.m.d.c.BinaryContentController    [e61070bd0cf149d581c215ff786f2fbc | GET | /api/binaryContents/ab4f6206-5a4b-4062-bf7c-b58569724fe3/download] - 바이너리 컨텐츠 다운로드 응답: contentType=null, contentLength=-1
26-05-15 10:32:52.190 [http-nio-8080-exec-6] [32mDEBUG[0;39m c.s.m.d.config.MDCLoggingInterceptor [e61070bd0cf149d581c215ff786f2fbc | GET | /api/binaryContents/ab4f6206-5a4b-4062-bf7c-b58569724fe3/download] - Request completed
26-05-15 10:32:55.019 [http-nio-8080-exec-3] [32mDEBUG[0;39m c.s.m.d.config.MDCLoggingInterceptor [c46d100af10f48d29267f03bd2f08c10 | GET | /api/channels] - Request started
26-05-15 10:32:55.020 [http-nio-8080-exec-3] [32mINFO [0;39m c.s.m.d.controller.ChannelController [c46d100af10f48d29267f03bd2f08c10 | GET | /api/channels] - 사용자별 채널 목록 조회 요청: userId=aba478e0-9386-4424-924f-249335d64694
26-05-15 10:32:55.023 [http-nio-8080-exec-3] [32mDEBUG[0;39m org.hibernate.SQL                    [c46d100af10f48d29267f03bd2f08c10 | GET | /api/channels] - 
    select
        rs1_0.id,
        rs1_0.channel_id,
        rs1_0.created_at,
        rs1_0.last_read_at,
        rs1_0.updated_at,
        rs1_0.user_id 
    from
        read_statuses rs1_0 
    where
        rs1_0.user_id=?
26-05-15 10:32:55.023 [http-nio-8080-exec-3] [32mTRACE[0;39m org.hibernate.orm.jdbc.bind          [c46d100af10f48d29267f03bd2f08c10 | GET | /api/channels] - binding parameter (1:UUID) <- [aba478e0-9386-4424-924f-249335d64694]
26-05-15 10:32:55.025 [http-nio-8080-exec-3] [32mDEBUG[0;39m org.hibernate.SQL                    [c46d100af10f48d29267f03bd2f08c10 | GET | /api/channels] - 
    select
        c1_0.id,
        c1_0.created_at,
        c1_0.description,
        c1_0.name,
        c1_0.type,
        c1_0.updated_at 
    from
        channels c1_0 
    where
        c1_0.type=? 
        or c1_0.id in (?)
26-05-15 10:32:55.025 [http-nio-8080-exec-3] [32mTRACE[0;39m org.hibernate.orm.jdbc.bind          [c46d100af10f48d29267f03bd2f08c10 | GET | /api/channels] - binding parameter (1:VARCHAR) <- [PUBLIC]
26-05-15 10:32:55.025 [http-nio-8080-exec-3] [32mTRACE[0;39m org.hibernate.orm.jdbc.bind          [c46d100af10f48d29267f03bd2f08c10 | GET | /api/channels] - binding parameter (2:UUID) <- [0fb828ec-2cee-497c-8e87-348831a67f03]
26-05-15 10:32:55.027 [http-nio-8080-exec-3] [32mDEBUG[0;39m org.hibernate.SQL                    [c46d100af10f48d29267f03bd2f08c10 | GET | /api/channels] - 
    select
        m1_0.created_at 
    from
        messages m1_0 
    where
        m1_0.channel_id=? 
    order by
        m1_0.created_at desc 
    fetch
        first 1 rows only
26-05-15 10:32:55.027 [http-nio-8080-exec-3] [32mTRACE[0;39m org.hibernate.orm.jdbc.bind          [c46d100af10f48d29267f03bd2f08c10 | GET | /api/channels] - binding parameter (1:UUID) <- [7cdff344-ade9-4175-ad8a-0acaa200aaa4]
26-05-15 10:32:55.029 [http-nio-8080-exec-3] [32mDEBUG[0;39m org.hibernate.SQL                    [c46d100af10f48d29267f03bd2f08c10 | GET | /api/channels] - 
    select
        m1_0.created_at 
    from
        messages m1_0 
    where
        m1_0.channel_id=? 
    order by
        m1_0.created_at desc 
    fetch
        first 1 rows only
26-05-15 10:32:55.030 [http-nio-8080-exec-3] [32mTRACE[0;39m org.hibernate.orm.jdbc.bind          [c46d100af10f48d29267f03bd2f08c10 | GET | /api/channels] - binding parameter (1:UUID) <- [4c2389f4-ec8c-4a2f-97b8-18350b7aef48]
26-05-15 10:32:55.031 [http-nio-8080-exec-3] [32mDEBUG[0;39m org.hibernate.SQL                    [c46d100af10f48d29267f03bd2f08c10 | GET | /api/channels] - 
    select
        m1_0.created_at 
    from
        messages m1_0 
    where
        m1_0.channel_id=? 
    order by
        m1_0.created_at desc 
    fetch
        first 1 rows only
26-05-15 10:32:55.031 [http-nio-8080-exec-3] [32mTRACE[0;39m org.hibernate.orm.jdbc.bind          [c46d100af10f48d29267f03bd2f08c10 | GET | /api/channels] - binding parameter (1:UUID) <- [0fb828ec-2cee-497c-8e87-348831a67f03]
26-05-15 10:32:55.032 [http-nio-8080-exec-3] [32mDEBUG[0;39m c.s.m.d.controller.ChannelController [c46d100af10f48d29267f03bd2f08c10 | GET | /api/channels] - 사용자별 채널 목록 조회 응답: count=3
26-05-15 10:32:55.035 [http-nio-8080-exec-3] [32mDEBUG[0;39m c.s.m.d.config.MDCLoggingInterceptor [c46d100af10f48d29267f03bd2f08c10 | GET | /api/channels] - Request completed
26-05-15 10:32:55.052 [http-nio-8080-exec-10] [32mDEBUG[0;39m c.s.m.d.config.MDCLoggingInterceptor [2a3867c0c590438a8e7be052c4a5f5d6 | GET | /api/readStatuses] - Request started
26-05-15 10:32:55.052 [http-nio-8080-exec-10] [32mINFO [0;39m c.s.m.d.c.ReadStatusController       [2a3867c0c590438a8e7be052c4a5f5d6 | GET | /api/readStatuses] - 사용자별 읽음 상태 목록 조회 요청: userId=aba478e0-9386-4424-924f-249335d64694
26-05-15 10:32:55.054 [http-nio-8080-exec-10] [32mDEBUG[0;39m c.s.m.d.s.b.BasicReadStatusService   [2a3867c0c590438a8e7be052c4a5f5d6 | GET | /api/readStatuses] - 사용자별 읽음 상태 목록 조회 시작: userId=aba478e0-9386-4424-924f-249335d64694
26-05-15 10:32:55.056 [http-nio-8080-exec-10] [32mDEBUG[0;39m org.hibernate.SQL                    [2a3867c0c590438a8e7be052c4a5f5d6 | GET | /api/readStatuses] - 
    select
        rs1_0.id,
        rs1_0.channel_id,
        rs1_0.created_at,
        rs1_0.last_read_at,
        rs1_0.updated_at,
        rs1_0.user_id 
    from
        read_statuses rs1_0 
    where
        rs1_0.user_id=?
26-05-15 10:32:55.057 [http-nio-8080-exec-10] [32mTRACE[0;39m org.hibernate.orm.jdbc.bind          [2a3867c0c590438a8e7be052c4a5f5d6 | GET | /api/readStatuses] - binding parameter (1:UUID) <- [aba478e0-9386-4424-924f-249335d64694]
26-05-15 10:32:55.058 [http-nio-8080-exec-10] [32mINFO [0;39m c.s.m.d.s.b.BasicReadStatusService   [2a3867c0c590438a8e7be052c4a5f5d6 | GET | /api/readStatuses] - 사용자별 읽음 상태 목록 조회 완료: userId=aba478e0-9386-4424-924f-249335d64694, 조회된 항목 수=1
26-05-15 10:32:55.059 [http-nio-8080-exec-10] [32mDEBUG[0;39m c.s.m.d.c.ReadStatusController       [2a3867c0c590438a8e7be052c4a5f5d6 | GET | /api/readStatuses] - 사용자별 읽음 상태 목록 조회 응답: count=1
26-05-15 10:32:55.060 [http-nio-8080-exec-10] [32mDEBUG[0;39m c.s.m.d.config.MDCLoggingInterceptor [2a3867c0c590438a8e7be052c4a5f5d6 | GET | /api/readStatuses] - Request completed
26-05-15 10:32:58.011 [http-nio-8080-exec-5] [32mDEBUG[0;39m c.s.m.d.config.MDCLoggingInterceptor [822fcbf2d1a646c48d57a4684771055e | GET | /api/channels] - Request started
26-05-15 10:32:58.012 [http-nio-8080-exec-5] [32mINFO [0;39m c.s.m.d.controller.ChannelController [822fcbf2d1a646c48d57a4684771055e | GET | /api/channels] - 사용자별 채널 목록 조회 요청: userId=aba478e0-9386-4424-924f-249335d64694
26-05-15 10:32:58.014 [http-nio-8080-exec-5] [32mDEBUG[0;39m org.hibernate.SQL                    [822fcbf2d1a646c48d57a4684771055e | GET | /api/channels] - 
    select
        rs1_0.id,
        rs1_0.channel_id,
        rs1_0.created_at,
        rs1_0.last_read_at,
        rs1_0.updated_at,
        rs1_0.user_id 
    from
        read_statuses rs1_0 
    where
        rs1_0.user_id=?
26-05-15 10:32:58.015 [http-nio-8080-exec-5] [32mTRACE[0;39m org.hibernate.orm.jdbc.bind          [822fcbf2d1a646c48d57a4684771055e | GET | /api/channels] - binding parameter (1:UUID) <- [aba478e0-9386-4424-924f-249335d64694]
26-05-15 10:32:58.017 [http-nio-8080-exec-5] [32mDEBUG[0;39m org.hibernate.SQL                    [822fcbf2d1a646c48d57a4684771055e | GET | /api/channels] - 
    select
        c1_0.id,
        c1_0.created_at,
        c1_0.description,
        c1_0.name,
        c1_0.type,
        c1_0.updated_at 
    from
        channels c1_0 
    where
        c1_0.type=? 
        or c1_0.id in (?)
26-05-15 10:32:58.018 [http-nio-8080-exec-5] [32mTRACE[0;39m org.hibernate.orm.jdbc.bind          [822fcbf2d1a646c48d57a4684771055e | GET | /api/channels] - binding parameter (1:VARCHAR) <- [PUBLIC]
26-05-15 10:32:58.018 [http-nio-8080-exec-5] [32mTRACE[0;39m org.hibernate.orm.jdbc.bind          [822fcbf2d1a646c48d57a4684771055e | GET | /api/channels] - binding parameter (2:UUID) <- [0fb828ec-2cee-497c-8e87-348831a67f03]
26-05-15 10:32:58.019 [http-nio-8080-exec-5] [32mDEBUG[0;39m org.hibernate.SQL                    [822fcbf2d1a646c48d57a4684771055e | GET | /api/channels] - 
    select
        m1_0.created_at 
    from
        messages m1_0 
    where
        m1_0.channel_id=? 
    order by
        m1_0.created_at desc 
    fetch
        first 1 rows only
26-05-15 10:32:58.019 [http-nio-8080-exec-5] [32mTRACE[0;39m org.hibernate.orm.jdbc.bind          [822fcbf2d1a646c48d57a4684771055e | GET | /api/channels] - binding parameter (1:UUID) <- [7cdff344-ade9-4175-ad8a-0acaa200aaa4]
26-05-15 10:32:58.021 [http-nio-8080-exec-5] [32mDEBUG[0;39m org.hibernate.SQL                    [822fcbf2d1a646c48d57a4684771055e | GET | /api/channels] - 
    select
        m1_0.created_at 
    from
        messages m1_0 
    where
        m1_0.channel_id=? 
    order by
        m1_0.created_at desc 
    fetch
        first 1 rows only
26-05-15 10:32:58.021 [http-nio-8080-exec-5] [32mTRACE[0;39m org.hibernate.orm.jdbc.bind          [822fcbf2d1a646c48d57a4684771055e | GET | /api/channels] - binding parameter (1:UUID) <- [4c2389f4-ec8c-4a2f-97b8-18350b7aef48]
26-05-15 10:32:58.022 [http-nio-8080-exec-5] [32mDEBUG[0;39m org.hibernate.SQL                    [822fcbf2d1a646c48d57a4684771055e | GET | /api/channels] - 
    select
        m1_0.created_at 
    from
        messages m1_0 
    where
        m1_0.channel_id=? 
    order by
        m1_0.created_at desc 
    fetch
        first 1 rows only
26-05-15 10:32:58.022 [http-nio-8080-exec-5] [32mTRACE[0;39m org.hibernate.orm.jdbc.bind          [822fcbf2d1a646c48d57a4684771055e | GET | /api/channels] - binding parameter (1:UUID) <- [0fb828ec-2cee-497c-8e87-348831a67f03]
26-05-15 10:32:58.024 [http-nio-8080-exec-5] [32mDEBUG[0;39m c.s.m.d.controller.ChannelController [822fcbf2d1a646c48d57a4684771055e | GET | /api/channels] - 사용자별 채널 목록 조회 응답: count=3
26-05-15 10:32:58.026 [http-nio-8080-exec-5] [32mDEBUG[0;39m c.s.m.d.config.MDCLoggingInterceptor [822fcbf2d1a646c48d57a4684771055e | GET | /api/channels] - Request completed
26-05-15 10:32:58.033 [http-nio-8080-exec-2] [32mDEBUG[0;39m c.s.m.d.config.MDCLoggingInterceptor [31038d23db1146e183afe7d15abebbbc | GET | /api/readStatuses] - Request started
26-05-15 10:32:58.034 [http-nio-8080-exec-2] [32mINFO [0;39m c.s.m.d.c.ReadStatusController       [31038d23db1146e183afe7d15abebbbc | GET | /api/readStatuses] - 사용자별 읽음 상태 목록 조회 요청: userId=aba478e0-9386-4424-924f-249335d64694
26-05-15 10:32:58.036 [http-nio-8080-exec-2] [32mDEBUG[0;39m c.s.m.d.s.b.BasicReadStatusService   [31038d23db1146e183afe7d15abebbbc | GET | /api/readStatuses] - 사용자별 읽음 상태 목록 조회 시작: userId=aba478e0-9386-4424-924f-249335d64694
26-05-15 10:32:58.037 [http-nio-8080-exec-2] [32mDEBUG[0;39m org.hibernate.SQL                    [31038d23db1146e183afe7d15abebbbc | GET | /api/readStatuses] - 
    select
        rs1_0.id,
        rs1_0.channel_id,
        rs1_0.created_at,
        rs1_0.last_read_at,
        rs1_0.updated_at,
        rs1_0.user_id 
    from
        read_statuses rs1_0 
    where
        rs1_0.user_id=?
26-05-15 10:32:58.038 [http-nio-8080-exec-2] [32mTRACE[0;39m org.hibernate.orm.jdbc.bind          [31038d23db1146e183afe7d15abebbbc | GET | /api/readStatuses] - binding parameter (1:UUID) <- [aba478e0-9386-4424-924f-249335d64694]
26-05-15 10:32:58.039 [http-nio-8080-exec-2] [32mINFO [0;39m c.s.m.d.s.b.BasicReadStatusService   [31038d23db1146e183afe7d15abebbbc | GET | /api/readStatuses] - 사용자별 읽음 상태 목록 조회 완료: userId=aba478e0-9386-4424-924f-249335d64694, 조회된 항목 수=1
26-05-15 10:32:58.040 [http-nio-8080-exec-2] [32mDEBUG[0;39m c.s.m.d.c.ReadStatusController       [31038d23db1146e183afe7d15abebbbc | GET | /api/readStatuses] - 사용자별 읽음 상태 목록 조회 응답: count=1
26-05-15 10:32:58.042 [http-nio-8080-exec-2] [32mDEBUG[0;39m c.s.m.d.config.MDCLoggingInterceptor [31038d23db1146e183afe7d15abebbbc | GET | /api/readStatuses] - Request completed
26-05-15 10:33:01.022 [http-nio-8080-exec-1] [32mDEBUG[0;39m c.s.m.d.config.MDCLoggingInterceptor [bee16ab3ce9f4dcf803626fcd582be00 | GET | /api/channels] - Request started
26-05-15 10:33:01.022 [http-nio-8080-exec-1] [32mINFO [0;39m c.s.m.d.controller.ChannelController [bee16ab3ce9f4dcf803626fcd582be00 | GET | /api/channels] - 사용자별 채널 목록 조회 요청: userId=aba478e0-9386-4424-924f-249335d64694
26-05-15 10:33:01.026 [http-nio-8080-exec-1] [32mDEBUG[0;39m org.hibernate.SQL                    [bee16ab3ce9f4dcf803626fcd582be00 | GET | /api/channels] - 
    select
        rs1_0.id,
        rs1_0.channel_id,
        rs1_0.created_at,
        rs1_0.last_read_at,
        rs1_0.updated_at,
        rs1_0.user_id 
    from
        read_statuses rs1_0 
    where
        rs1_0.user_id=?
26-05-15 10:33:01.026 [http-nio-8080-exec-1] [32mTRACE[0;39m org.hibernate.orm.jdbc.bind          [bee16ab3ce9f4dcf803626fcd582be00 | GET | /api/channels] - binding parameter (1:UUID) <- [aba478e0-9386-4424-924f-249335d64694]
26-05-15 10:33:01.029 [http-nio-8080-exec-1] [32mDEBUG[0;39m org.hibernate.SQL                    [bee16ab3ce9f4dcf803626fcd582be00 | GET | /api/channels] - 
    select
        c1_0.id,
        c1_0.created_at,
        c1_0.description,
        c1_0.name,
        c1_0.type,
        c1_0.updated_at 
    from
        channels c1_0 
    where
        c1_0.type=? 
        or c1_0.id in (?)
26-05-15 10:33:01.029 [http-nio-8080-exec-1] [32mTRACE[0;39m org.hibernate.orm.jdbc.bind          [bee16ab3ce9f4dcf803626fcd582be00 | GET | /api/channels] - binding parameter (1:VARCHAR) <- [PUBLIC]
26-05-15 10:33:01.029 [http-nio-8080-exec-1] [32mTRACE[0;39m org.hibernate.orm.jdbc.bind          [bee16ab3ce9f4dcf803626fcd582be00 | GET | /api/channels] - binding parameter (2:UUID) <- [0fb828ec-2cee-497c-8e87-348831a67f03]
26-05-15 10:33:01.030 [http-nio-8080-exec-1] [32mDEBUG[0;39m org.hibernate.SQL                    [bee16ab3ce9f4dcf803626fcd582be00 | GET | /api/channels] - 
    select
        m1_0.created_at 
    from
        messages m1_0 
    where
        m1_0.channel_id=? 
    order by
        m1_0.created_at desc 
    fetch
        first 1 rows only
26-05-15 10:33:01.031 [http-nio-8080-exec-1] [32mTRACE[0;39m org.hibernate.orm.jdbc.bind          [bee16ab3ce9f4dcf803626fcd582be00 | GET | /api/channels] - binding parameter (1:UUID) <- [7cdff344-ade9-4175-ad8a-0acaa200aaa4]
26-05-15 10:33:01.032 [http-nio-8080-exec-1] [32mDEBUG[0;39m org.hibernate.SQL                    [bee16ab3ce9f4dcf803626fcd582be00 | GET | /api/channels] - 
    select
        m1_0.created_at 
    from
        messages m1_0 
    where
        m1_0.channel_id=? 
    order by
        m1_0.created_at desc 
    fetch
        first 1 rows only
26-05-15 10:33:01.032 [http-nio-8080-exec-1] [32mTRACE[0;39m org.hibernate.orm.jdbc.bind          [bee16ab3ce9f4dcf803626fcd582be00 | GET | /api/channels] - binding parameter (1:UUID) <- [4c2389f4-ec8c-4a2f-97b8-18350b7aef48]
26-05-15 10:33:01.032 [http-nio-8080-exec-1] [32mDEBUG[0;39m org.hibernate.SQL                    [bee16ab3ce9f4dcf803626fcd582be00 | GET | /api/channels] - 
    select
        m1_0.created_at 
    from
        messages m1_0 
    where
        m1_0.channel_id=? 
    order by
        m1_0.created_at desc 
    fetch
        first 1 rows only
26-05-15 10:33:01.032 [http-nio-8080-exec-1] [32mTRACE[0;39m org.hibernate.orm.jdbc.bind          [bee16ab3ce9f4dcf803626fcd582be00 | GET | /api/channels] - binding parameter (1:UUID) <- [0fb828ec-2cee-497c-8e87-348831a67f03]
26-05-15 10:33:01.035 [http-nio-8080-exec-1] [32mDEBUG[0;39m c.s.m.d.controller.ChannelController [bee16ab3ce9f4dcf803626fcd582be00 | GET | /api/channels] - 사용자별 채널 목록 조회 응답: count=3
26-05-15 10:33:01.036 [http-nio-8080-exec-1] [32mDEBUG[0;39m c.s.m.d.config.MDCLoggingInterceptor [bee16ab3ce9f4dcf803626fcd582be00 | GET | /api/channels] - Request completed
26-05-15 10:33:01.044 [http-nio-8080-exec-9] [32mDEBUG[0;39m c.s.m.d.config.MDCLoggingInterceptor [4b3b8b2b3d0745579ce8c2ec77459f8f | GET | /api/readStatuses] - Request started
26-05-15 10:33:01.045 [http-nio-8080-exec-9] [32mINFO [0;39m c.s.m.d.c.ReadStatusController       [4b3b8b2b3d0745579ce8c2ec77459f8f | GET | /api/readStatuses] - 사용자별 읽음 상태 목록 조회 요청: userId=aba478e0-9386-4424-924f-249335d64694
26-05-15 10:33:01.046 [http-nio-8080-exec-9] [32mDEBUG[0;39m c.s.m.d.s.b.BasicReadStatusService   [4b3b8b2b3d0745579ce8c2ec77459f8f | GET | /api/readStatuses] - 사용자별 읽음 상태 목록 조회 시작: userId=aba478e0-9386-4424-924f-249335d64694
26-05-15 10:33:01.048 [http-nio-8080-exec-9] [32mDEBUG[0;39m org.hibernate.SQL                    [4b3b8b2b3d0745579ce8c2ec77459f8f | GET | /api/readStatuses] - 
    select
        rs1_0.id,
        rs1_0.channel_id,
        rs1_0.created_at,
        rs1_0.last_read_at,
        rs1_0.updated_at,
        rs1_0.user_id 
    from
        read_statuses rs1_0 
    where
        rs1_0.user_id=?
26-05-15 10:33:01.048 [http-nio-8080-exec-9] [32mTRACE[0;39m org.hibernate.orm.jdbc.bind          [4b3b8b2b3d0745579ce8c2ec77459f8f | GET | /api/readStatuses] - binding parameter (1:UUID) <- [aba478e0-9386-4424-924f-249335d64694]
26-05-15 10:33:01.050 [http-nio-8080-exec-9] [32mINFO [0;39m c.s.m.d.s.b.BasicReadStatusService   [4b3b8b2b3d0745579ce8c2ec77459f8f | GET | /api/readStatuses] - 사용자별 읽음 상태 목록 조회 완료: userId=aba478e0-9386-4424-924f-249335d64694, 조회된 항목 수=1
26-05-15 10:33:01.050 [http-nio-8080-exec-9] [32mDEBUG[0;39m c.s.m.d.c.ReadStatusController       [4b3b8b2b3d0745579ce8c2ec77459f8f | GET | /api/readStatuses] - 사용자별 읽음 상태 목록 조회 응답: count=1
26-05-15 10:33:01.052 [http-nio-8080-exec-9] [32mDEBUG[0;39m c.s.m.d.config.MDCLoggingInterceptor [4b3b8b2b3d0745579ce8c2ec77459f8f | GET | /api/readStatuses] - Request completed
26-05-15 10:33:04.021 [http-nio-8080-exec-4] [32mDEBUG[0;39m c.s.m.d.config.MDCLoggingInterceptor [54ce8b8439e4426693d2e3eee4b1ea45 | GET | /api/channels] - Request started
26-05-15 10:33:04.022 [http-nio-8080-exec-4] [32mINFO [0;39m c.s.m.d.controller.ChannelController [54ce8b8439e4426693d2e3eee4b1ea45 | GET | /api/channels] - 사용자별 채널 목록 조회 요청: userId=aba478e0-9386-4424-924f-249335d64694
26-05-15 10:33:04.024 [http-nio-8080-exec-4] [32mDEBUG[0;39m org.hibernate.SQL                    [54ce8b8439e4426693d2e3eee4b1ea45 | GET | /api/channels] - 
    select
        rs1_0.id,
        rs1_0.channel_id,
        rs1_0.created_at,
        rs1_0.last_read_at,
        rs1_0.updated_at,
        rs1_0.user_id 
    from
        read_statuses rs1_0 
    where
        rs1_0.user_id=?
26-05-15 10:33:04.024 [http-nio-8080-exec-4] [32mTRACE[0;39m org.hibernate.orm.jdbc.bind          [54ce8b8439e4426693d2e3eee4b1ea45 | GET | /api/channels] - binding parameter (1:UUID) <- [aba478e0-9386-4424-924f-249335d64694]
26-05-15 10:33:04.029 [http-nio-8080-exec-4] [32mDEBUG[0;39m org.hibernate.SQL                    [54ce8b8439e4426693d2e3eee4b1ea45 | GET | /api/channels] - 
    select
        c1_0.id,
        c1_0.created_at,
        c1_0.description,
        c1_0.name,
        c1_0.type,
        c1_0.updated_at 
    from
        channels c1_0 
    where
        c1_0.type=? 
        or c1_0.id in (?)
26-05-15 10:33:04.029 [http-nio-8080-exec-4] [32mTRACE[0;39m org.hibernate.orm.jdbc.bind          [54ce8b8439e4426693d2e3eee4b1ea45 | GET | /api/channels] - binding parameter (1:VARCHAR) <- [PUBLIC]
26-05-15 10:33:04.029 [http-nio-8080-exec-4] [32mTRACE[0;39m org.hibernate.orm.jdbc.bind          [54ce8b8439e4426693d2e3eee4b1ea45 | GET | /api/channels] - binding parameter (2:UUID) <- [0fb828ec-2cee-497c-8e87-348831a67f03]
26-05-15 10:33:04.033 [http-nio-8080-exec-4] [32mDEBUG[0;39m org.hibernate.SQL                    [54ce8b8439e4426693d2e3eee4b1ea45 | GET | /api/channels] - 
    select
        m1_0.created_at 
    from
        messages m1_0 
    where
        m1_0.channel_id=? 
    order by
        m1_0.created_at desc 
    fetch
        first 1 rows only
26-05-15 10:33:04.034 [http-nio-8080-exec-4] [32mTRACE[0;39m org.hibernate.orm.jdbc.bind          [54ce8b8439e4426693d2e3eee4b1ea45 | GET | /api/channels] - binding parameter (1:UUID) <- [7cdff344-ade9-4175-ad8a-0acaa200aaa4]
26-05-15 10:33:04.036 [http-nio-8080-exec-4] [32mDEBUG[0;39m org.hibernate.SQL                    [54ce8b8439e4426693d2e3eee4b1ea45 | GET | /api/channels] - 
    select
        m1_0.created_at 
    from
        messages m1_0 
    where
        m1_0.channel_id=? 
    order by
        m1_0.created_at desc 
    fetch
        first 1 rows only
26-05-15 10:33:04.036 [http-nio-8080-exec-4] [32mTRACE[0;39m org.hibernate.orm.jdbc.bind          [54ce8b8439e4426693d2e3eee4b1ea45 | GET | /api/channels] - binding parameter (1:UUID) <- [4c2389f4-ec8c-4a2f-97b8-18350b7aef48]
26-05-15 10:33:04.037 [http-nio-8080-exec-4] [32mDEBUG[0;39m org.hibernate.SQL                    [54ce8b8439e4426693d2e3eee4b1ea45 | GET | /api/channels] - 
    select
        m1_0.created_at 
    from
        messages m1_0 
    where
        m1_0.channel_id=? 
    order by
        m1_0.created_at desc 
    fetch
        first 1 rows only
26-05-15 10:33:04.038 [http-nio-8080-exec-4] [32mTRACE[0;39m org.hibernate.orm.jdbc.bind          [54ce8b8439e4426693d2e3eee4b1ea45 | GET | /api/channels] - binding parameter (1:UUID) <- [0fb828ec-2cee-497c-8e87-348831a67f03]
26-05-15 10:33:04.039 [http-nio-8080-exec-4] [32mDEBUG[0;39m c.s.m.d.controller.ChannelController [54ce8b8439e4426693d2e3eee4b1ea45 | GET | /api/channels] - 사용자별 채널 목록 조회 응답: count=3
26-05-15 10:33:04.041 [http-nio-8080-exec-4] [32mDEBUG[0;39m c.s.m.d.config.MDCLoggingInterceptor [54ce8b8439e4426693d2e3eee4b1ea45 | GET | /api/channels] - Request completed
26-05-15 10:33:04.056 [http-nio-8080-exec-8] [32mDEBUG[0;39m c.s.m.d.config.MDCLoggingInterceptor [1c4bbdc4d6f84c38b4d7e09df539b235 | GET | /api/readStatuses] - Request started
26-05-15 10:33:04.056 [http-nio-8080-exec-8] [32mINFO [0;39m c.s.m.d.c.ReadStatusController       [1c4bbdc4d6f84c38b4d7e09df539b235 | GET | /api/readStatuses] - 사용자별 읽음 상태 목록 조회 요청: userId=aba478e0-9386-4424-924f-249335d64694
26-05-15 10:33:04.057 [http-nio-8080-exec-8] [32mDEBUG[0;39m c.s.m.d.s.b.BasicReadStatusService   [1c4bbdc4d6f84c38b4d7e09df539b235 | GET | /api/readStatuses] - 사용자별 읽음 상태 목록 조회 시작: userId=aba478e0-9386-4424-924f-249335d64694
26-05-15 10:33:04.060 [http-nio-8080-exec-8] [32mDEBUG[0;39m org.hibernate.SQL                    [1c4bbdc4d6f84c38b4d7e09df539b235 | GET | /api/readStatuses] - 
    select
        rs1_0.id,
        rs1_0.channel_id,
        rs1_0.created_at,
        rs1_0.last_read_at,
        rs1_0.updated_at,
        rs1_0.user_id 
    from
        read_statuses rs1_0 
    where
        rs1_0.user_id=?
26-05-15 10:33:04.060 [http-nio-8080-exec-8] [32mTRACE[0;39m org.hibernate.orm.jdbc.bind          [1c4bbdc4d6f84c38b4d7e09df539b235 | GET | /api/readStatuses] - binding parameter (1:UUID) <- [aba478e0-9386-4424-924f-249335d64694]
26-05-15 10:33:04.062 [http-nio-8080-exec-8] [32mINFO [0;39m c.s.m.d.s.b.BasicReadStatusService   [1c4bbdc4d6f84c38b4d7e09df539b235 | GET | /api/readStatuses] - 사용자별 읽음 상태 목록 조회 완료: userId=aba478e0-9386-4424-924f-249335d64694, 조회된 항목 수=1
26-05-15 10:33:04.063 [http-nio-8080-exec-8] [32mDEBUG[0;39m c.s.m.d.c.ReadStatusController       [1c4bbdc4d6f84c38b4d7e09df539b235 | GET | /api/readStatuses] - 사용자별 읽음 상태 목록 조회 응답: count=1
26-05-15 10:33:04.066 [http-nio-8080-exec-8] [32mDEBUG[0;39m c.s.m.d.config.MDCLoggingInterceptor [1c4bbdc4d6f84c38b4d7e09df539b235 | GET | /api/readStatuses] - Request completed
26-05-15 10:33:07.012 [http-nio-8080-exec-7] [32mDEBUG[0;39m c.s.m.d.config.MDCLoggingInterceptor [7f42e83f66fb4f52ab1ebe3034ad5ff9 | GET | /api/channels] - Request started
26-05-15 10:33:07.013 [http-nio-8080-exec-7] [32mINFO [0;39m c.s.m.d.controller.ChannelController [7f42e83f66fb4f52ab1ebe3034ad5ff9 | GET | /api/channels] - 사용자별 채널 목록 조회 요청: userId=aba478e0-9386-4424-924f-249335d64694
26-05-15 10:33:07.015 [http-nio-8080-exec-7] [32mDEBUG[0;39m org.hibernate.SQL                    [7f42e83f66fb4f52ab1ebe3034ad5ff9 | GET | /api/channels] - 
    select
        rs1_0.id,
        rs1_0.channel_id,
        rs1_0.created_at,
        rs1_0.last_read_at,
        rs1_0.updated_at,
        rs1_0.user_id 
    from
        read_statuses rs1_0 
    where
        rs1_0.user_id=?
26-05-15 10:33:07.015 [http-nio-8080-exec-7] [32mTRACE[0;39m org.hibernate.orm.jdbc.bind          [7f42e83f66fb4f52ab1ebe3034ad5ff9 | GET | /api/channels] - binding parameter (1:UUID) <- [aba478e0-9386-4424-924f-249335d64694]
26-05-15 10:33:07.021 [http-nio-8080-exec-7] [32mDEBUG[0;39m org.hibernate.SQL                    [7f42e83f66fb4f52ab1ebe3034ad5ff9 | GET | /api/channels] - 
    select
        c1_0.id,
        c1_0.created_at,
        c1_0.description,
        c1_0.name,
        c1_0.type,
        c1_0.updated_at 
    from
        channels c1_0 
    where
        c1_0.type=? 
        or c1_0.id in (?)
26-05-15 10:33:07.021 [http-nio-8080-exec-7] [32mTRACE[0;39m org.hibernate.orm.jdbc.bind          [7f42e83f66fb4f52ab1ebe3034ad5ff9 | GET | /api/channels] - binding parameter (1:VARCHAR) <- [PUBLIC]
26-05-15 10:33:07.022 [http-nio-8080-exec-7] [32mTRACE[0;39m org.hibernate.orm.jdbc.bind          [7f42e83f66fb4f52ab1ebe3034ad5ff9 | GET | /api/channels] - binding parameter (2:UUID) <- [0fb828ec-2cee-497c-8e87-348831a67f03]
26-05-15 10:33:07.029 [http-nio-8080-exec-7] [32mDEBUG[0;39m org.hibernate.SQL                    [7f42e83f66fb4f52ab1ebe3034ad5ff9 | GET | /api/channels] - 
    select
        m1_0.created_at 
    from
        messages m1_0 
    where
        m1_0.channel_id=? 
    order by
        m1_0.created_at desc 
    fetch
        first 1 rows only
26-05-15 10:33:07.029 [http-nio-8080-exec-7] [32mTRACE[0;39m org.hibernate.orm.jdbc.bind          [7f42e83f66fb4f52ab1ebe3034ad5ff9 | GET | /api/channels] - binding parameter (1:UUID) <- [7cdff344-ade9-4175-ad8a-0acaa200aaa4]
26-05-15 10:33:07.033 [http-nio-8080-exec-7] [32mDEBUG[0;39m org.hibernate.SQL                    [7f42e83f66fb4f52ab1ebe3034ad5ff9 | GET | /api/channels] - 
    select
        m1_0.created_at 
    from
        messages m1_0 
    where
        m1_0.channel_id=? 
    order by
        m1_0.created_at desc 
    fetch
        first 1 rows only
26-05-15 10:33:07.033 [http-nio-8080-exec-7] [32mTRACE[0;39m org.hibernate.orm.jdbc.bind          [7f42e83f66fb4f52ab1ebe3034ad5ff9 | GET | /api/channels] - binding parameter (1:UUID) <- [4c2389f4-ec8c-4a2f-97b8-18350b7aef48]
26-05-15 10:33:07.036 [http-nio-8080-exec-7] [32mDEBUG[0;39m org.hibernate.SQL                    [7f42e83f66fb4f52ab1ebe3034ad5ff9 | GET | /api/channels] - 
    select
        m1_0.created_at 
    from
        messages m1_0 
    where
        m1_0.channel_id=? 
    order by
        m1_0.created_at desc 
    fetch
        first 1 rows only
26-05-15 10:33:07.036 [http-nio-8080-exec-7] [32mTRACE[0;39m org.hibernate.orm.jdbc.bind          [7f42e83f66fb4f52ab1ebe3034ad5ff9 | GET | /api/channels] - binding parameter (1:UUID) <- [0fb828ec-2cee-497c-8e87-348831a67f03]
26-05-15 10:33:07.038 [http-nio-8080-exec-7] [32mDEBUG[0;39m c.s.m.d.controller.ChannelController [7f42e83f66fb4f52ab1ebe3034ad5ff9 | GET | /api/channels] - 사용자별 채널 목록 조회 응답: count=3
26-05-15 10:33:07.040 [http-nio-8080-exec-7] [32mDEBUG[0;39m c.s.m.d.config.MDCLoggingInterceptor [7f42e83f66fb4f52ab1ebe3034ad5ff9 | GET | /api/channels] - Request completed
26-05-15 10:33:07.049 [http-nio-8080-exec-6] [32mDEBUG[0;39m c.s.m.d.config.MDCLoggingInterceptor [b3d015b3e0a442738ea5e3168a495d4b | GET | /api/readStatuses] - Request started
26-05-15 10:33:07.049 [http-nio-8080-exec-6] [32mINFO [0;39m c.s.m.d.c.ReadStatusController       [b3d015b3e0a442738ea5e3168a495d4b | GET | /api/readStatuses] - 사용자별 읽음 상태 목록 조회 요청: userId=aba478e0-9386-4424-924f-249335d64694
26-05-15 10:33:07.050 [http-nio-8080-exec-6] [32mDEBUG[0;39m c.s.m.d.s.b.BasicReadStatusService   [b3d015b3e0a442738ea5e3168a495d4b | GET | /api/readStatuses] - 사용자별 읽음 상태 목록 조회 시작: userId=aba478e0-9386-4424-924f-249335d64694
26-05-15 10:33:07.052 [http-nio-8080-exec-6] [32mDEBUG[0;39m org.hibernate.SQL                    [b3d015b3e0a442738ea5e3168a495d4b | GET | /api/readStatuses] - 
    select
        rs1_0.id,
        rs1_0.channel_id,
        rs1_0.created_at,
        rs1_0.last_read_at,
        rs1_0.updated_at,
        rs1_0.user_id 
    from
        read_statuses rs1_0 
    where
        rs1_0.user_id=?
26-05-15 10:33:07.052 [http-nio-8080-exec-6] [32mTRACE[0;39m org.hibernate.orm.jdbc.bind          [b3d015b3e0a442738ea5e3168a495d4b | GET | /api/readStatuses] - binding parameter (1:UUID) <- [aba478e0-9386-4424-924f-249335d64694]
26-05-15 10:33:07.055 [http-nio-8080-exec-6] [32mINFO [0;39m c.s.m.d.s.b.BasicReadStatusService   [b3d015b3e0a442738ea5e3168a495d4b | GET | /api/readStatuses] - 사용자별 읽음 상태 목록 조회 완료: userId=aba478e0-9386-4424-924f-249335d64694, 조회된 항목 수=1
26-05-15 10:33:07.056 [http-nio-8080-exec-6] [32mDEBUG[0;39m c.s.m.d.c.ReadStatusController       [b3d015b3e0a442738ea5e3168a495d4b | GET | /api/readStatuses] - 사용자별 읽음 상태 목록 조회 응답: count=1
26-05-15 10:33:07.057 [http-nio-8080-exec-6] [32mDEBUG[0;39m c.s.m.d.config.MDCLoggingInterceptor [b3d015b3e0a442738ea5e3168a495d4b | GET | /api/readStatuses] - Request completed
26-05-15 10:33:10.014 [http-nio-8080-exec-3] [32mDEBUG[0;39m c.s.m.d.config.MDCLoggingInterceptor [736c2e0b9713450ea9570ca8d0df6a1e | GET | /api/channels] - Request started
26-05-15 10:33:10.015 [http-nio-8080-exec-3] [32mINFO [0;39m c.s.m.d.controller.ChannelController [736c2e0b9713450ea9570ca8d0df6a1e | GET | /api/channels] - 사용자별 채널 목록 조회 요청: userId=aba478e0-9386-4424-924f-249335d64694
26-05-15 10:33:10.018 [http-nio-8080-exec-3] [32mDEBUG[0;39m org.hibernate.SQL                    [736c2e0b9713450ea9570ca8d0df6a1e | GET | /api/channels] - 
    select
        rs1_0.id,
        rs1_0.channel_id,
        rs1_0.created_at,
        rs1_0.last_read_at,
        rs1_0.updated_at,
        rs1_0.user_id 
    from
        read_statuses rs1_0 
    where
        rs1_0.user_id=?
26-05-15 10:33:10.018 [http-nio-8080-exec-3] [32mTRACE[0;39m org.hibernate.orm.jdbc.bind          [736c2e0b9713450ea9570ca8d0df6a1e | GET | /api/channels] - binding parameter (1:UUID) <- [aba478e0-9386-4424-924f-249335d64694]
26-05-15 10:33:10.021 [http-nio-8080-exec-3] [32mDEBUG[0;39m org.hibernate.SQL                    [736c2e0b9713450ea9570ca8d0df6a1e | GET | /api/channels] - 
    select
        c1_0.id,
        c1_0.created_at,
        c1_0.description,
        c1_0.name,
        c1_0.type,
        c1_0.updated_at 
    from
        channels c1_0 
    where
        c1_0.type=? 
        or c1_0.id in (?)
26-05-15 10:33:10.022 [http-nio-8080-exec-3] [32mTRACE[0;39m org.hibernate.orm.jdbc.bind          [736c2e0b9713450ea9570ca8d0df6a1e | GET | /api/channels] - binding parameter (1:VARCHAR) <- [PUBLIC]
26-05-15 10:33:10.022 [http-nio-8080-exec-3] [32mTRACE[0;39m org.hibernate.orm.jdbc.bind          [736c2e0b9713450ea9570ca8d0df6a1e | GET | /api/channels] - binding parameter (2:UUID) <- [0fb828ec-2cee-497c-8e87-348831a67f03]
26-05-15 10:33:10.024 [http-nio-8080-exec-3] [32mDEBUG[0;39m org.hibernate.SQL                    [736c2e0b9713450ea9570ca8d0df6a1e | GET | /api/channels] - 
    select
        m1_0.created_at 
    from
        messages m1_0 
    where
        m1_0.channel_id=? 
    order by
        m1_0.created_at desc 
    fetch
        first 1 rows only
26-05-15 10:33:10.025 [http-nio-8080-exec-3] [32mTRACE[0;39m org.hibernate.orm.jdbc.bind          [736c2e0b9713450ea9570ca8d0df6a1e | GET | /api/channels] - binding parameter (1:UUID) <- [7cdff344-ade9-4175-ad8a-0acaa200aaa4]
26-05-15 10:33:10.062 [http-nio-8080-exec-3] [32mDEBUG[0;39m org.hibernate.SQL                    [736c2e0b9713450ea9570ca8d0df6a1e | GET | /api/channels] - 
    select
        m1_0.created_at 
    from
        messages m1_0 
    where
        m1_0.channel_id=? 
    order by
        m1_0.created_at desc 
    fetch
        first 1 rows only
26-05-15 10:33:10.063 [http-nio-8080-exec-3] [32mTRACE[0;39m org.hibernate.orm.jdbc.bind          [736c2e0b9713450ea9570ca8d0df6a1e | GET | /api/channels] - binding parameter (1:UUID) <- [4c2389f4-ec8c-4a2f-97b8-18350b7aef48]
26-05-15 10:33:10.064 [http-nio-8080-exec-3] [32mDEBUG[0;39m org.hibernate.SQL                    [736c2e0b9713450ea9570ca8d0df6a1e | GET | /api/channels] - 
    select
        m1_0.created_at 
    from
        messages m1_0 
    where
        m1_0.channel_id=? 
    order by
        m1_0.created_at desc 
    fetch
        first 1 rows only
26-05-15 10:33:10.064 [http-nio-8080-exec-3] [32mTRACE[0;39m org.hibernate.orm.jdbc.bind          [736c2e0b9713450ea9570ca8d0df6a1e | GET | /api/channels] - binding parameter (1:UUID) <- [0fb828ec-2cee-497c-8e87-348831a67f03]
26-05-15 10:33:10.065 [http-nio-8080-exec-3] [32mDEBUG[0;39m c.s.m.d.controller.ChannelController [736c2e0b9713450ea9570ca8d0df6a1e | GET | /api/channels] - 사용자별 채널 목록 조회 응답: count=3
26-05-15 10:33:10.067 [http-nio-8080-exec-3] [32mDEBUG[0;39m c.s.m.d.config.MDCLoggingInterceptor [736c2e0b9713450ea9570ca8d0df6a1e | GET | /api/channels] - Request completed
26-05-15 10:33:10.078 [http-nio-8080-exec-10] [32mDEBUG[0;39m c.s.m.d.config.MDCLoggingInterceptor [115a64b0a43d4023ae98ec8d2cef3312 | GET | /api/readStatuses] - Request started
26-05-15 10:33:10.078 [http-nio-8080-exec-10] [32mINFO [0;39m c.s.m.d.c.ReadStatusController       [115a64b0a43d4023ae98ec8d2cef3312 | GET | /api/readStatuses] - 사용자별 읽음 상태 목록 조회 요청: userId=aba478e0-9386-4424-924f-249335d64694
26-05-15 10:33:10.079 [http-nio-8080-exec-10] [32mDEBUG[0;39m c.s.m.d.s.b.BasicReadStatusService   [115a64b0a43d4023ae98ec8d2cef3312 | GET | /api/readStatuses] - 사용자별 읽음 상태 목록 조회 시작: userId=aba478e0-9386-4424-924f-249335d64694
26-05-15 10:33:10.082 [http-nio-8080-exec-10] [32mDEBUG[0;39m org.hibernate.SQL                    [115a64b0a43d4023ae98ec8d2cef3312 | GET | /api/readStatuses] - 
    select
        rs1_0.id,
        rs1_0.channel_id,
        rs1_0.created_at,
        rs1_0.last_read_at,
        rs1_0.updated_at,
        rs1_0.user_id 
    from
        read_statuses rs1_0 
    where
        rs1_0.user_id=?
26-05-15 10:33:10.082 [http-nio-8080-exec-10] [32mTRACE[0;39m org.hibernate.orm.jdbc.bind          [115a64b0a43d4023ae98ec8d2cef3312 | GET | /api/readStatuses] - binding parameter (1:UUID) <- [aba478e0-9386-4424-924f-249335d64694]
26-05-15 10:33:10.085 [http-nio-8080-exec-10] [32mINFO [0;39m c.s.m.d.s.b.BasicReadStatusService   [115a64b0a43d4023ae98ec8d2cef3312 | GET | /api/readStatuses] - 사용자별 읽음 상태 목록 조회 완료: userId=aba478e0-9386-4424-924f-249335d64694, 조회된 항목 수=1
26-05-15 10:33:10.085 [http-nio-8080-exec-10] [32mDEBUG[0;39m c.s.m.d.c.ReadStatusController       [115a64b0a43d4023ae98ec8d2cef3312 | GET | /api/readStatuses] - 사용자별 읽음 상태 목록 조회 응답: count=1
26-05-15 10:33:10.087 [http-nio-8080-exec-10] [32mDEBUG[0;39m c.s.m.d.config.MDCLoggingInterceptor [115a64b0a43d4023ae98ec8d2cef3312 | GET | /api/readStatuses] - Request completed
26-05-15 10:33:13.008 [http-nio-8080-exec-5] [32mDEBUG[0;39m c.s.m.d.config.MDCLoggingInterceptor [2150cd93a32a41ec96958b83de67c05f | GET | /api/channels] - Request started
26-05-15 10:33:13.009 [http-nio-8080-exec-5] [32mINFO [0;39m c.s.m.d.controller.ChannelController [2150cd93a32a41ec96958b83de67c05f | GET | /api/channels] - 사용자별 채널 목록 조회 요청: userId=aba478e0-9386-4424-924f-249335d64694
26-05-15 10:33:13.012 [http-nio-8080-exec-5] [32mDEBUG[0;39m org.hibernate.SQL                    [2150cd93a32a41ec96958b83de67c05f | GET | /api/channels] - 
    select
        rs1_0.id,
        rs1_0.channel_id,
        rs1_0.created_at,
        rs1_0.last_read_at,
        rs1_0.updated_at,
        rs1_0.user_id 
    from
        read_statuses rs1_0 
    where
        rs1_0.user_id=?
26-05-15 10:33:13.012 [http-nio-8080-exec-5] [32mTRACE[0;39m org.hibernate.orm.jdbc.bind          [2150cd93a32a41ec96958b83de67c05f | GET | /api/channels] - binding parameter (1:UUID) <- [aba478e0-9386-4424-924f-249335d64694]
26-05-15 10:33:13.015 [http-nio-8080-exec-5] [32mDEBUG[0;39m org.hibernate.SQL                    [2150cd93a32a41ec96958b83de67c05f | GET | /api/channels] - 
    select
        c1_0.id,
        c1_0.created_at,
        c1_0.description,
        c1_0.name,
        c1_0.type,
        c1_0.updated_at 
    from
        channels c1_0 
    where
        c1_0.type=? 
        or c1_0.id in (?)
26-05-15 10:33:13.015 [http-nio-8080-exec-5] [32mTRACE[0;39m org.hibernate.orm.jdbc.bind          [2150cd93a32a41ec96958b83de67c05f | GET | /api/channels] - binding parameter (1:VARCHAR) <- [PUBLIC]
26-05-15 10:33:13.015 [http-nio-8080-exec-5] [32mTRACE[0;39m org.hibernate.orm.jdbc.bind          [2150cd93a32a41ec96958b83de67c05f | GET | /api/channels] - binding parameter (2:UUID) <- [0fb828ec-2cee-497c-8e87-348831a67f03]
26-05-15 10:33:13.017 [http-nio-8080-exec-5] [32mDEBUG[0;39m org.hibernate.SQL                    [2150cd93a32a41ec96958b83de67c05f | GET | /api/channels] - 
    select
        m1_0.created_at 
    from
        messages m1_0 
    where
        m1_0.channel_id=? 
    order by
        m1_0.created_at desc 
    fetch
        first 1 rows only
26-05-15 10:33:13.017 [http-nio-8080-exec-5] [32mTRACE[0;39m org.hibernate.orm.jdbc.bind          [2150cd93a32a41ec96958b83de67c05f | GET | /api/channels] - binding parameter (1:UUID) <- [7cdff344-ade9-4175-ad8a-0acaa200aaa4]
26-05-15 10:33:13.018 [http-nio-8080-exec-5] [32mDEBUG[0;39m org.hibernate.SQL                    [2150cd93a32a41ec96958b83de67c05f | GET | /api/channels] - 
    select
        m1_0.created_at 
    from
        messages m1_0 
    where
        m1_0.channel_id=? 
    order by
        m1_0.created_at desc 
    fetch
        first 1 rows only
26-05-15 10:33:13.019 [http-nio-8080-exec-5] [32mTRACE[0;39m org.hibernate.orm.jdbc.bind          [2150cd93a32a41ec96958b83de67c05f | GET | /api/channels] - binding parameter (1:UUID) <- [4c2389f4-ec8c-4a2f-97b8-18350b7aef48]
26-05-15 10:33:13.020 [http-nio-8080-exec-5] [32mDEBUG[0;39m org.hibernate.SQL                    [2150cd93a32a41ec96958b83de67c05f | GET | /api/channels] - 
    select
        m1_0.created_at 
    from
        messages m1_0 
    where
        m1_0.channel_id=? 
    order by
        m1_0.created_at desc 
    fetch
        first 1 rows only
26-05-15 10:33:13.020 [http-nio-8080-exec-5] [32mTRACE[0;39m org.hibernate.orm.jdbc.bind          [2150cd93a32a41ec96958b83de67c05f | GET | /api/channels] - binding parameter (1:UUID) <- [0fb828ec-2cee-497c-8e87-348831a67f03]
26-05-15 10:33:13.022 [http-nio-8080-exec-5] [32mDEBUG[0;39m c.s.m.d.controller.ChannelController [2150cd93a32a41ec96958b83de67c05f | GET | /api/channels] - 사용자별 채널 목록 조회 응답: count=3
26-05-15 10:33:13.023 [http-nio-8080-exec-5] [32mDEBUG[0;39m c.s.m.d.config.MDCLoggingInterceptor [2150cd93a32a41ec96958b83de67c05f | GET | /api/channels] - Request completed
26-05-15 10:33:13.039 [http-nio-8080-exec-2] [32mDEBUG[0;39m c.s.m.d.config.MDCLoggingInterceptor [98b4ca090cdb400db1144e30024150f7 | GET | /api/readStatuses] - Request started
26-05-15 10:33:13.039 [http-nio-8080-exec-2] [32mINFO [0;39m c.s.m.d.c.ReadStatusController       [98b4ca090cdb400db1144e30024150f7 | GET | /api/readStatuses] - 사용자별 읽음 상태 목록 조회 요청: userId=aba478e0-9386-4424-924f-249335d64694
26-05-15 10:33:13.041 [http-nio-8080-exec-2] [32mDEBUG[0;39m c.s.m.d.s.b.BasicReadStatusService   [98b4ca090cdb400db1144e30024150f7 | GET | /api/readStatuses] - 사용자별 읽음 상태 목록 조회 시작: userId=aba478e0-9386-4424-924f-249335d64694
26-05-15 10:33:13.043 [http-nio-8080-exec-2] [32mDEBUG[0;39m org.hibernate.SQL                    [98b4ca090cdb400db1144e30024150f7 | GET | /api/readStatuses] - 
    select
        rs1_0.id,
        rs1_0.channel_id,
        rs1_0.created_at,
        rs1_0.last_read_at,
        rs1_0.updated_at,
        rs1_0.user_id 
    from
        read_statuses rs1_0 
    where
        rs1_0.user_id=?
26-05-15 10:33:13.043 [http-nio-8080-exec-2] [32mTRACE[0;39m org.hibernate.orm.jdbc.bind          [98b4ca090cdb400db1144e30024150f7 | GET | /api/readStatuses] - binding parameter (1:UUID) <- [aba478e0-9386-4424-924f-249335d64694]
26-05-15 10:33:13.046 [http-nio-8080-exec-2] [32mINFO [0;39m c.s.m.d.s.b.BasicReadStatusService   [98b4ca090cdb400db1144e30024150f7 | GET | /api/readStatuses] - 사용자별 읽음 상태 목록 조회 완료: userId=aba478e0-9386-4424-924f-249335d64694, 조회된 항목 수=1
26-05-15 10:33:13.047 [http-nio-8080-exec-2] [32mDEBUG[0;39m c.s.m.d.c.ReadStatusController       [98b4ca090cdb400db1144e30024150f7 | GET | /api/readStatuses] - 사용자별 읽음 상태 목록 조회 응답: count=1
26-05-15 10:33:13.048 [http-nio-8080-exec-2] [32mDEBUG[0;39m c.s.m.d.config.MDCLoggingInterceptor [98b4ca090cdb400db1144e30024150f7 | GET | /api/readStatuses] - Request completed
26-05-15 10:33:16.011 [http-nio-8080-exec-1] [32mDEBUG[0;39m c.s.m.d.config.MDCLoggingInterceptor [0f81c0036f69429dae4c6a7b869e914e | GET | /api/channels] - Request started
26-05-15 10:33:16.012 [http-nio-8080-exec-1] [32mINFO [0;39m c.s.m.d.controller.ChannelController [0f81c0036f69429dae4c6a7b869e914e | GET | /api/channels] - 사용자별 채널 목록 조회 요청: userId=aba478e0-9386-4424-924f-249335d64694
26-05-15 10:33:16.014 [http-nio-8080-exec-1] [32mDEBUG[0;39m org.hibernate.SQL                    [0f81c0036f69429dae4c6a7b869e914e | GET | /api/channels] - 
    select
        rs1_0.id,
        rs1_0.channel_id,
        rs1_0.created_at,
        rs1_0.last_read_at,
        rs1_0.updated_at,
        rs1_0.user_id 
    from
        read_statuses rs1_0 
    where
        rs1_0.user_id=?
26-05-15 10:33:16.014 [http-nio-8080-exec-1] [32mTRACE[0;39m org.hibernate.orm.jdbc.bind          [0f81c0036f69429dae4c6a7b869e914e | GET | /api/channels] - binding parameter (1:UUID) <- [aba478e0-9386-4424-924f-249335d64694]
26-05-15 10:33:16.018 [http-nio-8080-exec-1] [32mDEBUG[0;39m org.hibernate.SQL                    [0f81c0036f69429dae4c6a7b869e914e | GET | /api/channels] - 
    select
        c1_0.id,
        c1_0.created_at,
        c1_0.description,
        c1_0.name,
        c1_0.type,
        c1_0.updated_at 
    from
        channels c1_0 
    where
        c1_0.type=? 
        or c1_0.id in (?)
26-05-15 10:33:16.018 [http-nio-8080-exec-1] [32mTRACE[0;39m org.hibernate.orm.jdbc.bind          [0f81c0036f69429dae4c6a7b869e914e | GET | /api/channels] - binding parameter (1:VARCHAR) <- [PUBLIC]
26-05-15 10:33:16.018 [http-nio-8080-exec-1] [32mTRACE[0;39m org.hibernate.orm.jdbc.bind          [0f81c0036f69429dae4c6a7b869e914e | GET | /api/channels] - binding parameter (2:UUID) <- [0fb828ec-2cee-497c-8e87-348831a67f03]
26-05-15 10:33:16.022 [http-nio-8080-exec-1] [32mDEBUG[0;39m org.hibernate.SQL                    [0f81c0036f69429dae4c6a7b869e914e | GET | /api/channels] - 
    select
        m1_0.created_at 
    from
        messages m1_0 
    where
        m1_0.channel_id=? 
    order by
        m1_0.created_at desc 
    fetch
        first 1 rows only
26-05-15 10:33:16.023 [http-nio-8080-exec-1] [32mTRACE[0;39m org.hibernate.orm.jdbc.bind          [0f81c0036f69429dae4c6a7b869e914e | GET | /api/channels] - binding parameter (1:UUID) <- [7cdff344-ade9-4175-ad8a-0acaa200aaa4]
26-05-15 10:33:16.024 [http-nio-8080-exec-1] [32mDEBUG[0;39m org.hibernate.SQL                    [0f81c0036f69429dae4c6a7b869e914e | GET | /api/channels] - 
    select
        m1_0.created_at 
    from
        messages m1_0 
    where
        m1_0.channel_id=? 
    order by
        m1_0.created_at desc 
    fetch
        first 1 rows only
26-05-15 10:33:16.024 [http-nio-8080-exec-1] [32mTRACE[0;39m org.hibernate.orm.jdbc.bind          [0f81c0036f69429dae4c6a7b869e914e | GET | /api/channels] - binding parameter (1:UUID) <- [4c2389f4-ec8c-4a2f-97b8-18350b7aef48]
26-05-15 10:33:16.026 [http-nio-8080-exec-1] [32mDEBUG[0;39m org.hibernate.SQL                    [0f81c0036f69429dae4c6a7b869e914e | GET | /api/channels] - 
    select
        m1_0.created_at 
    from
        messages m1_0 
    where
        m1_0.channel_id=? 
    order by
        m1_0.created_at desc 
    fetch
        first 1 rows only
26-05-15 10:33:16.027 [http-nio-8080-exec-1] [32mTRACE[0;39m org.hibernate.orm.jdbc.bind          [0f81c0036f69429dae4c6a7b869e914e | GET | /api/channels] - binding parameter (1:UUID) <- [0fb828ec-2cee-497c-8e87-348831a67f03]
26-05-15 10:33:16.028 [http-nio-8080-exec-1] [32mDEBUG[0;39m c.s.m.d.controller.ChannelController [0f81c0036f69429dae4c6a7b869e914e | GET | /api/channels] - 사용자별 채널 목록 조회 응답: count=3
26-05-15 10:33:16.030 [http-nio-8080-exec-1] [32mDEBUG[0;39m c.s.m.d.config.MDCLoggingInterceptor [0f81c0036f69429dae4c6a7b869e914e | GET | /api/channels] - Request completed
26-05-15 10:33:16.040 [http-nio-8080-exec-9] [32mDEBUG[0;39m c.s.m.d.config.MDCLoggingInterceptor [d8175a4c10be4ce8b2b3a401e1b7318f | GET | /api/readStatuses] - Request started
26-05-15 10:33:16.041 [http-nio-8080-exec-9] [32mINFO [0;39m c.s.m.d.c.ReadStatusController       [d8175a4c10be4ce8b2b3a401e1b7318f | GET | /api/readStatuses] - 사용자별 읽음 상태 목록 조회 요청: userId=aba478e0-9386-4424-924f-249335d64694
26-05-15 10:33:16.042 [http-nio-8080-exec-9] [32mDEBUG[0;39m c.s.m.d.s.b.BasicReadStatusService   [d8175a4c10be4ce8b2b3a401e1b7318f | GET | /api/readStatuses] - 사용자별 읽음 상태 목록 조회 시작: userId=aba478e0-9386-4424-924f-249335d64694
26-05-15 10:33:16.044 [http-nio-8080-exec-9] [32mDEBUG[0;39m org.hibernate.SQL                    [d8175a4c10be4ce8b2b3a401e1b7318f | GET | /api/readStatuses] - 
    select
        rs1_0.id,
        rs1_0.channel_id,
        rs1_0.created_at,
        rs1_0.last_read_at,
        rs1_0.updated_at,
        rs1_0.user_id 
    from
        read_statuses rs1_0 
    where
        rs1_0.user_id=?
26-05-15 10:33:16.044 [http-nio-8080-exec-9] [32mTRACE[0;39m org.hibernate.orm.jdbc.bind          [d8175a4c10be4ce8b2b3a401e1b7318f | GET | /api/readStatuses] - binding parameter (1:UUID) <- [aba478e0-9386-4424-924f-249335d64694]
26-05-15 10:33:16.046 [http-nio-8080-exec-9] [32mINFO [0;39m c.s.m.d.s.b.BasicReadStatusService   [d8175a4c10be4ce8b2b3a401e1b7318f | GET | /api/readStatuses] - 사용자별 읽음 상태 목록 조회 완료: userId=aba478e0-9386-4424-924f-249335d64694, 조회된 항목 수=1
26-05-15 10:33:16.047 [http-nio-8080-exec-9] [32mDEBUG[0;39m c.s.m.d.c.ReadStatusController       [d8175a4c10be4ce8b2b3a401e1b7318f | GET | /api/readStatuses] - 사용자별 읽음 상태 목록 조회 응답: count=1
26-05-15 10:33:16.050 [http-nio-8080-exec-9] [32mDEBUG[0;39m c.s.m.d.config.MDCLoggingInterceptor [d8175a4c10be4ce8b2b3a401e1b7318f | GET | /api/readStatuses] - Request completed
26-05-15 10:33:19.023 [http-nio-8080-exec-4] [32mDEBUG[0;39m c.s.m.d.config.MDCLoggingInterceptor [a98a1027f84c482c850570f45f8aa0cb | GET | /api/channels] - Request started
26-05-15 10:33:19.024 [http-nio-8080-exec-4] [32mINFO [0;39m c.s.m.d.controller.ChannelController [a98a1027f84c482c850570f45f8aa0cb | GET | /api/channels] - 사용자별 채널 목록 조회 요청: userId=aba478e0-9386-4424-924f-249335d64694
26-05-15 10:33:19.030 [http-nio-8080-exec-4] [32mDEBUG[0;39m org.hibernate.SQL                    [a98a1027f84c482c850570f45f8aa0cb | GET | /api/channels] - 
    select
        rs1_0.id,
        rs1_0.channel_id,
        rs1_0.created_at,
        rs1_0.last_read_at,
        rs1_0.updated_at,
        rs1_0.user_id 
    from
        read_statuses rs1_0 
    where
        rs1_0.user_id=?
26-05-15 10:33:19.030 [http-nio-8080-exec-4] [32mTRACE[0;39m org.hibernate.orm.jdbc.bind          [a98a1027f84c482c850570f45f8aa0cb | GET | /api/channels] - binding parameter (1:UUID) <- [aba478e0-9386-4424-924f-249335d64694]
26-05-15 10:33:19.038 [http-nio-8080-exec-4] [32mDEBUG[0;39m org.hibernate.SQL                    [a98a1027f84c482c850570f45f8aa0cb | GET | /api/channels] - 
    select
        c1_0.id,
        c1_0.created_at,
        c1_0.description,
        c1_0.name,
        c1_0.type,
        c1_0.updated_at 
    from
        channels c1_0 
    where
        c1_0.type=? 
        or c1_0.id in (?)
26-05-15 10:33:19.038 [http-nio-8080-exec-4] [32mTRACE[0;39m org.hibernate.orm.jdbc.bind          [a98a1027f84c482c850570f45f8aa0cb | GET | /api/channels] - binding parameter (1:VARCHAR) <- [PUBLIC]
26-05-15 10:33:19.040 [http-nio-8080-exec-4] [32mTRACE[0;39m org.hibernate.orm.jdbc.bind          [a98a1027f84c482c850570f45f8aa0cb | GET | /api/channels] - binding parameter (2:UUID) <- [0fb828ec-2cee-497c-8e87-348831a67f03]
26-05-15 10:33:19.043 [http-nio-8080-exec-4] [32mDEBUG[0;39m org.hibernate.SQL                    [a98a1027f84c482c850570f45f8aa0cb | GET | /api/channels] - 
    select
        m1_0.created_at 
    from
        messages m1_0 
    where
        m1_0.channel_id=? 
    order by
        m1_0.created_at desc 
    fetch
        first 1 rows only
26-05-15 10:33:19.043 [http-nio-8080-exec-4] [32mTRACE[0;39m org.hibernate.orm.jdbc.bind          [a98a1027f84c482c850570f45f8aa0cb | GET | /api/channels] - binding parameter (1:UUID) <- [7cdff344-ade9-4175-ad8a-0acaa200aaa4]
26-05-15 10:33:19.045 [http-nio-8080-exec-4] [32mDEBUG[0;39m org.hibernate.SQL                    [a98a1027f84c482c850570f45f8aa0cb | GET | /api/channels] - 
    select
        m1_0.created_at 
    from
        messages m1_0 
    where
        m1_0.channel_id=? 
    order by
        m1_0.created_at desc 
    fetch
        first 1 rows only
26-05-15 10:33:19.046 [http-nio-8080-exec-4] [32mTRACE[0;39m org.hibernate.orm.jdbc.bind          [a98a1027f84c482c850570f45f8aa0cb | GET | /api/channels] - binding parameter (1:UUID) <- [4c2389f4-ec8c-4a2f-97b8-18350b7aef48]
26-05-15 10:33:19.048 [http-nio-8080-exec-4] [32mDEBUG[0;39m org.hibernate.SQL                    [a98a1027f84c482c850570f45f8aa0cb | GET | /api/channels] - 
    select
        m1_0.created_at 
    from
        messages m1_0 
    where
        m1_0.channel_id=? 
    order by
        m1_0.created_at desc 
    fetch
        first 1 rows only
26-05-15 10:33:19.048 [http-nio-8080-exec-4] [32mTRACE[0;39m org.hibernate.orm.jdbc.bind          [a98a1027f84c482c850570f45f8aa0cb | GET | /api/channels] - binding parameter (1:UUID) <- [0fb828ec-2cee-497c-8e87-348831a67f03]
26-05-15 10:33:19.050 [http-nio-8080-exec-4] [32mDEBUG[0;39m c.s.m.d.controller.ChannelController [a98a1027f84c482c850570f45f8aa0cb | GET | /api/channels] - 사용자별 채널 목록 조회 응답: count=3
26-05-15 10:33:19.053 [http-nio-8080-exec-4] [32mDEBUG[0;39m c.s.m.d.config.MDCLoggingInterceptor [a98a1027f84c482c850570f45f8aa0cb | GET | /api/channels] - Request completed
26-05-15 10:33:19.069 [http-nio-8080-exec-8] [32mDEBUG[0;39m c.s.m.d.config.MDCLoggingInterceptor [f1638612d80147f59e1109ee1de38012 | GET | /api/readStatuses] - Request started
26-05-15 10:33:19.070 [http-nio-8080-exec-8] [32mINFO [0;39m c.s.m.d.c.ReadStatusController       [f1638612d80147f59e1109ee1de38012 | GET | /api/readStatuses] - 사용자별 읽음 상태 목록 조회 요청: userId=aba478e0-9386-4424-924f-249335d64694
26-05-15 10:33:19.072 [http-nio-8080-exec-8] [32mDEBUG[0;39m c.s.m.d.s.b.BasicReadStatusService   [f1638612d80147f59e1109ee1de38012 | GET | /api/readStatuses] - 사용자별 읽음 상태 목록 조회 시작: userId=aba478e0-9386-4424-924f-249335d64694
26-05-15 10:33:19.077 [http-nio-8080-exec-8] [32mDEBUG[0;39m org.hibernate.SQL                    [f1638612d80147f59e1109ee1de38012 | GET | /api/readStatuses] - 
    select
        rs1_0.id,
        rs1_0.channel_id,
        rs1_0.created_at,
        rs1_0.last_read_at,
        rs1_0.updated_at,
        rs1_0.user_id 
    from
        read_statuses rs1_0 
    where
        rs1_0.user_id=?
26-05-15 10:33:19.077 [http-nio-8080-exec-8] [32mTRACE[0;39m org.hibernate.orm.jdbc.bind          [f1638612d80147f59e1109ee1de38012 | GET | /api/readStatuses] - binding parameter (1:UUID) <- [aba478e0-9386-4424-924f-249335d64694]
26-05-15 10:33:19.080 [http-nio-8080-exec-8] [32mINFO [0;39m c.s.m.d.s.b.BasicReadStatusService   [f1638612d80147f59e1109ee1de38012 | GET | /api/readStatuses] - 사용자별 읽음 상태 목록 조회 완료: userId=aba478e0-9386-4424-924f-249335d64694, 조회된 항목 수=1
26-05-15 10:33:19.082 [http-nio-8080-exec-8] [32mDEBUG[0;39m c.s.m.d.c.ReadStatusController       [f1638612d80147f59e1109ee1de38012 | GET | /api/readStatuses] - 사용자별 읽음 상태 목록 조회 응답: count=1
26-05-15 10:33:19.085 [http-nio-8080-exec-8] [32mDEBUG[0;39m c.s.m.d.config.MDCLoggingInterceptor [f1638612d80147f59e1109ee1de38012 | GET | /api/readStatuses] - Request completed
26-05-15 10:33:22.015 [http-nio-8080-exec-7] [32mDEBUG[0;39m c.s.m.d.config.MDCLoggingInterceptor [cf28126cc1dc4d37b95210fe8e4f331c | GET | /api/channels] - Request started
26-05-15 10:33:22.015 [http-nio-8080-exec-7] [32mINFO [0;39m c.s.m.d.controller.ChannelController [cf28126cc1dc4d37b95210fe8e4f331c | GET | /api/channels] - 사용자별 채널 목록 조회 요청: userId=aba478e0-9386-4424-924f-249335d64694
26-05-15 10:33:22.018 [http-nio-8080-exec-7] [32mDEBUG[0;39m org.hibernate.SQL                    [cf28126cc1dc4d37b95210fe8e4f331c | GET | /api/channels] - 
    select
        rs1_0.id,
        rs1_0.channel_id,
        rs1_0.created_at,
        rs1_0.last_read_at,
        rs1_0.updated_at,
        rs1_0.user_id 
    from
        read_statuses rs1_0 
    where
        rs1_0.user_id=?
26-05-15 10:33:22.018 [http-nio-8080-exec-7] [32mTRACE[0;39m org.hibernate.orm.jdbc.bind          [cf28126cc1dc4d37b95210fe8e4f331c | GET | /api/channels] - binding parameter (1:UUID) <- [aba478e0-9386-4424-924f-249335d64694]
26-05-15 10:33:22.022 [http-nio-8080-exec-7] [32mDEBUG[0;39m org.hibernate.SQL                    [cf28126cc1dc4d37b95210fe8e4f331c | GET | /api/channels] - 
    select
        c1_0.id,
        c1_0.created_at,
        c1_0.description,
        c1_0.name,
        c1_0.type,
        c1_0.updated_at 
    from
        channels c1_0 
    where
        c1_0.type=? 
        or c1_0.id in (?)
26-05-15 10:33:22.022 [http-nio-8080-exec-7] [32mTRACE[0;39m org.hibernate.orm.jdbc.bind          [cf28126cc1dc4d37b95210fe8e4f331c | GET | /api/channels] - binding parameter (1:VARCHAR) <- [PUBLIC]
26-05-15 10:33:22.022 [http-nio-8080-exec-7] [32mTRACE[0;39m org.hibernate.orm.jdbc.bind          [cf28126cc1dc4d37b95210fe8e4f331c | GET | /api/channels] - binding parameter (2:UUID) <- [0fb828ec-2cee-497c-8e87-348831a67f03]
26-05-15 10:33:22.029 [http-nio-8080-exec-7] [32mDEBUG[0;39m org.hibernate.SQL                    [cf28126cc1dc4d37b95210fe8e4f331c | GET | /api/channels] - 
    select
        m1_0.created_at 
    from
        messages m1_0 
    where
        m1_0.channel_id=? 
    order by
        m1_0.created_at desc 
    fetch
        first 1 rows only
26-05-15 10:33:22.029 [http-nio-8080-exec-7] [32mTRACE[0;39m org.hibernate.orm.jdbc.bind          [cf28126cc1dc4d37b95210fe8e4f331c | GET | /api/channels] - binding parameter (1:UUID) <- [7cdff344-ade9-4175-ad8a-0acaa200aaa4]
26-05-15 10:33:22.032 [http-nio-8080-exec-7] [32mDEBUG[0;39m org.hibernate.SQL                    [cf28126cc1dc4d37b95210fe8e4f331c | GET | /api/channels] - 
    select
        m1_0.created_at 
    from
        messages m1_0 
    where
        m1_0.channel_id=? 
    order by
        m1_0.created_at desc 
    fetch
        first 1 rows only
26-05-15 10:33:22.034 [http-nio-8080-exec-7] [32mTRACE[0;39m org.hibernate.orm.jdbc.bind          [cf28126cc1dc4d37b95210fe8e4f331c | GET | /api/channels] - binding parameter (1:UUID) <- [4c2389f4-ec8c-4a2f-97b8-18350b7aef48]
26-05-15 10:33:22.036 [http-nio-8080-exec-7] [32mDEBUG[0;39m org.hibernate.SQL                    [cf28126cc1dc4d37b95210fe8e4f331c | GET | /api/channels] - 
    select
        m1_0.created_at 
    from
        messages m1_0 
    where
        m1_0.channel_id=? 
    order by
        m1_0.created_at desc 
    fetch
        first 1 rows only
26-05-15 10:33:22.036 [http-nio-8080-exec-7] [32mTRACE[0;39m org.hibernate.orm.jdbc.bind          [cf28126cc1dc4d37b95210fe8e4f331c | GET | /api/channels] - binding parameter (1:UUID) <- [0fb828ec-2cee-497c-8e87-348831a67f03]
26-05-15 10:33:22.038 [http-nio-8080-exec-7] [32mDEBUG[0;39m c.s.m.d.controller.ChannelController [cf28126cc1dc4d37b95210fe8e4f331c | GET | /api/channels] - 사용자별 채널 목록 조회 응답: count=3
26-05-15 10:33:22.040 [http-nio-8080-exec-7] [32mDEBUG[0;39m c.s.m.d.config.MDCLoggingInterceptor [cf28126cc1dc4d37b95210fe8e4f331c | GET | /api/channels] - Request completed
26-05-15 10:33:22.051 [http-nio-8080-exec-6] [32mDEBUG[0;39m c.s.m.d.config.MDCLoggingInterceptor [0516f1fa296642c983066b4b2dbfa6dc | GET | /api/readStatuses] - Request started
26-05-15 10:33:22.053 [http-nio-8080-exec-6] [32mINFO [0;39m c.s.m.d.c.ReadStatusController       [0516f1fa296642c983066b4b2dbfa6dc | GET | /api/readStatuses] - 사용자별 읽음 상태 목록 조회 요청: userId=aba478e0-9386-4424-924f-249335d64694
26-05-15 10:33:22.066 [http-nio-8080-exec-6] [32mDEBUG[0;39m c.s.m.d.s.b.BasicReadStatusService   [0516f1fa296642c983066b4b2dbfa6dc | GET | /api/readStatuses] - 사용자별 읽음 상태 목록 조회 시작: userId=aba478e0-9386-4424-924f-249335d64694
26-05-15 10:33:22.068 [http-nio-8080-exec-6] [32mDEBUG[0;39m org.hibernate.SQL                    [0516f1fa296642c983066b4b2dbfa6dc | GET | /api/readStatuses] - 
    select
        rs1_0.id,
        rs1_0.channel_id,
        rs1_0.created_at,
        rs1_0.last_read_at,
        rs1_0.updated_at,
        rs1_0.user_id 
    from
        read_statuses rs1_0 
    where
        rs1_0.user_id=?
26-05-15 10:33:22.068 [http-nio-8080-exec-6] [32mTRACE[0;39m org.hibernate.orm.jdbc.bind          [0516f1fa296642c983066b4b2dbfa6dc | GET | /api/readStatuses] - binding parameter (1:UUID) <- [aba478e0-9386-4424-924f-249335d64694]
26-05-15 10:33:22.070 [http-nio-8080-exec-6] [32mINFO [0;39m c.s.m.d.s.b.BasicReadStatusService   [0516f1fa296642c983066b4b2dbfa6dc | GET | /api/readStatuses] - 사용자별 읽음 상태 목록 조회 완료: userId=aba478e0-9386-4424-924f-249335d64694, 조회된 항목 수=1
26-05-15 10:33:22.071 [http-nio-8080-exec-6] [32mDEBUG[0;39m c.s.m.d.c.ReadStatusController       [0516f1fa296642c983066b4b2dbfa6dc | GET | /api/readStatuses] - 사용자별 읽음 상태 목록 조회 응답: count=1
26-05-15 10:33:22.073 [http-nio-8080-exec-6] [32mDEBUG[0;39m c.s.m.d.config.MDCLoggingInterceptor [0516f1fa296642c983066b4b2dbfa6dc | GET | /api/readStatuses] - Request completed
26-05-15 10:33:25.021 [http-nio-8080-exec-3] [32mDEBUG[0;39m c.s.m.d.config.MDCLoggingInterceptor [272e282a41834d5eb17b373036fe753d | GET | /api/channels] - Request started
26-05-15 10:33:25.021 [http-nio-8080-exec-3] [32mINFO [0;39m c.s.m.d.controller.ChannelController [272e282a41834d5eb17b373036fe753d | GET | /api/channels] - 사용자별 채널 목록 조회 요청: userId=aba478e0-9386-4424-924f-249335d64694
26-05-15 10:33:25.023 [http-nio-8080-exec-3] [32mDEBUG[0;39m org.hibernate.SQL                    [272e282a41834d5eb17b373036fe753d | GET | /api/channels] - 
    select
        rs1_0.id,
        rs1_0.channel_id,
        rs1_0.created_at,
        rs1_0.last_read_at,
        rs1_0.updated_at,
        rs1_0.user_id 
    from
        read_statuses rs1_0 
    where
        rs1_0.user_id=?
26-05-15 10:33:25.024 [http-nio-8080-exec-3] [32mTRACE[0;39m org.hibernate.orm.jdbc.bind          [272e282a41834d5eb17b373036fe753d | GET | /api/channels] - binding parameter (1:UUID) <- [aba478e0-9386-4424-924f-249335d64694]
26-05-15 10:33:25.026 [http-nio-8080-exec-3] [32mDEBUG[0;39m org.hibernate.SQL                    [272e282a41834d5eb17b373036fe753d | GET | /api/channels] - 
    select
        c1_0.id,
        c1_0.created_at,
        c1_0.description,
        c1_0.name,
        c1_0.type,
        c1_0.updated_at 
    from
        channels c1_0 
    where
        c1_0.type=? 
        or c1_0.id in (?)
26-05-15 10:33:25.026 [http-nio-8080-exec-3] [32mTRACE[0;39m org.hibernate.orm.jdbc.bind          [272e282a41834d5eb17b373036fe753d | GET | /api/channels] - binding parameter (1:VARCHAR) <- [PUBLIC]
26-05-15 10:33:25.026 [http-nio-8080-exec-3] [32mTRACE[0;39m org.hibernate.orm.jdbc.bind          [272e282a41834d5eb17b373036fe753d | GET | /api/channels] - binding parameter (2:UUID) <- [0fb828ec-2cee-497c-8e87-348831a67f03]
26-05-15 10:33:25.029 [http-nio-8080-exec-3] [32mDEBUG[0;39m org.hibernate.SQL                    [272e282a41834d5eb17b373036fe753d | GET | /api/channels] - 
    select
        m1_0.created_at 
    from
        messages m1_0 
    where
        m1_0.channel_id=? 
    order by
        m1_0.created_at desc 
    fetch
        first 1 rows only
26-05-15 10:33:25.029 [http-nio-8080-exec-3] [32mTRACE[0;39m org.hibernate.orm.jdbc.bind          [272e282a41834d5eb17b373036fe753d | GET | /api/channels] - binding parameter (1:UUID) <- [7cdff344-ade9-4175-ad8a-0acaa200aaa4]
26-05-15 10:33:25.030 [http-nio-8080-exec-3] [32mDEBUG[0;39m org.hibernate.SQL                    [272e282a41834d5eb17b373036fe753d | GET | /api/channels] - 
    select
        m1_0.created_at 
    from
        messages m1_0 
    where
        m1_0.channel_id=? 
    order by
        m1_0.created_at desc 
    fetch
        first 1 rows only
26-05-15 10:33:25.030 [http-nio-8080-exec-3] [32mTRACE[0;39m org.hibernate.orm.jdbc.bind          [272e282a41834d5eb17b373036fe753d | GET | /api/channels] - binding parameter (1:UUID) <- [4c2389f4-ec8c-4a2f-97b8-18350b7aef48]
26-05-15 10:33:25.031 [http-nio-8080-exec-3] [32mDEBUG[0;39m org.hibernate.SQL                    [272e282a41834d5eb17b373036fe753d | GET | /api/channels] - 
    select
        m1_0.created_at 
    from
        messages m1_0 
    where
        m1_0.channel_id=? 
    order by
        m1_0.created_at desc 
    fetch
        first 1 rows only
26-05-15 10:33:25.032 [http-nio-8080-exec-3] [32mTRACE[0;39m org.hibernate.orm.jdbc.bind          [272e282a41834d5eb17b373036fe753d | GET | /api/channels] - binding parameter (1:UUID) <- [0fb828ec-2cee-497c-8e87-348831a67f03]
26-05-15 10:33:25.033 [http-nio-8080-exec-3] [32mDEBUG[0;39m c.s.m.d.controller.ChannelController [272e282a41834d5eb17b373036fe753d | GET | /api/channels] - 사용자별 채널 목록 조회 응답: count=3
26-05-15 10:33:25.034 [http-nio-8080-exec-3] [32mDEBUG[0;39m c.s.m.d.config.MDCLoggingInterceptor [272e282a41834d5eb17b373036fe753d | GET | /api/channels] - Request completed
26-05-15 10:33:25.042 [http-nio-8080-exec-10] [32mDEBUG[0;39m c.s.m.d.config.MDCLoggingInterceptor [d88b97a57fb749b4993dc218eb132db6 | GET | /api/readStatuses] - Request started
26-05-15 10:33:25.043 [http-nio-8080-exec-10] [32mINFO [0;39m c.s.m.d.c.ReadStatusController       [d88b97a57fb749b4993dc218eb132db6 | GET | /api/readStatuses] - 사용자별 읽음 상태 목록 조회 요청: userId=aba478e0-9386-4424-924f-249335d64694
26-05-15 10:33:25.044 [http-nio-8080-exec-10] [32mDEBUG[0;39m c.s.m.d.s.b.BasicReadStatusService   [d88b97a57fb749b4993dc218eb132db6 | GET | /api/readStatuses] - 사용자별 읽음 상태 목록 조회 시작: userId=aba478e0-9386-4424-924f-249335d64694
26-05-15 10:33:25.046 [http-nio-8080-exec-10] [32mDEBUG[0;39m org.hibernate.SQL                    [d88b97a57fb749b4993dc218eb132db6 | GET | /api/readStatuses] - 
    select
        rs1_0.id,
        rs1_0.channel_id,
        rs1_0.created_at,
        rs1_0.last_read_at,
        rs1_0.updated_at,
        rs1_0.user_id 
    from
        read_statuses rs1_0 
    where
        rs1_0.user_id=?
26-05-15 10:33:25.046 [http-nio-8080-exec-10] [32mTRACE[0;39m org.hibernate.orm.jdbc.bind          [d88b97a57fb749b4993dc218eb132db6 | GET | /api/readStatuses] - binding parameter (1:UUID) <- [aba478e0-9386-4424-924f-249335d64694]
26-05-15 10:33:25.048 [http-nio-8080-exec-10] [32mINFO [0;39m c.s.m.d.s.b.BasicReadStatusService   [d88b97a57fb749b4993dc218eb132db6 | GET | /api/readStatuses] - 사용자별 읽음 상태 목록 조회 완료: userId=aba478e0-9386-4424-924f-249335d64694, 조회된 항목 수=1
26-05-15 10:33:25.048 [http-nio-8080-exec-10] [32mDEBUG[0;39m c.s.m.d.c.ReadStatusController       [d88b97a57fb749b4993dc218eb132db6 | GET | /api/readStatuses] - 사용자별 읽음 상태 목록 조회 응답: count=1
26-05-15 10:33:25.049 [http-nio-8080-exec-10] [32mDEBUG[0;39m c.s.m.d.config.MDCLoggingInterceptor [d88b97a57fb749b4993dc218eb132db6 | GET | /api/readStatuses] - Request completed
26-05-15 10:33:28.009 [http-nio-8080-exec-5] [32mDEBUG[0;39m c.s.m.d.config.MDCLoggingInterceptor [27aa994c60d84231bbaa7462ac219d9e | GET | /api/channels] - Request started
26-05-15 10:33:28.010 [http-nio-8080-exec-5] [32mINFO [0;39m c.s.m.d.controller.ChannelController [27aa994c60d84231bbaa7462ac219d9e | GET | /api/channels] - 사용자별 채널 목록 조회 요청: userId=aba478e0-9386-4424-924f-249335d64694
26-05-15 10:33:28.012 [http-nio-8080-exec-5] [32mDEBUG[0;39m org.hibernate.SQL                    [27aa994c60d84231bbaa7462ac219d9e | GET | /api/channels] - 
    select
        rs1_0.id,
        rs1_0.channel_id,
        rs1_0.created_at,
        rs1_0.last_read_at,
        rs1_0.updated_at,
        rs1_0.user_id 
    from
        read_statuses rs1_0 
    where
        rs1_0.user_id=?
26-05-15 10:33:28.013 [http-nio-8080-exec-5] [32mTRACE[0;39m org.hibernate.orm.jdbc.bind          [27aa994c60d84231bbaa7462ac219d9e | GET | /api/channels] - binding parameter (1:UUID) <- [aba478e0-9386-4424-924f-249335d64694]
26-05-15 10:33:28.016 [http-nio-8080-exec-5] [32mDEBUG[0;39m org.hibernate.SQL                    [27aa994c60d84231bbaa7462ac219d9e | GET | /api/channels] - 
    select
        c1_0.id,
        c1_0.created_at,
        c1_0.description,
        c1_0.name,
        c1_0.type,
        c1_0.updated_at 
    from
        channels c1_0 
    where
        c1_0.type=? 
        or c1_0.id in (?)
26-05-15 10:33:28.016 [http-nio-8080-exec-5] [32mTRACE[0;39m org.hibernate.orm.jdbc.bind          [27aa994c60d84231bbaa7462ac219d9e | GET | /api/channels] - binding parameter (1:VARCHAR) <- [PUBLIC]
26-05-15 10:33:28.016 [http-nio-8080-exec-5] [32mTRACE[0;39m org.hibernate.orm.jdbc.bind          [27aa994c60d84231bbaa7462ac219d9e | GET | /api/channels] - binding parameter (2:UUID) <- [0fb828ec-2cee-497c-8e87-348831a67f03]
26-05-15 10:33:28.018 [http-nio-8080-exec-5] [32mDEBUG[0;39m org.hibernate.SQL                    [27aa994c60d84231bbaa7462ac219d9e | GET | /api/channels] - 
    select
        m1_0.created_at 
    from
        messages m1_0 
    where
        m1_0.channel_id=? 
    order by
        m1_0.created_at desc 
    fetch
        first 1 rows only
26-05-15 10:33:28.018 [http-nio-8080-exec-5] [32mTRACE[0;39m org.hibernate.orm.jdbc.bind          [27aa994c60d84231bbaa7462ac219d9e | GET | /api/channels] - binding parameter (1:UUID) <- [7cdff344-ade9-4175-ad8a-0acaa200aaa4]
26-05-15 10:33:28.020 [http-nio-8080-exec-5] [32mDEBUG[0;39m org.hibernate.SQL                    [27aa994c60d84231bbaa7462ac219d9e | GET | /api/channels] - 
    select
        m1_0.created_at 
    from
        messages m1_0 
    where
        m1_0.channel_id=? 
    order by
        m1_0.created_at desc 
    fetch
        first 1 rows only
26-05-15 10:33:28.020 [http-nio-8080-exec-5] [32mTRACE[0;39m org.hibernate.orm.jdbc.bind          [27aa994c60d84231bbaa7462ac219d9e | GET | /api/channels] - binding parameter (1:UUID) <- [4c2389f4-ec8c-4a2f-97b8-18350b7aef48]
26-05-15 10:33:28.022 [http-nio-8080-exec-5] [32mDEBUG[0;39m org.hibernate.SQL                    [27aa994c60d84231bbaa7462ac219d9e | GET | /api/channels] - 
    select
        m1_0.created_at 
    from
        messages m1_0 
    where
        m1_0.channel_id=? 
    order by
        m1_0.created_at desc 
    fetch
        first 1 rows only
26-05-15 10:33:28.022 [http-nio-8080-exec-5] [32mTRACE[0;39m org.hibernate.orm.jdbc.bind          [27aa994c60d84231bbaa7462ac219d9e | GET | /api/channels] - binding parameter (1:UUID) <- [0fb828ec-2cee-497c-8e87-348831a67f03]
26-05-15 10:33:28.024 [http-nio-8080-exec-5] [32mDEBUG[0;39m c.s.m.d.controller.ChannelController [27aa994c60d84231bbaa7462ac219d9e | GET | /api/channels] - 사용자별 채널 목록 조회 응답: count=3
26-05-15 10:33:28.026 [http-nio-8080-exec-5] [32mDEBUG[0;39m c.s.m.d.config.MDCLoggingInterceptor [27aa994c60d84231bbaa7462ac219d9e | GET | /api/channels] - Request completed
26-05-15 10:33:28.041 [http-nio-8080-exec-2] [32mDEBUG[0;39m c.s.m.d.config.MDCLoggingInterceptor [dafd71a145ce47e39eebaf6f8295fa6f | GET | /api/readStatuses] - Request started
26-05-15 10:33:28.041 [http-nio-8080-exec-2] [32mINFO [0;39m c.s.m.d.c.ReadStatusController       [dafd71a145ce47e39eebaf6f8295fa6f | GET | /api/readStatuses] - 사용자별 읽음 상태 목록 조회 요청: userId=aba478e0-9386-4424-924f-249335d64694
26-05-15 10:33:28.042 [http-nio-8080-exec-2] [32mDEBUG[0;39m c.s.m.d.s.b.BasicReadStatusService   [dafd71a145ce47e39eebaf6f8295fa6f | GET | /api/readStatuses] - 사용자별 읽음 상태 목록 조회 시작: userId=aba478e0-9386-4424-924f-249335d64694
26-05-15 10:33:28.044 [http-nio-8080-exec-2] [32mDEBUG[0;39m org.hibernate.SQL                    [dafd71a145ce47e39eebaf6f8295fa6f | GET | /api/readStatuses] - 
    select
        rs1_0.id,
        rs1_0.channel_id,
        rs1_0.created_at,
        rs1_0.last_read_at,
        rs1_0.updated_at,
        rs1_0.user_id 
    from
        read_statuses rs1_0 
    where
        rs1_0.user_id=?
26-05-15 10:33:28.044 [http-nio-8080-exec-2] [32mTRACE[0;39m org.hibernate.orm.jdbc.bind          [dafd71a145ce47e39eebaf6f8295fa6f | GET | /api/readStatuses] - binding parameter (1:UUID) <- [aba478e0-9386-4424-924f-249335d64694]
26-05-15 10:33:28.045 [http-nio-8080-exec-2] [32mINFO [0;39m c.s.m.d.s.b.BasicReadStatusService   [dafd71a145ce47e39eebaf6f8295fa6f | GET | /api/readStatuses] - 사용자별 읽음 상태 목록 조회 완료: userId=aba478e0-9386-4424-924f-249335d64694, 조회된 항목 수=1
26-05-15 10:33:28.046 [http-nio-8080-exec-2] [32mDEBUG[0;39m c.s.m.d.c.ReadStatusController       [dafd71a145ce47e39eebaf6f8295fa6f | GET | /api/readStatuses] - 사용자별 읽음 상태 목록 조회 응답: count=1
26-05-15 10:33:28.048 [http-nio-8080-exec-2] [32mDEBUG[0;39m c.s.m.d.config.MDCLoggingInterceptor [dafd71a145ce47e39eebaf6f8295fa6f | GET | /api/readStatuses] - Request completed
26-05-15 10:33:31.026 [http-nio-8080-exec-1] [32mDEBUG[0;39m c.s.m.d.config.MDCLoggingInterceptor [734516d3146d4cdf842a6e62d9de1659 | GET | /api/channels] - Request started
26-05-15 10:33:31.027 [http-nio-8080-exec-1] [32mINFO [0;39m c.s.m.d.controller.ChannelController [734516d3146d4cdf842a6e62d9de1659 | GET | /api/channels] - 사용자별 채널 목록 조회 요청: userId=aba478e0-9386-4424-924f-249335d64694
26-05-15 10:33:31.030 [http-nio-8080-exec-1] [32mDEBUG[0;39m org.hibernate.SQL                    [734516d3146d4cdf842a6e62d9de1659 | GET | /api/channels] - 
    select
        rs1_0.id,
        rs1_0.channel_id,
        rs1_0.created_at,
        rs1_0.last_read_at,
        rs1_0.updated_at,
        rs1_0.user_id 
    from
        read_statuses rs1_0 
    where
        rs1_0.user_id=?
26-05-15 10:33:31.030 [http-nio-8080-exec-1] [32mTRACE[0;39m org.hibernate.orm.jdbc.bind          [734516d3146d4cdf842a6e62d9de1659 | GET | /api/channels] - binding parameter (1:UUID) <- [aba478e0-9386-4424-924f-249335d64694]
26-05-15 10:33:31.034 [http-nio-8080-exec-1] [32mDEBUG[0;39m org.hibernate.SQL                    [734516d3146d4cdf842a6e62d9de1659 | GET | /api/channels] - 
    select
        c1_0.id,
        c1_0.created_at,
        c1_0.description,
        c1_0.name,
        c1_0.type,
        c1_0.updated_at 
    from
        channels c1_0 
    where
        c1_0.type=? 
        or c1_0.id in (?)
26-05-15 10:33:31.034 [http-nio-8080-exec-1] [32mTRACE[0;39m org.hibernate.orm.jdbc.bind          [734516d3146d4cdf842a6e62d9de1659 | GET | /api/channels] - binding parameter (1:VARCHAR) <- [PUBLIC]
26-05-15 10:33:31.034 [http-nio-8080-exec-1] [32mTRACE[0;39m org.hibernate.orm.jdbc.bind          [734516d3146d4cdf842a6e62d9de1659 | GET | /api/channels] - binding parameter (2:UUID) <- [0fb828ec-2cee-497c-8e87-348831a67f03]
26-05-15 10:33:31.036 [http-nio-8080-exec-1] [32mDEBUG[0;39m org.hibernate.SQL                    [734516d3146d4cdf842a6e62d9de1659 | GET | /api/channels] - 
    select
        m1_0.created_at 
    from
        messages m1_0 
    where
        m1_0.channel_id=? 
    order by
        m1_0.created_at desc 
    fetch
        first 1 rows only
26-05-15 10:33:31.037 [http-nio-8080-exec-1] [32mTRACE[0;39m org.hibernate.orm.jdbc.bind          [734516d3146d4cdf842a6e62d9de1659 | GET | /api/channels] - binding parameter (1:UUID) <- [7cdff344-ade9-4175-ad8a-0acaa200aaa4]
26-05-15 10:33:31.039 [http-nio-8080-exec-1] [32mDEBUG[0;39m org.hibernate.SQL                    [734516d3146d4cdf842a6e62d9de1659 | GET | /api/channels] - 
    select
        m1_0.created_at 
    from
        messages m1_0 
    where
        m1_0.channel_id=? 
    order by
        m1_0.created_at desc 
    fetch
        first 1 rows only
26-05-15 10:33:31.039 [http-nio-8080-exec-1] [32mTRACE[0;39m org.hibernate.orm.jdbc.bind          [734516d3146d4cdf842a6e62d9de1659 | GET | /api/channels] - binding parameter (1:UUID) <- [4c2389f4-ec8c-4a2f-97b8-18350b7aef48]
26-05-15 10:33:31.042 [http-nio-8080-exec-1] [32mDEBUG[0;39m org.hibernate.SQL                    [734516d3146d4cdf842a6e62d9de1659 | GET | /api/channels] - 
    select
        m1_0.created_at 
    from
        messages m1_0 
    where
        m1_0.channel_id=? 
    order by
        m1_0.created_at desc 
    fetch
        first 1 rows only
26-05-15 10:33:31.042 [http-nio-8080-exec-1] [32mTRACE[0;39m org.hibernate.orm.jdbc.bind          [734516d3146d4cdf842a6e62d9de1659 | GET | /api/channels] - binding parameter (1:UUID) <- [0fb828ec-2cee-497c-8e87-348831a67f03]
26-05-15 10:33:31.044 [http-nio-8080-exec-1] [32mDEBUG[0;39m c.s.m.d.controller.ChannelController [734516d3146d4cdf842a6e62d9de1659 | GET | /api/channels] - 사용자별 채널 목록 조회 응답: count=3
26-05-15 10:33:31.046 [http-nio-8080-exec-1] [32mDEBUG[0;39m c.s.m.d.config.MDCLoggingInterceptor [734516d3146d4cdf842a6e62d9de1659 | GET | /api/channels] - Request completed
26-05-15 10:33:31.058 [http-nio-8080-exec-9] [32mDEBUG[0;39m c.s.m.d.config.MDCLoggingInterceptor [004f3246d2f841e4ab7058990ea6e56a | GET | /api/readStatuses] - Request started
26-05-15 10:33:31.058 [http-nio-8080-exec-9] [32mINFO [0;39m c.s.m.d.c.ReadStatusController       [004f3246d2f841e4ab7058990ea6e56a | GET | /api/readStatuses] - 사용자별 읽음 상태 목록 조회 요청: userId=aba478e0-9386-4424-924f-249335d64694
26-05-15 10:33:31.059 [http-nio-8080-exec-9] [32mDEBUG[0;39m c.s.m.d.s.b.BasicReadStatusService   [004f3246d2f841e4ab7058990ea6e56a | GET | /api/readStatuses] - 사용자별 읽음 상태 목록 조회 시작: userId=aba478e0-9386-4424-924f-249335d64694
26-05-15 10:33:31.061 [http-nio-8080-exec-9] [32mDEBUG[0;39m org.hibernate.SQL                    [004f3246d2f841e4ab7058990ea6e56a | GET | /api/readStatuses] - 
    select
        rs1_0.id,
        rs1_0.channel_id,
        rs1_0.created_at,
        rs1_0.last_read_at,
        rs1_0.updated_at,
        rs1_0.user_id 
    from
        read_statuses rs1_0 
    where
        rs1_0.user_id=?
26-05-15 10:33:31.062 [http-nio-8080-exec-9] [32mTRACE[0;39m org.hibernate.orm.jdbc.bind          [004f3246d2f841e4ab7058990ea6e56a | GET | /api/readStatuses] - binding parameter (1:UUID) <- [aba478e0-9386-4424-924f-249335d64694]
26-05-15 10:33:31.063 [http-nio-8080-exec-9] [32mINFO [0;39m c.s.m.d.s.b.BasicReadStatusService   [004f3246d2f841e4ab7058990ea6e56a | GET | /api/readStatuses] - 사용자별 읽음 상태 목록 조회 완료: userId=aba478e0-9386-4424-924f-249335d64694, 조회된 항목 수=1
26-05-15 10:33:31.064 [http-nio-8080-exec-9] [32mDEBUG[0;39m c.s.m.d.c.ReadStatusController       [004f3246d2f841e4ab7058990ea6e56a | GET | /api/readStatuses] - 사용자별 읽음 상태 목록 조회 응답: count=1
26-05-15 10:33:31.068 [http-nio-8080-exec-9] [32mDEBUG[0;39m c.s.m.d.config.MDCLoggingInterceptor [004f3246d2f841e4ab7058990ea6e56a | GET | /api/readStatuses] - Request completed
26-05-15 10:33:34.016 [http-nio-8080-exec-4] [32mDEBUG[0;39m c.s.m.d.config.MDCLoggingInterceptor [73dd308d29164e79b9716c91f052f2e5 | GET | /api/channels] - Request started
26-05-15 10:33:34.016 [http-nio-8080-exec-4] [32mINFO [0;39m c.s.m.d.controller.ChannelController [73dd308d29164e79b9716c91f052f2e5 | GET | /api/channels] - 사용자별 채널 목록 조회 요청: userId=aba478e0-9386-4424-924f-249335d64694
26-05-15 10:33:34.018 [http-nio-8080-exec-4] [32mDEBUG[0;39m org.hibernate.SQL                    [73dd308d29164e79b9716c91f052f2e5 | GET | /api/channels] - 
    select
        rs1_0.id,
        rs1_0.channel_id,
        rs1_0.created_at,
        rs1_0.last_read_at,
        rs1_0.updated_at,
        rs1_0.user_id 
    from
        read_statuses rs1_0 
    where
        rs1_0.user_id=?
26-05-15 10:33:34.018 [http-nio-8080-exec-4] [32mTRACE[0;39m org.hibernate.orm.jdbc.bind          [73dd308d29164e79b9716c91f052f2e5 | GET | /api/channels] - binding parameter (1:UUID) <- [aba478e0-9386-4424-924f-249335d64694]
26-05-15 10:33:34.020 [http-nio-8080-exec-4] [32mDEBUG[0;39m org.hibernate.SQL                    [73dd308d29164e79b9716c91f052f2e5 | GET | /api/channels] - 
    select
        c1_0.id,
        c1_0.created_at,
        c1_0.description,
        c1_0.name,
        c1_0.type,
        c1_0.updated_at 
    from
        channels c1_0 
    where
        c1_0.type=? 
        or c1_0.id in (?)
26-05-15 10:33:34.020 [http-nio-8080-exec-4] [32mTRACE[0;39m org.hibernate.orm.jdbc.bind          [73dd308d29164e79b9716c91f052f2e5 | GET | /api/channels] - binding parameter (1:VARCHAR) <- [PUBLIC]
26-05-15 10:33:34.020 [http-nio-8080-exec-4] [32mTRACE[0;39m org.hibernate.orm.jdbc.bind          [73dd308d29164e79b9716c91f052f2e5 | GET | /api/channels] - binding parameter (2:UUID) <- [0fb828ec-2cee-497c-8e87-348831a67f03]
26-05-15 10:33:34.022 [http-nio-8080-exec-4] [32mDEBUG[0;39m org.hibernate.SQL                    [73dd308d29164e79b9716c91f052f2e5 | GET | /api/channels] - 
    select
        m1_0.created_at 
    from
        messages m1_0 
    where
        m1_0.channel_id=? 
    order by
        m1_0.created_at desc 
    fetch
        first 1 rows only
26-05-15 10:33:34.022 [http-nio-8080-exec-4] [32mTRACE[0;39m org.hibernate.orm.jdbc.bind          [73dd308d29164e79b9716c91f052f2e5 | GET | /api/channels] - binding parameter (1:UUID) <- [7cdff344-ade9-4175-ad8a-0acaa200aaa4]
26-05-15 10:33:34.023 [http-nio-8080-exec-4] [32mDEBUG[0;39m org.hibernate.SQL                    [73dd308d29164e79b9716c91f052f2e5 | GET | /api/channels] - 
    select
        m1_0.created_at 
    from
        messages m1_0 
    where
        m1_0.channel_id=? 
    order by
        m1_0.created_at desc 
    fetch
        first 1 rows only
26-05-15 10:33:34.023 [http-nio-8080-exec-4] [32mTRACE[0;39m org.hibernate.orm.jdbc.bind          [73dd308d29164e79b9716c91f052f2e5 | GET | /api/channels] - binding parameter (1:UUID) <- [4c2389f4-ec8c-4a2f-97b8-18350b7aef48]
26-05-15 10:33:34.024 [http-nio-8080-exec-4] [32mDEBUG[0;39m org.hibernate.SQL                    [73dd308d29164e79b9716c91f052f2e5 | GET | /api/channels] - 
    select
        m1_0.created_at 
    from
        messages m1_0 
    where
        m1_0.channel_id=? 
    order by
        m1_0.created_at desc 
    fetch
        first 1 rows only
26-05-15 10:33:34.024 [http-nio-8080-exec-4] [32mTRACE[0;39m org.hibernate.orm.jdbc.bind          [73dd308d29164e79b9716c91f052f2e5 | GET | /api/channels] - binding parameter (1:UUID) <- [0fb828ec-2cee-497c-8e87-348831a67f03]
26-05-15 10:33:34.025 [http-nio-8080-exec-4] [32mDEBUG[0;39m c.s.m.d.controller.ChannelController [73dd308d29164e79b9716c91f052f2e5 | GET | /api/channels] - 사용자별 채널 목록 조회 응답: count=3
26-05-15 10:33:34.027 [http-nio-8080-exec-4] [32mDEBUG[0;39m c.s.m.d.config.MDCLoggingInterceptor [73dd308d29164e79b9716c91f052f2e5 | GET | /api/channels] - Request completed
26-05-15 10:33:34.039 [http-nio-8080-exec-8] [32mDEBUG[0;39m c.s.m.d.config.MDCLoggingInterceptor [9dfac73b8f9b4a029e8829c4f07d1e4f | GET | /api/readStatuses] - Request started
26-05-15 10:33:34.040 [http-nio-8080-exec-8] [32mINFO [0;39m c.s.m.d.c.ReadStatusController       [9dfac73b8f9b4a029e8829c4f07d1e4f | GET | /api/readStatuses] - 사용자별 읽음 상태 목록 조회 요청: userId=aba478e0-9386-4424-924f-249335d64694
26-05-15 10:33:34.040 [http-nio-8080-exec-8] [32mDEBUG[0;39m c.s.m.d.s.b.BasicReadStatusService   [9dfac73b8f9b4a029e8829c4f07d1e4f | GET | /api/readStatuses] - 사용자별 읽음 상태 목록 조회 시작: userId=aba478e0-9386-4424-924f-249335d64694
26-05-15 10:33:34.044 [http-nio-8080-exec-8] [32mDEBUG[0;39m org.hibernate.SQL                    [9dfac73b8f9b4a029e8829c4f07d1e4f | GET | /api/readStatuses] - 
    select
        rs1_0.id,
        rs1_0.channel_id,
        rs1_0.created_at,
        rs1_0.last_read_at,
        rs1_0.updated_at,
        rs1_0.user_id 
    from
        read_statuses rs1_0 
    where
        rs1_0.user_id=?
26-05-15 10:33:34.044 [http-nio-8080-exec-8] [32mTRACE[0;39m org.hibernate.orm.jdbc.bind          [9dfac73b8f9b4a029e8829c4f07d1e4f | GET | /api/readStatuses] - binding parameter (1:UUID) <- [aba478e0-9386-4424-924f-249335d64694]
26-05-15 10:33:34.047 [http-nio-8080-exec-8] [32mINFO [0;39m c.s.m.d.s.b.BasicReadStatusService   [9dfac73b8f9b4a029e8829c4f07d1e4f | GET | /api/readStatuses] - 사용자별 읽음 상태 목록 조회 완료: userId=aba478e0-9386-4424-924f-249335d64694, 조회된 항목 수=1
26-05-15 10:33:34.048 [http-nio-8080-exec-8] [32mDEBUG[0;39m c.s.m.d.c.ReadStatusController       [9dfac73b8f9b4a029e8829c4f07d1e4f | GET | /api/readStatuses] - 사용자별 읽음 상태 목록 조회 응답: count=1
26-05-15 10:33:34.049 [http-nio-8080-exec-8] [32mDEBUG[0;39m c.s.m.d.config.MDCLoggingInterceptor [9dfac73b8f9b4a029e8829c4f07d1e4f | GET | /api/readStatuses] - Request completed
26-05-15 10:33:37.016 [http-nio-8080-exec-7] [32mDEBUG[0;39m c.s.m.d.config.MDCLoggingInterceptor [d1e76307e30444fabaaa8248285789b1 | GET | /api/channels] - Request started
26-05-15 10:33:37.017 [http-nio-8080-exec-7] [32mINFO [0;39m c.s.m.d.controller.ChannelController [d1e76307e30444fabaaa8248285789b1 | GET | /api/channels] - 사용자별 채널 목록 조회 요청: userId=aba478e0-9386-4424-924f-249335d64694
26-05-15 10:33:37.019 [http-nio-8080-exec-7] [32mDEBUG[0;39m org.hibernate.SQL                    [d1e76307e30444fabaaa8248285789b1 | GET | /api/channels] - 
    select
        rs1_0.id,
        rs1_0.channel_id,
        rs1_0.created_at,
        rs1_0.last_read_at,
        rs1_0.updated_at,
        rs1_0.user_id 
    from
        read_statuses rs1_0 
    where
        rs1_0.user_id=?
26-05-15 10:33:37.019 [http-nio-8080-exec-7] [32mTRACE[0;39m org.hibernate.orm.jdbc.bind          [d1e76307e30444fabaaa8248285789b1 | GET | /api/channels] - binding parameter (1:UUID) <- [aba478e0-9386-4424-924f-249335d64694]
26-05-15 10:33:37.022 [http-nio-8080-exec-7] [32mDEBUG[0;39m org.hibernate.SQL                    [d1e76307e30444fabaaa8248285789b1 | GET | /api/channels] - 
    select
        c1_0.id,
        c1_0.created_at,
        c1_0.description,
        c1_0.name,
        c1_0.type,
        c1_0.updated_at 
    from
        channels c1_0 
    where
        c1_0.type=? 
        or c1_0.id in (?)
26-05-15 10:33:37.023 [http-nio-8080-exec-7] [32mTRACE[0;39m org.hibernate.orm.jdbc.bind          [d1e76307e30444fabaaa8248285789b1 | GET | /api/channels] - binding parameter (1:VARCHAR) <- [PUBLIC]
26-05-15 10:33:37.023 [http-nio-8080-exec-7] [32mTRACE[0;39m org.hibernate.orm.jdbc.bind          [d1e76307e30444fabaaa8248285789b1 | GET | /api/channels] - binding parameter (2:UUID) <- [0fb828ec-2cee-497c-8e87-348831a67f03]
26-05-15 10:33:37.025 [http-nio-8080-exec-7] [32mDEBUG[0;39m org.hibernate.SQL                    [d1e76307e30444fabaaa8248285789b1 | GET | /api/channels] - 
    select
        m1_0.created_at 
    from
        messages m1_0 
    where
        m1_0.channel_id=? 
    order by
        m1_0.created_at desc 
    fetch
        first 1 rows only
26-05-15 10:33:37.025 [http-nio-8080-exec-7] [32mTRACE[0;39m org.hibernate.orm.jdbc.bind          [d1e76307e30444fabaaa8248285789b1 | GET | /api/channels] - binding parameter (1:UUID) <- [7cdff344-ade9-4175-ad8a-0acaa200aaa4]
26-05-15 10:33:37.026 [http-nio-8080-exec-7] [32mDEBUG[0;39m org.hibernate.SQL                    [d1e76307e30444fabaaa8248285789b1 | GET | /api/channels] - 
    select
        m1_0.created_at 
    from
        messages m1_0 
    where
        m1_0.channel_id=? 
    order by
        m1_0.created_at desc 
    fetch
        first 1 rows only
26-05-15 10:33:37.026 [http-nio-8080-exec-7] [32mTRACE[0;39m org.hibernate.orm.jdbc.bind          [d1e76307e30444fabaaa8248285789b1 | GET | /api/channels] - binding parameter (1:UUID) <- [4c2389f4-ec8c-4a2f-97b8-18350b7aef48]
26-05-15 10:33:37.029 [http-nio-8080-exec-7] [32mDEBUG[0;39m org.hibernate.SQL                    [d1e76307e30444fabaaa8248285789b1 | GET | /api/channels] - 
    select
        m1_0.created_at 
    from
        messages m1_0 
    where
        m1_0.channel_id=? 
    order by
        m1_0.created_at desc 
    fetch
        first 1 rows only
26-05-15 10:33:37.029 [http-nio-8080-exec-7] [32mTRACE[0;39m org.hibernate.orm.jdbc.bind          [d1e76307e30444fabaaa8248285789b1 | GET | /api/channels] - binding parameter (1:UUID) <- [0fb828ec-2cee-497c-8e87-348831a67f03]
26-05-15 10:33:37.030 [http-nio-8080-exec-7] [32mDEBUG[0;39m c.s.m.d.controller.ChannelController [d1e76307e30444fabaaa8248285789b1 | GET | /api/channels] - 사용자별 채널 목록 조회 응답: count=3
26-05-15 10:33:37.032 [http-nio-8080-exec-7] [32mDEBUG[0;39m c.s.m.d.config.MDCLoggingInterceptor [d1e76307e30444fabaaa8248285789b1 | GET | /api/channels] - Request completed
26-05-15 10:33:37.039 [http-nio-8080-exec-6] [32mDEBUG[0;39m c.s.m.d.config.MDCLoggingInterceptor [732341f314424ac78a89bdf5dcdcbfa9 | GET | /api/readStatuses] - Request started
26-05-15 10:33:37.039 [http-nio-8080-exec-6] [32mINFO [0;39m c.s.m.d.c.ReadStatusController       [732341f314424ac78a89bdf5dcdcbfa9 | GET | /api/readStatuses] - 사용자별 읽음 상태 목록 조회 요청: userId=aba478e0-9386-4424-924f-249335d64694
26-05-15 10:33:37.040 [http-nio-8080-exec-6] [32mDEBUG[0;39m c.s.m.d.s.b.BasicReadStatusService   [732341f314424ac78a89bdf5dcdcbfa9 | GET | /api/readStatuses] - 사용자별 읽음 상태 목록 조회 시작: userId=aba478e0-9386-4424-924f-249335d64694
26-05-15 10:33:37.042 [http-nio-8080-exec-6] [32mDEBUG[0;39m org.hibernate.SQL                    [732341f314424ac78a89bdf5dcdcbfa9 | GET | /api/readStatuses] - 
    select
        rs1_0.id,
        rs1_0.channel_id,
        rs1_0.created_at,
        rs1_0.last_read_at,
        rs1_0.updated_at,
        rs1_0.user_id 
    from
        read_statuses rs1_0 
    where
        rs1_0.user_id=?
26-05-15 10:33:37.042 [http-nio-8080-exec-6] [32mTRACE[0;39m org.hibernate.orm.jdbc.bind          [732341f314424ac78a89bdf5dcdcbfa9 | GET | /api/readStatuses] - binding parameter (1:UUID) <- [aba478e0-9386-4424-924f-249335d64694]
26-05-15 10:33:37.044 [http-nio-8080-exec-6] [32mINFO [0;39m c.s.m.d.s.b.BasicReadStatusService   [732341f314424ac78a89bdf5dcdcbfa9 | GET | /api/readStatuses] - 사용자별 읽음 상태 목록 조회 완료: userId=aba478e0-9386-4424-924f-249335d64694, 조회된 항목 수=1
26-05-15 10:33:37.044 [http-nio-8080-exec-6] [32mDEBUG[0;39m c.s.m.d.c.ReadStatusController       [732341f314424ac78a89bdf5dcdcbfa9 | GET | /api/readStatuses] - 사용자별 읽음 상태 목록 조회 응답: count=1
26-05-15 10:33:37.045 [http-nio-8080-exec-6] [32mDEBUG[0;39m c.s.m.d.config.MDCLoggingInterceptor [732341f314424ac78a89bdf5dcdcbfa9 | GET | /api/readStatuses] - Request completed
26-05-15 10:33:40.016 [http-nio-8080-exec-3] [32mDEBUG[0;39m c.s.m.d.config.MDCLoggingInterceptor [5a2c54df478d4e0784c56a45186f8dce | GET | /api/channels] - Request started
26-05-15 10:33:40.017 [http-nio-8080-exec-3] [32mINFO [0;39m c.s.m.d.controller.ChannelController [5a2c54df478d4e0784c56a45186f8dce | GET | /api/channels] - 사용자별 채널 목록 조회 요청: userId=aba478e0-9386-4424-924f-249335d64694
26-05-15 10:33:40.021 [http-nio-8080-exec-3] [32mDEBUG[0;39m org.hibernate.SQL                    [5a2c54df478d4e0784c56a45186f8dce | GET | /api/channels] - 
    select
        rs1_0.id,
        rs1_0.channel_id,
        rs1_0.created_at,
        rs1_0.last_read_at,
        rs1_0.updated_at,
        rs1_0.user_id 
    from
        read_statuses rs1_0 
    where
        rs1_0.user_id=?
26-05-15 10:33:40.021 [http-nio-8080-exec-3] [32mTRACE[0;39m org.hibernate.orm.jdbc.bind          [5a2c54df478d4e0784c56a45186f8dce | GET | /api/channels] - binding parameter (1:UUID) <- [aba478e0-9386-4424-924f-249335d64694]
26-05-15 10:33:40.025 [http-nio-8080-exec-3] [32mDEBUG[0;39m org.hibernate.SQL                    [5a2c54df478d4e0784c56a45186f8dce | GET | /api/channels] - 
    select
        c1_0.id,
        c1_0.created_at,
        c1_0.description,
        c1_0.name,
        c1_0.type,
        c1_0.updated_at 
    from
        channels c1_0 
    where
        c1_0.type=? 
        or c1_0.id in (?)
26-05-15 10:33:40.025 [http-nio-8080-exec-3] [32mTRACE[0;39m org.hibernate.orm.jdbc.bind          [5a2c54df478d4e0784c56a45186f8dce | GET | /api/channels] - binding parameter (1:VARCHAR) <- [PUBLIC]
26-05-15 10:33:40.025 [http-nio-8080-exec-3] [32mTRACE[0;39m org.hibernate.orm.jdbc.bind          [5a2c54df478d4e0784c56a45186f8dce | GET | /api/channels] - binding parameter (2:UUID) <- [0fb828ec-2cee-497c-8e87-348831a67f03]
26-05-15 10:33:40.027 [http-nio-8080-exec-3] [32mDEBUG[0;39m org.hibernate.SQL                    [5a2c54df478d4e0784c56a45186f8dce | GET | /api/channels] - 
    select
        m1_0.created_at 
    from
        messages m1_0 
    where
        m1_0.channel_id=? 
    order by
        m1_0.created_at desc 
    fetch
        first 1 rows only
26-05-15 10:33:40.027 [http-nio-8080-exec-3] [32mTRACE[0;39m org.hibernate.orm.jdbc.bind          [5a2c54df478d4e0784c56a45186f8dce | GET | /api/channels] - binding parameter (1:UUID) <- [7cdff344-ade9-4175-ad8a-0acaa200aaa4]
26-05-15 10:33:40.028 [http-nio-8080-exec-3] [32mDEBUG[0;39m org.hibernate.SQL                    [5a2c54df478d4e0784c56a45186f8dce | GET | /api/channels] - 
    select
        m1_0.created_at 
    from
        messages m1_0 
    where
        m1_0.channel_id=? 
    order by
        m1_0.created_at desc 
    fetch
        first 1 rows only
26-05-15 10:33:40.028 [http-nio-8080-exec-3] [32mTRACE[0;39m org.hibernate.orm.jdbc.bind          [5a2c54df478d4e0784c56a45186f8dce | GET | /api/channels] - binding parameter (1:UUID) <- [4c2389f4-ec8c-4a2f-97b8-18350b7aef48]
26-05-15 10:33:40.029 [http-nio-8080-exec-3] [32mDEBUG[0;39m org.hibernate.SQL                    [5a2c54df478d4e0784c56a45186f8dce | GET | /api/channels] - 
    select
        m1_0.created_at 
    from
        messages m1_0 
    where
        m1_0.channel_id=? 
    order by
        m1_0.created_at desc 
    fetch
        first 1 rows only
26-05-15 10:33:40.029 [http-nio-8080-exec-3] [32mTRACE[0;39m org.hibernate.orm.jdbc.bind          [5a2c54df478d4e0784c56a45186f8dce | GET | /api/channels] - binding parameter (1:UUID) <- [0fb828ec-2cee-497c-8e87-348831a67f03]
26-05-15 10:33:40.031 [http-nio-8080-exec-3] [32mDEBUG[0;39m c.s.m.d.controller.ChannelController [5a2c54df478d4e0784c56a45186f8dce | GET | /api/channels] - 사용자별 채널 목록 조회 응답: count=3
26-05-15 10:33:40.032 [http-nio-8080-exec-3] [32mDEBUG[0;39m c.s.m.d.config.MDCLoggingInterceptor [5a2c54df478d4e0784c56a45186f8dce | GET | /api/channels] - Request completed
26-05-15 10:33:40.047 [http-nio-8080-exec-10] [32mDEBUG[0;39m c.s.m.d.config.MDCLoggingInterceptor [c590a89c6e8a4ddbb46044acb2b7ddb5 | GET | /api/readStatuses] - Request started
26-05-15 10:33:40.047 [http-nio-8080-exec-10] [32mINFO [0;39m c.s.m.d.c.ReadStatusController       [c590a89c6e8a4ddbb46044acb2b7ddb5 | GET | /api/readStatuses] - 사용자별 읽음 상태 목록 조회 요청: userId=aba478e0-9386-4424-924f-249335d64694
26-05-15 10:33:40.048 [http-nio-8080-exec-10] [32mDEBUG[0;39m c.s.m.d.s.b.BasicReadStatusService   [c590a89c6e8a4ddbb46044acb2b7ddb5 | GET | /api/readStatuses] - 사용자별 읽음 상태 목록 조회 시작: userId=aba478e0-9386-4424-924f-249335d64694
26-05-15 10:33:40.050 [http-nio-8080-exec-10] [32mDEBUG[0;39m org.hibernate.SQL                    [c590a89c6e8a4ddbb46044acb2b7ddb5 | GET | /api/readStatuses] - 
    select
        rs1_0.id,
        rs1_0.channel_id,
        rs1_0.created_at,
        rs1_0.last_read_at,
        rs1_0.updated_at,
        rs1_0.user_id 
    from
        read_statuses rs1_0 
    where
        rs1_0.user_id=?
26-05-15 10:33:40.050 [http-nio-8080-exec-10] [32mTRACE[0;39m org.hibernate.orm.jdbc.bind          [c590a89c6e8a4ddbb46044acb2b7ddb5 | GET | /api/readStatuses] - binding parameter (1:UUID) <- [aba478e0-9386-4424-924f-249335d64694]
26-05-15 10:33:40.051 [http-nio-8080-exec-10] [32mINFO [0;39m c.s.m.d.s.b.BasicReadStatusService   [c590a89c6e8a4ddbb46044acb2b7ddb5 | GET | /api/readStatuses] - 사용자별 읽음 상태 목록 조회 완료: userId=aba478e0-9386-4424-924f-249335d64694, 조회된 항목 수=1
26-05-15 10:33:40.053 [http-nio-8080-exec-10] [32mDEBUG[0;39m c.s.m.d.c.ReadStatusController       [c590a89c6e8a4ddbb46044acb2b7ddb5 | GET | /api/readStatuses] - 사용자별 읽음 상태 목록 조회 응답: count=1
26-05-15 10:33:40.053 [http-nio-8080-exec-10] [32mDEBUG[0;39m c.s.m.d.config.MDCLoggingInterceptor [c590a89c6e8a4ddbb46044acb2b7ddb5 | GET | /api/readStatuses] - Request completed
26-05-15 10:33:43.017 [http-nio-8080-exec-5] [32mDEBUG[0;39m c.s.m.d.config.MDCLoggingInterceptor [74aa428477d94cf288aabc5017ea13e6 | GET | /api/channels] - Request started
26-05-15 10:33:43.018 [http-nio-8080-exec-5] [32mINFO [0;39m c.s.m.d.controller.ChannelController [74aa428477d94cf288aabc5017ea13e6 | GET | /api/channels] - 사용자별 채널 목록 조회 요청: userId=aba478e0-9386-4424-924f-249335d64694
26-05-15 10:33:43.020 [http-nio-8080-exec-5] [32mDEBUG[0;39m org.hibernate.SQL                    [74aa428477d94cf288aabc5017ea13e6 | GET | /api/channels] - 
    select
        rs1_0.id,
        rs1_0.channel_id,
        rs1_0.created_at,
        rs1_0.last_read_at,
        rs1_0.updated_at,
        rs1_0.user_id 
    from
        read_statuses rs1_0 
    where
        rs1_0.user_id=?
26-05-15 10:33:43.020 [http-nio-8080-exec-5] [32mTRACE[0;39m org.hibernate.orm.jdbc.bind          [74aa428477d94cf288aabc5017ea13e6 | GET | /api/channels] - binding parameter (1:UUID) <- [aba478e0-9386-4424-924f-249335d64694]
26-05-15 10:33:43.023 [http-nio-8080-exec-5] [32mDEBUG[0;39m org.hibernate.SQL                    [74aa428477d94cf288aabc5017ea13e6 | GET | /api/channels] - 
    select
        c1_0.id,
        c1_0.created_at,
        c1_0.description,
        c1_0.name,
        c1_0.type,
        c1_0.updated_at 
    from
        channels c1_0 
    where
        c1_0.type=? 
        or c1_0.id in (?)
26-05-15 10:33:43.023 [http-nio-8080-exec-5] [32mTRACE[0;39m org.hibernate.orm.jdbc.bind          [74aa428477d94cf288aabc5017ea13e6 | GET | /api/channels] - binding parameter (1:VARCHAR) <- [PUBLIC]
26-05-15 10:33:43.023 [http-nio-8080-exec-5] [32mTRACE[0;39m org.hibernate.orm.jdbc.bind          [74aa428477d94cf288aabc5017ea13e6 | GET | /api/channels] - binding parameter (2:UUID) <- [0fb828ec-2cee-497c-8e87-348831a67f03]
26-05-15 10:33:43.025 [http-nio-8080-exec-5] [32mDEBUG[0;39m org.hibernate.SQL                    [74aa428477d94cf288aabc5017ea13e6 | GET | /api/channels] - 
    select
        m1_0.created_at 
    from
        messages m1_0 
    where
        m1_0.channel_id=? 
    order by
        m1_0.created_at desc 
    fetch
        first 1 rows only
26-05-15 10:33:43.025 [http-nio-8080-exec-5] [32mTRACE[0;39m org.hibernate.orm.jdbc.bind          [74aa428477d94cf288aabc5017ea13e6 | GET | /api/channels] - binding parameter (1:UUID) <- [7cdff344-ade9-4175-ad8a-0acaa200aaa4]
26-05-15 10:33:43.027 [http-nio-8080-exec-5] [32mDEBUG[0;39m org.hibernate.SQL                    [74aa428477d94cf288aabc5017ea13e6 | GET | /api/channels] - 
    select
        m1_0.created_at 
    from
        messages m1_0 
    where
        m1_0.channel_id=? 
    order by
        m1_0.created_at desc 
    fetch
        first 1 rows only
26-05-15 10:33:43.028 [http-nio-8080-exec-5] [32mTRACE[0;39m org.hibernate.orm.jdbc.bind          [74aa428477d94cf288aabc5017ea13e6 | GET | /api/channels] - binding parameter (1:UUID) <- [4c2389f4-ec8c-4a2f-97b8-18350b7aef48]
26-05-15 10:33:43.029 [http-nio-8080-exec-5] [32mDEBUG[0;39m org.hibernate.SQL                    [74aa428477d94cf288aabc5017ea13e6 | GET | /api/channels] - 
    select
        m1_0.created_at 
    from
        messages m1_0 
    where
        m1_0.channel_id=? 
    order by
        m1_0.created_at desc 
    fetch
        first 1 rows only
26-05-15 10:33:43.029 [http-nio-8080-exec-5] [32mTRACE[0;39m org.hibernate.orm.jdbc.bind          [74aa428477d94cf288aabc5017ea13e6 | GET | /api/channels] - binding parameter (1:UUID) <- [0fb828ec-2cee-497c-8e87-348831a67f03]
26-05-15 10:33:43.032 [http-nio-8080-exec-5] [32mDEBUG[0;39m c.s.m.d.controller.ChannelController [74aa428477d94cf288aabc5017ea13e6 | GET | /api/channels] - 사용자별 채널 목록 조회 응답: count=3
26-05-15 10:33:43.034 [http-nio-8080-exec-5] [32mDEBUG[0;39m c.s.m.d.config.MDCLoggingInterceptor [74aa428477d94cf288aabc5017ea13e6 | GET | /api/channels] - Request completed
26-05-15 10:33:43.043 [http-nio-8080-exec-2] [32mDEBUG[0;39m c.s.m.d.config.MDCLoggingInterceptor [1ecbf6f037a14ac986b30159135042d6 | GET | /api/readStatuses] - Request started
26-05-15 10:33:43.043 [http-nio-8080-exec-2] [32mINFO [0;39m c.s.m.d.c.ReadStatusController       [1ecbf6f037a14ac986b30159135042d6 | GET | /api/readStatuses] - 사용자별 읽음 상태 목록 조회 요청: userId=aba478e0-9386-4424-924f-249335d64694
26-05-15 10:33:43.044 [http-nio-8080-exec-2] [32mDEBUG[0;39m c.s.m.d.s.b.BasicReadStatusService   [1ecbf6f037a14ac986b30159135042d6 | GET | /api/readStatuses] - 사용자별 읽음 상태 목록 조회 시작: userId=aba478e0-9386-4424-924f-249335d64694
26-05-15 10:33:43.046 [http-nio-8080-exec-2] [32mDEBUG[0;39m org.hibernate.SQL                    [1ecbf6f037a14ac986b30159135042d6 | GET | /api/readStatuses] - 
    select
        rs1_0.id,
        rs1_0.channel_id,
        rs1_0.created_at,
        rs1_0.last_read_at,
        rs1_0.updated_at,
        rs1_0.user_id 
    from
        read_statuses rs1_0 
    where
        rs1_0.user_id=?
26-05-15 10:33:43.046 [http-nio-8080-exec-2] [32mTRACE[0;39m org.hibernate.orm.jdbc.bind          [1ecbf6f037a14ac986b30159135042d6 | GET | /api/readStatuses] - binding parameter (1:UUID) <- [aba478e0-9386-4424-924f-249335d64694]
26-05-15 10:33:43.047 [http-nio-8080-exec-2] [32mINFO [0;39m c.s.m.d.s.b.BasicReadStatusService   [1ecbf6f037a14ac986b30159135042d6 | GET | /api/readStatuses] - 사용자별 읽음 상태 목록 조회 완료: userId=aba478e0-9386-4424-924f-249335d64694, 조회된 항목 수=1
26-05-15 10:33:43.048 [http-nio-8080-exec-2] [32mDEBUG[0;39m c.s.m.d.c.ReadStatusController       [1ecbf6f037a14ac986b30159135042d6 | GET | /api/readStatuses] - 사용자별 읽음 상태 목록 조회 응답: count=1
26-05-15 10:33:43.049 [http-nio-8080-exec-2] [32mDEBUG[0;39m c.s.m.d.config.MDCLoggingInterceptor [1ecbf6f037a14ac986b30159135042d6 | GET | /api/readStatuses] - Request completed
26-05-15 10:33:46.017 [http-nio-8080-exec-1] [32mDEBUG[0;39m c.s.m.d.config.MDCLoggingInterceptor [ae4a0c2a4a4f4e408db33e8f971c5fa2 | GET | /api/channels] - Request started
26-05-15 10:33:46.018 [http-nio-8080-exec-1] [32mINFO [0;39m c.s.m.d.controller.ChannelController [ae4a0c2a4a4f4e408db33e8f971c5fa2 | GET | /api/channels] - 사용자별 채널 목록 조회 요청: userId=aba478e0-9386-4424-924f-249335d64694
26-05-15 10:33:46.020 [http-nio-8080-exec-1] [32mDEBUG[0;39m org.hibernate.SQL                    [ae4a0c2a4a4f4e408db33e8f971c5fa2 | GET | /api/channels] - 
    select
        rs1_0.id,
        rs1_0.channel_id,
        rs1_0.created_at,
        rs1_0.last_read_at,
        rs1_0.updated_at,
        rs1_0.user_id 
    from
        read_statuses rs1_0 
    where
        rs1_0.user_id=?
26-05-15 10:33:46.020 [http-nio-8080-exec-1] [32mTRACE[0;39m org.hibernate.orm.jdbc.bind          [ae4a0c2a4a4f4e408db33e8f971c5fa2 | GET | /api/channels] - binding parameter (1:UUID) <- [aba478e0-9386-4424-924f-249335d64694]
26-05-15 10:33:46.023 [http-nio-8080-exec-1] [32mDEBUG[0;39m org.hibernate.SQL                    [ae4a0c2a4a4f4e408db33e8f971c5fa2 | GET | /api/channels] - 
    select
        c1_0.id,
        c1_0.created_at,
        c1_0.description,
        c1_0.name,
        c1_0.type,
        c1_0.updated_at 
    from
        channels c1_0 
    where
        c1_0.type=? 
        or c1_0.id in (?)
26-05-15 10:33:46.023 [http-nio-8080-exec-1] [32mTRACE[0;39m org.hibernate.orm.jdbc.bind          [ae4a0c2a4a4f4e408db33e8f971c5fa2 | GET | /api/channels] - binding parameter (1:VARCHAR) <- [PUBLIC]
26-05-15 10:33:46.024 [http-nio-8080-exec-1] [32mTRACE[0;39m org.hibernate.orm.jdbc.bind          [ae4a0c2a4a4f4e408db33e8f971c5fa2 | GET | /api/channels] - binding parameter (2:UUID) <- [0fb828ec-2cee-497c-8e87-348831a67f03]
26-05-15 10:33:46.026 [http-nio-8080-exec-1] [32mDEBUG[0;39m org.hibernate.SQL                    [ae4a0c2a4a4f4e408db33e8f971c5fa2 | GET | /api/channels] - 
    select
        m1_0.created_at 
    from
        messages m1_0 
    where
        m1_0.channel_id=? 
    order by
        m1_0.created_at desc 
    fetch
        first 1 rows only
26-05-15 10:33:46.026 [http-nio-8080-exec-1] [32mTRACE[0;39m org.hibernate.orm.jdbc.bind          [ae4a0c2a4a4f4e408db33e8f971c5fa2 | GET | /api/channels] - binding parameter (1:UUID) <- [7cdff344-ade9-4175-ad8a-0acaa200aaa4]
26-05-15 10:33:46.028 [http-nio-8080-exec-1] [32mDEBUG[0;39m org.hibernate.SQL                    [ae4a0c2a4a4f4e408db33e8f971c5fa2 | GET | /api/channels] - 
    select
        m1_0.created_at 
    from
        messages m1_0 
    where
        m1_0.channel_id=? 
    order by
        m1_0.created_at desc 
    fetch
        first 1 rows only
26-05-15 10:33:46.028 [http-nio-8080-exec-1] [32mTRACE[0;39m org.hibernate.orm.jdbc.bind          [ae4a0c2a4a4f4e408db33e8f971c5fa2 | GET | /api/channels] - binding parameter (1:UUID) <- [4c2389f4-ec8c-4a2f-97b8-18350b7aef48]
26-05-15 10:33:46.030 [http-nio-8080-exec-1] [32mDEBUG[0;39m org.hibernate.SQL                    [ae4a0c2a4a4f4e408db33e8f971c5fa2 | GET | /api/channels] - 
    select
        m1_0.created_at 
    from
        messages m1_0 
    where
        m1_0.channel_id=? 
    order by
        m1_0.created_at desc 
    fetch
        first 1 rows only
26-05-15 10:33:46.030 [http-nio-8080-exec-1] [32mTRACE[0;39m org.hibernate.orm.jdbc.bind          [ae4a0c2a4a4f4e408db33e8f971c5fa2 | GET | /api/channels] - binding parameter (1:UUID) <- [0fb828ec-2cee-497c-8e87-348831a67f03]
26-05-15 10:33:46.031 [http-nio-8080-exec-1] [32mDEBUG[0;39m c.s.m.d.controller.ChannelController [ae4a0c2a4a4f4e408db33e8f971c5fa2 | GET | /api/channels] - 사용자별 채널 목록 조회 응답: count=3
26-05-15 10:33:46.033 [http-nio-8080-exec-1] [32mDEBUG[0;39m c.s.m.d.config.MDCLoggingInterceptor [ae4a0c2a4a4f4e408db33e8f971c5fa2 | GET | /api/channels] - Request completed
26-05-15 10:33:46.046 [http-nio-8080-exec-9] [32mDEBUG[0;39m c.s.m.d.config.MDCLoggingInterceptor [db21e2c924bf4d83a67e8a3a1047c284 | GET | /api/readStatuses] - Request started
26-05-15 10:33:46.047 [http-nio-8080-exec-9] [32mINFO [0;39m c.s.m.d.c.ReadStatusController       [db21e2c924bf4d83a67e8a3a1047c284 | GET | /api/readStatuses] - 사용자별 읽음 상태 목록 조회 요청: userId=aba478e0-9386-4424-924f-249335d64694
26-05-15 10:33:46.048 [http-nio-8080-exec-9] [32mDEBUG[0;39m c.s.m.d.s.b.BasicReadStatusService   [db21e2c924bf4d83a67e8a3a1047c284 | GET | /api/readStatuses] - 사용자별 읽음 상태 목록 조회 시작: userId=aba478e0-9386-4424-924f-249335d64694
26-05-15 10:33:46.050 [http-nio-8080-exec-9] [32mDEBUG[0;39m org.hibernate.SQL                    [db21e2c924bf4d83a67e8a3a1047c284 | GET | /api/readStatuses] - 
    select
        rs1_0.id,
        rs1_0.channel_id,
        rs1_0.created_at,
        rs1_0.last_read_at,
        rs1_0.updated_at,
        rs1_0.user_id 
    from
        read_statuses rs1_0 
    where
        rs1_0.user_id=?
26-05-15 10:33:46.050 [http-nio-8080-exec-9] [32mTRACE[0;39m org.hibernate.orm.jdbc.bind          [db21e2c924bf4d83a67e8a3a1047c284 | GET | /api/readStatuses] - binding parameter (1:UUID) <- [aba478e0-9386-4424-924f-249335d64694]
26-05-15 10:33:46.052 [http-nio-8080-exec-9] [32mINFO [0;39m c.s.m.d.s.b.BasicReadStatusService   [db21e2c924bf4d83a67e8a3a1047c284 | GET | /api/readStatuses] - 사용자별 읽음 상태 목록 조회 완료: userId=aba478e0-9386-4424-924f-249335d64694, 조회된 항목 수=1
26-05-15 10:33:46.053 [http-nio-8080-exec-9] [32mDEBUG[0;39m c.s.m.d.c.ReadStatusController       [db21e2c924bf4d83a67e8a3a1047c284 | GET | /api/readStatuses] - 사용자별 읽음 상태 목록 조회 응답: count=1
26-05-15 10:33:46.055 [http-nio-8080-exec-9] [32mDEBUG[0;39m c.s.m.d.config.MDCLoggingInterceptor [db21e2c924bf4d83a67e8a3a1047c284 | GET | /api/readStatuses] - Request completed
26-05-15 10:33:49.019 [http-nio-8080-exec-4] [32mDEBUG[0;39m c.s.m.d.config.MDCLoggingInterceptor [8bec9e69d8ca4b4f98936bfa78b881ea | GET | /api/channels] - Request started
26-05-15 10:33:49.020 [http-nio-8080-exec-4] [32mINFO [0;39m c.s.m.d.controller.ChannelController [8bec9e69d8ca4b4f98936bfa78b881ea | GET | /api/channels] - 사용자별 채널 목록 조회 요청: userId=aba478e0-9386-4424-924f-249335d64694
26-05-15 10:33:49.023 [http-nio-8080-exec-4] [32mDEBUG[0;39m org.hibernate.SQL                    [8bec9e69d8ca4b4f98936bfa78b881ea | GET | /api/channels] - 
    select
        rs1_0.id,
        rs1_0.channel_id,
        rs1_0.created_at,
        rs1_0.last_read_at,
        rs1_0.updated_at,
        rs1_0.user_id 
    from
        read_statuses rs1_0 
    where
        rs1_0.user_id=?
26-05-15 10:33:49.023 [http-nio-8080-exec-4] [32mTRACE[0;39m org.hibernate.orm.jdbc.bind          [8bec9e69d8ca4b4f98936bfa78b881ea | GET | /api/channels] - binding parameter (1:UUID) <- [aba478e0-9386-4424-924f-249335d64694]
26-05-15 10:33:49.025 [http-nio-8080-exec-4] [32mDEBUG[0;39m org.hibernate.SQL                    [8bec9e69d8ca4b4f98936bfa78b881ea | GET | /api/channels] - 
    select
        c1_0.id,
        c1_0.created_at,
        c1_0.description,
        c1_0.name,
        c1_0.type,
        c1_0.updated_at 
    from
        channels c1_0 
    where
        c1_0.type=? 
        or c1_0.id in (?)
26-05-15 10:33:49.026 [http-nio-8080-exec-4] [32mTRACE[0;39m org.hibernate.orm.jdbc.bind          [8bec9e69d8ca4b4f98936bfa78b881ea | GET | /api/channels] - binding parameter (1:VARCHAR) <- [PUBLIC]
26-05-15 10:33:49.026 [http-nio-8080-exec-4] [32mTRACE[0;39m org.hibernate.orm.jdbc.bind          [8bec9e69d8ca4b4f98936bfa78b881ea | GET | /api/channels] - binding parameter (2:UUID) <- [0fb828ec-2cee-497c-8e87-348831a67f03]
26-05-15 10:33:49.028 [http-nio-8080-exec-4] [32mDEBUG[0;39m org.hibernate.SQL                    [8bec9e69d8ca4b4f98936bfa78b881ea | GET | /api/channels] - 
    select
        m1_0.created_at 
    from
        messages m1_0 
    where
        m1_0.channel_id=? 
    order by
        m1_0.created_at desc 
    fetch
        first 1 rows only
26-05-15 10:33:49.028 [http-nio-8080-exec-4] [32mTRACE[0;39m org.hibernate.orm.jdbc.bind          [8bec9e69d8ca4b4f98936bfa78b881ea | GET | /api/channels] - binding parameter (1:UUID) <- [7cdff344-ade9-4175-ad8a-0acaa200aaa4]
26-05-15 10:33:49.030 [http-nio-8080-exec-4] [32mDEBUG[0;39m org.hibernate.SQL                    [8bec9e69d8ca4b4f98936bfa78b881ea | GET | /api/channels] - 
    select
        m1_0.created_at 
    from
        messages m1_0 
    where
        m1_0.channel_id=? 
    order by
        m1_0.created_at desc 
    fetch
        first 1 rows only
26-05-15 10:33:49.031 [http-nio-8080-exec-4] [32mTRACE[0;39m org.hibernate.orm.jdbc.bind          [8bec9e69d8ca4b4f98936bfa78b881ea | GET | /api/channels] - binding parameter (1:UUID) <- [4c2389f4-ec8c-4a2f-97b8-18350b7aef48]
26-05-15 10:33:49.033 [http-nio-8080-exec-4] [32mDEBUG[0;39m org.hibernate.SQL                    [8bec9e69d8ca4b4f98936bfa78b881ea | GET | /api/channels] - 
    select
        m1_0.created_at 
    from
        messages m1_0 
    where
        m1_0.channel_id=? 
    order by
        m1_0.created_at desc 
    fetch
        first 1 rows only
26-05-15 10:33:49.033 [http-nio-8080-exec-4] [32mTRACE[0;39m org.hibernate.orm.jdbc.bind          [8bec9e69d8ca4b4f98936bfa78b881ea | GET | /api/channels] - binding parameter (1:UUID) <- [0fb828ec-2cee-497c-8e87-348831a67f03]
26-05-15 10:33:49.035 [http-nio-8080-exec-4] [32mDEBUG[0;39m c.s.m.d.controller.ChannelController [8bec9e69d8ca4b4f98936bfa78b881ea | GET | /api/channels] - 사용자별 채널 목록 조회 응답: count=3
26-05-15 10:33:49.036 [http-nio-8080-exec-4] [32mDEBUG[0;39m c.s.m.d.config.MDCLoggingInterceptor [8bec9e69d8ca4b4f98936bfa78b881ea | GET | /api/channels] - Request completed
26-05-15 10:33:49.047 [http-nio-8080-exec-8] [32mDEBUG[0;39m c.s.m.d.config.MDCLoggingInterceptor [479a4e36f66f45719f9c1c7d802b9575 | GET | /api/readStatuses] - Request started
26-05-15 10:33:49.049 [http-nio-8080-exec-8] [32mINFO [0;39m c.s.m.d.c.ReadStatusController       [479a4e36f66f45719f9c1c7d802b9575 | GET | /api/readStatuses] - 사용자별 읽음 상태 목록 조회 요청: userId=aba478e0-9386-4424-924f-249335d64694
26-05-15 10:33:49.051 [http-nio-8080-exec-8] [32mDEBUG[0;39m c.s.m.d.s.b.BasicReadStatusService   [479a4e36f66f45719f9c1c7d802b9575 | GET | /api/readStatuses] - 사용자별 읽음 상태 목록 조회 시작: userId=aba478e0-9386-4424-924f-249335d64694
26-05-15 10:33:49.053 [http-nio-8080-exec-8] [32mDEBUG[0;39m org.hibernate.SQL                    [479a4e36f66f45719f9c1c7d802b9575 | GET | /api/readStatuses] - 
    select
        rs1_0.id,
        rs1_0.channel_id,
        rs1_0.created_at,
        rs1_0.last_read_at,
        rs1_0.updated_at,
        rs1_0.user_id 
    from
        read_statuses rs1_0 
    where
        rs1_0.user_id=?
26-05-15 10:33:49.053 [http-nio-8080-exec-8] [32mTRACE[0;39m org.hibernate.orm.jdbc.bind          [479a4e36f66f45719f9c1c7d802b9575 | GET | /api/readStatuses] - binding parameter (1:UUID) <- [aba478e0-9386-4424-924f-249335d64694]
26-05-15 10:33:49.055 [http-nio-8080-exec-8] [32mINFO [0;39m c.s.m.d.s.b.BasicReadStatusService   [479a4e36f66f45719f9c1c7d802b9575 | GET | /api/readStatuses] - 사용자별 읽음 상태 목록 조회 완료: userId=aba478e0-9386-4424-924f-249335d64694, 조회된 항목 수=1
26-05-15 10:33:49.056 [http-nio-8080-exec-8] [32mDEBUG[0;39m c.s.m.d.c.ReadStatusController       [479a4e36f66f45719f9c1c7d802b9575 | GET | /api/readStatuses] - 사용자별 읽음 상태 목록 조회 응답: count=1
26-05-15 10:33:49.057 [http-nio-8080-exec-8] [32mDEBUG[0;39m c.s.m.d.config.MDCLoggingInterceptor [479a4e36f66f45719f9c1c7d802b9575 | GET | /api/readStatuses] - Request completed
26-05-15 10:33:52.025 [http-nio-8080-exec-6] [32mDEBUG[0;39m c.s.m.d.config.MDCLoggingInterceptor [278cfffcb4c84674be03cea5987a2bf9 | GET | /api/users] - Request started
26-05-15 10:33:52.025 [http-nio-8080-exec-7] [32mDEBUG[0;39m c.s.m.d.config.MDCLoggingInterceptor [ddf13e7938f24f9f87789f2c1b267f3e | GET | /api/channels] - Request started
26-05-15 10:33:52.026 [http-nio-8080-exec-7] [32mINFO [0;39m c.s.m.d.controller.ChannelController [ddf13e7938f24f9f87789f2c1b267f3e | GET | /api/channels] - 사용자별 채널 목록 조회 요청: userId=aba478e0-9386-4424-924f-249335d64694
26-05-15 10:33:52.026 [http-nio-8080-exec-6] [32mDEBUG[0;39m c.s.m.d.s.basic.BasicUserService     [278cfffcb4c84674be03cea5987a2bf9 | GET | /api/users] - 모든 사용자 조회 시작
26-05-15 10:33:52.027 [http-nio-8080-exec-6] [32mDEBUG[0;39m org.hibernate.SQL                    [278cfffcb4c84674be03cea5987a2bf9 | GET | /api/users] - 
    select
        u1_0.id,
        u1_0.created_at,
        u1_0.email,
        u1_0.password,
        p1_0.id,
        p1_0.content_type,
        p1_0.created_at,
        p1_0.file_name,
        p1_0.size,
        s1_0.id,
        s1_0.created_at,
        s1_0.last_active_at,
        s1_0.updated_at,
        s1_0.user_id,
        u1_0.updated_at,
        u1_0.username 
    from
        users u1_0 
    left join
        binary_contents p1_0 
            on p1_0.id=u1_0.profile_id 
    join
        user_statuses s1_0 
            on u1_0.id=s1_0.user_id
26-05-15 10:33:52.028 [http-nio-8080-exec-7] [32mDEBUG[0;39m org.hibernate.SQL                    [ddf13e7938f24f9f87789f2c1b267f3e | GET | /api/channels] - 
    select
        rs1_0.id,
        rs1_0.channel_id,
        rs1_0.created_at,
        rs1_0.last_read_at,
        rs1_0.updated_at,
        rs1_0.user_id 
    from
        read_statuses rs1_0 
    where
        rs1_0.user_id=?
26-05-15 10:33:52.028 [http-nio-8080-exec-7] [32mTRACE[0;39m org.hibernate.orm.jdbc.bind          [ddf13e7938f24f9f87789f2c1b267f3e | GET | /api/channels] - binding parameter (1:UUID) <- [aba478e0-9386-4424-924f-249335d64694]
26-05-15 10:33:52.030 [http-nio-8080-exec-6] [32mINFO [0;39m c.s.m.d.s.basic.BasicUserService     [278cfffcb4c84674be03cea5987a2bf9 | GET | /api/users] - 모든 사용자 조회 완료: 총 6명
26-05-15 10:33:52.031 [http-nio-8080-exec-7] [32mDEBUG[0;39m org.hibernate.SQL                    [ddf13e7938f24f9f87789f2c1b267f3e | GET | /api/channels] - 
    select
        c1_0.id,
        c1_0.created_at,
        c1_0.description,
        c1_0.name,
        c1_0.type,
        c1_0.updated_at 
    from
        channels c1_0 
    where
        c1_0.type=? 
        or c1_0.id in (?)
26-05-15 10:33:52.031 [http-nio-8080-exec-7] [32mTRACE[0;39m org.hibernate.orm.jdbc.bind          [ddf13e7938f24f9f87789f2c1b267f3e | GET | /api/channels] - binding parameter (1:VARCHAR) <- [PUBLIC]
26-05-15 10:33:52.031 [http-nio-8080-exec-7] [32mTRACE[0;39m org.hibernate.orm.jdbc.bind          [ddf13e7938f24f9f87789f2c1b267f3e | GET | /api/channels] - binding parameter (2:UUID) <- [0fb828ec-2cee-497c-8e87-348831a67f03]
26-05-15 10:33:52.032 [http-nio-8080-exec-6] [32mDEBUG[0;39m c.s.m.d.config.MDCLoggingInterceptor [278cfffcb4c84674be03cea5987a2bf9 | GET | /api/users] - Request completed
26-05-15 10:33:52.032 [http-nio-8080-exec-7] [32mDEBUG[0;39m org.hibernate.SQL                    [ddf13e7938f24f9f87789f2c1b267f3e | GET | /api/channels] - 
    select
        m1_0.created_at 
    from
        messages m1_0 
    where
        m1_0.channel_id=? 
    order by
        m1_0.created_at desc 
    fetch
        first 1 rows only
26-05-15 10:33:52.033 [http-nio-8080-exec-7] [32mTRACE[0;39m org.hibernate.orm.jdbc.bind          [ddf13e7938f24f9f87789f2c1b267f3e | GET | /api/channels] - binding parameter (1:UUID) <- [7cdff344-ade9-4175-ad8a-0acaa200aaa4]
26-05-15 10:33:52.035 [http-nio-8080-exec-7] [32mDEBUG[0;39m org.hibernate.SQL                    [ddf13e7938f24f9f87789f2c1b267f3e | GET | /api/channels] - 
    select
        m1_0.created_at 
    from
        messages m1_0 
    where
        m1_0.channel_id=? 
    order by
        m1_0.created_at desc 
    fetch
        first 1 rows only
26-05-15 10:33:52.035 [http-nio-8080-exec-7] [32mTRACE[0;39m org.hibernate.orm.jdbc.bind          [ddf13e7938f24f9f87789f2c1b267f3e | GET | /api/channels] - binding parameter (1:UUID) <- [4c2389f4-ec8c-4a2f-97b8-18350b7aef48]
26-05-15 10:33:52.036 [http-nio-8080-exec-7] [32mDEBUG[0;39m org.hibernate.SQL                    [ddf13e7938f24f9f87789f2c1b267f3e | GET | /api/channels] - 
    select
        m1_0.created_at 
    from
        messages m1_0 
    where
        m1_0.channel_id=? 
    order by
        m1_0.created_at desc 
    fetch
        first 1 rows only
26-05-15 10:33:52.036 [http-nio-8080-exec-7] [32mTRACE[0;39m org.hibernate.orm.jdbc.bind          [ddf13e7938f24f9f87789f2c1b267f3e | GET | /api/channels] - binding parameter (1:UUID) <- [0fb828ec-2cee-497c-8e87-348831a67f03]
26-05-15 10:33:52.038 [http-nio-8080-exec-7] [32mDEBUG[0;39m c.s.m.d.controller.ChannelController [ddf13e7938f24f9f87789f2c1b267f3e | GET | /api/channels] - 사용자별 채널 목록 조회 응답: count=3
26-05-15 10:33:52.039 [http-nio-8080-exec-7] [32mDEBUG[0;39m c.s.m.d.config.MDCLoggingInterceptor [ddf13e7938f24f9f87789f2c1b267f3e | GET | /api/channels] - Request completed
26-05-15 10:33:52.046 [http-nio-8080-exec-3] [32mDEBUG[0;39m c.s.m.d.config.MDCLoggingInterceptor [3ae9b00f157948d7953baf607df31c0f | GET | /api/readStatuses] - Request started
26-05-15 10:33:52.047 [http-nio-8080-exec-3] [32mINFO [0;39m c.s.m.d.c.ReadStatusController       [3ae9b00f157948d7953baf607df31c0f | GET | /api/readStatuses] - 사용자별 읽음 상태 목록 조회 요청: userId=aba478e0-9386-4424-924f-249335d64694
26-05-15 10:33:52.047 [http-nio-8080-exec-3] [32mDEBUG[0;39m c.s.m.d.s.b.BasicReadStatusService   [3ae9b00f157948d7953baf607df31c0f | GET | /api/readStatuses] - 사용자별 읽음 상태 목록 조회 시작: userId=aba478e0-9386-4424-924f-249335d64694
26-05-15 10:33:52.049 [http-nio-8080-exec-3] [32mDEBUG[0;39m org.hibernate.SQL                    [3ae9b00f157948d7953baf607df31c0f | GET | /api/readStatuses] - 
    select
        rs1_0.id,
        rs1_0.channel_id,
        rs1_0.created_at,
        rs1_0.last_read_at,
        rs1_0.updated_at,
        rs1_0.user_id 
    from
        read_statuses rs1_0 
    where
        rs1_0.user_id=?
26-05-15 10:33:52.049 [http-nio-8080-exec-3] [32mTRACE[0;39m org.hibernate.orm.jdbc.bind          [3ae9b00f157948d7953baf607df31c0f | GET | /api/readStatuses] - binding parameter (1:UUID) <- [aba478e0-9386-4424-924f-249335d64694]
26-05-15 10:33:52.050 [http-nio-8080-exec-3] [32mINFO [0;39m c.s.m.d.s.b.BasicReadStatusService   [3ae9b00f157948d7953baf607df31c0f | GET | /api/readStatuses] - 사용자별 읽음 상태 목록 조회 완료: userId=aba478e0-9386-4424-924f-249335d64694, 조회된 항목 수=1
26-05-15 10:33:52.051 [http-nio-8080-exec-3] [32mDEBUG[0;39m c.s.m.d.c.ReadStatusController       [3ae9b00f157948d7953baf607df31c0f | GET | /api/readStatuses] - 사용자별 읽음 상태 목록 조회 응답: count=1
26-05-15 10:33:52.052 [http-nio-8080-exec-3] [32mDEBUG[0;39m c.s.m.d.config.MDCLoggingInterceptor [3ae9b00f157948d7953baf607df31c0f | GET | /api/readStatuses] - Request completed
26-05-15 10:33:55.018 [http-nio-8080-exec-9] [32mDEBUG[0;39m c.s.m.d.config.MDCLoggingInterceptor [fd905761e7c644029bee50f497baeb83 | GET | /api/channels] - Request started
26-05-15 10:33:55.019 [http-nio-8080-exec-9] [32mINFO [0;39m c.s.m.d.controller.ChannelController [fd905761e7c644029bee50f497baeb83 | GET | /api/channels] - 사용자별 채널 목록 조회 요청: userId=aba478e0-9386-4424-924f-249335d64694
26-05-15 10:33:55.031 [http-nio-8080-exec-9] [32mDEBUG[0;39m org.hibernate.SQL                    [fd905761e7c644029bee50f497baeb83 | GET | /api/channels] - 
    select
        rs1_0.id,
        rs1_0.channel_id,
        rs1_0.created_at,
        rs1_0.last_read_at,
        rs1_0.updated_at,
        rs1_0.user_id 
    from
        read_statuses rs1_0 
    where
        rs1_0.user_id=?
26-05-15 10:33:55.032 [http-nio-8080-exec-9] [32mTRACE[0;39m org.hibernate.orm.jdbc.bind          [fd905761e7c644029bee50f497baeb83 | GET | /api/channels] - binding parameter (1:UUID) <- [aba478e0-9386-4424-924f-249335d64694]
26-05-15 10:33:55.035 [http-nio-8080-exec-9] [32mDEBUG[0;39m org.hibernate.SQL                    [fd905761e7c644029bee50f497baeb83 | GET | /api/channels] - 
    select
        c1_0.id,
        c1_0.created_at,
        c1_0.description,
        c1_0.name,
        c1_0.type,
        c1_0.updated_at 
    from
        channels c1_0 
    where
        c1_0.type=? 
        or c1_0.id in (?)
26-05-15 10:33:55.035 [http-nio-8080-exec-9] [32mTRACE[0;39m org.hibernate.orm.jdbc.bind          [fd905761e7c644029bee50f497baeb83 | GET | /api/channels] - binding parameter (1:VARCHAR) <- [PUBLIC]
26-05-15 10:33:55.036 [http-nio-8080-exec-9] [32mTRACE[0;39m org.hibernate.orm.jdbc.bind          [fd905761e7c644029bee50f497baeb83 | GET | /api/channels] - binding parameter (2:UUID) <- [0fb828ec-2cee-497c-8e87-348831a67f03]
26-05-15 10:33:55.037 [http-nio-8080-exec-9] [32mDEBUG[0;39m org.hibernate.SQL                    [fd905761e7c644029bee50f497baeb83 | GET | /api/channels] - 
    select
        m1_0.created_at 
    from
        messages m1_0 
    where
        m1_0.channel_id=? 
    order by
        m1_0.created_at desc 
    fetch
        first 1 rows only
26-05-15 10:33:55.037 [http-nio-8080-exec-9] [32mTRACE[0;39m org.hibernate.orm.jdbc.bind          [fd905761e7c644029bee50f497baeb83 | GET | /api/channels] - binding parameter (1:UUID) <- [7cdff344-ade9-4175-ad8a-0acaa200aaa4]
26-05-15 10:33:55.038 [http-nio-8080-exec-9] [32mDEBUG[0;39m org.hibernate.SQL                    [fd905761e7c644029bee50f497baeb83 | GET | /api/channels] - 
    select
        m1_0.created_at 
    from
        messages m1_0 
    where
        m1_0.channel_id=? 
    order by
        m1_0.created_at desc 
    fetch
        first 1 rows only
26-05-15 10:33:55.039 [http-nio-8080-exec-9] [32mTRACE[0;39m org.hibernate.orm.jdbc.bind          [fd905761e7c644029bee50f497baeb83 | GET | /api/channels] - binding parameter (1:UUID) <- [4c2389f4-ec8c-4a2f-97b8-18350b7aef48]
26-05-15 10:33:55.039 [http-nio-8080-exec-9] [32mDEBUG[0;39m org.hibernate.SQL                    [fd905761e7c644029bee50f497baeb83 | GET | /api/channels] - 
    select
        m1_0.created_at 
    from
        messages m1_0 
    where
        m1_0.channel_id=? 
    order by
        m1_0.created_at desc 
    fetch
        first 1 rows only
26-05-15 10:33:55.039 [http-nio-8080-exec-9] [32mTRACE[0;39m org.hibernate.orm.jdbc.bind          [fd905761e7c644029bee50f497baeb83 | GET | /api/channels] - binding parameter (1:UUID) <- [0fb828ec-2cee-497c-8e87-348831a67f03]
26-05-15 10:33:55.041 [http-nio-8080-exec-9] [32mDEBUG[0;39m c.s.m.d.controller.ChannelController [fd905761e7c644029bee50f497baeb83 | GET | /api/channels] - 사용자별 채널 목록 조회 응답: count=3
26-05-15 10:33:55.044 [http-nio-8080-exec-9] [32mDEBUG[0;39m c.s.m.d.config.MDCLoggingInterceptor [fd905761e7c644029bee50f497baeb83 | GET | /api/channels] - Request completed
26-05-15 10:33:55.054 [http-nio-8080-exec-4] [32mDEBUG[0;39m c.s.m.d.config.MDCLoggingInterceptor [41722fa8f59c436bb88523335059fab0 | GET | /api/readStatuses] - Request started
26-05-15 10:33:55.055 [http-nio-8080-exec-4] [32mINFO [0;39m c.s.m.d.c.ReadStatusController       [41722fa8f59c436bb88523335059fab0 | GET | /api/readStatuses] - 사용자별 읽음 상태 목록 조회 요청: userId=aba478e0-9386-4424-924f-249335d64694
26-05-15 10:33:55.055 [http-nio-8080-exec-4] [32mDEBUG[0;39m c.s.m.d.s.b.BasicReadStatusService   [41722fa8f59c436bb88523335059fab0 | GET | /api/readStatuses] - 사용자별 읽음 상태 목록 조회 시작: userId=aba478e0-9386-4424-924f-249335d64694
26-05-15 10:33:55.057 [http-nio-8080-exec-4] [32mDEBUG[0;39m org.hibernate.SQL                    [41722fa8f59c436bb88523335059fab0 | GET | /api/readStatuses] - 
    select
        rs1_0.id,
        rs1_0.channel_id,
        rs1_0.created_at,
        rs1_0.last_read_at,
        rs1_0.updated_at,
        rs1_0.user_id 
    from
        read_statuses rs1_0 
    where
        rs1_0.user_id=?
26-05-15 10:33:55.057 [http-nio-8080-exec-4] [32mTRACE[0;39m org.hibernate.orm.jdbc.bind          [41722fa8f59c436bb88523335059fab0 | GET | /api/readStatuses] - binding parameter (1:UUID) <- [aba478e0-9386-4424-924f-249335d64694]
26-05-15 10:33:55.059 [http-nio-8080-exec-4] [32mINFO [0;39m c.s.m.d.s.b.BasicReadStatusService   [41722fa8f59c436bb88523335059fab0 | GET | /api/readStatuses] - 사용자별 읽음 상태 목록 조회 완료: userId=aba478e0-9386-4424-924f-249335d64694, 조회된 항목 수=1
26-05-15 10:33:55.060 [http-nio-8080-exec-4] [32mDEBUG[0;39m c.s.m.d.c.ReadStatusController       [41722fa8f59c436bb88523335059fab0 | GET | /api/readStatuses] - 사용자별 읽음 상태 목록 조회 응답: count=1
26-05-15 10:33:55.062 [http-nio-8080-exec-4] [32mDEBUG[0;39m c.s.m.d.config.MDCLoggingInterceptor [41722fa8f59c436bb88523335059fab0 | GET | /api/readStatuses] - Request completed
26-05-15 10:33:58.018 [http-nio-8080-exec-8] [32mDEBUG[0;39m c.s.m.d.config.MDCLoggingInterceptor [0a4cb009179340d6b883ac2bebfe2125 | GET | /api/channels] - Request started
26-05-15 10:33:58.018 [http-nio-8080-exec-8] [32mINFO [0;39m c.s.m.d.controller.ChannelController [0a4cb009179340d6b883ac2bebfe2125 | GET | /api/channels] - 사용자별 채널 목록 조회 요청: userId=aba478e0-9386-4424-924f-249335d64694
26-05-15 10:33:58.020 [http-nio-8080-exec-8] [32mDEBUG[0;39m org.hibernate.SQL                    [0a4cb009179340d6b883ac2bebfe2125 | GET | /api/channels] - 
    select
        rs1_0.id,
        rs1_0.channel_id,
        rs1_0.created_at,
        rs1_0.last_read_at,
        rs1_0.updated_at,
        rs1_0.user_id 
    from
        read_statuses rs1_0 
    where
        rs1_0.user_id=?
26-05-15 10:33:58.020 [http-nio-8080-exec-8] [32mTRACE[0;39m org.hibernate.orm.jdbc.bind          [0a4cb009179340d6b883ac2bebfe2125 | GET | /api/channels] - binding parameter (1:UUID) <- [aba478e0-9386-4424-924f-249335d64694]
26-05-15 10:33:58.023 [http-nio-8080-exec-8] [32mDEBUG[0;39m org.hibernate.SQL                    [0a4cb009179340d6b883ac2bebfe2125 | GET | /api/channels] - 
    select
        c1_0.id,
        c1_0.created_at,
        c1_0.description,
        c1_0.name,
        c1_0.type,
        c1_0.updated_at 
    from
        channels c1_0 
    where
        c1_0.type=? 
        or c1_0.id in (?)
26-05-15 10:33:58.023 [http-nio-8080-exec-8] [32mTRACE[0;39m org.hibernate.orm.jdbc.bind          [0a4cb009179340d6b883ac2bebfe2125 | GET | /api/channels] - binding parameter (1:VARCHAR) <- [PUBLIC]
26-05-15 10:33:58.023 [http-nio-8080-exec-8] [32mTRACE[0;39m org.hibernate.orm.jdbc.bind          [0a4cb009179340d6b883ac2bebfe2125 | GET | /api/channels] - binding parameter (2:UUID) <- [0fb828ec-2cee-497c-8e87-348831a67f03]
26-05-15 10:33:58.025 [http-nio-8080-exec-8] [32mDEBUG[0;39m org.hibernate.SQL                    [0a4cb009179340d6b883ac2bebfe2125 | GET | /api/channels] - 
    select
        m1_0.created_at 
    from
        messages m1_0 
    where
        m1_0.channel_id=? 
    order by
        m1_0.created_at desc 
    fetch
        first 1 rows only
26-05-15 10:33:58.025 [http-nio-8080-exec-8] [32mTRACE[0;39m org.hibernate.orm.jdbc.bind          [0a4cb009179340d6b883ac2bebfe2125 | GET | /api/channels] - binding parameter (1:UUID) <- [7cdff344-ade9-4175-ad8a-0acaa200aaa4]
26-05-15 10:33:58.027 [http-nio-8080-exec-8] [32mDEBUG[0;39m org.hibernate.SQL                    [0a4cb009179340d6b883ac2bebfe2125 | GET | /api/channels] - 
    select
        m1_0.created_at 
    from
        messages m1_0 
    where
        m1_0.channel_id=? 
    order by
        m1_0.created_at desc 
    fetch
        first 1 rows only
26-05-15 10:33:58.027 [http-nio-8080-exec-8] [32mTRACE[0;39m org.hibernate.orm.jdbc.bind          [0a4cb009179340d6b883ac2bebfe2125 | GET | /api/channels] - binding parameter (1:UUID) <- [4c2389f4-ec8c-4a2f-97b8-18350b7aef48]
26-05-15 10:33:58.028 [http-nio-8080-exec-8] [32mDEBUG[0;39m org.hibernate.SQL                    [0a4cb009179340d6b883ac2bebfe2125 | GET | /api/channels] - 
    select
        m1_0.created_at 
    from
        messages m1_0 
    where
        m1_0.channel_id=? 
    order by
        m1_0.created_at desc 
    fetch
        first 1 rows only
26-05-15 10:33:58.028 [http-nio-8080-exec-8] [32mTRACE[0;39m org.hibernate.orm.jdbc.bind          [0a4cb009179340d6b883ac2bebfe2125 | GET | /api/channels] - binding parameter (1:UUID) <- [0fb828ec-2cee-497c-8e87-348831a67f03]
26-05-15 10:33:58.030 [http-nio-8080-exec-8] [32mDEBUG[0;39m c.s.m.d.controller.ChannelController [0a4cb009179340d6b883ac2bebfe2125 | GET | /api/channels] - 사용자별 채널 목록 조회 응답: count=3
26-05-15 10:33:58.032 [http-nio-8080-exec-8] [32mDEBUG[0;39m c.s.m.d.config.MDCLoggingInterceptor [0a4cb009179340d6b883ac2bebfe2125 | GET | /api/channels] - Request completed
26-05-15 10:33:58.040 [http-nio-8080-exec-6] [32mDEBUG[0;39m c.s.m.d.config.MDCLoggingInterceptor [3deda733f040425c9e4a285300dfc705 | GET | /api/readStatuses] - Request started
26-05-15 10:33:58.040 [http-nio-8080-exec-6] [32mINFO [0;39m c.s.m.d.c.ReadStatusController       [3deda733f040425c9e4a285300dfc705 | GET | /api/readStatuses] - 사용자별 읽음 상태 목록 조회 요청: userId=aba478e0-9386-4424-924f-249335d64694
26-05-15 10:33:58.042 [http-nio-8080-exec-6] [32mDEBUG[0;39m c.s.m.d.s.b.BasicReadStatusService   [3deda733f040425c9e4a285300dfc705 | GET | /api/readStatuses] - 사용자별 읽음 상태 목록 조회 시작: userId=aba478e0-9386-4424-924f-249335d64694
26-05-15 10:33:58.043 [http-nio-8080-exec-6] [32mDEBUG[0;39m org.hibernate.SQL                    [3deda733f040425c9e4a285300dfc705 | GET | /api/readStatuses] - 
    select
        rs1_0.id,
        rs1_0.channel_id,
        rs1_0.created_at,
        rs1_0.last_read_at,
        rs1_0.updated_at,
        rs1_0.user_id 
    from
        read_statuses rs1_0 
    where
        rs1_0.user_id=?
26-05-15 10:33:58.043 [http-nio-8080-exec-6] [32mTRACE[0;39m org.hibernate.orm.jdbc.bind          [3deda733f040425c9e4a285300dfc705 | GET | /api/readStatuses] - binding parameter (1:UUID) <- [aba478e0-9386-4424-924f-249335d64694]
26-05-15 10:33:58.045 [http-nio-8080-exec-6] [32mINFO [0;39m c.s.m.d.s.b.BasicReadStatusService   [3deda733f040425c9e4a285300dfc705 | GET | /api/readStatuses] - 사용자별 읽음 상태 목록 조회 완료: userId=aba478e0-9386-4424-924f-249335d64694, 조회된 항목 수=1
26-05-15 10:33:58.046 [http-nio-8080-exec-6] [32mDEBUG[0;39m c.s.m.d.c.ReadStatusController       [3deda733f040425c9e4a285300dfc705 | GET | /api/readStatuses] - 사용자별 읽음 상태 목록 조회 응답: count=1
26-05-15 10:33:58.046 [http-nio-8080-exec-6] [32mDEBUG[0;39m c.s.m.d.config.MDCLoggingInterceptor [3deda733f040425c9e4a285300dfc705 | GET | /api/readStatuses] - Request completed
26-05-15 10:34:01.022 [http-nio-8080-exec-7] [32mDEBUG[0;39m c.s.m.d.config.MDCLoggingInterceptor [872f4bf520e7408fae164f038403d6c2 | GET | /api/channels] - Request started
26-05-15 10:34:01.022 [http-nio-8080-exec-7] [32mINFO [0;39m c.s.m.d.controller.ChannelController [872f4bf520e7408fae164f038403d6c2 | GET | /api/channels] - 사용자별 채널 목록 조회 요청: userId=aba478e0-9386-4424-924f-249335d64694
26-05-15 10:34:01.024 [http-nio-8080-exec-7] [32mDEBUG[0;39m org.hibernate.SQL                    [872f4bf520e7408fae164f038403d6c2 | GET | /api/channels] - 
    select
        rs1_0.id,
        rs1_0.channel_id,
        rs1_0.created_at,
        rs1_0.last_read_at,
        rs1_0.updated_at,
        rs1_0.user_id 
    from
        read_statuses rs1_0 
    where
        rs1_0.user_id=?
26-05-15 10:34:01.025 [http-nio-8080-exec-7] [32mTRACE[0;39m org.hibernate.orm.jdbc.bind          [872f4bf520e7408fae164f038403d6c2 | GET | /api/channels] - binding parameter (1:UUID) <- [aba478e0-9386-4424-924f-249335d64694]
26-05-15 10:34:01.027 [http-nio-8080-exec-7] [32mDEBUG[0;39m org.hibernate.SQL                    [872f4bf520e7408fae164f038403d6c2 | GET | /api/channels] - 
    select
        c1_0.id,
        c1_0.created_at,
        c1_0.description,
        c1_0.name,
        c1_0.type,
        c1_0.updated_at 
    from
        channels c1_0 
    where
        c1_0.type=? 
        or c1_0.id in (?)
26-05-15 10:34:01.028 [http-nio-8080-exec-7] [32mTRACE[0;39m org.hibernate.orm.jdbc.bind          [872f4bf520e7408fae164f038403d6c2 | GET | /api/channels] - binding parameter (1:VARCHAR) <- [PUBLIC]
26-05-15 10:34:01.028 [http-nio-8080-exec-7] [32mTRACE[0;39m org.hibernate.orm.jdbc.bind          [872f4bf520e7408fae164f038403d6c2 | GET | /api/channels] - binding parameter (2:UUID) <- [0fb828ec-2cee-497c-8e87-348831a67f03]
26-05-15 10:34:01.030 [http-nio-8080-exec-7] [32mDEBUG[0;39m org.hibernate.SQL                    [872f4bf520e7408fae164f038403d6c2 | GET | /api/channels] - 
    select
        m1_0.created_at 
    from
        messages m1_0 
    where
        m1_0.channel_id=? 
    order by
        m1_0.created_at desc 
    fetch
        first 1 rows only
26-05-15 10:34:01.030 [http-nio-8080-exec-7] [32mTRACE[0;39m org.hibernate.orm.jdbc.bind          [872f4bf520e7408fae164f038403d6c2 | GET | /api/channels] - binding parameter (1:UUID) <- [7cdff344-ade9-4175-ad8a-0acaa200aaa4]
26-05-15 10:34:01.031 [http-nio-8080-exec-7] [32mDEBUG[0;39m org.hibernate.SQL                    [872f4bf520e7408fae164f038403d6c2 | GET | /api/channels] - 
    select
        m1_0.created_at 
    from
        messages m1_0 
    where
        m1_0.channel_id=? 
    order by
        m1_0.created_at desc 
    fetch
        first 1 rows only
26-05-15 10:34:01.031 [http-nio-8080-exec-7] [32mTRACE[0;39m org.hibernate.orm.jdbc.bind          [872f4bf520e7408fae164f038403d6c2 | GET | /api/channels] - binding parameter (1:UUID) <- [4c2389f4-ec8c-4a2f-97b8-18350b7aef48]
26-05-15 10:34:01.034 [http-nio-8080-exec-7] [32mDEBUG[0;39m org.hibernate.SQL                    [872f4bf520e7408fae164f038403d6c2 | GET | /api/channels] - 
    select
        m1_0.created_at 
    from
        messages m1_0 
    where
        m1_0.channel_id=? 
    order by
        m1_0.created_at desc 
    fetch
        first 1 rows only
26-05-15 10:34:01.035 [http-nio-8080-exec-7] [32mTRACE[0;39m org.hibernate.orm.jdbc.bind          [872f4bf520e7408fae164f038403d6c2 | GET | /api/channels] - binding parameter (1:UUID) <- [0fb828ec-2cee-497c-8e87-348831a67f03]
26-05-15 10:34:01.041 [http-nio-8080-exec-7] [32mDEBUG[0;39m c.s.m.d.controller.ChannelController [872f4bf520e7408fae164f038403d6c2 | GET | /api/channels] - 사용자별 채널 목록 조회 응답: count=3
26-05-15 10:34:01.042 [http-nio-8080-exec-7] [32mDEBUG[0;39m c.s.m.d.config.MDCLoggingInterceptor [872f4bf520e7408fae164f038403d6c2 | GET | /api/channels] - Request completed
26-05-15 10:34:01.076 [http-nio-8080-exec-3] [32mDEBUG[0;39m c.s.m.d.config.MDCLoggingInterceptor [b5ed94f12ce846fa89e6cb30ca773d8f | GET | /api/readStatuses] - Request started
26-05-15 10:34:01.077 [http-nio-8080-exec-3] [32mINFO [0;39m c.s.m.d.c.ReadStatusController       [b5ed94f12ce846fa89e6cb30ca773d8f | GET | /api/readStatuses] - 사용자별 읽음 상태 목록 조회 요청: userId=aba478e0-9386-4424-924f-249335d64694
26-05-15 10:34:01.078 [http-nio-8080-exec-3] [32mDEBUG[0;39m c.s.m.d.s.b.BasicReadStatusService   [b5ed94f12ce846fa89e6cb30ca773d8f | GET | /api/readStatuses] - 사용자별 읽음 상태 목록 조회 시작: userId=aba478e0-9386-4424-924f-249335d64694
26-05-15 10:34:01.080 [http-nio-8080-exec-3] [32mDEBUG[0;39m org.hibernate.SQL                    [b5ed94f12ce846fa89e6cb30ca773d8f | GET | /api/readStatuses] - 
    select
        rs1_0.id,
        rs1_0.channel_id,
        rs1_0.created_at,
        rs1_0.last_read_at,
        rs1_0.updated_at,
        rs1_0.user_id 
    from
        read_statuses rs1_0 
    where
        rs1_0.user_id=?
26-05-15 10:34:01.080 [http-nio-8080-exec-3] [32mTRACE[0;39m org.hibernate.orm.jdbc.bind          [b5ed94f12ce846fa89e6cb30ca773d8f | GET | /api/readStatuses] - binding parameter (1:UUID) <- [aba478e0-9386-4424-924f-249335d64694]
26-05-15 10:34:01.081 [http-nio-8080-exec-3] [32mINFO [0;39m c.s.m.d.s.b.BasicReadStatusService   [b5ed94f12ce846fa89e6cb30ca773d8f | GET | /api/readStatuses] - 사용자별 읽음 상태 목록 조회 완료: userId=aba478e0-9386-4424-924f-249335d64694, 조회된 항목 수=1
26-05-15 10:34:01.082 [http-nio-8080-exec-3] [32mDEBUG[0;39m c.s.m.d.c.ReadStatusController       [b5ed94f12ce846fa89e6cb30ca773d8f | GET | /api/readStatuses] - 사용자별 읽음 상태 목록 조회 응답: count=1
26-05-15 10:34:01.083 [http-nio-8080-exec-3] [32mDEBUG[0;39m c.s.m.d.config.MDCLoggingInterceptor [b5ed94f12ce846fa89e6cb30ca773d8f | GET | /api/readStatuses] - Request completed
26-05-15 10:34:04.010 [http-nio-8080-exec-5] [32mDEBUG[0;39m c.s.m.d.config.MDCLoggingInterceptor [9ef8a79760604d5bb74539ca58e99451 | GET | /api/channels] - Request started
26-05-15 10:34:04.010 [http-nio-8080-exec-5] [32mINFO [0;39m c.s.m.d.controller.ChannelController [9ef8a79760604d5bb74539ca58e99451 | GET | /api/channels] - 사용자별 채널 목록 조회 요청: userId=aba478e0-9386-4424-924f-249335d64694
26-05-15 10:34:04.013 [http-nio-8080-exec-5] [32mDEBUG[0;39m org.hibernate.SQL                    [9ef8a79760604d5bb74539ca58e99451 | GET | /api/channels] - 
    select
        rs1_0.id,
        rs1_0.channel_id,
        rs1_0.created_at,
        rs1_0.last_read_at,
        rs1_0.updated_at,
        rs1_0.user_id 
    from
        read_statuses rs1_0 
    where
        rs1_0.user_id=?
26-05-15 10:34:04.014 [http-nio-8080-exec-5] [32mTRACE[0;39m org.hibernate.orm.jdbc.bind          [9ef8a79760604d5bb74539ca58e99451 | GET | /api/channels] - binding parameter (1:UUID) <- [aba478e0-9386-4424-924f-249335d64694]
26-05-15 10:34:04.017 [http-nio-8080-exec-5] [32mDEBUG[0;39m org.hibernate.SQL                    [9ef8a79760604d5bb74539ca58e99451 | GET | /api/channels] - 
    select
        c1_0.id,
        c1_0.created_at,
        c1_0.description,
        c1_0.name,
        c1_0.type,
        c1_0.updated_at 
    from
        channels c1_0 
    where
        c1_0.type=? 
        or c1_0.id in (?)
26-05-15 10:34:04.017 [http-nio-8080-exec-5] [32mTRACE[0;39m org.hibernate.orm.jdbc.bind          [9ef8a79760604d5bb74539ca58e99451 | GET | /api/channels] - binding parameter (1:VARCHAR) <- [PUBLIC]
26-05-15 10:34:04.017 [http-nio-8080-exec-5] [32mTRACE[0;39m org.hibernate.orm.jdbc.bind          [9ef8a79760604d5bb74539ca58e99451 | GET | /api/channels] - binding parameter (2:UUID) <- [0fb828ec-2cee-497c-8e87-348831a67f03]
26-05-15 10:34:04.019 [http-nio-8080-exec-5] [32mDEBUG[0;39m org.hibernate.SQL                    [9ef8a79760604d5bb74539ca58e99451 | GET | /api/channels] - 
    select
        m1_0.created_at 
    from
        messages m1_0 
    where
        m1_0.channel_id=? 
    order by
        m1_0.created_at desc 
    fetch
        first 1 rows only
26-05-15 10:34:04.019 [http-nio-8080-exec-5] [32mTRACE[0;39m org.hibernate.orm.jdbc.bind          [9ef8a79760604d5bb74539ca58e99451 | GET | /api/channels] - binding parameter (1:UUID) <- [7cdff344-ade9-4175-ad8a-0acaa200aaa4]
26-05-15 10:34:04.022 [http-nio-8080-exec-5] [32mDEBUG[0;39m org.hibernate.SQL                    [9ef8a79760604d5bb74539ca58e99451 | GET | /api/channels] - 
    select
        m1_0.created_at 
    from
        messages m1_0 
    where
        m1_0.channel_id=? 
    order by
        m1_0.created_at desc 
    fetch
        first 1 rows only
26-05-15 10:34:04.022 [http-nio-8080-exec-5] [32mTRACE[0;39m org.hibernate.orm.jdbc.bind          [9ef8a79760604d5bb74539ca58e99451 | GET | /api/channels] - binding parameter (1:UUID) <- [4c2389f4-ec8c-4a2f-97b8-18350b7aef48]
26-05-15 10:34:04.025 [http-nio-8080-exec-5] [32mDEBUG[0;39m org.hibernate.SQL                    [9ef8a79760604d5bb74539ca58e99451 | GET | /api/channels] - 
    select
        m1_0.created_at 
    from
        messages m1_0 
    where
        m1_0.channel_id=? 
    order by
        m1_0.created_at desc 
    fetch
        first 1 rows only
26-05-15 10:34:04.025 [http-nio-8080-exec-5] [32mTRACE[0;39m org.hibernate.orm.jdbc.bind          [9ef8a79760604d5bb74539ca58e99451 | GET | /api/channels] - binding parameter (1:UUID) <- [0fb828ec-2cee-497c-8e87-348831a67f03]
26-05-15 10:34:04.027 [http-nio-8080-exec-5] [32mDEBUG[0;39m c.s.m.d.controller.ChannelController [9ef8a79760604d5bb74539ca58e99451 | GET | /api/channels] - 사용자별 채널 목록 조회 응답: count=3
26-05-15 10:34:04.029 [http-nio-8080-exec-5] [32mDEBUG[0;39m c.s.m.d.config.MDCLoggingInterceptor [9ef8a79760604d5bb74539ca58e99451 | GET | /api/channels] - Request completed
26-05-15 10:34:04.046 [http-nio-8080-exec-10] [32mDEBUG[0;39m c.s.m.d.config.MDCLoggingInterceptor [79ea93e492a343e3b51afec5b2eecd10 | GET | /api/readStatuses] - Request started
26-05-15 10:34:04.047 [http-nio-8080-exec-10] [32mINFO [0;39m c.s.m.d.c.ReadStatusController       [79ea93e492a343e3b51afec5b2eecd10 | GET | /api/readStatuses] - 사용자별 읽음 상태 목록 조회 요청: userId=aba478e0-9386-4424-924f-249335d64694
26-05-15 10:34:04.048 [http-nio-8080-exec-10] [32mDEBUG[0;39m c.s.m.d.s.b.BasicReadStatusService   [79ea93e492a343e3b51afec5b2eecd10 | GET | /api/readStatuses] - 사용자별 읽음 상태 목록 조회 시작: userId=aba478e0-9386-4424-924f-249335d64694
26-05-15 10:34:04.050 [http-nio-8080-exec-10] [32mDEBUG[0;39m org.hibernate.SQL                    [79ea93e492a343e3b51afec5b2eecd10 | GET | /api/readStatuses] - 
    select
        rs1_0.id,
        rs1_0.channel_id,
        rs1_0.created_at,
        rs1_0.last_read_at,
        rs1_0.updated_at,
        rs1_0.user_id 
    from
        read_statuses rs1_0 
    where
        rs1_0.user_id=?
26-05-15 10:34:04.050 [http-nio-8080-exec-10] [32mTRACE[0;39m org.hibernate.orm.jdbc.bind          [79ea93e492a343e3b51afec5b2eecd10 | GET | /api/readStatuses] - binding parameter (1:UUID) <- [aba478e0-9386-4424-924f-249335d64694]
26-05-15 10:34:04.052 [http-nio-8080-exec-10] [32mINFO [0;39m c.s.m.d.s.b.BasicReadStatusService   [79ea93e492a343e3b51afec5b2eecd10 | GET | /api/readStatuses] - 사용자별 읽음 상태 목록 조회 완료: userId=aba478e0-9386-4424-924f-249335d64694, 조회된 항목 수=1
26-05-15 10:34:04.053 [http-nio-8080-exec-10] [32mDEBUG[0;39m c.s.m.d.c.ReadStatusController       [79ea93e492a343e3b51afec5b2eecd10 | GET | /api/readStatuses] - 사용자별 읽음 상태 목록 조회 응답: count=1
26-05-15 10:34:04.055 [http-nio-8080-exec-10] [32mDEBUG[0;39m c.s.m.d.config.MDCLoggingInterceptor [79ea93e492a343e3b51afec5b2eecd10 | GET | /api/readStatuses] - Request completed
26-05-15 10:34:07.024 [http-nio-8080-exec-2] [32mDEBUG[0;39m c.s.m.d.config.MDCLoggingInterceptor [900888c1b80a44cd8767066a77ee55f9 | GET | /api/channels] - Request started
26-05-15 10:34:07.024 [http-nio-8080-exec-2] [32mINFO [0;39m c.s.m.d.controller.ChannelController [900888c1b80a44cd8767066a77ee55f9 | GET | /api/channels] - 사용자별 채널 목록 조회 요청: userId=aba478e0-9386-4424-924f-249335d64694
26-05-15 10:34:07.029 [http-nio-8080-exec-2] [32mDEBUG[0;39m org.hibernate.SQL                    [900888c1b80a44cd8767066a77ee55f9 | GET | /api/channels] - 
    select
        rs1_0.id,
        rs1_0.channel_id,
        rs1_0.created_at,
        rs1_0.last_read_at,
        rs1_0.updated_at,
        rs1_0.user_id 
    from
        read_statuses rs1_0 
    where
        rs1_0.user_id=?
26-05-15 10:34:07.029 [http-nio-8080-exec-2] [32mTRACE[0;39m org.hibernate.orm.jdbc.bind          [900888c1b80a44cd8767066a77ee55f9 | GET | /api/channels] - binding parameter (1:UUID) <- [aba478e0-9386-4424-924f-249335d64694]
26-05-15 10:34:07.032 [http-nio-8080-exec-2] [32mDEBUG[0;39m org.hibernate.SQL                    [900888c1b80a44cd8767066a77ee55f9 | GET | /api/channels] - 
    select
        c1_0.id,
        c1_0.created_at,
        c1_0.description,
        c1_0.name,
        c1_0.type,
        c1_0.updated_at 
    from
        channels c1_0 
    where
        c1_0.type=? 
        or c1_0.id in (?)
26-05-15 10:34:07.033 [http-nio-8080-exec-2] [32mTRACE[0;39m org.hibernate.orm.jdbc.bind          [900888c1b80a44cd8767066a77ee55f9 | GET | /api/channels] - binding parameter (1:VARCHAR) <- [PUBLIC]
26-05-15 10:34:07.033 [http-nio-8080-exec-2] [32mTRACE[0;39m org.hibernate.orm.jdbc.bind          [900888c1b80a44cd8767066a77ee55f9 | GET | /api/channels] - binding parameter (2:UUID) <- [0fb828ec-2cee-497c-8e87-348831a67f03]
26-05-15 10:34:07.037 [http-nio-8080-exec-2] [32mDEBUG[0;39m org.hibernate.SQL                    [900888c1b80a44cd8767066a77ee55f9 | GET | /api/channels] - 
    select
        m1_0.created_at 
    from
        messages m1_0 
    where
        m1_0.channel_id=? 
    order by
        m1_0.created_at desc 
    fetch
        first 1 rows only
26-05-15 10:34:07.038 [http-nio-8080-exec-2] [32mTRACE[0;39m org.hibernate.orm.jdbc.bind          [900888c1b80a44cd8767066a77ee55f9 | GET | /api/channels] - binding parameter (1:UUID) <- [7cdff344-ade9-4175-ad8a-0acaa200aaa4]
26-05-15 10:34:07.039 [http-nio-8080-exec-2] [32mDEBUG[0;39m org.hibernate.SQL                    [900888c1b80a44cd8767066a77ee55f9 | GET | /api/channels] - 
    select
        m1_0.created_at 
    from
        messages m1_0 
    where
        m1_0.channel_id=? 
    order by
        m1_0.created_at desc 
    fetch
        first 1 rows only
26-05-15 10:34:07.039 [http-nio-8080-exec-2] [32mTRACE[0;39m org.hibernate.orm.jdbc.bind          [900888c1b80a44cd8767066a77ee55f9 | GET | /api/channels] - binding parameter (1:UUID) <- [4c2389f4-ec8c-4a2f-97b8-18350b7aef48]
26-05-15 10:34:07.041 [http-nio-8080-exec-2] [32mDEBUG[0;39m org.hibernate.SQL                    [900888c1b80a44cd8767066a77ee55f9 | GET | /api/channels] - 
    select
        m1_0.created_at 
    from
        messages m1_0 
    where
        m1_0.channel_id=? 
    order by
        m1_0.created_at desc 
    fetch
        first 1 rows only
26-05-15 10:34:07.041 [http-nio-8080-exec-2] [32mTRACE[0;39m org.hibernate.orm.jdbc.bind          [900888c1b80a44cd8767066a77ee55f9 | GET | /api/channels] - binding parameter (1:UUID) <- [0fb828ec-2cee-497c-8e87-348831a67f03]
26-05-15 10:34:07.044 [http-nio-8080-exec-2] [32mDEBUG[0;39m c.s.m.d.controller.ChannelController [900888c1b80a44cd8767066a77ee55f9 | GET | /api/channels] - 사용자별 채널 목록 조회 응답: count=3
26-05-15 10:34:07.047 [http-nio-8080-exec-2] [32mDEBUG[0;39m c.s.m.d.config.MDCLoggingInterceptor [900888c1b80a44cd8767066a77ee55f9 | GET | /api/channels] - Request completed
26-05-15 10:34:07.061 [http-nio-8080-exec-1] [32mDEBUG[0;39m c.s.m.d.config.MDCLoggingInterceptor [1b569af6b8aa4ee081e66f2400c9f882 | GET | /api/readStatuses] - Request started
26-05-15 10:34:07.062 [http-nio-8080-exec-1] [32mINFO [0;39m c.s.m.d.c.ReadStatusController       [1b569af6b8aa4ee081e66f2400c9f882 | GET | /api/readStatuses] - 사용자별 읽음 상태 목록 조회 요청: userId=aba478e0-9386-4424-924f-249335d64694
26-05-15 10:34:07.063 [http-nio-8080-exec-1] [32mDEBUG[0;39m c.s.m.d.s.b.BasicReadStatusService   [1b569af6b8aa4ee081e66f2400c9f882 | GET | /api/readStatuses] - 사용자별 읽음 상태 목록 조회 시작: userId=aba478e0-9386-4424-924f-249335d64694
26-05-15 10:34:07.066 [http-nio-8080-exec-1] [32mDEBUG[0;39m org.hibernate.SQL                    [1b569af6b8aa4ee081e66f2400c9f882 | GET | /api/readStatuses] - 
    select
        rs1_0.id,
        rs1_0.channel_id,
        rs1_0.created_at,
        rs1_0.last_read_at,
        rs1_0.updated_at,
        rs1_0.user_id 
    from
        read_statuses rs1_0 
    where
        rs1_0.user_id=?
26-05-15 10:34:07.066 [http-nio-8080-exec-1] [32mTRACE[0;39m org.hibernate.orm.jdbc.bind          [1b569af6b8aa4ee081e66f2400c9f882 | GET | /api/readStatuses] - binding parameter (1:UUID) <- [aba478e0-9386-4424-924f-249335d64694]
26-05-15 10:34:07.067 [http-nio-8080-exec-1] [32mINFO [0;39m c.s.m.d.s.b.BasicReadStatusService   [1b569af6b8aa4ee081e66f2400c9f882 | GET | /api/readStatuses] - 사용자별 읽음 상태 목록 조회 완료: userId=aba478e0-9386-4424-924f-249335d64694, 조회된 항목 수=1
26-05-15 10:34:07.068 [http-nio-8080-exec-1] [32mDEBUG[0;39m c.s.m.d.c.ReadStatusController       [1b569af6b8aa4ee081e66f2400c9f882 | GET | /api/readStatuses] - 사용자별 읽음 상태 목록 조회 응답: count=1
26-05-15 10:34:07.070 [http-nio-8080-exec-1] [32mDEBUG[0;39m c.s.m.d.config.MDCLoggingInterceptor [1b569af6b8aa4ee081e66f2400c9f882 | GET | /api/readStatuses] - Request completed
26-05-15 10:34:10.012 [http-nio-8080-exec-9] [32mDEBUG[0;39m c.s.m.d.config.MDCLoggingInterceptor [9a30d8f4e97848db89da870e2eb92fed | GET | /api/channels] - Request started
26-05-15 10:34:10.012 [http-nio-8080-exec-9] [32mINFO [0;39m c.s.m.d.controller.ChannelController [9a30d8f4e97848db89da870e2eb92fed | GET | /api/channels] - 사용자별 채널 목록 조회 요청: userId=aba478e0-9386-4424-924f-249335d64694
26-05-15 10:34:10.015 [http-nio-8080-exec-9] [32mDEBUG[0;39m org.hibernate.SQL                    [9a30d8f4e97848db89da870e2eb92fed | GET | /api/channels] - 
    select
        rs1_0.id,
        rs1_0.channel_id,
        rs1_0.created_at,
        rs1_0.last_read_at,
        rs1_0.updated_at,
        rs1_0.user_id 
    from
        read_statuses rs1_0 
    where
        rs1_0.user_id=?
26-05-15 10:34:10.015 [http-nio-8080-exec-9] [32mTRACE[0;39m org.hibernate.orm.jdbc.bind          [9a30d8f4e97848db89da870e2eb92fed | GET | /api/channels] - binding parameter (1:UUID) <- [aba478e0-9386-4424-924f-249335d64694]
26-05-15 10:34:10.018 [http-nio-8080-exec-9] [32mDEBUG[0;39m org.hibernate.SQL                    [9a30d8f4e97848db89da870e2eb92fed | GET | /api/channels] - 
    select
        c1_0.id,
        c1_0.created_at,
        c1_0.description,
        c1_0.name,
        c1_0.type,
        c1_0.updated_at 
    from
        channels c1_0 
    where
        c1_0.type=? 
        or c1_0.id in (?)
26-05-15 10:34:10.018 [http-nio-8080-exec-9] [32mTRACE[0;39m org.hibernate.orm.jdbc.bind          [9a30d8f4e97848db89da870e2eb92fed | GET | /api/channels] - binding parameter (1:VARCHAR) <- [PUBLIC]
26-05-15 10:34:10.018 [http-nio-8080-exec-9] [32mTRACE[0;39m org.hibernate.orm.jdbc.bind          [9a30d8f4e97848db89da870e2eb92fed | GET | /api/channels] - binding parameter (2:UUID) <- [0fb828ec-2cee-497c-8e87-348831a67f03]
26-05-15 10:34:10.020 [http-nio-8080-exec-9] [32mDEBUG[0;39m org.hibernate.SQL                    [9a30d8f4e97848db89da870e2eb92fed | GET | /api/channels] - 
    select
        m1_0.created_at 
    from
        messages m1_0 
    where
        m1_0.channel_id=? 
    order by
        m1_0.created_at desc 
    fetch
        first 1 rows only
26-05-15 10:34:10.020 [http-nio-8080-exec-9] [32mTRACE[0;39m org.hibernate.orm.jdbc.bind          [9a30d8f4e97848db89da870e2eb92fed | GET | /api/channels] - binding parameter (1:UUID) <- [7cdff344-ade9-4175-ad8a-0acaa200aaa4]
26-05-15 10:34:10.020 [http-nio-8080-exec-9] [32mDEBUG[0;39m org.hibernate.SQL                    [9a30d8f4e97848db89da870e2eb92fed | GET | /api/channels] - 
    select
        m1_0.created_at 
    from
        messages m1_0 
    where
        m1_0.channel_id=? 
    order by
        m1_0.created_at desc 
    fetch
        first 1 rows only
26-05-15 10:34:10.021 [http-nio-8080-exec-9] [32mTRACE[0;39m org.hibernate.orm.jdbc.bind          [9a30d8f4e97848db89da870e2eb92fed | GET | /api/channels] - binding parameter (1:UUID) <- [4c2389f4-ec8c-4a2f-97b8-18350b7aef48]
26-05-15 10:34:10.022 [http-nio-8080-exec-9] [32mDEBUG[0;39m org.hibernate.SQL                    [9a30d8f4e97848db89da870e2eb92fed | GET | /api/channels] - 
    select
        m1_0.created_at 
    from
        messages m1_0 
    where
        m1_0.channel_id=? 
    order by
        m1_0.created_at desc 
    fetch
        first 1 rows only
26-05-15 10:34:10.022 [http-nio-8080-exec-9] [32mTRACE[0;39m org.hibernate.orm.jdbc.bind          [9a30d8f4e97848db89da870e2eb92fed | GET | /api/channels] - binding parameter (1:UUID) <- [0fb828ec-2cee-497c-8e87-348831a67f03]
26-05-15 10:34:10.023 [http-nio-8080-exec-9] [32mDEBUG[0;39m c.s.m.d.controller.ChannelController [9a30d8f4e97848db89da870e2eb92fed | GET | /api/channels] - 사용자별 채널 목록 조회 응답: count=3
26-05-15 10:34:10.024 [http-nio-8080-exec-9] [32mDEBUG[0;39m c.s.m.d.config.MDCLoggingInterceptor [9a30d8f4e97848db89da870e2eb92fed | GET | /api/channels] - Request completed
26-05-15 10:34:10.032 [http-nio-8080-exec-4] [32mDEBUG[0;39m c.s.m.d.config.MDCLoggingInterceptor [3e7a048e45d44cd58bf319d2f6478e03 | GET | /api/readStatuses] - Request started
26-05-15 10:34:10.033 [http-nio-8080-exec-4] [32mINFO [0;39m c.s.m.d.c.ReadStatusController       [3e7a048e45d44cd58bf319d2f6478e03 | GET | /api/readStatuses] - 사용자별 읽음 상태 목록 조회 요청: userId=aba478e0-9386-4424-924f-249335d64694
26-05-15 10:34:10.033 [http-nio-8080-exec-4] [32mDEBUG[0;39m c.s.m.d.s.b.BasicReadStatusService   [3e7a048e45d44cd58bf319d2f6478e03 | GET | /api/readStatuses] - 사용자별 읽음 상태 목록 조회 시작: userId=aba478e0-9386-4424-924f-249335d64694
26-05-15 10:34:10.035 [http-nio-8080-exec-4] [32mDEBUG[0;39m org.hibernate.SQL                    [3e7a048e45d44cd58bf319d2f6478e03 | GET | /api/readStatuses] - 
    select
        rs1_0.id,
        rs1_0.channel_id,
        rs1_0.created_at,
        rs1_0.last_read_at,
        rs1_0.updated_at,
        rs1_0.user_id 
    from
        read_statuses rs1_0 
    where
        rs1_0.user_id=?
26-05-15 10:34:10.035 [http-nio-8080-exec-4] [32mTRACE[0;39m org.hibernate.orm.jdbc.bind          [3e7a048e45d44cd58bf319d2f6478e03 | GET | /api/readStatuses] - binding parameter (1:UUID) <- [aba478e0-9386-4424-924f-249335d64694]
26-05-15 10:34:10.036 [http-nio-8080-exec-4] [32mINFO [0;39m c.s.m.d.s.b.BasicReadStatusService   [3e7a048e45d44cd58bf319d2f6478e03 | GET | /api/readStatuses] - 사용자별 읽음 상태 목록 조회 완료: userId=aba478e0-9386-4424-924f-249335d64694, 조회된 항목 수=1
26-05-15 10:34:10.037 [http-nio-8080-exec-4] [32mDEBUG[0;39m c.s.m.d.c.ReadStatusController       [3e7a048e45d44cd58bf319d2f6478e03 | GET | /api/readStatuses] - 사용자별 읽음 상태 목록 조회 응답: count=1
26-05-15 10:34:10.038 [http-nio-8080-exec-4] [32mDEBUG[0;39m c.s.m.d.config.MDCLoggingInterceptor [3e7a048e45d44cd58bf319d2f6478e03 | GET | /api/readStatuses] - Request completed
26-05-15 10:34:13.016 [http-nio-8080-exec-8] [32mDEBUG[0;39m c.s.m.d.config.MDCLoggingInterceptor [51fe53f68d094ef8ba458d81d27e0b84 | GET | /api/channels] - Request started
26-05-15 10:34:13.017 [http-nio-8080-exec-8] [32mINFO [0;39m c.s.m.d.controller.ChannelController [51fe53f68d094ef8ba458d81d27e0b84 | GET | /api/channels] - 사용자별 채널 목록 조회 요청: userId=aba478e0-9386-4424-924f-249335d64694
26-05-15 10:34:13.019 [http-nio-8080-exec-8] [32mDEBUG[0;39m org.hibernate.SQL                    [51fe53f68d094ef8ba458d81d27e0b84 | GET | /api/channels] - 
    select
        rs1_0.id,
        rs1_0.channel_id,
        rs1_0.created_at,
        rs1_0.last_read_at,
        rs1_0.updated_at,
        rs1_0.user_id 
    from
        read_statuses rs1_0 
    where
        rs1_0.user_id=?
26-05-15 10:34:13.019 [http-nio-8080-exec-8] [32mTRACE[0;39m org.hibernate.orm.jdbc.bind          [51fe53f68d094ef8ba458d81d27e0b84 | GET | /api/channels] - binding parameter (1:UUID) <- [aba478e0-9386-4424-924f-249335d64694]
26-05-15 10:34:13.022 [http-nio-8080-exec-8] [32mDEBUG[0;39m org.hibernate.SQL                    [51fe53f68d094ef8ba458d81d27e0b84 | GET | /api/channels] - 
    select
        c1_0.id,
        c1_0.created_at,
        c1_0.description,
        c1_0.name,
        c1_0.type,
        c1_0.updated_at 
    from
        channels c1_0 
    where
        c1_0.type=? 
        or c1_0.id in (?)
26-05-15 10:34:13.022 [http-nio-8080-exec-8] [32mTRACE[0;39m org.hibernate.orm.jdbc.bind          [51fe53f68d094ef8ba458d81d27e0b84 | GET | /api/channels] - binding parameter (1:VARCHAR) <- [PUBLIC]
26-05-15 10:34:13.022 [http-nio-8080-exec-8] [32mTRACE[0;39m org.hibernate.orm.jdbc.bind          [51fe53f68d094ef8ba458d81d27e0b84 | GET | /api/channels] - binding parameter (2:UUID) <- [0fb828ec-2cee-497c-8e87-348831a67f03]
26-05-15 10:34:13.024 [http-nio-8080-exec-8] [32mDEBUG[0;39m org.hibernate.SQL                    [51fe53f68d094ef8ba458d81d27e0b84 | GET | /api/channels] - 
    select
        m1_0.created_at 
    from
        messages m1_0 
    where
        m1_0.channel_id=? 
    order by
        m1_0.created_at desc 
    fetch
        first 1 rows only
26-05-15 10:34:13.024 [http-nio-8080-exec-8] [32mTRACE[0;39m org.hibernate.orm.jdbc.bind          [51fe53f68d094ef8ba458d81d27e0b84 | GET | /api/channels] - binding parameter (1:UUID) <- [7cdff344-ade9-4175-ad8a-0acaa200aaa4]
26-05-15 10:34:13.025 [http-nio-8080-exec-8] [32mDEBUG[0;39m org.hibernate.SQL                    [51fe53f68d094ef8ba458d81d27e0b84 | GET | /api/channels] - 
    select
        m1_0.created_at 
    from
        messages m1_0 
    where
        m1_0.channel_id=? 
    order by
        m1_0.created_at desc 
    fetch
        first 1 rows only
26-05-15 10:34:13.025 [http-nio-8080-exec-8] [32mTRACE[0;39m org.hibernate.orm.jdbc.bind          [51fe53f68d094ef8ba458d81d27e0b84 | GET | /api/channels] - binding parameter (1:UUID) <- [4c2389f4-ec8c-4a2f-97b8-18350b7aef48]
26-05-15 10:34:13.027 [http-nio-8080-exec-8] [32mDEBUG[0;39m org.hibernate.SQL                    [51fe53f68d094ef8ba458d81d27e0b84 | GET | /api/channels] - 
    select
        m1_0.created_at 
    from
        messages m1_0 
    where
        m1_0.channel_id=? 
    order by
        m1_0.created_at desc 
    fetch
        first 1 rows only
26-05-15 10:34:13.027 [http-nio-8080-exec-8] [32mTRACE[0;39m org.hibernate.orm.jdbc.bind          [51fe53f68d094ef8ba458d81d27e0b84 | GET | /api/channels] - binding parameter (1:UUID) <- [0fb828ec-2cee-497c-8e87-348831a67f03]
26-05-15 10:34:13.029 [http-nio-8080-exec-8] [32mDEBUG[0;39m c.s.m.d.controller.ChannelController [51fe53f68d094ef8ba458d81d27e0b84 | GET | /api/channels] - 사용자별 채널 목록 조회 응답: count=3
26-05-15 10:34:13.030 [http-nio-8080-exec-8] [32mDEBUG[0;39m c.s.m.d.config.MDCLoggingInterceptor [51fe53f68d094ef8ba458d81d27e0b84 | GET | /api/channels] - Request completed
26-05-15 10:34:13.043 [http-nio-8080-exec-6] [32mDEBUG[0;39m c.s.m.d.config.MDCLoggingInterceptor [f2f73c7b97354e3885f22c8ca6d0d9d7 | GET | /api/readStatuses] - Request started
26-05-15 10:34:13.043 [http-nio-8080-exec-6] [32mINFO [0;39m c.s.m.d.c.ReadStatusController       [f2f73c7b97354e3885f22c8ca6d0d9d7 | GET | /api/readStatuses] - 사용자별 읽음 상태 목록 조회 요청: userId=aba478e0-9386-4424-924f-249335d64694
26-05-15 10:34:13.044 [http-nio-8080-exec-6] [32mDEBUG[0;39m c.s.m.d.s.b.BasicReadStatusService   [f2f73c7b97354e3885f22c8ca6d0d9d7 | GET | /api/readStatuses] - 사용자별 읽음 상태 목록 조회 시작: userId=aba478e0-9386-4424-924f-249335d64694
26-05-15 10:34:13.046 [http-nio-8080-exec-6] [32mDEBUG[0;39m org.hibernate.SQL                    [f2f73c7b97354e3885f22c8ca6d0d9d7 | GET | /api/readStatuses] - 
    select
        rs1_0.id,
        rs1_0.channel_id,
        rs1_0.created_at,
        rs1_0.last_read_at,
        rs1_0.updated_at,
        rs1_0.user_id 
    from
        read_statuses rs1_0 
    where
        rs1_0.user_id=?
26-05-15 10:34:13.046 [http-nio-8080-exec-6] [32mTRACE[0;39m org.hibernate.orm.jdbc.bind          [f2f73c7b97354e3885f22c8ca6d0d9d7 | GET | /api/readStatuses] - binding parameter (1:UUID) <- [aba478e0-9386-4424-924f-249335d64694]
26-05-15 10:34:13.047 [http-nio-8080-exec-6] [32mINFO [0;39m c.s.m.d.s.b.BasicReadStatusService   [f2f73c7b97354e3885f22c8ca6d0d9d7 | GET | /api/readStatuses] - 사용자별 읽음 상태 목록 조회 완료: userId=aba478e0-9386-4424-924f-249335d64694, 조회된 항목 수=1
26-05-15 10:34:13.048 [http-nio-8080-exec-6] [32mDEBUG[0;39m c.s.m.d.c.ReadStatusController       [f2f73c7b97354e3885f22c8ca6d0d9d7 | GET | /api/readStatuses] - 사용자별 읽음 상태 목록 조회 응답: count=1
26-05-15 10:34:13.049 [http-nio-8080-exec-6] [32mDEBUG[0;39m c.s.m.d.config.MDCLoggingInterceptor [f2f73c7b97354e3885f22c8ca6d0d9d7 | GET | /api/readStatuses] - Request completed
26-05-15 10:34:16.010 [http-nio-8080-exec-7] [32mDEBUG[0;39m c.s.m.d.config.MDCLoggingInterceptor [170413da9f5648b89bd9676ed61af397 | GET | /api/channels] - Request started
26-05-15 10:34:16.011 [http-nio-8080-exec-7] [32mINFO [0;39m c.s.m.d.controller.ChannelController [170413da9f5648b89bd9676ed61af397 | GET | /api/channels] - 사용자별 채널 목록 조회 요청: userId=aba478e0-9386-4424-924f-249335d64694
26-05-15 10:34:16.013 [http-nio-8080-exec-7] [32mDEBUG[0;39m org.hibernate.SQL                    [170413da9f5648b89bd9676ed61af397 | GET | /api/channels] - 
    select
        rs1_0.id,
        rs1_0.channel_id,
        rs1_0.created_at,
        rs1_0.last_read_at,
        rs1_0.updated_at,
        rs1_0.user_id 
    from
        read_statuses rs1_0 
    where
        rs1_0.user_id=?
26-05-15 10:34:16.014 [http-nio-8080-exec-7] [32mTRACE[0;39m org.hibernate.orm.jdbc.bind          [170413da9f5648b89bd9676ed61af397 | GET | /api/channels] - binding parameter (1:UUID) <- [aba478e0-9386-4424-924f-249335d64694]
26-05-15 10:34:16.016 [http-nio-8080-exec-7] [32mDEBUG[0;39m org.hibernate.SQL                    [170413da9f5648b89bd9676ed61af397 | GET | /api/channels] - 
    select
        c1_0.id,
        c1_0.created_at,
        c1_0.description,
        c1_0.name,
        c1_0.type,
        c1_0.updated_at 
    from
        channels c1_0 
    where
        c1_0.type=? 
        or c1_0.id in (?)
26-05-15 10:34:16.016 [http-nio-8080-exec-7] [32mTRACE[0;39m org.hibernate.orm.jdbc.bind          [170413da9f5648b89bd9676ed61af397 | GET | /api/channels] - binding parameter (1:VARCHAR) <- [PUBLIC]
26-05-15 10:34:16.016 [http-nio-8080-exec-7] [32mTRACE[0;39m org.hibernate.orm.jdbc.bind          [170413da9f5648b89bd9676ed61af397 | GET | /api/channels] - binding parameter (2:UUID) <- [0fb828ec-2cee-497c-8e87-348831a67f03]
26-05-15 10:34:16.018 [http-nio-8080-exec-7] [32mDEBUG[0;39m org.hibernate.SQL                    [170413da9f5648b89bd9676ed61af397 | GET | /api/channels] - 
    select
        m1_0.created_at 
    from
        messages m1_0 
    where
        m1_0.channel_id=? 
    order by
        m1_0.created_at desc 
    fetch
        first 1 rows only
26-05-15 10:34:16.018 [http-nio-8080-exec-7] [32mTRACE[0;39m org.hibernate.orm.jdbc.bind          [170413da9f5648b89bd9676ed61af397 | GET | /api/channels] - binding parameter (1:UUID) <- [7cdff344-ade9-4175-ad8a-0acaa200aaa4]
26-05-15 10:34:16.019 [http-nio-8080-exec-7] [32mDEBUG[0;39m org.hibernate.SQL                    [170413da9f5648b89bd9676ed61af397 | GET | /api/channels] - 
    select
        m1_0.created_at 
    from
        messages m1_0 
    where
        m1_0.channel_id=? 
    order by
        m1_0.created_at desc 
    fetch
        first 1 rows only
26-05-15 10:34:16.019 [http-nio-8080-exec-7] [32mTRACE[0;39m org.hibernate.orm.jdbc.bind          [170413da9f5648b89bd9676ed61af397 | GET | /api/channels] - binding parameter (1:UUID) <- [4c2389f4-ec8c-4a2f-97b8-18350b7aef48]
26-05-15 10:34:16.020 [http-nio-8080-exec-7] [32mDEBUG[0;39m org.hibernate.SQL                    [170413da9f5648b89bd9676ed61af397 | GET | /api/channels] - 
    select
        m1_0.created_at 
    from
        messages m1_0 
    where
        m1_0.channel_id=? 
    order by
        m1_0.created_at desc 
    fetch
        first 1 rows only
26-05-15 10:34:16.020 [http-nio-8080-exec-7] [32mTRACE[0;39m org.hibernate.orm.jdbc.bind          [170413da9f5648b89bd9676ed61af397 | GET | /api/channels] - binding parameter (1:UUID) <- [0fb828ec-2cee-497c-8e87-348831a67f03]
26-05-15 10:34:16.021 [http-nio-8080-exec-7] [32mDEBUG[0;39m c.s.m.d.controller.ChannelController [170413da9f5648b89bd9676ed61af397 | GET | /api/channels] - 사용자별 채널 목록 조회 응답: count=3
26-05-15 10:34:16.023 [http-nio-8080-exec-7] [32mDEBUG[0;39m c.s.m.d.config.MDCLoggingInterceptor [170413da9f5648b89bd9676ed61af397 | GET | /api/channels] - Request completed
26-05-15 10:34:16.038 [http-nio-8080-exec-3] [32mDEBUG[0;39m c.s.m.d.config.MDCLoggingInterceptor [088467498ea14a0a8c54e1111a9979b1 | GET | /api/readStatuses] - Request started
26-05-15 10:34:16.039 [http-nio-8080-exec-3] [32mINFO [0;39m c.s.m.d.c.ReadStatusController       [088467498ea14a0a8c54e1111a9979b1 | GET | /api/readStatuses] - 사용자별 읽음 상태 목록 조회 요청: userId=aba478e0-9386-4424-924f-249335d64694
26-05-15 10:34:16.040 [http-nio-8080-exec-3] [32mDEBUG[0;39m c.s.m.d.s.b.BasicReadStatusService   [088467498ea14a0a8c54e1111a9979b1 | GET | /api/readStatuses] - 사용자별 읽음 상태 목록 조회 시작: userId=aba478e0-9386-4424-924f-249335d64694
26-05-15 10:34:16.042 [http-nio-8080-exec-3] [32mDEBUG[0;39m org.hibernate.SQL                    [088467498ea14a0a8c54e1111a9979b1 | GET | /api/readStatuses] - 
    select
        rs1_0.id,
        rs1_0.channel_id,
        rs1_0.created_at,
        rs1_0.last_read_at,
        rs1_0.updated_at,
        rs1_0.user_id 
    from
        read_statuses rs1_0 
    where
        rs1_0.user_id=?
26-05-15 10:34:16.042 [http-nio-8080-exec-3] [32mTRACE[0;39m org.hibernate.orm.jdbc.bind          [088467498ea14a0a8c54e1111a9979b1 | GET | /api/readStatuses] - binding parameter (1:UUID) <- [aba478e0-9386-4424-924f-249335d64694]
26-05-15 10:34:16.043 [http-nio-8080-exec-3] [32mINFO [0;39m c.s.m.d.s.b.BasicReadStatusService   [088467498ea14a0a8c54e1111a9979b1 | GET | /api/readStatuses] - 사용자별 읽음 상태 목록 조회 완료: userId=aba478e0-9386-4424-924f-249335d64694, 조회된 항목 수=1
26-05-15 10:34:16.043 [http-nio-8080-exec-3] [32mDEBUG[0;39m c.s.m.d.c.ReadStatusController       [088467498ea14a0a8c54e1111a9979b1 | GET | /api/readStatuses] - 사용자별 읽음 상태 목록 조회 응답: count=1
26-05-15 10:34:16.045 [http-nio-8080-exec-3] [32mDEBUG[0;39m c.s.m.d.config.MDCLoggingInterceptor [088467498ea14a0a8c54e1111a9979b1 | GET | /api/readStatuses] - Request completed
26-05-15 10:34:19.010 [http-nio-8080-exec-5] [32mDEBUG[0;39m c.s.m.d.config.MDCLoggingInterceptor [3695c20000ae4a12b5b842bca38291f3 | GET | /api/channels] - Request started
26-05-15 10:34:19.011 [http-nio-8080-exec-5] [32mINFO [0;39m c.s.m.d.controller.ChannelController [3695c20000ae4a12b5b842bca38291f3 | GET | /api/channels] - 사용자별 채널 목록 조회 요청: userId=aba478e0-9386-4424-924f-249335d64694
26-05-15 10:34:19.013 [http-nio-8080-exec-5] [32mDEBUG[0;39m org.hibernate.SQL                    [3695c20000ae4a12b5b842bca38291f3 | GET | /api/channels] - 
    select
        rs1_0.id,
        rs1_0.channel_id,
        rs1_0.created_at,
        rs1_0.last_read_at,
        rs1_0.updated_at,
        rs1_0.user_id 
    from
        read_statuses rs1_0 
    where
        rs1_0.user_id=?
26-05-15 10:34:19.014 [http-nio-8080-exec-5] [32mTRACE[0;39m org.hibernate.orm.jdbc.bind          [3695c20000ae4a12b5b842bca38291f3 | GET | /api/channels] - binding parameter (1:UUID) <- [aba478e0-9386-4424-924f-249335d64694]
26-05-15 10:34:19.016 [http-nio-8080-exec-5] [32mDEBUG[0;39m org.hibernate.SQL                    [3695c20000ae4a12b5b842bca38291f3 | GET | /api/channels] - 
    select
        c1_0.id,
        c1_0.created_at,
        c1_0.description,
        c1_0.name,
        c1_0.type,
        c1_0.updated_at 
    from
        channels c1_0 
    where
        c1_0.type=? 
        or c1_0.id in (?)
26-05-15 10:34:19.016 [http-nio-8080-exec-5] [32mTRACE[0;39m org.hibernate.orm.jdbc.bind          [3695c20000ae4a12b5b842bca38291f3 | GET | /api/channels] - binding parameter (1:VARCHAR) <- [PUBLIC]
26-05-15 10:34:19.016 [http-nio-8080-exec-5] [32mTRACE[0;39m org.hibernate.orm.jdbc.bind          [3695c20000ae4a12b5b842bca38291f3 | GET | /api/channels] - binding parameter (2:UUID) <- [0fb828ec-2cee-497c-8e87-348831a67f03]
26-05-15 10:34:19.017 [http-nio-8080-exec-5] [32mDEBUG[0;39m org.hibernate.SQL                    [3695c20000ae4a12b5b842bca38291f3 | GET | /api/channels] - 
    select
        m1_0.created_at 
    from
        messages m1_0 
    where
        m1_0.channel_id=? 
    order by
        m1_0.created_at desc 
    fetch
        first 1 rows only
26-05-15 10:34:19.018 [http-nio-8080-exec-5] [32mTRACE[0;39m org.hibernate.orm.jdbc.bind          [3695c20000ae4a12b5b842bca38291f3 | GET | /api/channels] - binding parameter (1:UUID) <- [7cdff344-ade9-4175-ad8a-0acaa200aaa4]
26-05-15 10:34:19.018 [http-nio-8080-exec-5] [32mDEBUG[0;39m org.hibernate.SQL                    [3695c20000ae4a12b5b842bca38291f3 | GET | /api/channels] - 
    select
        m1_0.created_at 
    from
        messages m1_0 
    where
        m1_0.channel_id=? 
    order by
        m1_0.created_at desc 
    fetch
        first 1 rows only
26-05-15 10:34:19.019 [http-nio-8080-exec-5] [32mTRACE[0;39m org.hibernate.orm.jdbc.bind          [3695c20000ae4a12b5b842bca38291f3 | GET | /api/channels] - binding parameter (1:UUID) <- [4c2389f4-ec8c-4a2f-97b8-18350b7aef48]
26-05-15 10:34:19.019 [http-nio-8080-exec-5] [32mDEBUG[0;39m org.hibernate.SQL                    [3695c20000ae4a12b5b842bca38291f3 | GET | /api/channels] - 
    select
        m1_0.created_at 
    from
        messages m1_0 
    where
        m1_0.channel_id=? 
    order by
        m1_0.created_at desc 
    fetch
        first 1 rows only
26-05-15 10:34:19.020 [http-nio-8080-exec-5] [32mTRACE[0;39m org.hibernate.orm.jdbc.bind          [3695c20000ae4a12b5b842bca38291f3 | GET | /api/channels] - binding parameter (1:UUID) <- [0fb828ec-2cee-497c-8e87-348831a67f03]
26-05-15 10:34:19.021 [http-nio-8080-exec-5] [32mDEBUG[0;39m c.s.m.d.controller.ChannelController [3695c20000ae4a12b5b842bca38291f3 | GET | /api/channels] - 사용자별 채널 목록 조회 응답: count=3
26-05-15 10:34:19.023 [http-nio-8080-exec-5] [32mDEBUG[0;39m c.s.m.d.config.MDCLoggingInterceptor [3695c20000ae4a12b5b842bca38291f3 | GET | /api/channels] - Request completed
26-05-15 10:34:19.074 [http-nio-8080-exec-10] [32mDEBUG[0;39m c.s.m.d.config.MDCLoggingInterceptor [9fe80d8382ab46858447bd4493770013 | GET | /api/readStatuses] - Request started
26-05-15 10:34:19.074 [http-nio-8080-exec-10] [32mINFO [0;39m c.s.m.d.c.ReadStatusController       [9fe80d8382ab46858447bd4493770013 | GET | /api/readStatuses] - 사용자별 읽음 상태 목록 조회 요청: userId=aba478e0-9386-4424-924f-249335d64694
26-05-15 10:34:19.075 [http-nio-8080-exec-10] [32mDEBUG[0;39m c.s.m.d.s.b.BasicReadStatusService   [9fe80d8382ab46858447bd4493770013 | GET | /api/readStatuses] - 사용자별 읽음 상태 목록 조회 시작: userId=aba478e0-9386-4424-924f-249335d64694
26-05-15 10:34:19.078 [http-nio-8080-exec-10] [32mDEBUG[0;39m org.hibernate.SQL                    [9fe80d8382ab46858447bd4493770013 | GET | /api/readStatuses] - 
    select
        rs1_0.id,
        rs1_0.channel_id,
        rs1_0.created_at,
        rs1_0.last_read_at,
        rs1_0.updated_at,
        rs1_0.user_id 
    from
        read_statuses rs1_0 
    where
        rs1_0.user_id=?
26-05-15 10:34:19.078 [http-nio-8080-exec-10] [32mTRACE[0;39m org.hibernate.orm.jdbc.bind          [9fe80d8382ab46858447bd4493770013 | GET | /api/readStatuses] - binding parameter (1:UUID) <- [aba478e0-9386-4424-924f-249335d64694]
26-05-15 10:34:19.080 [http-nio-8080-exec-10] [32mINFO [0;39m c.s.m.d.s.b.BasicReadStatusService   [9fe80d8382ab46858447bd4493770013 | GET | /api/readStatuses] - 사용자별 읽음 상태 목록 조회 완료: userId=aba478e0-9386-4424-924f-249335d64694, 조회된 항목 수=1
26-05-15 10:34:19.081 [http-nio-8080-exec-10] [32mDEBUG[0;39m c.s.m.d.c.ReadStatusController       [9fe80d8382ab46858447bd4493770013 | GET | /api/readStatuses] - 사용자별 읽음 상태 목록 조회 응답: count=1
26-05-15 10:34:19.082 [http-nio-8080-exec-10] [32mDEBUG[0;39m c.s.m.d.config.MDCLoggingInterceptor [9fe80d8382ab46858447bd4493770013 | GET | /api/readStatuses] - Request completed
26-05-15 10:34:22.020 [http-nio-8080-exec-2] [32mDEBUG[0;39m c.s.m.d.config.MDCLoggingInterceptor [1095d69b50db4c54ada70c702e9de3db | GET | /api/channels] - Request started
26-05-15 10:34:22.021 [http-nio-8080-exec-2] [32mINFO [0;39m c.s.m.d.controller.ChannelController [1095d69b50db4c54ada70c702e9de3db | GET | /api/channels] - 사용자별 채널 목록 조회 요청: userId=aba478e0-9386-4424-924f-249335d64694
26-05-15 10:34:22.022 [http-nio-8080-exec-2] [32mDEBUG[0;39m org.hibernate.SQL                    [1095d69b50db4c54ada70c702e9de3db | GET | /api/channels] - 
    select
        rs1_0.id,
        rs1_0.channel_id,
        rs1_0.created_at,
        rs1_0.last_read_at,
        rs1_0.updated_at,
        rs1_0.user_id 
    from
        read_statuses rs1_0 
    where
        rs1_0.user_id=?
26-05-15 10:34:22.022 [http-nio-8080-exec-2] [32mTRACE[0;39m org.hibernate.orm.jdbc.bind          [1095d69b50db4c54ada70c702e9de3db | GET | /api/channels] - binding parameter (1:UUID) <- [aba478e0-9386-4424-924f-249335d64694]
26-05-15 10:34:22.025 [http-nio-8080-exec-2] [32mDEBUG[0;39m org.hibernate.SQL                    [1095d69b50db4c54ada70c702e9de3db | GET | /api/channels] - 
    select
        c1_0.id,
        c1_0.created_at,
        c1_0.description,
        c1_0.name,
        c1_0.type,
        c1_0.updated_at 
    from
        channels c1_0 
    where
        c1_0.type=? 
        or c1_0.id in (?)
26-05-15 10:34:22.025 [http-nio-8080-exec-2] [32mTRACE[0;39m org.hibernate.orm.jdbc.bind          [1095d69b50db4c54ada70c702e9de3db | GET | /api/channels] - binding parameter (1:VARCHAR) <- [PUBLIC]
26-05-15 10:34:22.025 [http-nio-8080-exec-2] [32mTRACE[0;39m org.hibernate.orm.jdbc.bind          [1095d69b50db4c54ada70c702e9de3db | GET | /api/channels] - binding parameter (2:UUID) <- [0fb828ec-2cee-497c-8e87-348831a67f03]
26-05-15 10:34:22.027 [http-nio-8080-exec-2] [32mDEBUG[0;39m org.hibernate.SQL                    [1095d69b50db4c54ada70c702e9de3db | GET | /api/channels] - 
    select
        m1_0.created_at 
    from
        messages m1_0 
    where
        m1_0.channel_id=? 
    order by
        m1_0.created_at desc 
    fetch
        first 1 rows only
26-05-15 10:34:22.027 [http-nio-8080-exec-2] [32mTRACE[0;39m org.hibernate.orm.jdbc.bind          [1095d69b50db4c54ada70c702e9de3db | GET | /api/channels] - binding parameter (1:UUID) <- [7cdff344-ade9-4175-ad8a-0acaa200aaa4]
26-05-15 10:34:22.027 [http-nio-8080-exec-2] [32mDEBUG[0;39m org.hibernate.SQL                    [1095d69b50db4c54ada70c702e9de3db | GET | /api/channels] - 
    select
        m1_0.created_at 
    from
        messages m1_0 
    where
        m1_0.channel_id=? 
    order by
        m1_0.created_at desc 
    fetch
        first 1 rows only
26-05-15 10:34:22.027 [http-nio-8080-exec-2] [32mTRACE[0;39m org.hibernate.orm.jdbc.bind          [1095d69b50db4c54ada70c702e9de3db | GET | /api/channels] - binding parameter (1:UUID) <- [4c2389f4-ec8c-4a2f-97b8-18350b7aef48]
26-05-15 10:34:22.028 [http-nio-8080-exec-2] [32mDEBUG[0;39m org.hibernate.SQL                    [1095d69b50db4c54ada70c702e9de3db | GET | /api/channels] - 
    select
        m1_0.created_at 
    from
        messages m1_0 
    where
        m1_0.channel_id=? 
    order by
        m1_0.created_at desc 
    fetch
        first 1 rows only
26-05-15 10:34:22.028 [http-nio-8080-exec-2] [32mTRACE[0;39m org.hibernate.orm.jdbc.bind          [1095d69b50db4c54ada70c702e9de3db | GET | /api/channels] - binding parameter (1:UUID) <- [0fb828ec-2cee-497c-8e87-348831a67f03]
26-05-15 10:34:22.030 [http-nio-8080-exec-2] [32mDEBUG[0;39m c.s.m.d.controller.ChannelController [1095d69b50db4c54ada70c702e9de3db | GET | /api/channels] - 사용자별 채널 목록 조회 응답: count=3
26-05-15 10:34:22.031 [http-nio-8080-exec-2] [32mDEBUG[0;39m c.s.m.d.config.MDCLoggingInterceptor [1095d69b50db4c54ada70c702e9de3db | GET | /api/channels] - Request completed
26-05-15 10:34:22.044 [http-nio-8080-exec-1] [32mDEBUG[0;39m c.s.m.d.config.MDCLoggingInterceptor [c0bd7141728943e89784dd92a13e83f8 | GET | /api/readStatuses] - Request started
26-05-15 10:34:22.044 [http-nio-8080-exec-1] [32mINFO [0;39m c.s.m.d.c.ReadStatusController       [c0bd7141728943e89784dd92a13e83f8 | GET | /api/readStatuses] - 사용자별 읽음 상태 목록 조회 요청: userId=aba478e0-9386-4424-924f-249335d64694
26-05-15 10:34:22.045 [http-nio-8080-exec-1] [32mDEBUG[0;39m c.s.m.d.s.b.BasicReadStatusService   [c0bd7141728943e89784dd92a13e83f8 | GET | /api/readStatuses] - 사용자별 읽음 상태 목록 조회 시작: userId=aba478e0-9386-4424-924f-249335d64694
26-05-15 10:34:22.046 [http-nio-8080-exec-1] [32mDEBUG[0;39m org.hibernate.SQL                    [c0bd7141728943e89784dd92a13e83f8 | GET | /api/readStatuses] - 
    select
        rs1_0.id,
        rs1_0.channel_id,
        rs1_0.created_at,
        rs1_0.last_read_at,
        rs1_0.updated_at,
        rs1_0.user_id 
    from
        read_statuses rs1_0 
    where
        rs1_0.user_id=?
26-05-15 10:34:22.047 [http-nio-8080-exec-1] [32mTRACE[0;39m org.hibernate.orm.jdbc.bind          [c0bd7141728943e89784dd92a13e83f8 | GET | /api/readStatuses] - binding parameter (1:UUID) <- [aba478e0-9386-4424-924f-249335d64694]
26-05-15 10:34:22.048 [http-nio-8080-exec-1] [32mINFO [0;39m c.s.m.d.s.b.BasicReadStatusService   [c0bd7141728943e89784dd92a13e83f8 | GET | /api/readStatuses] - 사용자별 읽음 상태 목록 조회 완료: userId=aba478e0-9386-4424-924f-249335d64694, 조회된 항목 수=1
26-05-15 10:34:22.048 [http-nio-8080-exec-1] [32mDEBUG[0;39m c.s.m.d.c.ReadStatusController       [c0bd7141728943e89784dd92a13e83f8 | GET | /api/readStatuses] - 사용자별 읽음 상태 목록 조회 응답: count=1
26-05-15 10:34:22.049 [http-nio-8080-exec-1] [32mDEBUG[0;39m c.s.m.d.config.MDCLoggingInterceptor [c0bd7141728943e89784dd92a13e83f8 | GET | /api/readStatuses] - Request completed
26-05-15 10:34:25.010 [http-nio-8080-exec-9] [32mDEBUG[0;39m c.s.m.d.config.MDCLoggingInterceptor [b63fba315ae7415a93881d826e11e8dd | GET | /api/channels] - Request started
26-05-15 10:34:25.010 [http-nio-8080-exec-9] [32mINFO [0;39m c.s.m.d.controller.ChannelController [b63fba315ae7415a93881d826e11e8dd | GET | /api/channels] - 사용자별 채널 목록 조회 요청: userId=aba478e0-9386-4424-924f-249335d64694
26-05-15 10:34:25.012 [http-nio-8080-exec-9] [32mDEBUG[0;39m org.hibernate.SQL                    [b63fba315ae7415a93881d826e11e8dd | GET | /api/channels] - 
    select
        rs1_0.id,
        rs1_0.channel_id,
        rs1_0.created_at,
        rs1_0.last_read_at,
        rs1_0.updated_at,
        rs1_0.user_id 
    from
        read_statuses rs1_0 
    where
        rs1_0.user_id=?
26-05-15 10:34:25.013 [http-nio-8080-exec-9] [32mTRACE[0;39m org.hibernate.orm.jdbc.bind          [b63fba315ae7415a93881d826e11e8dd | GET | /api/channels] - binding parameter (1:UUID) <- [aba478e0-9386-4424-924f-249335d64694]
26-05-15 10:34:25.015 [http-nio-8080-exec-9] [32mDEBUG[0;39m org.hibernate.SQL                    [b63fba315ae7415a93881d826e11e8dd | GET | /api/channels] - 
    select
        c1_0.id,
        c1_0.created_at,
        c1_0.description,
        c1_0.name,
        c1_0.type,
        c1_0.updated_at 
    from
        channels c1_0 
    where
        c1_0.type=? 
        or c1_0.id in (?)
26-05-15 10:34:25.015 [http-nio-8080-exec-9] [32mTRACE[0;39m org.hibernate.orm.jdbc.bind          [b63fba315ae7415a93881d826e11e8dd | GET | /api/channels] - binding parameter (1:VARCHAR) <- [PUBLIC]
26-05-15 10:34:25.015 [http-nio-8080-exec-9] [32mTRACE[0;39m org.hibernate.orm.jdbc.bind          [b63fba315ae7415a93881d826e11e8dd | GET | /api/channels] - binding parameter (2:UUID) <- [0fb828ec-2cee-497c-8e87-348831a67f03]
26-05-15 10:34:25.018 [http-nio-8080-exec-9] [32mDEBUG[0;39m org.hibernate.SQL                    [b63fba315ae7415a93881d826e11e8dd | GET | /api/channels] - 
    select
        m1_0.created_at 
    from
        messages m1_0 
    where
        m1_0.channel_id=? 
    order by
        m1_0.created_at desc 
    fetch
        first 1 rows only
26-05-15 10:34:25.018 [http-nio-8080-exec-9] [32mTRACE[0;39m org.hibernate.orm.jdbc.bind          [b63fba315ae7415a93881d826e11e8dd | GET | /api/channels] - binding parameter (1:UUID) <- [7cdff344-ade9-4175-ad8a-0acaa200aaa4]
26-05-15 10:34:25.022 [http-nio-8080-exec-9] [32mDEBUG[0;39m org.hibernate.SQL                    [b63fba315ae7415a93881d826e11e8dd | GET | /api/channels] - 
    select
        m1_0.created_at 
    from
        messages m1_0 
    where
        m1_0.channel_id=? 
    order by
        m1_0.created_at desc 
    fetch
        first 1 rows only
26-05-15 10:34:25.022 [http-nio-8080-exec-9] [32mTRACE[0;39m org.hibernate.orm.jdbc.bind          [b63fba315ae7415a93881d826e11e8dd | GET | /api/channels] - binding parameter (1:UUID) <- [4c2389f4-ec8c-4a2f-97b8-18350b7aef48]
26-05-15 10:34:25.024 [http-nio-8080-exec-9] [32mDEBUG[0;39m org.hibernate.SQL                    [b63fba315ae7415a93881d826e11e8dd | GET | /api/channels] - 
    select
        m1_0.created_at 
    from
        messages m1_0 
    where
        m1_0.channel_id=? 
    order by
        m1_0.created_at desc 
    fetch
        first 1 rows only
26-05-15 10:34:25.024 [http-nio-8080-exec-9] [32mTRACE[0;39m org.hibernate.orm.jdbc.bind          [b63fba315ae7415a93881d826e11e8dd | GET | /api/channels] - binding parameter (1:UUID) <- [0fb828ec-2cee-497c-8e87-348831a67f03]
26-05-15 10:34:25.027 [http-nio-8080-exec-9] [32mDEBUG[0;39m c.s.m.d.controller.ChannelController [b63fba315ae7415a93881d826e11e8dd | GET | /api/channels] - 사용자별 채널 목록 조회 응답: count=3
26-05-15 10:34:25.028 [http-nio-8080-exec-9] [32mDEBUG[0;39m c.s.m.d.config.MDCLoggingInterceptor [b63fba315ae7415a93881d826e11e8dd | GET | /api/channels] - Request completed
26-05-15 10:34:25.038 [http-nio-8080-exec-4] [32mDEBUG[0;39m c.s.m.d.config.MDCLoggingInterceptor [9dd5250eb722407cb265c3486cda0132 | GET | /api/readStatuses] - Request started
26-05-15 10:34:25.039 [http-nio-8080-exec-4] [32mINFO [0;39m c.s.m.d.c.ReadStatusController       [9dd5250eb722407cb265c3486cda0132 | GET | /api/readStatuses] - 사용자별 읽음 상태 목록 조회 요청: userId=aba478e0-9386-4424-924f-249335d64694
26-05-15 10:34:25.039 [http-nio-8080-exec-4] [32mDEBUG[0;39m c.s.m.d.s.b.BasicReadStatusService   [9dd5250eb722407cb265c3486cda0132 | GET | /api/readStatuses] - 사용자별 읽음 상태 목록 조회 시작: userId=aba478e0-9386-4424-924f-249335d64694
26-05-15 10:34:25.042 [http-nio-8080-exec-4] [32mDEBUG[0;39m org.hibernate.SQL                    [9dd5250eb722407cb265c3486cda0132 | GET | /api/readStatuses] - 
    select
        rs1_0.id,
        rs1_0.channel_id,
        rs1_0.created_at,
        rs1_0.last_read_at,
        rs1_0.updated_at,
        rs1_0.user_id 
    from
        read_statuses rs1_0 
    where
        rs1_0.user_id=?
26-05-15 10:34:25.043 [http-nio-8080-exec-4] [32mTRACE[0;39m org.hibernate.orm.jdbc.bind          [9dd5250eb722407cb265c3486cda0132 | GET | /api/readStatuses] - binding parameter (1:UUID) <- [aba478e0-9386-4424-924f-249335d64694]
26-05-15 10:34:25.044 [http-nio-8080-exec-4] [32mINFO [0;39m c.s.m.d.s.b.BasicReadStatusService   [9dd5250eb722407cb265c3486cda0132 | GET | /api/readStatuses] - 사용자별 읽음 상태 목록 조회 완료: userId=aba478e0-9386-4424-924f-249335d64694, 조회된 항목 수=1
26-05-15 10:34:25.045 [http-nio-8080-exec-4] [32mDEBUG[0;39m c.s.m.d.c.ReadStatusController       [9dd5250eb722407cb265c3486cda0132 | GET | /api/readStatuses] - 사용자별 읽음 상태 목록 조회 응답: count=1
26-05-15 10:34:25.046 [http-nio-8080-exec-4] [32mDEBUG[0;39m c.s.m.d.config.MDCLoggingInterceptor [9dd5250eb722407cb265c3486cda0132 | GET | /api/readStatuses] - Request completed
26-05-15 10:34:28.011 [http-nio-8080-exec-8] [32mDEBUG[0;39m c.s.m.d.config.MDCLoggingInterceptor [ded4281a42314c0da1599f0a3450dd4f | GET | /api/channels] - Request started
26-05-15 10:34:28.012 [http-nio-8080-exec-8] [32mINFO [0;39m c.s.m.d.controller.ChannelController [ded4281a42314c0da1599f0a3450dd4f | GET | /api/channels] - 사용자별 채널 목록 조회 요청: userId=aba478e0-9386-4424-924f-249335d64694
26-05-15 10:34:28.014 [http-nio-8080-exec-8] [32mDEBUG[0;39m org.hibernate.SQL                    [ded4281a42314c0da1599f0a3450dd4f | GET | /api/channels] - 
    select
        rs1_0.id,
        rs1_0.channel_id,
        rs1_0.created_at,
        rs1_0.last_read_at,
        rs1_0.updated_at,
        rs1_0.user_id 
    from
        read_statuses rs1_0 
    where
        rs1_0.user_id=?
26-05-15 10:34:28.014 [http-nio-8080-exec-8] [32mTRACE[0;39m org.hibernate.orm.jdbc.bind          [ded4281a42314c0da1599f0a3450dd4f | GET | /api/channels] - binding parameter (1:UUID) <- [aba478e0-9386-4424-924f-249335d64694]
26-05-15 10:34:28.017 [http-nio-8080-exec-8] [32mDEBUG[0;39m org.hibernate.SQL                    [ded4281a42314c0da1599f0a3450dd4f | GET | /api/channels] - 
    select
        c1_0.id,
        c1_0.created_at,
        c1_0.description,
        c1_0.name,
        c1_0.type,
        c1_0.updated_at 
    from
        channels c1_0 
    where
        c1_0.type=? 
        or c1_0.id in (?)
26-05-15 10:34:28.018 [http-nio-8080-exec-8] [32mTRACE[0;39m org.hibernate.orm.jdbc.bind          [ded4281a42314c0da1599f0a3450dd4f | GET | /api/channels] - binding parameter (1:VARCHAR) <- [PUBLIC]
26-05-15 10:34:28.018 [http-nio-8080-exec-8] [32mTRACE[0;39m org.hibernate.orm.jdbc.bind          [ded4281a42314c0da1599f0a3450dd4f | GET | /api/channels] - binding parameter (2:UUID) <- [0fb828ec-2cee-497c-8e87-348831a67f03]
26-05-15 10:34:28.019 [http-nio-8080-exec-8] [32mDEBUG[0;39m org.hibernate.SQL                    [ded4281a42314c0da1599f0a3450dd4f | GET | /api/channels] - 
    select
        m1_0.created_at 
    from
        messages m1_0 
    where
        m1_0.channel_id=? 
    order by
        m1_0.created_at desc 
    fetch
        first 1 rows only
26-05-15 10:34:28.019 [http-nio-8080-exec-8] [32mTRACE[0;39m org.hibernate.orm.jdbc.bind          [ded4281a42314c0da1599f0a3450dd4f | GET | /api/channels] - binding parameter (1:UUID) <- [7cdff344-ade9-4175-ad8a-0acaa200aaa4]
26-05-15 10:34:28.020 [http-nio-8080-exec-8] [32mDEBUG[0;39m org.hibernate.SQL                    [ded4281a42314c0da1599f0a3450dd4f | GET | /api/channels] - 
    select
        m1_0.created_at 
    from
        messages m1_0 
    where
        m1_0.channel_id=? 
    order by
        m1_0.created_at desc 
    fetch
        first 1 rows only
26-05-15 10:34:28.020 [http-nio-8080-exec-8] [32mTRACE[0;39m org.hibernate.orm.jdbc.bind          [ded4281a42314c0da1599f0a3450dd4f | GET | /api/channels] - binding parameter (1:UUID) <- [4c2389f4-ec8c-4a2f-97b8-18350b7aef48]
26-05-15 10:34:28.021 [http-nio-8080-exec-8] [32mDEBUG[0;39m org.hibernate.SQL                    [ded4281a42314c0da1599f0a3450dd4f | GET | /api/channels] - 
    select
        m1_0.created_at 
    from
        messages m1_0 
    where
        m1_0.channel_id=? 
    order by
        m1_0.created_at desc 
    fetch
        first 1 rows only
26-05-15 10:34:28.021 [http-nio-8080-exec-8] [32mTRACE[0;39m org.hibernate.orm.jdbc.bind          [ded4281a42314c0da1599f0a3450dd4f | GET | /api/channels] - binding parameter (1:UUID) <- [0fb828ec-2cee-497c-8e87-348831a67f03]
26-05-15 10:34:28.023 [http-nio-8080-exec-8] [32mDEBUG[0;39m c.s.m.d.controller.ChannelController [ded4281a42314c0da1599f0a3450dd4f | GET | /api/channels] - 사용자별 채널 목록 조회 응답: count=3
26-05-15 10:34:28.024 [http-nio-8080-exec-8] [32mDEBUG[0;39m c.s.m.d.config.MDCLoggingInterceptor [ded4281a42314c0da1599f0a3450dd4f | GET | /api/channels] - Request completed
26-05-15 10:34:28.032 [http-nio-8080-exec-6] [32mDEBUG[0;39m c.s.m.d.config.MDCLoggingInterceptor [5686489ec2dc499b87a1acfa67f621ba | GET | /api/readStatuses] - Request started
26-05-15 10:34:28.033 [http-nio-8080-exec-6] [32mINFO [0;39m c.s.m.d.c.ReadStatusController       [5686489ec2dc499b87a1acfa67f621ba | GET | /api/readStatuses] - 사용자별 읽음 상태 목록 조회 요청: userId=aba478e0-9386-4424-924f-249335d64694
26-05-15 10:34:28.034 [http-nio-8080-exec-6] [32mDEBUG[0;39m c.s.m.d.s.b.BasicReadStatusService   [5686489ec2dc499b87a1acfa67f621ba | GET | /api/readStatuses] - 사용자별 읽음 상태 목록 조회 시작: userId=aba478e0-9386-4424-924f-249335d64694
26-05-15 10:34:28.036 [http-nio-8080-exec-6] [32mDEBUG[0;39m org.hibernate.SQL                    [5686489ec2dc499b87a1acfa67f621ba | GET | /api/readStatuses] - 
    select
        rs1_0.id,
        rs1_0.channel_id,
        rs1_0.created_at,
        rs1_0.last_read_at,
        rs1_0.updated_at,
        rs1_0.user_id 
    from
        read_statuses rs1_0 
    where
        rs1_0.user_id=?
26-05-15 10:34:28.036 [http-nio-8080-exec-6] [32mTRACE[0;39m org.hibernate.orm.jdbc.bind          [5686489ec2dc499b87a1acfa67f621ba | GET | /api/readStatuses] - binding parameter (1:UUID) <- [aba478e0-9386-4424-924f-249335d64694]
26-05-15 10:34:28.038 [http-nio-8080-exec-6] [32mINFO [0;39m c.s.m.d.s.b.BasicReadStatusService   [5686489ec2dc499b87a1acfa67f621ba | GET | /api/readStatuses] - 사용자별 읽음 상태 목록 조회 완료: userId=aba478e0-9386-4424-924f-249335d64694, 조회된 항목 수=1
26-05-15 10:34:28.040 [http-nio-8080-exec-6] [32mDEBUG[0;39m c.s.m.d.c.ReadStatusController       [5686489ec2dc499b87a1acfa67f621ba | GET | /api/readStatuses] - 사용자별 읽음 상태 목록 조회 응답: count=1
26-05-15 10:34:28.041 [http-nio-8080-exec-6] [32mDEBUG[0;39m c.s.m.d.config.MDCLoggingInterceptor [5686489ec2dc499b87a1acfa67f621ba | GET | /api/readStatuses] - Request completed
26-05-15 10:34:31.019 [http-nio-8080-exec-7] [32mDEBUG[0;39m c.s.m.d.config.MDCLoggingInterceptor [3428ab1e3595416392ab3de4f708186b | GET | /api/channels] - Request started
26-05-15 10:34:31.019 [http-nio-8080-exec-7] [32mINFO [0;39m c.s.m.d.controller.ChannelController [3428ab1e3595416392ab3de4f708186b | GET | /api/channels] - 사용자별 채널 목록 조회 요청: userId=aba478e0-9386-4424-924f-249335d64694
26-05-15 10:34:31.022 [http-nio-8080-exec-7] [32mDEBUG[0;39m org.hibernate.SQL                    [3428ab1e3595416392ab3de4f708186b | GET | /api/channels] - 
    select
        rs1_0.id,
        rs1_0.channel_id,
        rs1_0.created_at,
        rs1_0.last_read_at,
        rs1_0.updated_at,
        rs1_0.user_id 
    from
        read_statuses rs1_0 
    where
        rs1_0.user_id=?
26-05-15 10:34:31.022 [http-nio-8080-exec-7] [32mTRACE[0;39m org.hibernate.orm.jdbc.bind          [3428ab1e3595416392ab3de4f708186b | GET | /api/channels] - binding parameter (1:UUID) <- [aba478e0-9386-4424-924f-249335d64694]
26-05-15 10:34:31.025 [http-nio-8080-exec-7] [32mDEBUG[0;39m org.hibernate.SQL                    [3428ab1e3595416392ab3de4f708186b | GET | /api/channels] - 
    select
        c1_0.id,
        c1_0.created_at,
        c1_0.description,
        c1_0.name,
        c1_0.type,
        c1_0.updated_at 
    from
        channels c1_0 
    where
        c1_0.type=? 
        or c1_0.id in (?)
26-05-15 10:34:31.025 [http-nio-8080-exec-7] [32mTRACE[0;39m org.hibernate.orm.jdbc.bind          [3428ab1e3595416392ab3de4f708186b | GET | /api/channels] - binding parameter (1:VARCHAR) <- [PUBLIC]
26-05-15 10:34:31.025 [http-nio-8080-exec-7] [32mTRACE[0;39m org.hibernate.orm.jdbc.bind          [3428ab1e3595416392ab3de4f708186b | GET | /api/channels] - binding parameter (2:UUID) <- [0fb828ec-2cee-497c-8e87-348831a67f03]
26-05-15 10:34:31.029 [http-nio-8080-exec-7] [32mDEBUG[0;39m org.hibernate.SQL                    [3428ab1e3595416392ab3de4f708186b | GET | /api/channels] - 
    select
        m1_0.created_at 
    from
        messages m1_0 
    where
        m1_0.channel_id=? 
    order by
        m1_0.created_at desc 
    fetch
        first 1 rows only
26-05-15 10:34:31.029 [http-nio-8080-exec-7] [32mTRACE[0;39m org.hibernate.orm.jdbc.bind          [3428ab1e3595416392ab3de4f708186b | GET | /api/channels] - binding parameter (1:UUID) <- [7cdff344-ade9-4175-ad8a-0acaa200aaa4]
26-05-15 10:34:31.031 [http-nio-8080-exec-7] [32mDEBUG[0;39m org.hibernate.SQL                    [3428ab1e3595416392ab3de4f708186b | GET | /api/channels] - 
    select
        m1_0.created_at 
    from
        messages m1_0 
    where
        m1_0.channel_id=? 
    order by
        m1_0.created_at desc 
    fetch
        first 1 rows only
26-05-15 10:34:31.032 [http-nio-8080-exec-7] [32mTRACE[0;39m org.hibernate.orm.jdbc.bind          [3428ab1e3595416392ab3de4f708186b | GET | /api/channels] - binding parameter (1:UUID) <- [4c2389f4-ec8c-4a2f-97b8-18350b7aef48]
26-05-15 10:34:31.033 [http-nio-8080-exec-7] [32mDEBUG[0;39m org.hibernate.SQL                    [3428ab1e3595416392ab3de4f708186b | GET | /api/channels] - 
    select
        m1_0.created_at 
    from
        messages m1_0 
    where
        m1_0.channel_id=? 
    order by
        m1_0.created_at desc 
    fetch
        first 1 rows only
26-05-15 10:34:31.033 [http-nio-8080-exec-7] [32mTRACE[0;39m org.hibernate.orm.jdbc.bind          [3428ab1e3595416392ab3de4f708186b | GET | /api/channels] - binding parameter (1:UUID) <- [0fb828ec-2cee-497c-8e87-348831a67f03]
26-05-15 10:34:31.034 [http-nio-8080-exec-7] [32mDEBUG[0;39m c.s.m.d.controller.ChannelController [3428ab1e3595416392ab3de4f708186b | GET | /api/channels] - 사용자별 채널 목록 조회 응답: count=3
26-05-15 10:34:31.036 [http-nio-8080-exec-7] [32mDEBUG[0;39m c.s.m.d.config.MDCLoggingInterceptor [3428ab1e3595416392ab3de4f708186b | GET | /api/channels] - Request completed
26-05-15 10:34:31.051 [http-nio-8080-exec-3] [32mDEBUG[0;39m c.s.m.d.config.MDCLoggingInterceptor [eefe3ecf3e984d4a9a8365b8b6debc8a | GET | /api/readStatuses] - Request started
26-05-15 10:34:31.051 [http-nio-8080-exec-3] [32mINFO [0;39m c.s.m.d.c.ReadStatusController       [eefe3ecf3e984d4a9a8365b8b6debc8a | GET | /api/readStatuses] - 사용자별 읽음 상태 목록 조회 요청: userId=aba478e0-9386-4424-924f-249335d64694
26-05-15 10:34:31.052 [http-nio-8080-exec-3] [32mDEBUG[0;39m c.s.m.d.s.b.BasicReadStatusService   [eefe3ecf3e984d4a9a8365b8b6debc8a | GET | /api/readStatuses] - 사용자별 읽음 상태 목록 조회 시작: userId=aba478e0-9386-4424-924f-249335d64694
26-05-15 10:34:31.055 [http-nio-8080-exec-3] [32mDEBUG[0;39m org.hibernate.SQL                    [eefe3ecf3e984d4a9a8365b8b6debc8a | GET | /api/readStatuses] - 
    select
        rs1_0.id,
        rs1_0.channel_id,
        rs1_0.created_at,
        rs1_0.last_read_at,
        rs1_0.updated_at,
        rs1_0.user_id 
    from
        read_statuses rs1_0 
    where
        rs1_0.user_id=?
26-05-15 10:34:31.056 [http-nio-8080-exec-3] [32mTRACE[0;39m org.hibernate.orm.jdbc.bind          [eefe3ecf3e984d4a9a8365b8b6debc8a | GET | /api/readStatuses] - binding parameter (1:UUID) <- [aba478e0-9386-4424-924f-249335d64694]
26-05-15 10:34:31.057 [http-nio-8080-exec-3] [32mINFO [0;39m c.s.m.d.s.b.BasicReadStatusService   [eefe3ecf3e984d4a9a8365b8b6debc8a | GET | /api/readStatuses] - 사용자별 읽음 상태 목록 조회 완료: userId=aba478e0-9386-4424-924f-249335d64694, 조회된 항목 수=1
26-05-15 10:34:31.058 [http-nio-8080-exec-3] [32mDEBUG[0;39m c.s.m.d.c.ReadStatusController       [eefe3ecf3e984d4a9a8365b8b6debc8a | GET | /api/readStatuses] - 사용자별 읽음 상태 목록 조회 응답: count=1
26-05-15 10:34:31.059 [http-nio-8080-exec-3] [32mDEBUG[0;39m c.s.m.d.config.MDCLoggingInterceptor [eefe3ecf3e984d4a9a8365b8b6debc8a | GET | /api/readStatuses] - Request completed
26-05-15 10:34:34.022 [http-nio-8080-exec-5] [32mDEBUG[0;39m c.s.m.d.config.MDCLoggingInterceptor [125bfbec02054046a1a641072364973e | GET | /api/channels] - Request started
26-05-15 10:34:34.023 [http-nio-8080-exec-5] [32mINFO [0;39m c.s.m.d.controller.ChannelController [125bfbec02054046a1a641072364973e | GET | /api/channels] - 사용자별 채널 목록 조회 요청: userId=aba478e0-9386-4424-924f-249335d64694
26-05-15 10:34:34.027 [http-nio-8080-exec-5] [32mDEBUG[0;39m org.hibernate.SQL                    [125bfbec02054046a1a641072364973e | GET | /api/channels] - 
    select
        rs1_0.id,
        rs1_0.channel_id,
        rs1_0.created_at,
        rs1_0.last_read_at,
        rs1_0.updated_at,
        rs1_0.user_id 
    from
        read_statuses rs1_0 
    where
        rs1_0.user_id=?
26-05-15 10:34:34.027 [http-nio-8080-exec-5] [32mTRACE[0;39m org.hibernate.orm.jdbc.bind          [125bfbec02054046a1a641072364973e | GET | /api/channels] - binding parameter (1:UUID) <- [aba478e0-9386-4424-924f-249335d64694]
26-05-15 10:34:34.036 [http-nio-8080-exec-5] [32mDEBUG[0;39m org.hibernate.SQL                    [125bfbec02054046a1a641072364973e | GET | /api/channels] - 
    select
        c1_0.id,
        c1_0.created_at,
        c1_0.description,
        c1_0.name,
        c1_0.type,
        c1_0.updated_at 
    from
        channels c1_0 
    where
        c1_0.type=? 
        or c1_0.id in (?)
26-05-15 10:34:34.036 [http-nio-8080-exec-5] [32mTRACE[0;39m org.hibernate.orm.jdbc.bind          [125bfbec02054046a1a641072364973e | GET | /api/channels] - binding parameter (1:VARCHAR) <- [PUBLIC]
26-05-15 10:34:34.037 [http-nio-8080-exec-5] [32mTRACE[0;39m org.hibernate.orm.jdbc.bind          [125bfbec02054046a1a641072364973e | GET | /api/channels] - binding parameter (2:UUID) <- [0fb828ec-2cee-497c-8e87-348831a67f03]
26-05-15 10:34:34.038 [http-nio-8080-exec-5] [32mDEBUG[0;39m org.hibernate.SQL                    [125bfbec02054046a1a641072364973e | GET | /api/channels] - 
    select
        m1_0.created_at 
    from
        messages m1_0 
    where
        m1_0.channel_id=? 
    order by
        m1_0.created_at desc 
    fetch
        first 1 rows only
26-05-15 10:34:34.039 [http-nio-8080-exec-5] [32mTRACE[0;39m org.hibernate.orm.jdbc.bind          [125bfbec02054046a1a641072364973e | GET | /api/channels] - binding parameter (1:UUID) <- [7cdff344-ade9-4175-ad8a-0acaa200aaa4]
26-05-15 10:34:34.040 [http-nio-8080-exec-5] [32mDEBUG[0;39m org.hibernate.SQL                    [125bfbec02054046a1a641072364973e | GET | /api/channels] - 
    select
        m1_0.created_at 
    from
        messages m1_0 
    where
        m1_0.channel_id=? 
    order by
        m1_0.created_at desc 
    fetch
        first 1 rows only
26-05-15 10:34:34.040 [http-nio-8080-exec-5] [32mTRACE[0;39m org.hibernate.orm.jdbc.bind          [125bfbec02054046a1a641072364973e | GET | /api/channels] - binding parameter (1:UUID) <- [4c2389f4-ec8c-4a2f-97b8-18350b7aef48]
26-05-15 10:34:34.042 [http-nio-8080-exec-5] [32mDEBUG[0;39m org.hibernate.SQL                    [125bfbec02054046a1a641072364973e | GET | /api/channels] - 
    select
        m1_0.created_at 
    from
        messages m1_0 
    where
        m1_0.channel_id=? 
    order by
        m1_0.created_at desc 
    fetch
        first 1 rows only
26-05-15 10:34:34.042 [http-nio-8080-exec-5] [32mTRACE[0;39m org.hibernate.orm.jdbc.bind          [125bfbec02054046a1a641072364973e | GET | /api/channels] - binding parameter (1:UUID) <- [0fb828ec-2cee-497c-8e87-348831a67f03]
26-05-15 10:34:34.043 [http-nio-8080-exec-5] [32mDEBUG[0;39m c.s.m.d.controller.ChannelController [125bfbec02054046a1a641072364973e | GET | /api/channels] - 사용자별 채널 목록 조회 응답: count=3
26-05-15 10:34:34.046 [http-nio-8080-exec-5] [32mDEBUG[0;39m c.s.m.d.config.MDCLoggingInterceptor [125bfbec02054046a1a641072364973e | GET | /api/channels] - Request completed
26-05-15 10:34:34.059 [http-nio-8080-exec-10] [32mDEBUG[0;39m c.s.m.d.config.MDCLoggingInterceptor [8ce2d5c61e4b42dcacdbbd36dbc3d3fa | GET | /api/readStatuses] - Request started
26-05-15 10:34:34.060 [http-nio-8080-exec-10] [32mINFO [0;39m c.s.m.d.c.ReadStatusController       [8ce2d5c61e4b42dcacdbbd36dbc3d3fa | GET | /api/readStatuses] - 사용자별 읽음 상태 목록 조회 요청: userId=aba478e0-9386-4424-924f-249335d64694
26-05-15 10:34:34.061 [http-nio-8080-exec-10] [32mDEBUG[0;39m c.s.m.d.s.b.BasicReadStatusService   [8ce2d5c61e4b42dcacdbbd36dbc3d3fa | GET | /api/readStatuses] - 사용자별 읽음 상태 목록 조회 시작: userId=aba478e0-9386-4424-924f-249335d64694
26-05-15 10:34:34.063 [http-nio-8080-exec-10] [32mDEBUG[0;39m org.hibernate.SQL                    [8ce2d5c61e4b42dcacdbbd36dbc3d3fa | GET | /api/readStatuses] - 
    select
        rs1_0.id,
        rs1_0.channel_id,
        rs1_0.created_at,
        rs1_0.last_read_at,
        rs1_0.updated_at,
        rs1_0.user_id 
    from
        read_statuses rs1_0 
    where
        rs1_0.user_id=?
26-05-15 10:34:34.063 [http-nio-8080-exec-10] [32mTRACE[0;39m org.hibernate.orm.jdbc.bind          [8ce2d5c61e4b42dcacdbbd36dbc3d3fa | GET | /api/readStatuses] - binding parameter (1:UUID) <- [aba478e0-9386-4424-924f-249335d64694]
26-05-15 10:34:34.064 [http-nio-8080-exec-10] [32mINFO [0;39m c.s.m.d.s.b.BasicReadStatusService   [8ce2d5c61e4b42dcacdbbd36dbc3d3fa | GET | /api/readStatuses] - 사용자별 읽음 상태 목록 조회 완료: userId=aba478e0-9386-4424-924f-249335d64694, 조회된 항목 수=1
26-05-15 10:34:34.064 [http-nio-8080-exec-10] [32mDEBUG[0;39m c.s.m.d.c.ReadStatusController       [8ce2d5c61e4b42dcacdbbd36dbc3d3fa | GET | /api/readStatuses] - 사용자별 읽음 상태 목록 조회 응답: count=1
26-05-15 10:34:34.066 [http-nio-8080-exec-10] [32mDEBUG[0;39m c.s.m.d.config.MDCLoggingInterceptor [8ce2d5c61e4b42dcacdbbd36dbc3d3fa | GET | /api/readStatuses] - Request completed
26-05-15 10:34:37.021 [http-nio-8080-exec-2] [32mDEBUG[0;39m c.s.m.d.config.MDCLoggingInterceptor [3f1d7b3fa05b4df6a6ab5c9312070140 | GET | /api/channels] - Request started
26-05-15 10:34:37.029 [http-nio-8080-exec-2] [32mINFO [0;39m c.s.m.d.controller.ChannelController [3f1d7b3fa05b4df6a6ab5c9312070140 | GET | /api/channels] - 사용자별 채널 목록 조회 요청: userId=aba478e0-9386-4424-924f-249335d64694
26-05-15 10:34:37.032 [http-nio-8080-exec-2] [32mDEBUG[0;39m org.hibernate.SQL                    [3f1d7b3fa05b4df6a6ab5c9312070140 | GET | /api/channels] - 
    select
        rs1_0.id,
        rs1_0.channel_id,
        rs1_0.created_at,
        rs1_0.last_read_at,
        rs1_0.updated_at,
        rs1_0.user_id 
    from
        read_statuses rs1_0 
    where
        rs1_0.user_id=?
26-05-15 10:34:37.032 [http-nio-8080-exec-2] [32mTRACE[0;39m org.hibernate.orm.jdbc.bind          [3f1d7b3fa05b4df6a6ab5c9312070140 | GET | /api/channels] - binding parameter (1:UUID) <- [aba478e0-9386-4424-924f-249335d64694]
26-05-15 10:34:37.035 [http-nio-8080-exec-2] [32mDEBUG[0;39m org.hibernate.SQL                    [3f1d7b3fa05b4df6a6ab5c9312070140 | GET | /api/channels] - 
    select
        c1_0.id,
        c1_0.created_at,
        c1_0.description,
        c1_0.name,
        c1_0.type,
        c1_0.updated_at 
    from
        channels c1_0 
    where
        c1_0.type=? 
        or c1_0.id in (?)
26-05-15 10:34:37.035 [http-nio-8080-exec-2] [32mTRACE[0;39m org.hibernate.orm.jdbc.bind          [3f1d7b3fa05b4df6a6ab5c9312070140 | GET | /api/channels] - binding parameter (1:VARCHAR) <- [PUBLIC]
26-05-15 10:34:37.035 [http-nio-8080-exec-2] [32mTRACE[0;39m org.hibernate.orm.jdbc.bind          [3f1d7b3fa05b4df6a6ab5c9312070140 | GET | /api/channels] - binding parameter (2:UUID) <- [0fb828ec-2cee-497c-8e87-348831a67f03]
26-05-15 10:34:37.037 [http-nio-8080-exec-2] [32mDEBUG[0;39m org.hibernate.SQL                    [3f1d7b3fa05b4df6a6ab5c9312070140 | GET | /api/channels] - 
    select
        m1_0.created_at 
    from
        messages m1_0 
    where
        m1_0.channel_id=? 
    order by
        m1_0.created_at desc 
    fetch
        first 1 rows only
26-05-15 10:34:37.037 [http-nio-8080-exec-2] [32mTRACE[0;39m org.hibernate.orm.jdbc.bind          [3f1d7b3fa05b4df6a6ab5c9312070140 | GET | /api/channels] - binding parameter (1:UUID) <- [7cdff344-ade9-4175-ad8a-0acaa200aaa4]
26-05-15 10:34:37.039 [http-nio-8080-exec-2] [32mDEBUG[0;39m org.hibernate.SQL                    [3f1d7b3fa05b4df6a6ab5c9312070140 | GET | /api/channels] - 
    select
        m1_0.created_at 
    from
        messages m1_0 
    where
        m1_0.channel_id=? 
    order by
        m1_0.created_at desc 
    fetch
        first 1 rows only
26-05-15 10:34:37.039 [http-nio-8080-exec-2] [32mTRACE[0;39m org.hibernate.orm.jdbc.bind          [3f1d7b3fa05b4df6a6ab5c9312070140 | GET | /api/channels] - binding parameter (1:UUID) <- [4c2389f4-ec8c-4a2f-97b8-18350b7aef48]
26-05-15 10:34:37.039 [http-nio-8080-exec-2] [32mDEBUG[0;39m org.hibernate.SQL                    [3f1d7b3fa05b4df6a6ab5c9312070140 | GET | /api/channels] - 
    select
        m1_0.created_at 
    from
        messages m1_0 
    where
        m1_0.channel_id=? 
    order by
        m1_0.created_at desc 
    fetch
        first 1 rows only
26-05-15 10:34:37.039 [http-nio-8080-exec-2] [32mTRACE[0;39m org.hibernate.orm.jdbc.bind          [3f1d7b3fa05b4df6a6ab5c9312070140 | GET | /api/channels] - binding parameter (1:UUID) <- [0fb828ec-2cee-497c-8e87-348831a67f03]
26-05-15 10:34:37.040 [http-nio-8080-exec-2] [32mDEBUG[0;39m c.s.m.d.controller.ChannelController [3f1d7b3fa05b4df6a6ab5c9312070140 | GET | /api/channels] - 사용자별 채널 목록 조회 응답: count=3
26-05-15 10:34:37.042 [http-nio-8080-exec-2] [32mDEBUG[0;39m c.s.m.d.config.MDCLoggingInterceptor [3f1d7b3fa05b4df6a6ab5c9312070140 | GET | /api/channels] - Request completed
26-05-15 10:34:37.075 [http-nio-8080-exec-1] [32mDEBUG[0;39m c.s.m.d.config.MDCLoggingInterceptor [41aa752d24ce40218b2a1c38c00516b4 | GET | /api/readStatuses] - Request started
26-05-15 10:34:37.075 [http-nio-8080-exec-1] [32mINFO [0;39m c.s.m.d.c.ReadStatusController       [41aa752d24ce40218b2a1c38c00516b4 | GET | /api/readStatuses] - 사용자별 읽음 상태 목록 조회 요청: userId=aba478e0-9386-4424-924f-249335d64694
26-05-15 10:34:37.076 [http-nio-8080-exec-1] [32mDEBUG[0;39m c.s.m.d.s.b.BasicReadStatusService   [41aa752d24ce40218b2a1c38c00516b4 | GET | /api/readStatuses] - 사용자별 읽음 상태 목록 조회 시작: userId=aba478e0-9386-4424-924f-249335d64694
26-05-15 10:34:37.078 [http-nio-8080-exec-1] [32mDEBUG[0;39m org.hibernate.SQL                    [41aa752d24ce40218b2a1c38c00516b4 | GET | /api/readStatuses] - 
    select
        rs1_0.id,
        rs1_0.channel_id,
        rs1_0.created_at,
        rs1_0.last_read_at,
        rs1_0.updated_at,
        rs1_0.user_id 
    from
        read_statuses rs1_0 
    where
        rs1_0.user_id=?
26-05-15 10:34:37.078 [http-nio-8080-exec-1] [32mTRACE[0;39m org.hibernate.orm.jdbc.bind          [41aa752d24ce40218b2a1c38c00516b4 | GET | /api/readStatuses] - binding parameter (1:UUID) <- [aba478e0-9386-4424-924f-249335d64694]
26-05-15 10:34:37.079 [http-nio-8080-exec-1] [32mINFO [0;39m c.s.m.d.s.b.BasicReadStatusService   [41aa752d24ce40218b2a1c38c00516b4 | GET | /api/readStatuses] - 사용자별 읽음 상태 목록 조회 완료: userId=aba478e0-9386-4424-924f-249335d64694, 조회된 항목 수=1
26-05-15 10:34:37.080 [http-nio-8080-exec-1] [32mDEBUG[0;39m c.s.m.d.c.ReadStatusController       [41aa752d24ce40218b2a1c38c00516b4 | GET | /api/readStatuses] - 사용자별 읽음 상태 목록 조회 응답: count=1
26-05-15 10:34:37.081 [http-nio-8080-exec-1] [32mDEBUG[0;39m c.s.m.d.config.MDCLoggingInterceptor [41aa752d24ce40218b2a1c38c00516b4 | GET | /api/readStatuses] - Request completed
26-05-15 10:34:40.010 [http-nio-8080-exec-9] [32mDEBUG[0;39m c.s.m.d.config.MDCLoggingInterceptor [6f1b5dc00cc940d9b673b651c785f09f | GET | /api/channels] - Request started
26-05-15 10:34:40.011 [http-nio-8080-exec-9] [32mINFO [0;39m c.s.m.d.controller.ChannelController [6f1b5dc00cc940d9b673b651c785f09f | GET | /api/channels] - 사용자별 채널 목록 조회 요청: userId=aba478e0-9386-4424-924f-249335d64694
26-05-15 10:34:40.013 [http-nio-8080-exec-9] [32mDEBUG[0;39m org.hibernate.SQL                    [6f1b5dc00cc940d9b673b651c785f09f | GET | /api/channels] - 
    select
        rs1_0.id,
        rs1_0.channel_id,
        rs1_0.created_at,
        rs1_0.last_read_at,
        rs1_0.updated_at,
        rs1_0.user_id 
    from
        read_statuses rs1_0 
    where
        rs1_0.user_id=?
26-05-15 10:34:40.014 [http-nio-8080-exec-9] [32mTRACE[0;39m org.hibernate.orm.jdbc.bind          [6f1b5dc00cc940d9b673b651c785f09f | GET | /api/channels] - binding parameter (1:UUID) <- [aba478e0-9386-4424-924f-249335d64694]
26-05-15 10:34:40.016 [http-nio-8080-exec-9] [32mDEBUG[0;39m org.hibernate.SQL                    [6f1b5dc00cc940d9b673b651c785f09f | GET | /api/channels] - 
    select
        c1_0.id,
        c1_0.created_at,
        c1_0.description,
        c1_0.name,
        c1_0.type,
        c1_0.updated_at 
    from
        channels c1_0 
    where
        c1_0.type=? 
        or c1_0.id in (?)
26-05-15 10:34:40.017 [http-nio-8080-exec-9] [32mTRACE[0;39m org.hibernate.orm.jdbc.bind          [6f1b5dc00cc940d9b673b651c785f09f | GET | /api/channels] - binding parameter (1:VARCHAR) <- [PUBLIC]
26-05-15 10:34:40.017 [http-nio-8080-exec-9] [32mTRACE[0;39m org.hibernate.orm.jdbc.bind          [6f1b5dc00cc940d9b673b651c785f09f | GET | /api/channels] - binding parameter (2:UUID) <- [0fb828ec-2cee-497c-8e87-348831a67f03]
26-05-15 10:34:40.018 [http-nio-8080-exec-9] [32mDEBUG[0;39m org.hibernate.SQL                    [6f1b5dc00cc940d9b673b651c785f09f | GET | /api/channels] - 
    select
        m1_0.created_at 
    from
        messages m1_0 
    where
        m1_0.channel_id=? 
    order by
        m1_0.created_at desc 
    fetch
        first 1 rows only
26-05-15 10:34:40.018 [http-nio-8080-exec-9] [32mTRACE[0;39m org.hibernate.orm.jdbc.bind          [6f1b5dc00cc940d9b673b651c785f09f | GET | /api/channels] - binding parameter (1:UUID) <- [7cdff344-ade9-4175-ad8a-0acaa200aaa4]
26-05-15 10:34:40.020 [http-nio-8080-exec-9] [32mDEBUG[0;39m org.hibernate.SQL                    [6f1b5dc00cc940d9b673b651c785f09f | GET | /api/channels] - 
    select
        m1_0.created_at 
    from
        messages m1_0 
    where
        m1_0.channel_id=? 
    order by
        m1_0.created_at desc 
    fetch
        first 1 rows only
26-05-15 10:34:40.020 [http-nio-8080-exec-9] [32mTRACE[0;39m org.hibernate.orm.jdbc.bind          [6f1b5dc00cc940d9b673b651c785f09f | GET | /api/channels] - binding parameter (1:UUID) <- [4c2389f4-ec8c-4a2f-97b8-18350b7aef48]
26-05-15 10:34:40.021 [http-nio-8080-exec-9] [32mDEBUG[0;39m org.hibernate.SQL                    [6f1b5dc00cc940d9b673b651c785f09f | GET | /api/channels] - 
    select
        m1_0.created_at 
    from
        messages m1_0 
    where
        m1_0.channel_id=? 
    order by
        m1_0.created_at desc 
    fetch
        first 1 rows only
26-05-15 10:34:40.021 [http-nio-8080-exec-9] [32mTRACE[0;39m org.hibernate.orm.jdbc.bind          [6f1b5dc00cc940d9b673b651c785f09f | GET | /api/channels] - binding parameter (1:UUID) <- [0fb828ec-2cee-497c-8e87-348831a67f03]
26-05-15 10:34:40.023 [http-nio-8080-exec-9] [32mDEBUG[0;39m c.s.m.d.controller.ChannelController [6f1b5dc00cc940d9b673b651c785f09f | GET | /api/channels] - 사용자별 채널 목록 조회 응답: count=3
26-05-15 10:34:40.026 [http-nio-8080-exec-9] [32mDEBUG[0;39m c.s.m.d.config.MDCLoggingInterceptor [6f1b5dc00cc940d9b673b651c785f09f | GET | /api/channels] - Request completed
26-05-15 10:34:40.035 [http-nio-8080-exec-4] [32mDEBUG[0;39m c.s.m.d.config.MDCLoggingInterceptor [1d72564ab5d44a0383e61d2fc6052669 | GET | /api/readStatuses] - Request started
26-05-15 10:34:40.035 [http-nio-8080-exec-4] [32mINFO [0;39m c.s.m.d.c.ReadStatusController       [1d72564ab5d44a0383e61d2fc6052669 | GET | /api/readStatuses] - 사용자별 읽음 상태 목록 조회 요청: userId=aba478e0-9386-4424-924f-249335d64694
26-05-15 10:34:40.036 [http-nio-8080-exec-4] [32mDEBUG[0;39m c.s.m.d.s.b.BasicReadStatusService   [1d72564ab5d44a0383e61d2fc6052669 | GET | /api/readStatuses] - 사용자별 읽음 상태 목록 조회 시작: userId=aba478e0-9386-4424-924f-249335d64694
26-05-15 10:34:40.038 [http-nio-8080-exec-4] [32mDEBUG[0;39m org.hibernate.SQL                    [1d72564ab5d44a0383e61d2fc6052669 | GET | /api/readStatuses] - 
    select
        rs1_0.id,
        rs1_0.channel_id,
        rs1_0.created_at,
        rs1_0.last_read_at,
        rs1_0.updated_at,
        rs1_0.user_id 
    from
        read_statuses rs1_0 
    where
        rs1_0.user_id=?
26-05-15 10:34:40.038 [http-nio-8080-exec-4] [32mTRACE[0;39m org.hibernate.orm.jdbc.bind          [1d72564ab5d44a0383e61d2fc6052669 | GET | /api/readStatuses] - binding parameter (1:UUID) <- [aba478e0-9386-4424-924f-249335d64694]
26-05-15 10:34:40.039 [http-nio-8080-exec-4] [32mINFO [0;39m c.s.m.d.s.b.BasicReadStatusService   [1d72564ab5d44a0383e61d2fc6052669 | GET | /api/readStatuses] - 사용자별 읽음 상태 목록 조회 완료: userId=aba478e0-9386-4424-924f-249335d64694, 조회된 항목 수=1
26-05-15 10:34:40.040 [http-nio-8080-exec-4] [32mDEBUG[0;39m c.s.m.d.c.ReadStatusController       [1d72564ab5d44a0383e61d2fc6052669 | GET | /api/readStatuses] - 사용자별 읽음 상태 목록 조회 응답: count=1
26-05-15 10:34:40.041 [http-nio-8080-exec-4] [32mDEBUG[0;39m c.s.m.d.config.MDCLoggingInterceptor [1d72564ab5d44a0383e61d2fc6052669 | GET | /api/readStatuses] - Request completed
26-05-15 10:34:43.023 [http-nio-8080-exec-8] [32mDEBUG[0;39m c.s.m.d.config.MDCLoggingInterceptor [9e6164d17e0e4fe49ea7da5ba9d8c7f2 | GET | /api/channels] - Request started
26-05-15 10:34:43.023 [http-nio-8080-exec-8] [32mINFO [0;39m c.s.m.d.controller.ChannelController [9e6164d17e0e4fe49ea7da5ba9d8c7f2 | GET | /api/channels] - 사용자별 채널 목록 조회 요청: userId=aba478e0-9386-4424-924f-249335d64694
26-05-15 10:34:43.026 [http-nio-8080-exec-8] [32mDEBUG[0;39m org.hibernate.SQL                    [9e6164d17e0e4fe49ea7da5ba9d8c7f2 | GET | /api/channels] - 
    select
        rs1_0.id,
        rs1_0.channel_id,
        rs1_0.created_at,
        rs1_0.last_read_at,
        rs1_0.updated_at,
        rs1_0.user_id 
    from
        read_statuses rs1_0 
    where
        rs1_0.user_id=?
26-05-15 10:34:43.026 [http-nio-8080-exec-8] [32mTRACE[0;39m org.hibernate.orm.jdbc.bind          [9e6164d17e0e4fe49ea7da5ba9d8c7f2 | GET | /api/channels] - binding parameter (1:UUID) <- [aba478e0-9386-4424-924f-249335d64694]
26-05-15 10:34:43.028 [http-nio-8080-exec-8] [32mDEBUG[0;39m org.hibernate.SQL                    [9e6164d17e0e4fe49ea7da5ba9d8c7f2 | GET | /api/channels] - 
    select
        c1_0.id,
        c1_0.created_at,
        c1_0.description,
        c1_0.name,
        c1_0.type,
        c1_0.updated_at 
    from
        channels c1_0 
    where
        c1_0.type=? 
        or c1_0.id in (?)
26-05-15 10:34:43.028 [http-nio-8080-exec-8] [32mTRACE[0;39m org.hibernate.orm.jdbc.bind          [9e6164d17e0e4fe49ea7da5ba9d8c7f2 | GET | /api/channels] - binding parameter (1:VARCHAR) <- [PUBLIC]
26-05-15 10:34:43.029 [http-nio-8080-exec-8] [32mTRACE[0;39m org.hibernate.orm.jdbc.bind          [9e6164d17e0e4fe49ea7da5ba9d8c7f2 | GET | /api/channels] - binding parameter (2:UUID) <- [0fb828ec-2cee-497c-8e87-348831a67f03]
26-05-15 10:34:43.030 [http-nio-8080-exec-8] [32mDEBUG[0;39m org.hibernate.SQL                    [9e6164d17e0e4fe49ea7da5ba9d8c7f2 | GET | /api/channels] - 
    select
        m1_0.created_at 
    from
        messages m1_0 
    where
        m1_0.channel_id=? 
    order by
        m1_0.created_at desc 
    fetch
        first 1 rows only
26-05-15 10:34:43.030 [http-nio-8080-exec-8] [32mTRACE[0;39m org.hibernate.orm.jdbc.bind          [9e6164d17e0e4fe49ea7da5ba9d8c7f2 | GET | /api/channels] - binding parameter (1:UUID) <- [7cdff344-ade9-4175-ad8a-0acaa200aaa4]
26-05-15 10:34:43.031 [http-nio-8080-exec-8] [32mDEBUG[0;39m org.hibernate.SQL                    [9e6164d17e0e4fe49ea7da5ba9d8c7f2 | GET | /api/channels] - 
    select
        m1_0.created_at 
    from
        messages m1_0 
    where
        m1_0.channel_id=? 
    order by
        m1_0.created_at desc 
    fetch
        first 1 rows only
26-05-15 10:34:43.031 [http-nio-8080-exec-8] [32mTRACE[0;39m org.hibernate.orm.jdbc.bind          [9e6164d17e0e4fe49ea7da5ba9d8c7f2 | GET | /api/channels] - binding parameter (1:UUID) <- [4c2389f4-ec8c-4a2f-97b8-18350b7aef48]
26-05-15 10:34:43.032 [http-nio-8080-exec-8] [32mDEBUG[0;39m org.hibernate.SQL                    [9e6164d17e0e4fe49ea7da5ba9d8c7f2 | GET | /api/channels] - 
    select
        m1_0.created_at 
    from
        messages m1_0 
    where
        m1_0.channel_id=? 
    order by
        m1_0.created_at desc 
    fetch
        first 1 rows only
26-05-15 10:34:43.032 [http-nio-8080-exec-8] [32mTRACE[0;39m org.hibernate.orm.jdbc.bind          [9e6164d17e0e4fe49ea7da5ba9d8c7f2 | GET | /api/channels] - binding parameter (1:UUID) <- [0fb828ec-2cee-497c-8e87-348831a67f03]
26-05-15 10:34:43.033 [http-nio-8080-exec-8] [32mDEBUG[0;39m c.s.m.d.controller.ChannelController [9e6164d17e0e4fe49ea7da5ba9d8c7f2 | GET | /api/channels] - 사용자별 채널 목록 조회 응답: count=3
26-05-15 10:34:43.034 [http-nio-8080-exec-8] [32mDEBUG[0;39m c.s.m.d.config.MDCLoggingInterceptor [9e6164d17e0e4fe49ea7da5ba9d8c7f2 | GET | /api/channels] - Request completed
26-05-15 10:34:43.042 [http-nio-8080-exec-6] [32mDEBUG[0;39m c.s.m.d.config.MDCLoggingInterceptor [f4bec3b043f6492ea77a42603694b04a | GET | /api/readStatuses] - Request started
26-05-15 10:34:43.043 [http-nio-8080-exec-6] [32mINFO [0;39m c.s.m.d.c.ReadStatusController       [f4bec3b043f6492ea77a42603694b04a | GET | /api/readStatuses] - 사용자별 읽음 상태 목록 조회 요청: userId=aba478e0-9386-4424-924f-249335d64694
26-05-15 10:34:43.044 [http-nio-8080-exec-6] [32mDEBUG[0;39m c.s.m.d.s.b.BasicReadStatusService   [f4bec3b043f6492ea77a42603694b04a | GET | /api/readStatuses] - 사용자별 읽음 상태 목록 조회 시작: userId=aba478e0-9386-4424-924f-249335d64694
26-05-15 10:34:43.045 [http-nio-8080-exec-6] [32mDEBUG[0;39m org.hibernate.SQL                    [f4bec3b043f6492ea77a42603694b04a | GET | /api/readStatuses] - 
    select
        rs1_0.id,
        rs1_0.channel_id,
        rs1_0.created_at,
        rs1_0.last_read_at,
        rs1_0.updated_at,
        rs1_0.user_id 
    from
        read_statuses rs1_0 
    where
        rs1_0.user_id=?
26-05-15 10:34:43.045 [http-nio-8080-exec-6] [32mTRACE[0;39m org.hibernate.orm.jdbc.bind          [f4bec3b043f6492ea77a42603694b04a | GET | /api/readStatuses] - binding parameter (1:UUID) <- [aba478e0-9386-4424-924f-249335d64694]
26-05-15 10:34:43.046 [http-nio-8080-exec-6] [32mINFO [0;39m c.s.m.d.s.b.BasicReadStatusService   [f4bec3b043f6492ea77a42603694b04a | GET | /api/readStatuses] - 사용자별 읽음 상태 목록 조회 완료: userId=aba478e0-9386-4424-924f-249335d64694, 조회된 항목 수=1
26-05-15 10:34:43.047 [http-nio-8080-exec-6] [32mDEBUG[0;39m c.s.m.d.c.ReadStatusController       [f4bec3b043f6492ea77a42603694b04a | GET | /api/readStatuses] - 사용자별 읽음 상태 목록 조회 응답: count=1
26-05-15 10:34:43.048 [http-nio-8080-exec-6] [32mDEBUG[0;39m c.s.m.d.config.MDCLoggingInterceptor [f4bec3b043f6492ea77a42603694b04a | GET | /api/readStatuses] - Request completed
26-05-15 10:34:46.013 [http-nio-8080-exec-7] [32mDEBUG[0;39m c.s.m.d.config.MDCLoggingInterceptor [02a67a8fad1d4297a556dc298390161a | GET | /api/channels] - Request started
26-05-15 10:34:46.013 [http-nio-8080-exec-7] [32mINFO [0;39m c.s.m.d.controller.ChannelController [02a67a8fad1d4297a556dc298390161a | GET | /api/channels] - 사용자별 채널 목록 조회 요청: userId=aba478e0-9386-4424-924f-249335d64694
26-05-15 10:34:46.017 [http-nio-8080-exec-7] [32mDEBUG[0;39m org.hibernate.SQL                    [02a67a8fad1d4297a556dc298390161a | GET | /api/channels] - 
    select
        rs1_0.id,
        rs1_0.channel_id,
        rs1_0.created_at,
        rs1_0.last_read_at,
        rs1_0.updated_at,
        rs1_0.user_id 
    from
        read_statuses rs1_0 
    where
        rs1_0.user_id=?
26-05-15 10:34:46.017 [http-nio-8080-exec-7] [32mTRACE[0;39m org.hibernate.orm.jdbc.bind          [02a67a8fad1d4297a556dc298390161a | GET | /api/channels] - binding parameter (1:UUID) <- [aba478e0-9386-4424-924f-249335d64694]
26-05-15 10:34:46.021 [http-nio-8080-exec-7] [32mDEBUG[0;39m org.hibernate.SQL                    [02a67a8fad1d4297a556dc298390161a | GET | /api/channels] - 
    select
        c1_0.id,
        c1_0.created_at,
        c1_0.description,
        c1_0.name,
        c1_0.type,
        c1_0.updated_at 
    from
        channels c1_0 
    where
        c1_0.type=? 
        or c1_0.id in (?)
26-05-15 10:34:46.021 [http-nio-8080-exec-7] [32mTRACE[0;39m org.hibernate.orm.jdbc.bind          [02a67a8fad1d4297a556dc298390161a | GET | /api/channels] - binding parameter (1:VARCHAR) <- [PUBLIC]
26-05-15 10:34:46.021 [http-nio-8080-exec-7] [32mTRACE[0;39m org.hibernate.orm.jdbc.bind          [02a67a8fad1d4297a556dc298390161a | GET | /api/channels] - binding parameter (2:UUID) <- [0fb828ec-2cee-497c-8e87-348831a67f03]
26-05-15 10:34:46.026 [http-nio-8080-exec-7] [32mDEBUG[0;39m org.hibernate.SQL                    [02a67a8fad1d4297a556dc298390161a | GET | /api/channels] - 
    select
        m1_0.created_at 
    from
        messages m1_0 
    where
        m1_0.channel_id=? 
    order by
        m1_0.created_at desc 
    fetch
        first 1 rows only
26-05-15 10:34:46.027 [http-nio-8080-exec-7] [32mTRACE[0;39m org.hibernate.orm.jdbc.bind          [02a67a8fad1d4297a556dc298390161a | GET | /api/channels] - binding parameter (1:UUID) <- [7cdff344-ade9-4175-ad8a-0acaa200aaa4]
26-05-15 10:34:46.028 [http-nio-8080-exec-7] [32mDEBUG[0;39m org.hibernate.SQL                    [02a67a8fad1d4297a556dc298390161a | GET | /api/channels] - 
    select
        m1_0.created_at 
    from
        messages m1_0 
    where
        m1_0.channel_id=? 
    order by
        m1_0.created_at desc 
    fetch
        first 1 rows only
26-05-15 10:34:46.028 [http-nio-8080-exec-7] [32mTRACE[0;39m org.hibernate.orm.jdbc.bind          [02a67a8fad1d4297a556dc298390161a | GET | /api/channels] - binding parameter (1:UUID) <- [4c2389f4-ec8c-4a2f-97b8-18350b7aef48]
26-05-15 10:34:46.030 [http-nio-8080-exec-7] [32mDEBUG[0;39m org.hibernate.SQL                    [02a67a8fad1d4297a556dc298390161a | GET | /api/channels] - 
    select
        m1_0.created_at 
    from
        messages m1_0 
    where
        m1_0.channel_id=? 
    order by
        m1_0.created_at desc 
    fetch
        first 1 rows only
26-05-15 10:34:46.030 [http-nio-8080-exec-7] [32mTRACE[0;39m org.hibernate.orm.jdbc.bind          [02a67a8fad1d4297a556dc298390161a | GET | /api/channels] - binding parameter (1:UUID) <- [0fb828ec-2cee-497c-8e87-348831a67f03]
26-05-15 10:34:46.032 [http-nio-8080-exec-7] [32mDEBUG[0;39m c.s.m.d.controller.ChannelController [02a67a8fad1d4297a556dc298390161a | GET | /api/channels] - 사용자별 채널 목록 조회 응답: count=3
26-05-15 10:34:46.035 [http-nio-8080-exec-7] [32mDEBUG[0;39m c.s.m.d.config.MDCLoggingInterceptor [02a67a8fad1d4297a556dc298390161a | GET | /api/channels] - Request completed
26-05-15 10:34:46.052 [http-nio-8080-exec-3] [32mDEBUG[0;39m c.s.m.d.config.MDCLoggingInterceptor [d2f604086f6c40d38b1629caa174af37 | GET | /api/readStatuses] - Request started
26-05-15 10:34:46.053 [http-nio-8080-exec-3] [32mINFO [0;39m c.s.m.d.c.ReadStatusController       [d2f604086f6c40d38b1629caa174af37 | GET | /api/readStatuses] - 사용자별 읽음 상태 목록 조회 요청: userId=aba478e0-9386-4424-924f-249335d64694
26-05-15 10:34:46.054 [http-nio-8080-exec-3] [32mDEBUG[0;39m c.s.m.d.s.b.BasicReadStatusService   [d2f604086f6c40d38b1629caa174af37 | GET | /api/readStatuses] - 사용자별 읽음 상태 목록 조회 시작: userId=aba478e0-9386-4424-924f-249335d64694
26-05-15 10:34:46.059 [http-nio-8080-exec-3] [32mDEBUG[0;39m org.hibernate.SQL                    [d2f604086f6c40d38b1629caa174af37 | GET | /api/readStatuses] - 
    select
        rs1_0.id,
        rs1_0.channel_id,
        rs1_0.created_at,
        rs1_0.last_read_at,
        rs1_0.updated_at,
        rs1_0.user_id 
    from
        read_statuses rs1_0 
    where
        rs1_0.user_id=?
26-05-15 10:34:46.059 [http-nio-8080-exec-3] [32mTRACE[0;39m org.hibernate.orm.jdbc.bind          [d2f604086f6c40d38b1629caa174af37 | GET | /api/readStatuses] - binding parameter (1:UUID) <- [aba478e0-9386-4424-924f-249335d64694]
26-05-15 10:34:46.061 [http-nio-8080-exec-3] [32mINFO [0;39m c.s.m.d.s.b.BasicReadStatusService   [d2f604086f6c40d38b1629caa174af37 | GET | /api/readStatuses] - 사용자별 읽음 상태 목록 조회 완료: userId=aba478e0-9386-4424-924f-249335d64694, 조회된 항목 수=1
26-05-15 10:34:46.062 [http-nio-8080-exec-3] [32mDEBUG[0;39m c.s.m.d.c.ReadStatusController       [d2f604086f6c40d38b1629caa174af37 | GET | /api/readStatuses] - 사용자별 읽음 상태 목록 조회 응답: count=1
26-05-15 10:34:46.063 [http-nio-8080-exec-3] [32mDEBUG[0;39m c.s.m.d.config.MDCLoggingInterceptor [d2f604086f6c40d38b1629caa174af37 | GET | /api/readStatuses] - Request completed
26-05-15 10:34:49.011 [http-nio-8080-exec-5] [32mDEBUG[0;39m c.s.m.d.config.MDCLoggingInterceptor [1c06ed5bbb974b79a651e10b8b0c6dc6 | GET | /api/channels] - Request started
26-05-15 10:34:49.012 [http-nio-8080-exec-5] [32mINFO [0;39m c.s.m.d.controller.ChannelController [1c06ed5bbb974b79a651e10b8b0c6dc6 | GET | /api/channels] - 사용자별 채널 목록 조회 요청: userId=aba478e0-9386-4424-924f-249335d64694
26-05-15 10:34:49.015 [http-nio-8080-exec-5] [32mDEBUG[0;39m org.hibernate.SQL                    [1c06ed5bbb974b79a651e10b8b0c6dc6 | GET | /api/channels] - 
    select
        rs1_0.id,
        rs1_0.channel_id,
        rs1_0.created_at,
        rs1_0.last_read_at,
        rs1_0.updated_at,
        rs1_0.user_id 
    from
        read_statuses rs1_0 
    where
        rs1_0.user_id=?
26-05-15 10:34:49.015 [http-nio-8080-exec-5] [32mTRACE[0;39m org.hibernate.orm.jdbc.bind          [1c06ed5bbb974b79a651e10b8b0c6dc6 | GET | /api/channels] - binding parameter (1:UUID) <- [aba478e0-9386-4424-924f-249335d64694]
26-05-15 10:34:49.017 [http-nio-8080-exec-5] [32mDEBUG[0;39m org.hibernate.SQL                    [1c06ed5bbb974b79a651e10b8b0c6dc6 | GET | /api/channels] - 
    select
        c1_0.id,
        c1_0.created_at,
        c1_0.description,
        c1_0.name,
        c1_0.type,
        c1_0.updated_at 
    from
        channels c1_0 
    where
        c1_0.type=? 
        or c1_0.id in (?)
26-05-15 10:34:49.018 [http-nio-8080-exec-5] [32mTRACE[0;39m org.hibernate.orm.jdbc.bind          [1c06ed5bbb974b79a651e10b8b0c6dc6 | GET | /api/channels] - binding parameter (1:VARCHAR) <- [PUBLIC]
26-05-15 10:34:49.018 [http-nio-8080-exec-5] [32mTRACE[0;39m org.hibernate.orm.jdbc.bind          [1c06ed5bbb974b79a651e10b8b0c6dc6 | GET | /api/channels] - binding parameter (2:UUID) <- [0fb828ec-2cee-497c-8e87-348831a67f03]
26-05-15 10:34:49.019 [http-nio-8080-exec-5] [32mDEBUG[0;39m org.hibernate.SQL                    [1c06ed5bbb974b79a651e10b8b0c6dc6 | GET | /api/channels] - 
    select
        m1_0.created_at 
    from
        messages m1_0 
    where
        m1_0.channel_id=? 
    order by
        m1_0.created_at desc 
    fetch
        first 1 rows only
26-05-15 10:34:49.019 [http-nio-8080-exec-5] [32mTRACE[0;39m org.hibernate.orm.jdbc.bind          [1c06ed5bbb974b79a651e10b8b0c6dc6 | GET | /api/channels] - binding parameter (1:UUID) <- [7cdff344-ade9-4175-ad8a-0acaa200aaa4]
26-05-15 10:34:49.020 [http-nio-8080-exec-5] [32mDEBUG[0;39m org.hibernate.SQL                    [1c06ed5bbb974b79a651e10b8b0c6dc6 | GET | /api/channels] - 
    select
        m1_0.created_at 
    from
        messages m1_0 
    where
        m1_0.channel_id=? 
    order by
        m1_0.created_at desc 
    fetch
        first 1 rows only
26-05-15 10:34:49.021 [http-nio-8080-exec-5] [32mTRACE[0;39m org.hibernate.orm.jdbc.bind          [1c06ed5bbb974b79a651e10b8b0c6dc6 | GET | /api/channels] - binding parameter (1:UUID) <- [4c2389f4-ec8c-4a2f-97b8-18350b7aef48]
26-05-15 10:34:49.023 [http-nio-8080-exec-5] [32mDEBUG[0;39m org.hibernate.SQL                    [1c06ed5bbb974b79a651e10b8b0c6dc6 | GET | /api/channels] - 
    select
        m1_0.created_at 
    from
        messages m1_0 
    where
        m1_0.channel_id=? 
    order by
        m1_0.created_at desc 
    fetch
        first 1 rows only
26-05-15 10:34:49.023 [http-nio-8080-exec-5] [32mTRACE[0;39m org.hibernate.orm.jdbc.bind          [1c06ed5bbb974b79a651e10b8b0c6dc6 | GET | /api/channels] - binding parameter (1:UUID) <- [0fb828ec-2cee-497c-8e87-348831a67f03]
26-05-15 10:34:49.025 [http-nio-8080-exec-5] [32mDEBUG[0;39m c.s.m.d.controller.ChannelController [1c06ed5bbb974b79a651e10b8b0c6dc6 | GET | /api/channels] - 사용자별 채널 목록 조회 응답: count=3
26-05-15 10:34:49.029 [http-nio-8080-exec-5] [32mDEBUG[0;39m c.s.m.d.config.MDCLoggingInterceptor [1c06ed5bbb974b79a651e10b8b0c6dc6 | GET | /api/channels] - Request completed
26-05-15 10:34:49.046 [http-nio-8080-exec-10] [32mDEBUG[0;39m c.s.m.d.config.MDCLoggingInterceptor [315718b532a94640bdb7ceca50ca1e15 | GET | /api/readStatuses] - Request started
26-05-15 10:34:49.047 [http-nio-8080-exec-10] [32mINFO [0;39m c.s.m.d.c.ReadStatusController       [315718b532a94640bdb7ceca50ca1e15 | GET | /api/readStatuses] - 사용자별 읽음 상태 목록 조회 요청: userId=aba478e0-9386-4424-924f-249335d64694
26-05-15 10:34:49.048 [http-nio-8080-exec-10] [32mDEBUG[0;39m c.s.m.d.s.b.BasicReadStatusService   [315718b532a94640bdb7ceca50ca1e15 | GET | /api/readStatuses] - 사용자별 읽음 상태 목록 조회 시작: userId=aba478e0-9386-4424-924f-249335d64694
26-05-15 10:34:49.051 [http-nio-8080-exec-10] [32mDEBUG[0;39m org.hibernate.SQL                    [315718b532a94640bdb7ceca50ca1e15 | GET | /api/readStatuses] - 
    select
        rs1_0.id,
        rs1_0.channel_id,
        rs1_0.created_at,
        rs1_0.last_read_at,
        rs1_0.updated_at,
        rs1_0.user_id 
    from
        read_statuses rs1_0 
    where
        rs1_0.user_id=?
26-05-15 10:34:49.051 [http-nio-8080-exec-10] [32mTRACE[0;39m org.hibernate.orm.jdbc.bind          [315718b532a94640bdb7ceca50ca1e15 | GET | /api/readStatuses] - binding parameter (1:UUID) <- [aba478e0-9386-4424-924f-249335d64694]
26-05-15 10:34:49.052 [http-nio-8080-exec-10] [32mINFO [0;39m c.s.m.d.s.b.BasicReadStatusService   [315718b532a94640bdb7ceca50ca1e15 | GET | /api/readStatuses] - 사용자별 읽음 상태 목록 조회 완료: userId=aba478e0-9386-4424-924f-249335d64694, 조회된 항목 수=1
26-05-15 10:34:49.053 [http-nio-8080-exec-10] [32mDEBUG[0;39m c.s.m.d.c.ReadStatusController       [315718b532a94640bdb7ceca50ca1e15 | GET | /api/readStatuses] - 사용자별 읽음 상태 목록 조회 응답: count=1
26-05-15 10:34:49.055 [http-nio-8080-exec-10] [32mDEBUG[0;39m c.s.m.d.config.MDCLoggingInterceptor [315718b532a94640bdb7ceca50ca1e15 | GET | /api/readStatuses] - Request completed
26-05-15 10:34:52.016 [http-nio-8080-exec-1] [32mDEBUG[0;39m c.s.m.d.config.MDCLoggingInterceptor [ab37092080504af592f300aa0c6767e6 | GET | /api/users] - Request started
26-05-15 10:34:52.017 [http-nio-8080-exec-2] [32mDEBUG[0;39m c.s.m.d.config.MDCLoggingInterceptor [9aac0a97ef6046adb2d2ae8d7a950329 | GET | /api/channels] - Request started
26-05-15 10:34:52.017 [http-nio-8080-exec-2] [32mINFO [0;39m c.s.m.d.controller.ChannelController [9aac0a97ef6046adb2d2ae8d7a950329 | GET | /api/channels] - 사용자별 채널 목록 조회 요청: userId=aba478e0-9386-4424-924f-249335d64694
26-05-15 10:34:52.018 [http-nio-8080-exec-1] [32mDEBUG[0;39m c.s.m.d.s.basic.BasicUserService     [ab37092080504af592f300aa0c6767e6 | GET | /api/users] - 모든 사용자 조회 시작
26-05-15 10:34:52.019 [http-nio-8080-exec-1] [32mDEBUG[0;39m org.hibernate.SQL                    [ab37092080504af592f300aa0c6767e6 | GET | /api/users] - 
    select
        u1_0.id,
        u1_0.created_at,
        u1_0.email,
        u1_0.password,
        p1_0.id,
        p1_0.content_type,
        p1_0.created_at,
        p1_0.file_name,
        p1_0.size,
        s1_0.id,
        s1_0.created_at,
        s1_0.last_active_at,
        s1_0.updated_at,
        s1_0.user_id,
        u1_0.updated_at,
        u1_0.username 
    from
        users u1_0 
    left join
        binary_contents p1_0 
            on p1_0.id=u1_0.profile_id 
    join
        user_statuses s1_0 
            on u1_0.id=s1_0.user_id
26-05-15 10:34:52.021 [http-nio-8080-exec-2] [32mDEBUG[0;39m org.hibernate.SQL                    [9aac0a97ef6046adb2d2ae8d7a950329 | GET | /api/channels] - 
    select
        rs1_0.id,
        rs1_0.channel_id,
        rs1_0.created_at,
        rs1_0.last_read_at,
        rs1_0.updated_at,
        rs1_0.user_id 
    from
        read_statuses rs1_0 
    where
        rs1_0.user_id=?
26-05-15 10:34:52.021 [http-nio-8080-exec-2] [32mTRACE[0;39m org.hibernate.orm.jdbc.bind          [9aac0a97ef6046adb2d2ae8d7a950329 | GET | /api/channels] - binding parameter (1:UUID) <- [aba478e0-9386-4424-924f-249335d64694]
26-05-15 10:34:52.027 [http-nio-8080-exec-1] [32mINFO [0;39m c.s.m.d.s.basic.BasicUserService     [ab37092080504af592f300aa0c6767e6 | GET | /api/users] - 모든 사용자 조회 완료: 총 6명
26-05-15 10:34:52.027 [http-nio-8080-exec-2] [32mDEBUG[0;39m org.hibernate.SQL                    [9aac0a97ef6046adb2d2ae8d7a950329 | GET | /api/channels] - 
    select
        c1_0.id,
        c1_0.created_at,
        c1_0.description,
        c1_0.name,
        c1_0.type,
        c1_0.updated_at 
    from
        channels c1_0 
    where
        c1_0.type=? 
        or c1_0.id in (?)
26-05-15 10:34:52.028 [http-nio-8080-exec-2] [32mTRACE[0;39m org.hibernate.orm.jdbc.bind          [9aac0a97ef6046adb2d2ae8d7a950329 | GET | /api/channels] - binding parameter (1:VARCHAR) <- [PUBLIC]
26-05-15 10:34:52.028 [http-nio-8080-exec-2] [32mTRACE[0;39m org.hibernate.orm.jdbc.bind          [9aac0a97ef6046adb2d2ae8d7a950329 | GET | /api/channels] - binding parameter (2:UUID) <- [0fb828ec-2cee-497c-8e87-348831a67f03]
26-05-15 10:34:52.032 [http-nio-8080-exec-2] [32mDEBUG[0;39m org.hibernate.SQL                    [9aac0a97ef6046adb2d2ae8d7a950329 | GET | /api/channels] - 
    select
        m1_0.created_at 
    from
        messages m1_0 
    where
        m1_0.channel_id=? 
    order by
        m1_0.created_at desc 
    fetch
        first 1 rows only
26-05-15 10:34:52.032 [http-nio-8080-exec-2] [32mTRACE[0;39m org.hibernate.orm.jdbc.bind          [9aac0a97ef6046adb2d2ae8d7a950329 | GET | /api/channels] - binding parameter (1:UUID) <- [7cdff344-ade9-4175-ad8a-0acaa200aaa4]
26-05-15 10:34:52.033 [http-nio-8080-exec-1] [32mDEBUG[0;39m c.s.m.d.config.MDCLoggingInterceptor [ab37092080504af592f300aa0c6767e6 | GET | /api/users] - Request completed
26-05-15 10:34:52.035 [http-nio-8080-exec-2] [32mDEBUG[0;39m org.hibernate.SQL                    [9aac0a97ef6046adb2d2ae8d7a950329 | GET | /api/channels] - 
    select
        m1_0.created_at 
    from
        messages m1_0 
    where
        m1_0.channel_id=? 
    order by
        m1_0.created_at desc 
    fetch
        first 1 rows only
26-05-15 10:34:52.035 [http-nio-8080-exec-2] [32mTRACE[0;39m org.hibernate.orm.jdbc.bind          [9aac0a97ef6046adb2d2ae8d7a950329 | GET | /api/channels] - binding parameter (1:UUID) <- [4c2389f4-ec8c-4a2f-97b8-18350b7aef48]
26-05-15 10:34:52.038 [http-nio-8080-exec-2] [32mDEBUG[0;39m org.hibernate.SQL                    [9aac0a97ef6046adb2d2ae8d7a950329 | GET | /api/channels] - 
    select
        m1_0.created_at 
    from
        messages m1_0 
    where
        m1_0.channel_id=? 
    order by
        m1_0.created_at desc 
    fetch
        first 1 rows only
26-05-15 10:34:52.039 [http-nio-8080-exec-2] [32mTRACE[0;39m org.hibernate.orm.jdbc.bind          [9aac0a97ef6046adb2d2ae8d7a950329 | GET | /api/channels] - binding parameter (1:UUID) <- [0fb828ec-2cee-497c-8e87-348831a67f03]
26-05-15 10:34:52.040 [http-nio-8080-exec-2] [32mDEBUG[0;39m c.s.m.d.controller.ChannelController [9aac0a97ef6046adb2d2ae8d7a950329 | GET | /api/channels] - 사용자별 채널 목록 조회 응답: count=3
26-05-15 10:34:52.043 [http-nio-8080-exec-2] [32mDEBUG[0;39m c.s.m.d.config.MDCLoggingInterceptor [9aac0a97ef6046adb2d2ae8d7a950329 | GET | /api/channels] - Request completed
26-05-15 10:34:52.058 [http-nio-8080-exec-9] [32mDEBUG[0;39m c.s.m.d.config.MDCLoggingInterceptor [e0af11886955401cb11267d6375a98bd | GET | /api/readStatuses] - Request started
26-05-15 10:34:52.060 [http-nio-8080-exec-9] [32mINFO [0;39m c.s.m.d.c.ReadStatusController       [e0af11886955401cb11267d6375a98bd | GET | /api/readStatuses] - 사용자별 읽음 상태 목록 조회 요청: userId=aba478e0-9386-4424-924f-249335d64694
26-05-15 10:34:52.060 [http-nio-8080-exec-9] [32mDEBUG[0;39m c.s.m.d.s.b.BasicReadStatusService   [e0af11886955401cb11267d6375a98bd | GET | /api/readStatuses] - 사용자별 읽음 상태 목록 조회 시작: userId=aba478e0-9386-4424-924f-249335d64694
26-05-15 10:34:52.064 [http-nio-8080-exec-9] [32mDEBUG[0;39m org.hibernate.SQL                    [e0af11886955401cb11267d6375a98bd | GET | /api/readStatuses] - 
    select
        rs1_0.id,
        rs1_0.channel_id,
        rs1_0.created_at,
        rs1_0.last_read_at,
        rs1_0.updated_at,
        rs1_0.user_id 
    from
        read_statuses rs1_0 
    where
        rs1_0.user_id=?
26-05-15 10:34:52.065 [http-nio-8080-exec-9] [32mTRACE[0;39m org.hibernate.orm.jdbc.bind          [e0af11886955401cb11267d6375a98bd | GET | /api/readStatuses] - binding parameter (1:UUID) <- [aba478e0-9386-4424-924f-249335d64694]
26-05-15 10:34:52.066 [http-nio-8080-exec-9] [32mINFO [0;39m c.s.m.d.s.b.BasicReadStatusService   [e0af11886955401cb11267d6375a98bd | GET | /api/readStatuses] - 사용자별 읽음 상태 목록 조회 완료: userId=aba478e0-9386-4424-924f-249335d64694, 조회된 항목 수=1
26-05-15 10:34:52.067 [http-nio-8080-exec-9] [32mDEBUG[0;39m c.s.m.d.c.ReadStatusController       [e0af11886955401cb11267d6375a98bd | GET | /api/readStatuses] - 사용자별 읽음 상태 목록 조회 응답: count=1
26-05-15 10:34:52.068 [http-nio-8080-exec-9] [32mDEBUG[0;39m c.s.m.d.config.MDCLoggingInterceptor [e0af11886955401cb11267d6375a98bd | GET | /api/readStatuses] - Request completed
26-05-15 10:34:55.011 [http-nio-8080-exec-4] [32mDEBUG[0;39m c.s.m.d.config.MDCLoggingInterceptor [97c514966fff414aacef8da4b01f5d17 | GET | /api/channels] - Request started
26-05-15 10:34:55.012 [http-nio-8080-exec-4] [32mINFO [0;39m c.s.m.d.controller.ChannelController [97c514966fff414aacef8da4b01f5d17 | GET | /api/channels] - 사용자별 채널 목록 조회 요청: userId=aba478e0-9386-4424-924f-249335d64694
26-05-15 10:34:55.014 [http-nio-8080-exec-4] [32mDEBUG[0;39m org.hibernate.SQL                    [97c514966fff414aacef8da4b01f5d17 | GET | /api/channels] - 
    select
        rs1_0.id,
        rs1_0.channel_id,
        rs1_0.created_at,
        rs1_0.last_read_at,
        rs1_0.updated_at,
        rs1_0.user_id 
    from
        read_statuses rs1_0 
    where
        rs1_0.user_id=?
26-05-15 10:34:55.014 [http-nio-8080-exec-4] [32mTRACE[0;39m org.hibernate.orm.jdbc.bind          [97c514966fff414aacef8da4b01f5d17 | GET | /api/channels] - binding parameter (1:UUID) <- [aba478e0-9386-4424-924f-249335d64694]
26-05-15 10:34:55.016 [http-nio-8080-exec-4] [32mDEBUG[0;39m org.hibernate.SQL                    [97c514966fff414aacef8da4b01f5d17 | GET | /api/channels] - 
    select
        c1_0.id,
        c1_0.created_at,
        c1_0.description,
        c1_0.name,
        c1_0.type,
        c1_0.updated_at 
    from
        channels c1_0 
    where
        c1_0.type=? 
        or c1_0.id in (?)
26-05-15 10:34:55.016 [http-nio-8080-exec-4] [32mTRACE[0;39m org.hibernate.orm.jdbc.bind          [97c514966fff414aacef8da4b01f5d17 | GET | /api/channels] - binding parameter (1:VARCHAR) <- [PUBLIC]
26-05-15 10:34:55.017 [http-nio-8080-exec-4] [32mTRACE[0;39m org.hibernate.orm.jdbc.bind          [97c514966fff414aacef8da4b01f5d17 | GET | /api/channels] - binding parameter (2:UUID) <- [0fb828ec-2cee-497c-8e87-348831a67f03]
26-05-15 10:34:55.018 [http-nio-8080-exec-4] [32mDEBUG[0;39m org.hibernate.SQL                    [97c514966fff414aacef8da4b01f5d17 | GET | /api/channels] - 
    select
        m1_0.created_at 
    from
        messages m1_0 
    where
        m1_0.channel_id=? 
    order by
        m1_0.created_at desc 
    fetch
        first 1 rows only
26-05-15 10:34:55.018 [http-nio-8080-exec-4] [32mTRACE[0;39m org.hibernate.orm.jdbc.bind          [97c514966fff414aacef8da4b01f5d17 | GET | /api/channels] - binding parameter (1:UUID) <- [7cdff344-ade9-4175-ad8a-0acaa200aaa4]
26-05-15 10:34:55.019 [http-nio-8080-exec-4] [32mDEBUG[0;39m org.hibernate.SQL                    [97c514966fff414aacef8da4b01f5d17 | GET | /api/channels] - 
    select
        m1_0.created_at 
    from
        messages m1_0 
    where
        m1_0.channel_id=? 
    order by
        m1_0.created_at desc 
    fetch
        first 1 rows only
26-05-15 10:34:55.019 [http-nio-8080-exec-4] [32mTRACE[0;39m org.hibernate.orm.jdbc.bind          [97c514966fff414aacef8da4b01f5d17 | GET | /api/channels] - binding parameter (1:UUID) <- [4c2389f4-ec8c-4a2f-97b8-18350b7aef48]
26-05-15 10:34:55.020 [http-nio-8080-exec-4] [32mDEBUG[0;39m org.hibernate.SQL                    [97c514966fff414aacef8da4b01f5d17 | GET | /api/channels] - 
    select
        m1_0.created_at 
    from
        messages m1_0 
    where
        m1_0.channel_id=? 
    order by
        m1_0.created_at desc 
    fetch
        first 1 rows only
26-05-15 10:34:55.021 [http-nio-8080-exec-4] [32mTRACE[0;39m org.hibernate.orm.jdbc.bind          [97c514966fff414aacef8da4b01f5d17 | GET | /api/channels] - binding parameter (1:UUID) <- [0fb828ec-2cee-497c-8e87-348831a67f03]
26-05-15 10:34:55.023 [http-nio-8080-exec-4] [32mDEBUG[0;39m c.s.m.d.controller.ChannelController [97c514966fff414aacef8da4b01f5d17 | GET | /api/channels] - 사용자별 채널 목록 조회 응답: count=3
26-05-15 10:34:55.027 [http-nio-8080-exec-4] [32mDEBUG[0;39m c.s.m.d.config.MDCLoggingInterceptor [97c514966fff414aacef8da4b01f5d17 | GET | /api/channels] - Request completed
26-05-15 10:34:55.042 [http-nio-8080-exec-8] [32mDEBUG[0;39m c.s.m.d.config.MDCLoggingInterceptor [7f0ee6c84ddd4e78947904e26dd9922a | GET | /api/readStatuses] - Request started
26-05-15 10:34:55.043 [http-nio-8080-exec-8] [32mINFO [0;39m c.s.m.d.c.ReadStatusController       [7f0ee6c84ddd4e78947904e26dd9922a | GET | /api/readStatuses] - 사용자별 읽음 상태 목록 조회 요청: userId=aba478e0-9386-4424-924f-249335d64694
26-05-15 10:34:55.044 [http-nio-8080-exec-8] [32mDEBUG[0;39m c.s.m.d.s.b.BasicReadStatusService   [7f0ee6c84ddd4e78947904e26dd9922a | GET | /api/readStatuses] - 사용자별 읽음 상태 목록 조회 시작: userId=aba478e0-9386-4424-924f-249335d64694
26-05-15 10:34:55.045 [http-nio-8080-exec-8] [32mDEBUG[0;39m org.hibernate.SQL                    [7f0ee6c84ddd4e78947904e26dd9922a | GET | /api/readStatuses] - 
    select
        rs1_0.id,
        rs1_0.channel_id,
        rs1_0.created_at,
        rs1_0.last_read_at,
        rs1_0.updated_at,
        rs1_0.user_id 
    from
        read_statuses rs1_0 
    where
        rs1_0.user_id=?
26-05-15 10:34:55.046 [http-nio-8080-exec-8] [32mTRACE[0;39m org.hibernate.orm.jdbc.bind          [7f0ee6c84ddd4e78947904e26dd9922a | GET | /api/readStatuses] - binding parameter (1:UUID) <- [aba478e0-9386-4424-924f-249335d64694]
26-05-15 10:34:55.047 [http-nio-8080-exec-8] [32mINFO [0;39m c.s.m.d.s.b.BasicReadStatusService   [7f0ee6c84ddd4e78947904e26dd9922a | GET | /api/readStatuses] - 사용자별 읽음 상태 목록 조회 완료: userId=aba478e0-9386-4424-924f-249335d64694, 조회된 항목 수=1
26-05-15 10:34:55.048 [http-nio-8080-exec-8] [32mDEBUG[0;39m c.s.m.d.c.ReadStatusController       [7f0ee6c84ddd4e78947904e26dd9922a | GET | /api/readStatuses] - 사용자별 읽음 상태 목록 조회 응답: count=1
26-05-15 10:34:55.049 [http-nio-8080-exec-8] [32mDEBUG[0;39m c.s.m.d.config.MDCLoggingInterceptor [7f0ee6c84ddd4e78947904e26dd9922a | GET | /api/readStatuses] - Request completed
26-05-15 10:34:58.011 [http-nio-8080-exec-6] [32mDEBUG[0;39m c.s.m.d.config.MDCLoggingInterceptor [7338fe92b95c4331aaf20d53ca169a59 | GET | /api/channels] - Request started
26-05-15 10:34:58.011 [http-nio-8080-exec-6] [32mINFO [0;39m c.s.m.d.controller.ChannelController [7338fe92b95c4331aaf20d53ca169a59 | GET | /api/channels] - 사용자별 채널 목록 조회 요청: userId=aba478e0-9386-4424-924f-249335d64694
26-05-15 10:34:58.013 [http-nio-8080-exec-6] [32mDEBUG[0;39m org.hibernate.SQL                    [7338fe92b95c4331aaf20d53ca169a59 | GET | /api/channels] - 
    select
        rs1_0.id,
        rs1_0.channel_id,
        rs1_0.created_at,
        rs1_0.last_read_at,
        rs1_0.updated_at,
        rs1_0.user_id 
    from
        read_statuses rs1_0 
    where
        rs1_0.user_id=?
26-05-15 10:34:58.013 [http-nio-8080-exec-6] [32mTRACE[0;39m org.hibernate.orm.jdbc.bind          [7338fe92b95c4331aaf20d53ca169a59 | GET | /api/channels] - binding parameter (1:UUID) <- [aba478e0-9386-4424-924f-249335d64694]
26-05-15 10:34:58.016 [http-nio-8080-exec-6] [32mDEBUG[0;39m org.hibernate.SQL                    [7338fe92b95c4331aaf20d53ca169a59 | GET | /api/channels] - 
    select
        c1_0.id,
        c1_0.created_at,
        c1_0.description,
        c1_0.name,
        c1_0.type,
        c1_0.updated_at 
    from
        channels c1_0 
    where
        c1_0.type=? 
        or c1_0.id in (?)
26-05-15 10:34:58.016 [http-nio-8080-exec-6] [32mTRACE[0;39m org.hibernate.orm.jdbc.bind          [7338fe92b95c4331aaf20d53ca169a59 | GET | /api/channels] - binding parameter (1:VARCHAR) <- [PUBLIC]
26-05-15 10:34:58.016 [http-nio-8080-exec-6] [32mTRACE[0;39m org.hibernate.orm.jdbc.bind          [7338fe92b95c4331aaf20d53ca169a59 | GET | /api/channels] - binding parameter (2:UUID) <- [0fb828ec-2cee-497c-8e87-348831a67f03]
26-05-15 10:34:58.018 [http-nio-8080-exec-6] [32mDEBUG[0;39m org.hibernate.SQL                    [7338fe92b95c4331aaf20d53ca169a59 | GET | /api/channels] - 
    select
        m1_0.created_at 
    from
        messages m1_0 
    where
        m1_0.channel_id=? 
    order by
        m1_0.created_at desc 
    fetch
        first 1 rows only
26-05-15 10:34:58.018 [http-nio-8080-exec-6] [32mTRACE[0;39m org.hibernate.orm.jdbc.bind          [7338fe92b95c4331aaf20d53ca169a59 | GET | /api/channels] - binding parameter (1:UUID) <- [7cdff344-ade9-4175-ad8a-0acaa200aaa4]
26-05-15 10:34:58.019 [http-nio-8080-exec-6] [32mDEBUG[0;39m org.hibernate.SQL                    [7338fe92b95c4331aaf20d53ca169a59 | GET | /api/channels] - 
    select
        m1_0.created_at 
    from
        messages m1_0 
    where
        m1_0.channel_id=? 
    order by
        m1_0.created_at desc 
    fetch
        first 1 rows only
26-05-15 10:34:58.020 [http-nio-8080-exec-6] [32mTRACE[0;39m org.hibernate.orm.jdbc.bind          [7338fe92b95c4331aaf20d53ca169a59 | GET | /api/channels] - binding parameter (1:UUID) <- [4c2389f4-ec8c-4a2f-97b8-18350b7aef48]
26-05-15 10:34:58.021 [http-nio-8080-exec-6] [32mDEBUG[0;39m org.hibernate.SQL                    [7338fe92b95c4331aaf20d53ca169a59 | GET | /api/channels] - 
    select
        m1_0.created_at 
    from
        messages m1_0 
    where
        m1_0.channel_id=? 
    order by
        m1_0.created_at desc 
    fetch
        first 1 rows only
26-05-15 10:34:58.021 [http-nio-8080-exec-6] [32mTRACE[0;39m org.hibernate.orm.jdbc.bind          [7338fe92b95c4331aaf20d53ca169a59 | GET | /api/channels] - binding parameter (1:UUID) <- [0fb828ec-2cee-497c-8e87-348831a67f03]
26-05-15 10:34:58.022 [http-nio-8080-exec-6] [32mDEBUG[0;39m c.s.m.d.controller.ChannelController [7338fe92b95c4331aaf20d53ca169a59 | GET | /api/channels] - 사용자별 채널 목록 조회 응답: count=3
26-05-15 10:34:58.023 [http-nio-8080-exec-6] [32mDEBUG[0;39m c.s.m.d.config.MDCLoggingInterceptor [7338fe92b95c4331aaf20d53ca169a59 | GET | /api/channels] - Request completed
26-05-15 10:34:58.035 [http-nio-8080-exec-7] [32mDEBUG[0;39m c.s.m.d.config.MDCLoggingInterceptor [f7cea20651e54342bf983af79d728f18 | GET | /api/readStatuses] - Request started
26-05-15 10:34:58.035 [http-nio-8080-exec-7] [32mINFO [0;39m c.s.m.d.c.ReadStatusController       [f7cea20651e54342bf983af79d728f18 | GET | /api/readStatuses] - 사용자별 읽음 상태 목록 조회 요청: userId=aba478e0-9386-4424-924f-249335d64694
26-05-15 10:34:58.037 [http-nio-8080-exec-7] [32mDEBUG[0;39m c.s.m.d.s.b.BasicReadStatusService   [f7cea20651e54342bf983af79d728f18 | GET | /api/readStatuses] - 사용자별 읽음 상태 목록 조회 시작: userId=aba478e0-9386-4424-924f-249335d64694
26-05-15 10:34:58.038 [http-nio-8080-exec-7] [32mDEBUG[0;39m org.hibernate.SQL                    [f7cea20651e54342bf983af79d728f18 | GET | /api/readStatuses] - 
    select
        rs1_0.id,
        rs1_0.channel_id,
        rs1_0.created_at,
        rs1_0.last_read_at,
        rs1_0.updated_at,
        rs1_0.user_id 
    from
        read_statuses rs1_0 
    where
        rs1_0.user_id=?
26-05-15 10:34:58.038 [http-nio-8080-exec-7] [32mTRACE[0;39m org.hibernate.orm.jdbc.bind          [f7cea20651e54342bf983af79d728f18 | GET | /api/readStatuses] - binding parameter (1:UUID) <- [aba478e0-9386-4424-924f-249335d64694]
26-05-15 10:34:58.040 [http-nio-8080-exec-7] [32mINFO [0;39m c.s.m.d.s.b.BasicReadStatusService   [f7cea20651e54342bf983af79d728f18 | GET | /api/readStatuses] - 사용자별 읽음 상태 목록 조회 완료: userId=aba478e0-9386-4424-924f-249335d64694, 조회된 항목 수=1
26-05-15 10:34:58.040 [http-nio-8080-exec-7] [32mDEBUG[0;39m c.s.m.d.c.ReadStatusController       [f7cea20651e54342bf983af79d728f18 | GET | /api/readStatuses] - 사용자별 읽음 상태 목록 조회 응답: count=1
26-05-15 10:34:58.041 [http-nio-8080-exec-7] [32mDEBUG[0;39m c.s.m.d.config.MDCLoggingInterceptor [f7cea20651e54342bf983af79d728f18 | GET | /api/readStatuses] - Request completed
26-05-15 10:35:01.008 [http-nio-8080-exec-3] [32mDEBUG[0;39m c.s.m.d.config.MDCLoggingInterceptor [222f55761bb14eff94c013a7e4482b00 | GET | /api/channels] - Request started
26-05-15 10:35:01.009 [http-nio-8080-exec-3] [32mINFO [0;39m c.s.m.d.controller.ChannelController [222f55761bb14eff94c013a7e4482b00 | GET | /api/channels] - 사용자별 채널 목록 조회 요청: userId=aba478e0-9386-4424-924f-249335d64694
26-05-15 10:35:01.010 [http-nio-8080-exec-3] [32mDEBUG[0;39m org.hibernate.SQL                    [222f55761bb14eff94c013a7e4482b00 | GET | /api/channels] - 
    select
        rs1_0.id,
        rs1_0.channel_id,
        rs1_0.created_at,
        rs1_0.last_read_at,
        rs1_0.updated_at,
        rs1_0.user_id 
    from
        read_statuses rs1_0 
    where
        rs1_0.user_id=?
26-05-15 10:35:01.010 [http-nio-8080-exec-3] [32mTRACE[0;39m org.hibernate.orm.jdbc.bind          [222f55761bb14eff94c013a7e4482b00 | GET | /api/channels] - binding parameter (1:UUID) <- [aba478e0-9386-4424-924f-249335d64694]
26-05-15 10:35:01.012 [http-nio-8080-exec-3] [32mDEBUG[0;39m org.hibernate.SQL                    [222f55761bb14eff94c013a7e4482b00 | GET | /api/channels] - 
    select
        c1_0.id,
        c1_0.created_at,
        c1_0.description,
        c1_0.name,
        c1_0.type,
        c1_0.updated_at 
    from
        channels c1_0 
    where
        c1_0.type=? 
        or c1_0.id in (?)
26-05-15 10:35:01.012 [http-nio-8080-exec-3] [32mTRACE[0;39m org.hibernate.orm.jdbc.bind          [222f55761bb14eff94c013a7e4482b00 | GET | /api/channels] - binding parameter (1:VARCHAR) <- [PUBLIC]
26-05-15 10:35:01.012 [http-nio-8080-exec-3] [32mTRACE[0;39m org.hibernate.orm.jdbc.bind          [222f55761bb14eff94c013a7e4482b00 | GET | /api/channels] - binding parameter (2:UUID) <- [0fb828ec-2cee-497c-8e87-348831a67f03]
26-05-15 10:35:01.014 [http-nio-8080-exec-3] [32mDEBUG[0;39m org.hibernate.SQL                    [222f55761bb14eff94c013a7e4482b00 | GET | /api/channels] - 
    select
        m1_0.created_at 
    from
        messages m1_0 
    where
        m1_0.channel_id=? 
    order by
        m1_0.created_at desc 
    fetch
        first 1 rows only
26-05-15 10:35:01.014 [http-nio-8080-exec-3] [32mTRACE[0;39m org.hibernate.orm.jdbc.bind          [222f55761bb14eff94c013a7e4482b00 | GET | /api/channels] - binding parameter (1:UUID) <- [7cdff344-ade9-4175-ad8a-0acaa200aaa4]
26-05-15 10:35:01.015 [http-nio-8080-exec-3] [32mDEBUG[0;39m org.hibernate.SQL                    [222f55761bb14eff94c013a7e4482b00 | GET | /api/channels] - 
    select
        m1_0.created_at 
    from
        messages m1_0 
    where
        m1_0.channel_id=? 
    order by
        m1_0.created_at desc 
    fetch
        first 1 rows only
26-05-15 10:35:01.015 [http-nio-8080-exec-3] [32mTRACE[0;39m org.hibernate.orm.jdbc.bind          [222f55761bb14eff94c013a7e4482b00 | GET | /api/channels] - binding parameter (1:UUID) <- [4c2389f4-ec8c-4a2f-97b8-18350b7aef48]
26-05-15 10:35:01.016 [http-nio-8080-exec-3] [32mDEBUG[0;39m org.hibernate.SQL                    [222f55761bb14eff94c013a7e4482b00 | GET | /api/channels] - 
    select
        m1_0.created_at 
    from
        messages m1_0 
    where
        m1_0.channel_id=? 
    order by
        m1_0.created_at desc 
    fetch
        first 1 rows only
26-05-15 10:35:01.016 [http-nio-8080-exec-3] [32mTRACE[0;39m org.hibernate.orm.jdbc.bind          [222f55761bb14eff94c013a7e4482b00 | GET | /api/channels] - binding parameter (1:UUID) <- [0fb828ec-2cee-497c-8e87-348831a67f03]
26-05-15 10:35:01.017 [http-nio-8080-exec-3] [32mDEBUG[0;39m c.s.m.d.controller.ChannelController [222f55761bb14eff94c013a7e4482b00 | GET | /api/channels] - 사용자별 채널 목록 조회 응답: count=3
26-05-15 10:35:01.019 [http-nio-8080-exec-3] [32mDEBUG[0;39m c.s.m.d.config.MDCLoggingInterceptor [222f55761bb14eff94c013a7e4482b00 | GET | /api/channels] - Request completed
26-05-15 10:35:01.028 [http-nio-8080-exec-5] [32mDEBUG[0;39m c.s.m.d.config.MDCLoggingInterceptor [3be6d2b1808f49aab4a0857cddbe1630 | GET | /api/readStatuses] - Request started
26-05-15 10:35:01.029 [http-nio-8080-exec-5] [32mINFO [0;39m c.s.m.d.c.ReadStatusController       [3be6d2b1808f49aab4a0857cddbe1630 | GET | /api/readStatuses] - 사용자별 읽음 상태 목록 조회 요청: userId=aba478e0-9386-4424-924f-249335d64694
26-05-15 10:35:01.029 [http-nio-8080-exec-5] [32mDEBUG[0;39m c.s.m.d.s.b.BasicReadStatusService   [3be6d2b1808f49aab4a0857cddbe1630 | GET | /api/readStatuses] - 사용자별 읽음 상태 목록 조회 시작: userId=aba478e0-9386-4424-924f-249335d64694
26-05-15 10:35:01.031 [http-nio-8080-exec-5] [32mDEBUG[0;39m org.hibernate.SQL                    [3be6d2b1808f49aab4a0857cddbe1630 | GET | /api/readStatuses] - 
    select
        rs1_0.id,
        rs1_0.channel_id,
        rs1_0.created_at,
        rs1_0.last_read_at,
        rs1_0.updated_at,
        rs1_0.user_id 
    from
        read_statuses rs1_0 
    where
        rs1_0.user_id=?
26-05-15 10:35:01.031 [http-nio-8080-exec-5] [32mTRACE[0;39m org.hibernate.orm.jdbc.bind          [3be6d2b1808f49aab4a0857cddbe1630 | GET | /api/readStatuses] - binding parameter (1:UUID) <- [aba478e0-9386-4424-924f-249335d64694]
26-05-15 10:35:01.032 [http-nio-8080-exec-5] [32mINFO [0;39m c.s.m.d.s.b.BasicReadStatusService   [3be6d2b1808f49aab4a0857cddbe1630 | GET | /api/readStatuses] - 사용자별 읽음 상태 목록 조회 완료: userId=aba478e0-9386-4424-924f-249335d64694, 조회된 항목 수=1
26-05-15 10:35:01.032 [http-nio-8080-exec-5] [32mDEBUG[0;39m c.s.m.d.c.ReadStatusController       [3be6d2b1808f49aab4a0857cddbe1630 | GET | /api/readStatuses] - 사용자별 읽음 상태 목록 조회 응답: count=1
26-05-15 10:35:01.034 [http-nio-8080-exec-5] [32mDEBUG[0;39m c.s.m.d.config.MDCLoggingInterceptor [3be6d2b1808f49aab4a0857cddbe1630 | GET | /api/readStatuses] - Request completed
26-05-15 10:35:04.017 [http-nio-8080-exec-10] [32mDEBUG[0;39m c.s.m.d.config.MDCLoggingInterceptor [860c5ac7b3b842bf850a0c43f376ccbf | GET | /api/channels] - Request started
26-05-15 10:35:04.018 [http-nio-8080-exec-10] [32mINFO [0;39m c.s.m.d.controller.ChannelController [860c5ac7b3b842bf850a0c43f376ccbf | GET | /api/channels] - 사용자별 채널 목록 조회 요청: userId=aba478e0-9386-4424-924f-249335d64694
26-05-15 10:35:04.020 [http-nio-8080-exec-10] [32mDEBUG[0;39m org.hibernate.SQL                    [860c5ac7b3b842bf850a0c43f376ccbf | GET | /api/channels] - 
    select
        rs1_0.id,
        rs1_0.channel_id,
        rs1_0.created_at,
        rs1_0.last_read_at,
        rs1_0.updated_at,
        rs1_0.user_id 
    from
        read_statuses rs1_0 
    where
        rs1_0.user_id=?
26-05-15 10:35:04.021 [http-nio-8080-exec-10] [32mTRACE[0;39m org.hibernate.orm.jdbc.bind          [860c5ac7b3b842bf850a0c43f376ccbf | GET | /api/channels] - binding parameter (1:UUID) <- [aba478e0-9386-4424-924f-249335d64694]
26-05-15 10:35:04.026 [http-nio-8080-exec-10] [32mDEBUG[0;39m org.hibernate.SQL                    [860c5ac7b3b842bf850a0c43f376ccbf | GET | /api/channels] - 
    select
        c1_0.id,
        c1_0.created_at,
        c1_0.description,
        c1_0.name,
        c1_0.type,
        c1_0.updated_at 
    from
        channels c1_0 
    where
        c1_0.type=? 
        or c1_0.id in (?)
26-05-15 10:35:04.026 [http-nio-8080-exec-10] [32mTRACE[0;39m org.hibernate.orm.jdbc.bind          [860c5ac7b3b842bf850a0c43f376ccbf | GET | /api/channels] - binding parameter (1:VARCHAR) <- [PUBLIC]
26-05-15 10:35:04.027 [http-nio-8080-exec-10] [32mTRACE[0;39m org.hibernate.orm.jdbc.bind          [860c5ac7b3b842bf850a0c43f376ccbf | GET | /api/channels] - binding parameter (2:UUID) <- [0fb828ec-2cee-497c-8e87-348831a67f03]
26-05-15 10:35:04.029 [http-nio-8080-exec-10] [32mDEBUG[0;39m org.hibernate.SQL                    [860c5ac7b3b842bf850a0c43f376ccbf | GET | /api/channels] - 
    select
        m1_0.created_at 
    from
        messages m1_0 
    where
        m1_0.channel_id=? 
    order by
        m1_0.created_at desc 
    fetch
        first 1 rows only
26-05-15 10:35:04.029 [http-nio-8080-exec-10] [32mTRACE[0;39m org.hibernate.orm.jdbc.bind          [860c5ac7b3b842bf850a0c43f376ccbf | GET | /api/channels] - binding parameter (1:UUID) <- [7cdff344-ade9-4175-ad8a-0acaa200aaa4]
26-05-15 10:35:04.030 [http-nio-8080-exec-10] [32mDEBUG[0;39m org.hibernate.SQL                    [860c5ac7b3b842bf850a0c43f376ccbf | GET | /api/channels] - 
    select
        m1_0.created_at 
    from
        messages m1_0 
    where
        m1_0.channel_id=? 
    order by
        m1_0.created_at desc 
    fetch
        first 1 rows only
26-05-15 10:35:04.030 [http-nio-8080-exec-10] [32mTRACE[0;39m org.hibernate.orm.jdbc.bind          [860c5ac7b3b842bf850a0c43f376ccbf | GET | /api/channels] - binding parameter (1:UUID) <- [4c2389f4-ec8c-4a2f-97b8-18350b7aef48]
26-05-15 10:35:04.032 [http-nio-8080-exec-10] [32mDEBUG[0;39m org.hibernate.SQL                    [860c5ac7b3b842bf850a0c43f376ccbf | GET | /api/channels] - 
    select
        m1_0.created_at 
    from
        messages m1_0 
    where
        m1_0.channel_id=? 
    order by
        m1_0.created_at desc 
    fetch
        first 1 rows only
26-05-15 10:35:04.032 [http-nio-8080-exec-10] [32mTRACE[0;39m org.hibernate.orm.jdbc.bind          [860c5ac7b3b842bf850a0c43f376ccbf | GET | /api/channels] - binding parameter (1:UUID) <- [0fb828ec-2cee-497c-8e87-348831a67f03]
26-05-15 10:35:04.032 [http-nio-8080-exec-10] [32mDEBUG[0;39m c.s.m.d.controller.ChannelController [860c5ac7b3b842bf850a0c43f376ccbf | GET | /api/channels] - 사용자별 채널 목록 조회 응답: count=3
26-05-15 10:35:04.033 [http-nio-8080-exec-10] [32mDEBUG[0;39m c.s.m.d.config.MDCLoggingInterceptor [860c5ac7b3b842bf850a0c43f376ccbf | GET | /api/channels] - Request completed
26-05-15 10:35:04.048 [http-nio-8080-exec-1] [32mDEBUG[0;39m c.s.m.d.config.MDCLoggingInterceptor [a325b84363ee49e0b3ee5a5341686cad | GET | /api/readStatuses] - Request started
26-05-15 10:35:04.048 [http-nio-8080-exec-1] [32mINFO [0;39m c.s.m.d.c.ReadStatusController       [a325b84363ee49e0b3ee5a5341686cad | GET | /api/readStatuses] - 사용자별 읽음 상태 목록 조회 요청: userId=aba478e0-9386-4424-924f-249335d64694
26-05-15 10:35:04.050 [http-nio-8080-exec-1] [32mDEBUG[0;39m c.s.m.d.s.b.BasicReadStatusService   [a325b84363ee49e0b3ee5a5341686cad | GET | /api/readStatuses] - 사용자별 읽음 상태 목록 조회 시작: userId=aba478e0-9386-4424-924f-249335d64694
26-05-15 10:35:04.052 [http-nio-8080-exec-1] [32mDEBUG[0;39m org.hibernate.SQL                    [a325b84363ee49e0b3ee5a5341686cad | GET | /api/readStatuses] - 
    select
        rs1_0.id,
        rs1_0.channel_id,
        rs1_0.created_at,
        rs1_0.last_read_at,
        rs1_0.updated_at,
        rs1_0.user_id 
    from
        read_statuses rs1_0 
    where
        rs1_0.user_id=?
26-05-15 10:35:04.052 [http-nio-8080-exec-1] [32mTRACE[0;39m org.hibernate.orm.jdbc.bind          [a325b84363ee49e0b3ee5a5341686cad | GET | /api/readStatuses] - binding parameter (1:UUID) <- [aba478e0-9386-4424-924f-249335d64694]
26-05-15 10:35:04.053 [http-nio-8080-exec-1] [32mINFO [0;39m c.s.m.d.s.b.BasicReadStatusService   [a325b84363ee49e0b3ee5a5341686cad | GET | /api/readStatuses] - 사용자별 읽음 상태 목록 조회 완료: userId=aba478e0-9386-4424-924f-249335d64694, 조회된 항목 수=1
26-05-15 10:35:04.054 [http-nio-8080-exec-1] [32mDEBUG[0;39m c.s.m.d.c.ReadStatusController       [a325b84363ee49e0b3ee5a5341686cad | GET | /api/readStatuses] - 사용자별 읽음 상태 목록 조회 응답: count=1
26-05-15 10:35:04.056 [http-nio-8080-exec-1] [32mDEBUG[0;39m c.s.m.d.config.MDCLoggingInterceptor [a325b84363ee49e0b3ee5a5341686cad | GET | /api/readStatuses] - Request completed
26-05-15 10:35:07.011 [http-nio-8080-exec-2] [32mDEBUG[0;39m c.s.m.d.config.MDCLoggingInterceptor [aff9c09a243c4f8d8b0c7e256a2cbd75 | GET | /api/channels] - Request started
26-05-15 10:35:07.012 [http-nio-8080-exec-2] [32mINFO [0;39m c.s.m.d.controller.ChannelController [aff9c09a243c4f8d8b0c7e256a2cbd75 | GET | /api/channels] - 사용자별 채널 목록 조회 요청: userId=aba478e0-9386-4424-924f-249335d64694
26-05-15 10:35:07.015 [http-nio-8080-exec-2] [32mDEBUG[0;39m org.hibernate.SQL                    [aff9c09a243c4f8d8b0c7e256a2cbd75 | GET | /api/channels] - 
    select
        rs1_0.id,
        rs1_0.channel_id,
        rs1_0.created_at,
        rs1_0.last_read_at,
        rs1_0.updated_at,
        rs1_0.user_id 
    from
        read_statuses rs1_0 
    where
        rs1_0.user_id=?
26-05-15 10:35:07.015 [http-nio-8080-exec-2] [32mTRACE[0;39m org.hibernate.orm.jdbc.bind          [aff9c09a243c4f8d8b0c7e256a2cbd75 | GET | /api/channels] - binding parameter (1:UUID) <- [aba478e0-9386-4424-924f-249335d64694]
26-05-15 10:35:07.017 [http-nio-8080-exec-2] [32mDEBUG[0;39m org.hibernate.SQL                    [aff9c09a243c4f8d8b0c7e256a2cbd75 | GET | /api/channels] - 
    select
        c1_0.id,
        c1_0.created_at,
        c1_0.description,
        c1_0.name,
        c1_0.type,
        c1_0.updated_at 
    from
        channels c1_0 
    where
        c1_0.type=? 
        or c1_0.id in (?)
26-05-15 10:35:07.017 [http-nio-8080-exec-2] [32mTRACE[0;39m org.hibernate.orm.jdbc.bind          [aff9c09a243c4f8d8b0c7e256a2cbd75 | GET | /api/channels] - binding parameter (1:VARCHAR) <- [PUBLIC]
26-05-15 10:35:07.017 [http-nio-8080-exec-2] [32mTRACE[0;39m org.hibernate.orm.jdbc.bind          [aff9c09a243c4f8d8b0c7e256a2cbd75 | GET | /api/channels] - binding parameter (2:UUID) <- [0fb828ec-2cee-497c-8e87-348831a67f03]
26-05-15 10:35:07.018 [http-nio-8080-exec-2] [32mDEBUG[0;39m org.hibernate.SQL                    [aff9c09a243c4f8d8b0c7e256a2cbd75 | GET | /api/channels] - 
    select
        m1_0.created_at 
    from
        messages m1_0 
    where
        m1_0.channel_id=? 
    order by
        m1_0.created_at desc 
    fetch
        first 1 rows only
26-05-15 10:35:07.019 [http-nio-8080-exec-2] [32mTRACE[0;39m org.hibernate.orm.jdbc.bind          [aff9c09a243c4f8d8b0c7e256a2cbd75 | GET | /api/channels] - binding parameter (1:UUID) <- [7cdff344-ade9-4175-ad8a-0acaa200aaa4]
26-05-15 10:35:07.019 [http-nio-8080-exec-2] [32mDEBUG[0;39m org.hibernate.SQL                    [aff9c09a243c4f8d8b0c7e256a2cbd75 | GET | /api/channels] - 
    select
        m1_0.created_at 
    from
        messages m1_0 
    where
        m1_0.channel_id=? 
    order by
        m1_0.created_at desc 
    fetch
        first 1 rows only
26-05-15 10:35:07.019 [http-nio-8080-exec-2] [32mTRACE[0;39m org.hibernate.orm.jdbc.bind          [aff9c09a243c4f8d8b0c7e256a2cbd75 | GET | /api/channels] - binding parameter (1:UUID) <- [4c2389f4-ec8c-4a2f-97b8-18350b7aef48]
26-05-15 10:35:07.020 [http-nio-8080-exec-2] [32mDEBUG[0;39m org.hibernate.SQL                    [aff9c09a243c4f8d8b0c7e256a2cbd75 | GET | /api/channels] - 
    select
        m1_0.created_at 
    from
        messages m1_0 
    where
        m1_0.channel_id=? 
    order by
        m1_0.created_at desc 
    fetch
        first 1 rows only
26-05-15 10:35:07.020 [http-nio-8080-exec-2] [32mTRACE[0;39m org.hibernate.orm.jdbc.bind          [aff9c09a243c4f8d8b0c7e256a2cbd75 | GET | /api/channels] - binding parameter (1:UUID) <- [0fb828ec-2cee-497c-8e87-348831a67f03]
26-05-15 10:35:07.027 [http-nio-8080-exec-2] [32mDEBUG[0;39m c.s.m.d.controller.ChannelController [aff9c09a243c4f8d8b0c7e256a2cbd75 | GET | /api/channels] - 사용자별 채널 목록 조회 응답: count=3
26-05-15 10:35:07.028 [http-nio-8080-exec-2] [32mDEBUG[0;39m c.s.m.d.config.MDCLoggingInterceptor [aff9c09a243c4f8d8b0c7e256a2cbd75 | GET | /api/channels] - Request completed
26-05-15 10:35:07.038 [http-nio-8080-exec-9] [32mDEBUG[0;39m c.s.m.d.config.MDCLoggingInterceptor [ae5027383e314b4c9658ac581e35c3fe | GET | /api/readStatuses] - Request started
26-05-15 10:35:07.040 [http-nio-8080-exec-9] [32mINFO [0;39m c.s.m.d.c.ReadStatusController       [ae5027383e314b4c9658ac581e35c3fe | GET | /api/readStatuses] - 사용자별 읽음 상태 목록 조회 요청: userId=aba478e0-9386-4424-924f-249335d64694
26-05-15 10:35:07.042 [http-nio-8080-exec-9] [32mDEBUG[0;39m c.s.m.d.s.b.BasicReadStatusService   [ae5027383e314b4c9658ac581e35c3fe | GET | /api/readStatuses] - 사용자별 읽음 상태 목록 조회 시작: userId=aba478e0-9386-4424-924f-249335d64694
26-05-15 10:35:07.043 [http-nio-8080-exec-9] [32mDEBUG[0;39m org.hibernate.SQL                    [ae5027383e314b4c9658ac581e35c3fe | GET | /api/readStatuses] - 
    select
        rs1_0.id,
        rs1_0.channel_id,
        rs1_0.created_at,
        rs1_0.last_read_at,
        rs1_0.updated_at,
        rs1_0.user_id 
    from
        read_statuses rs1_0 
    where
        rs1_0.user_id=?
26-05-15 10:35:07.043 [http-nio-8080-exec-9] [32mTRACE[0;39m org.hibernate.orm.jdbc.bind          [ae5027383e314b4c9658ac581e35c3fe | GET | /api/readStatuses] - binding parameter (1:UUID) <- [aba478e0-9386-4424-924f-249335d64694]
26-05-15 10:35:07.043 [http-nio-8080-exec-9] [32mINFO [0;39m c.s.m.d.s.b.BasicReadStatusService   [ae5027383e314b4c9658ac581e35c3fe | GET | /api/readStatuses] - 사용자별 읽음 상태 목록 조회 완료: userId=aba478e0-9386-4424-924f-249335d64694, 조회된 항목 수=1
26-05-15 10:35:07.045 [http-nio-8080-exec-9] [32mDEBUG[0;39m c.s.m.d.c.ReadStatusController       [ae5027383e314b4c9658ac581e35c3fe | GET | /api/readStatuses] - 사용자별 읽음 상태 목록 조회 응답: count=1
26-05-15 10:35:07.046 [http-nio-8080-exec-9] [32mDEBUG[0;39m c.s.m.d.config.MDCLoggingInterceptor [ae5027383e314b4c9658ac581e35c3fe | GET | /api/readStatuses] - Request completed
26-05-15 10:35:10.010 [http-nio-8080-exec-4] [32mDEBUG[0;39m c.s.m.d.config.MDCLoggingInterceptor [8e9a603e99764496b252a862d8aadb31 | GET | /api/channels] - Request started
26-05-15 10:35:10.011 [http-nio-8080-exec-4] [32mINFO [0;39m c.s.m.d.controller.ChannelController [8e9a603e99764496b252a862d8aadb31 | GET | /api/channels] - 사용자별 채널 목록 조회 요청: userId=aba478e0-9386-4424-924f-249335d64694
26-05-15 10:35:10.014 [http-nio-8080-exec-4] [32mDEBUG[0;39m org.hibernate.SQL                    [8e9a603e99764496b252a862d8aadb31 | GET | /api/channels] - 
    select
        rs1_0.id,
        rs1_0.channel_id,
        rs1_0.created_at,
        rs1_0.last_read_at,
        rs1_0.updated_at,
        rs1_0.user_id 
    from
        read_statuses rs1_0 
    where
        rs1_0.user_id=?
26-05-15 10:35:10.014 [http-nio-8080-exec-4] [32mTRACE[0;39m org.hibernate.orm.jdbc.bind          [8e9a603e99764496b252a862d8aadb31 | GET | /api/channels] - binding parameter (1:UUID) <- [aba478e0-9386-4424-924f-249335d64694]
26-05-15 10:35:10.016 [http-nio-8080-exec-4] [32mDEBUG[0;39m org.hibernate.SQL                    [8e9a603e99764496b252a862d8aadb31 | GET | /api/channels] - 
    select
        c1_0.id,
        c1_0.created_at,
        c1_0.description,
        c1_0.name,
        c1_0.type,
        c1_0.updated_at 
    from
        channels c1_0 
    where
        c1_0.type=? 
        or c1_0.id in (?)
26-05-15 10:35:10.016 [http-nio-8080-exec-4] [32mTRACE[0;39m org.hibernate.orm.jdbc.bind          [8e9a603e99764496b252a862d8aadb31 | GET | /api/channels] - binding parameter (1:VARCHAR) <- [PUBLIC]
26-05-15 10:35:10.016 [http-nio-8080-exec-4] [32mTRACE[0;39m org.hibernate.orm.jdbc.bind          [8e9a603e99764496b252a862d8aadb31 | GET | /api/channels] - binding parameter (2:UUID) <- [0fb828ec-2cee-497c-8e87-348831a67f03]
26-05-15 10:35:10.017 [http-nio-8080-exec-4] [32mDEBUG[0;39m org.hibernate.SQL                    [8e9a603e99764496b252a862d8aadb31 | GET | /api/channels] - 
    select
        m1_0.created_at 
    from
        messages m1_0 
    where
        m1_0.channel_id=? 
    order by
        m1_0.created_at desc 
    fetch
        first 1 rows only
26-05-15 10:35:10.017 [http-nio-8080-exec-4] [32mTRACE[0;39m org.hibernate.orm.jdbc.bind          [8e9a603e99764496b252a862d8aadb31 | GET | /api/channels] - binding parameter (1:UUID) <- [7cdff344-ade9-4175-ad8a-0acaa200aaa4]
26-05-15 10:35:10.018 [http-nio-8080-exec-4] [32mDEBUG[0;39m org.hibernate.SQL                    [8e9a603e99764496b252a862d8aadb31 | GET | /api/channels] - 
    select
        m1_0.created_at 
    from
        messages m1_0 
    where
        m1_0.channel_id=? 
    order by
        m1_0.created_at desc 
    fetch
        first 1 rows only
26-05-15 10:35:10.019 [http-nio-8080-exec-4] [32mTRACE[0;39m org.hibernate.orm.jdbc.bind          [8e9a603e99764496b252a862d8aadb31 | GET | /api/channels] - binding parameter (1:UUID) <- [4c2389f4-ec8c-4a2f-97b8-18350b7aef48]
26-05-15 10:35:10.020 [http-nio-8080-exec-4] [32mDEBUG[0;39m org.hibernate.SQL                    [8e9a603e99764496b252a862d8aadb31 | GET | /api/channels] - 
    select
        m1_0.created_at 
    from
        messages m1_0 
    where
        m1_0.channel_id=? 
    order by
        m1_0.created_at desc 
    fetch
        first 1 rows only
26-05-15 10:35:10.021 [http-nio-8080-exec-4] [32mTRACE[0;39m org.hibernate.orm.jdbc.bind          [8e9a603e99764496b252a862d8aadb31 | GET | /api/channels] - binding parameter (1:UUID) <- [0fb828ec-2cee-497c-8e87-348831a67f03]
26-05-15 10:35:10.024 [http-nio-8080-exec-4] [32mDEBUG[0;39m c.s.m.d.controller.ChannelController [8e9a603e99764496b252a862d8aadb31 | GET | /api/channels] - 사용자별 채널 목록 조회 응답: count=3
26-05-15 10:35:10.026 [http-nio-8080-exec-4] [32mDEBUG[0;39m c.s.m.d.config.MDCLoggingInterceptor [8e9a603e99764496b252a862d8aadb31 | GET | /api/channels] - Request completed
26-05-15 10:35:10.040 [http-nio-8080-exec-8] [32mDEBUG[0;39m c.s.m.d.config.MDCLoggingInterceptor [9832a3e87ba74c44b583abfba8b18778 | GET | /api/readStatuses] - Request started
26-05-15 10:35:10.041 [http-nio-8080-exec-8] [32mINFO [0;39m c.s.m.d.c.ReadStatusController       [9832a3e87ba74c44b583abfba8b18778 | GET | /api/readStatuses] - 사용자별 읽음 상태 목록 조회 요청: userId=aba478e0-9386-4424-924f-249335d64694
26-05-15 10:35:10.042 [http-nio-8080-exec-8] [32mDEBUG[0;39m c.s.m.d.s.b.BasicReadStatusService   [9832a3e87ba74c44b583abfba8b18778 | GET | /api/readStatuses] - 사용자별 읽음 상태 목록 조회 시작: userId=aba478e0-9386-4424-924f-249335d64694
26-05-15 10:35:10.044 [http-nio-8080-exec-8] [32mDEBUG[0;39m org.hibernate.SQL                    [9832a3e87ba74c44b583abfba8b18778 | GET | /api/readStatuses] - 
    select
        rs1_0.id,
        rs1_0.channel_id,
        rs1_0.created_at,
        rs1_0.last_read_at,
        rs1_0.updated_at,
        rs1_0.user_id 
    from
        read_statuses rs1_0 
    where
        rs1_0.user_id=?
26-05-15 10:35:10.044 [http-nio-8080-exec-8] [32mTRACE[0;39m org.hibernate.orm.jdbc.bind          [9832a3e87ba74c44b583abfba8b18778 | GET | /api/readStatuses] - binding parameter (1:UUID) <- [aba478e0-9386-4424-924f-249335d64694]
26-05-15 10:35:10.045 [http-nio-8080-exec-8] [32mINFO [0;39m c.s.m.d.s.b.BasicReadStatusService   [9832a3e87ba74c44b583abfba8b18778 | GET | /api/readStatuses] - 사용자별 읽음 상태 목록 조회 완료: userId=aba478e0-9386-4424-924f-249335d64694, 조회된 항목 수=1
26-05-15 10:35:10.046 [http-nio-8080-exec-8] [32mDEBUG[0;39m c.s.m.d.c.ReadStatusController       [9832a3e87ba74c44b583abfba8b18778 | GET | /api/readStatuses] - 사용자별 읽음 상태 목록 조회 응답: count=1
26-05-15 10:35:10.048 [http-nio-8080-exec-8] [32mDEBUG[0;39m c.s.m.d.config.MDCLoggingInterceptor [9832a3e87ba74c44b583abfba8b18778 | GET | /api/readStatuses] - Request completed
26-05-15 10:35:13.012 [http-nio-8080-exec-6] [32mDEBUG[0;39m c.s.m.d.config.MDCLoggingInterceptor [6d2f83327bda4f81bcc020e22dd84e64 | GET | /api/channels] - Request started
26-05-15 10:35:13.012 [http-nio-8080-exec-6] [32mINFO [0;39m c.s.m.d.controller.ChannelController [6d2f83327bda4f81bcc020e22dd84e64 | GET | /api/channels] - 사용자별 채널 목록 조회 요청: userId=aba478e0-9386-4424-924f-249335d64694
26-05-15 10:35:13.014 [http-nio-8080-exec-6] [32mDEBUG[0;39m org.hibernate.SQL                    [6d2f83327bda4f81bcc020e22dd84e64 | GET | /api/channels] - 
    select
        rs1_0.id,
        rs1_0.channel_id,
        rs1_0.created_at,
        rs1_0.last_read_at,
        rs1_0.updated_at,
        rs1_0.user_id 
    from
        read_statuses rs1_0 
    where
        rs1_0.user_id=?
26-05-15 10:35:13.014 [http-nio-8080-exec-6] [32mTRACE[0;39m org.hibernate.orm.jdbc.bind          [6d2f83327bda4f81bcc020e22dd84e64 | GET | /api/channels] - binding parameter (1:UUID) <- [aba478e0-9386-4424-924f-249335d64694]
26-05-15 10:35:13.016 [http-nio-8080-exec-6] [32mDEBUG[0;39m org.hibernate.SQL                    [6d2f83327bda4f81bcc020e22dd84e64 | GET | /api/channels] - 
    select
        c1_0.id,
        c1_0.created_at,
        c1_0.description,
        c1_0.name,
        c1_0.type,
        c1_0.updated_at 
    from
        channels c1_0 
    where
        c1_0.type=? 
        or c1_0.id in (?)
26-05-15 10:35:13.017 [http-nio-8080-exec-6] [32mTRACE[0;39m org.hibernate.orm.jdbc.bind          [6d2f83327bda4f81bcc020e22dd84e64 | GET | /api/channels] - binding parameter (1:VARCHAR) <- [PUBLIC]
26-05-15 10:35:13.017 [http-nio-8080-exec-6] [32mTRACE[0;39m org.hibernate.orm.jdbc.bind          [6d2f83327bda4f81bcc020e22dd84e64 | GET | /api/channels] - binding parameter (2:UUID) <- [0fb828ec-2cee-497c-8e87-348831a67f03]
26-05-15 10:35:13.018 [http-nio-8080-exec-6] [32mDEBUG[0;39m org.hibernate.SQL                    [6d2f83327bda4f81bcc020e22dd84e64 | GET | /api/channels] - 
    select
        m1_0.created_at 
    from
        messages m1_0 
    where
        m1_0.channel_id=? 
    order by
        m1_0.created_at desc 
    fetch
        first 1 rows only
26-05-15 10:35:13.018 [http-nio-8080-exec-6] [32mTRACE[0;39m org.hibernate.orm.jdbc.bind          [6d2f83327bda4f81bcc020e22dd84e64 | GET | /api/channels] - binding parameter (1:UUID) <- [7cdff344-ade9-4175-ad8a-0acaa200aaa4]
26-05-15 10:35:13.019 [http-nio-8080-exec-6] [32mDEBUG[0;39m org.hibernate.SQL                    [6d2f83327bda4f81bcc020e22dd84e64 | GET | /api/channels] - 
    select
        m1_0.created_at 
    from
        messages m1_0 
    where
        m1_0.channel_id=? 
    order by
        m1_0.created_at desc 
    fetch
        first 1 rows only
26-05-15 10:35:13.019 [http-nio-8080-exec-6] [32mTRACE[0;39m org.hibernate.orm.jdbc.bind          [6d2f83327bda4f81bcc020e22dd84e64 | GET | /api/channels] - binding parameter (1:UUID) <- [4c2389f4-ec8c-4a2f-97b8-18350b7aef48]
26-05-15 10:35:13.020 [http-nio-8080-exec-6] [32mDEBUG[0;39m org.hibernate.SQL                    [6d2f83327bda4f81bcc020e22dd84e64 | GET | /api/channels] - 
    select
        m1_0.created_at 
    from
        messages m1_0 
    where
        m1_0.channel_id=? 
    order by
        m1_0.created_at desc 
    fetch
        first 1 rows only
26-05-15 10:35:13.020 [http-nio-8080-exec-6] [32mTRACE[0;39m org.hibernate.orm.jdbc.bind          [6d2f83327bda4f81bcc020e22dd84e64 | GET | /api/channels] - binding parameter (1:UUID) <- [0fb828ec-2cee-497c-8e87-348831a67f03]
26-05-15 10:35:13.021 [http-nio-8080-exec-6] [32mDEBUG[0;39m c.s.m.d.controller.ChannelController [6d2f83327bda4f81bcc020e22dd84e64 | GET | /api/channels] - 사용자별 채널 목록 조회 응답: count=3
26-05-15 10:35:13.023 [http-nio-8080-exec-6] [32mDEBUG[0;39m c.s.m.d.config.MDCLoggingInterceptor [6d2f83327bda4f81bcc020e22dd84e64 | GET | /api/channels] - Request completed
26-05-15 10:35:13.031 [http-nio-8080-exec-7] [32mDEBUG[0;39m c.s.m.d.config.MDCLoggingInterceptor [974689ea29b24cbbb1eea1c37463b2d0 | GET | /api/readStatuses] - Request started
26-05-15 10:35:13.032 [http-nio-8080-exec-7] [32mINFO [0;39m c.s.m.d.c.ReadStatusController       [974689ea29b24cbbb1eea1c37463b2d0 | GET | /api/readStatuses] - 사용자별 읽음 상태 목록 조회 요청: userId=aba478e0-9386-4424-924f-249335d64694
26-05-15 10:35:13.032 [http-nio-8080-exec-7] [32mDEBUG[0;39m c.s.m.d.s.b.BasicReadStatusService   [974689ea29b24cbbb1eea1c37463b2d0 | GET | /api/readStatuses] - 사용자별 읽음 상태 목록 조회 시작: userId=aba478e0-9386-4424-924f-249335d64694
26-05-15 10:35:13.034 [http-nio-8080-exec-7] [32mDEBUG[0;39m org.hibernate.SQL                    [974689ea29b24cbbb1eea1c37463b2d0 | GET | /api/readStatuses] - 
    select
        rs1_0.id,
        rs1_0.channel_id,
        rs1_0.created_at,
        rs1_0.last_read_at,
        rs1_0.updated_at,
        rs1_0.user_id 
    from
        read_statuses rs1_0 
    where
        rs1_0.user_id=?
26-05-15 10:35:13.034 [http-nio-8080-exec-7] [32mTRACE[0;39m org.hibernate.orm.jdbc.bind          [974689ea29b24cbbb1eea1c37463b2d0 | GET | /api/readStatuses] - binding parameter (1:UUID) <- [aba478e0-9386-4424-924f-249335d64694]
26-05-15 10:35:13.035 [http-nio-8080-exec-7] [32mINFO [0;39m c.s.m.d.s.b.BasicReadStatusService   [974689ea29b24cbbb1eea1c37463b2d0 | GET | /api/readStatuses] - 사용자별 읽음 상태 목록 조회 완료: userId=aba478e0-9386-4424-924f-249335d64694, 조회된 항목 수=1
26-05-15 10:35:13.037 [http-nio-8080-exec-7] [32mDEBUG[0;39m c.s.m.d.c.ReadStatusController       [974689ea29b24cbbb1eea1c37463b2d0 | GET | /api/readStatuses] - 사용자별 읽음 상태 목록 조회 응답: count=1
26-05-15 10:35:13.037 [http-nio-8080-exec-7] [32mDEBUG[0;39m c.s.m.d.config.MDCLoggingInterceptor [974689ea29b24cbbb1eea1c37463b2d0 | GET | /api/readStatuses] - Request completed
26-05-15 10:35:16.020 [http-nio-8080-exec-3] [32mDEBUG[0;39m c.s.m.d.config.MDCLoggingInterceptor [fb74d51bbabb46d5a76656ae0901422e | GET | /api/channels] - Request started
26-05-15 10:35:16.021 [http-nio-8080-exec-3] [32mINFO [0;39m c.s.m.d.controller.ChannelController [fb74d51bbabb46d5a76656ae0901422e | GET | /api/channels] - 사용자별 채널 목록 조회 요청: userId=aba478e0-9386-4424-924f-249335d64694
26-05-15 10:35:16.023 [http-nio-8080-exec-3] [32mDEBUG[0;39m org.hibernate.SQL                    [fb74d51bbabb46d5a76656ae0901422e | GET | /api/channels] - 
    select
        rs1_0.id,
        rs1_0.channel_id,
        rs1_0.created_at,
        rs1_0.last_read_at,
        rs1_0.updated_at,
        rs1_0.user_id 
    from
        read_statuses rs1_0 
    where
        rs1_0.user_id=?
26-05-15 10:35:16.023 [http-nio-8080-exec-3] [32mTRACE[0;39m org.hibernate.orm.jdbc.bind          [fb74d51bbabb46d5a76656ae0901422e | GET | /api/channels] - binding parameter (1:UUID) <- [aba478e0-9386-4424-924f-249335d64694]
26-05-15 10:35:16.026 [http-nio-8080-exec-3] [32mDEBUG[0;39m org.hibernate.SQL                    [fb74d51bbabb46d5a76656ae0901422e | GET | /api/channels] - 
    select
        c1_0.id,
        c1_0.created_at,
        c1_0.description,
        c1_0.name,
        c1_0.type,
        c1_0.updated_at 
    from
        channels c1_0 
    where
        c1_0.type=? 
        or c1_0.id in (?)
26-05-15 10:35:16.026 [http-nio-8080-exec-3] [32mTRACE[0;39m org.hibernate.orm.jdbc.bind          [fb74d51bbabb46d5a76656ae0901422e | GET | /api/channels] - binding parameter (1:VARCHAR) <- [PUBLIC]
26-05-15 10:35:16.026 [http-nio-8080-exec-3] [32mTRACE[0;39m org.hibernate.orm.jdbc.bind          [fb74d51bbabb46d5a76656ae0901422e | GET | /api/channels] - binding parameter (2:UUID) <- [0fb828ec-2cee-497c-8e87-348831a67f03]
26-05-15 10:35:16.027 [http-nio-8080-exec-3] [32mDEBUG[0;39m org.hibernate.SQL                    [fb74d51bbabb46d5a76656ae0901422e | GET | /api/channels] - 
    select
        m1_0.created_at 
    from
        messages m1_0 
    where
        m1_0.channel_id=? 
    order by
        m1_0.created_at desc 
    fetch
        first 1 rows only
26-05-15 10:35:16.027 [http-nio-8080-exec-3] [32mTRACE[0;39m org.hibernate.orm.jdbc.bind          [fb74d51bbabb46d5a76656ae0901422e | GET | /api/channels] - binding parameter (1:UUID) <- [7cdff344-ade9-4175-ad8a-0acaa200aaa4]
26-05-15 10:35:16.035 [http-nio-8080-exec-3] [32mDEBUG[0;39m org.hibernate.SQL                    [fb74d51bbabb46d5a76656ae0901422e | GET | /api/channels] - 
    select
        m1_0.created_at 
    from
        messages m1_0 
    where
        m1_0.channel_id=? 
    order by
        m1_0.created_at desc 
    fetch
        first 1 rows only
26-05-15 10:35:16.035 [http-nio-8080-exec-3] [32mTRACE[0;39m org.hibernate.orm.jdbc.bind          [fb74d51bbabb46d5a76656ae0901422e | GET | /api/channels] - binding parameter (1:UUID) <- [4c2389f4-ec8c-4a2f-97b8-18350b7aef48]
26-05-15 10:35:16.038 [http-nio-8080-exec-3] [32mDEBUG[0;39m org.hibernate.SQL                    [fb74d51bbabb46d5a76656ae0901422e | GET | /api/channels] - 
    select
        m1_0.created_at 
    from
        messages m1_0 
    where
        m1_0.channel_id=? 
    order by
        m1_0.created_at desc 
    fetch
        first 1 rows only
26-05-15 10:35:16.038 [http-nio-8080-exec-3] [32mTRACE[0;39m org.hibernate.orm.jdbc.bind          [fb74d51bbabb46d5a76656ae0901422e | GET | /api/channels] - binding parameter (1:UUID) <- [0fb828ec-2cee-497c-8e87-348831a67f03]
26-05-15 10:35:16.040 [http-nio-8080-exec-3] [32mDEBUG[0;39m c.s.m.d.controller.ChannelController [fb74d51bbabb46d5a76656ae0901422e | GET | /api/channels] - 사용자별 채널 목록 조회 응답: count=3
26-05-15 10:35:16.041 [http-nio-8080-exec-3] [32mDEBUG[0;39m c.s.m.d.config.MDCLoggingInterceptor [fb74d51bbabb46d5a76656ae0901422e | GET | /api/channels] - Request completed
26-05-15 10:35:16.110 [http-nio-8080-exec-5] [32mDEBUG[0;39m c.s.m.d.config.MDCLoggingInterceptor [2baace83c25547f39ff29600594c5190 | GET | /api/readStatuses] - Request started
26-05-15 10:35:16.113 [http-nio-8080-exec-5] [32mINFO [0;39m c.s.m.d.c.ReadStatusController       [2baace83c25547f39ff29600594c5190 | GET | /api/readStatuses] - 사용자별 읽음 상태 목록 조회 요청: userId=aba478e0-9386-4424-924f-249335d64694
26-05-15 10:35:16.114 [http-nio-8080-exec-5] [32mDEBUG[0;39m c.s.m.d.s.b.BasicReadStatusService   [2baace83c25547f39ff29600594c5190 | GET | /api/readStatuses] - 사용자별 읽음 상태 목록 조회 시작: userId=aba478e0-9386-4424-924f-249335d64694
26-05-15 10:35:16.116 [http-nio-8080-exec-5] [32mDEBUG[0;39m org.hibernate.SQL                    [2baace83c25547f39ff29600594c5190 | GET | /api/readStatuses] - 
    select
        rs1_0.id,
        rs1_0.channel_id,
        rs1_0.created_at,
        rs1_0.last_read_at,
        rs1_0.updated_at,
        rs1_0.user_id 
    from
        read_statuses rs1_0 
    where
        rs1_0.user_id=?
26-05-15 10:35:16.117 [http-nio-8080-exec-5] [32mTRACE[0;39m org.hibernate.orm.jdbc.bind          [2baace83c25547f39ff29600594c5190 | GET | /api/readStatuses] - binding parameter (1:UUID) <- [aba478e0-9386-4424-924f-249335d64694]
26-05-15 10:35:16.118 [http-nio-8080-exec-5] [32mINFO [0;39m c.s.m.d.s.b.BasicReadStatusService   [2baace83c25547f39ff29600594c5190 | GET | /api/readStatuses] - 사용자별 읽음 상태 목록 조회 완료: userId=aba478e0-9386-4424-924f-249335d64694, 조회된 항목 수=1
26-05-15 10:35:16.119 [http-nio-8080-exec-5] [32mDEBUG[0;39m c.s.m.d.c.ReadStatusController       [2baace83c25547f39ff29600594c5190 | GET | /api/readStatuses] - 사용자별 읽음 상태 목록 조회 응답: count=1
26-05-15 10:35:16.120 [http-nio-8080-exec-5] [32mDEBUG[0;39m c.s.m.d.config.MDCLoggingInterceptor [2baace83c25547f39ff29600594c5190 | GET | /api/readStatuses] - Request completed
26-05-15 10:35:19.011 [http-nio-8080-exec-10] [32mDEBUG[0;39m c.s.m.d.config.MDCLoggingInterceptor [be9089ed5c104951b7d6887527dd255e | GET | /api/channels] - Request started
26-05-15 10:35:19.012 [http-nio-8080-exec-10] [32mINFO [0;39m c.s.m.d.controller.ChannelController [be9089ed5c104951b7d6887527dd255e | GET | /api/channels] - 사용자별 채널 목록 조회 요청: userId=aba478e0-9386-4424-924f-249335d64694
26-05-15 10:35:19.015 [http-nio-8080-exec-10] [32mDEBUG[0;39m org.hibernate.SQL                    [be9089ed5c104951b7d6887527dd255e | GET | /api/channels] - 
    select
        rs1_0.id,
        rs1_0.channel_id,
        rs1_0.created_at,
        rs1_0.last_read_at,
        rs1_0.updated_at,
        rs1_0.user_id 
    from
        read_statuses rs1_0 
    where
        rs1_0.user_id=?
26-05-15 10:35:19.015 [http-nio-8080-exec-10] [32mTRACE[0;39m org.hibernate.orm.jdbc.bind          [be9089ed5c104951b7d6887527dd255e | GET | /api/channels] - binding parameter (1:UUID) <- [aba478e0-9386-4424-924f-249335d64694]
26-05-15 10:35:19.018 [http-nio-8080-exec-10] [32mDEBUG[0;39m org.hibernate.SQL                    [be9089ed5c104951b7d6887527dd255e | GET | /api/channels] - 
    select
        c1_0.id,
        c1_0.created_at,
        c1_0.description,
        c1_0.name,
        c1_0.type,
        c1_0.updated_at 
    from
        channels c1_0 
    where
        c1_0.type=? 
        or c1_0.id in (?)
26-05-15 10:35:19.018 [http-nio-8080-exec-10] [32mTRACE[0;39m org.hibernate.orm.jdbc.bind          [be9089ed5c104951b7d6887527dd255e | GET | /api/channels] - binding parameter (1:VARCHAR) <- [PUBLIC]
26-05-15 10:35:19.018 [http-nio-8080-exec-10] [32mTRACE[0;39m org.hibernate.orm.jdbc.bind          [be9089ed5c104951b7d6887527dd255e | GET | /api/channels] - binding parameter (2:UUID) <- [0fb828ec-2cee-497c-8e87-348831a67f03]
26-05-15 10:35:19.019 [http-nio-8080-exec-10] [32mDEBUG[0;39m org.hibernate.SQL                    [be9089ed5c104951b7d6887527dd255e | GET | /api/channels] - 
    select
        m1_0.created_at 
    from
        messages m1_0 
    where
        m1_0.channel_id=? 
    order by
        m1_0.created_at desc 
    fetch
        first 1 rows only
26-05-15 10:35:19.019 [http-nio-8080-exec-10] [32mTRACE[0;39m org.hibernate.orm.jdbc.bind          [be9089ed5c104951b7d6887527dd255e | GET | /api/channels] - binding parameter (1:UUID) <- [7cdff344-ade9-4175-ad8a-0acaa200aaa4]
26-05-15 10:35:19.020 [http-nio-8080-exec-10] [32mDEBUG[0;39m org.hibernate.SQL                    [be9089ed5c104951b7d6887527dd255e | GET | /api/channels] - 
    select
        m1_0.created_at 
    from
        messages m1_0 
    where
        m1_0.channel_id=? 
    order by
        m1_0.created_at desc 
    fetch
        first 1 rows only
26-05-15 10:35:19.020 [http-nio-8080-exec-10] [32mTRACE[0;39m org.hibernate.orm.jdbc.bind          [be9089ed5c104951b7d6887527dd255e | GET | /api/channels] - binding parameter (1:UUID) <- [4c2389f4-ec8c-4a2f-97b8-18350b7aef48]
26-05-15 10:35:19.021 [http-nio-8080-exec-10] [32mDEBUG[0;39m org.hibernate.SQL                    [be9089ed5c104951b7d6887527dd255e | GET | /api/channels] - 
    select
        m1_0.created_at 
    from
        messages m1_0 
    where
        m1_0.channel_id=? 
    order by
        m1_0.created_at desc 
    fetch
        first 1 rows only
26-05-15 10:35:19.022 [http-nio-8080-exec-10] [32mTRACE[0;39m org.hibernate.orm.jdbc.bind          [be9089ed5c104951b7d6887527dd255e | GET | /api/channels] - binding parameter (1:UUID) <- [0fb828ec-2cee-497c-8e87-348831a67f03]
26-05-15 10:35:19.023 [http-nio-8080-exec-10] [32mDEBUG[0;39m c.s.m.d.controller.ChannelController [be9089ed5c104951b7d6887527dd255e | GET | /api/channels] - 사용자별 채널 목록 조회 응답: count=3
26-05-15 10:35:19.024 [http-nio-8080-exec-10] [32mDEBUG[0;39m c.s.m.d.config.MDCLoggingInterceptor [be9089ed5c104951b7d6887527dd255e | GET | /api/channels] - Request completed
26-05-15 10:35:19.039 [http-nio-8080-exec-1] [32mDEBUG[0;39m c.s.m.d.config.MDCLoggingInterceptor [34fd31e6d27a48d19f6c0fafae9af584 | GET | /api/readStatuses] - Request started
26-05-15 10:35:19.040 [http-nio-8080-exec-1] [32mINFO [0;39m c.s.m.d.c.ReadStatusController       [34fd31e6d27a48d19f6c0fafae9af584 | GET | /api/readStatuses] - 사용자별 읽음 상태 목록 조회 요청: userId=aba478e0-9386-4424-924f-249335d64694
26-05-15 10:35:19.041 [http-nio-8080-exec-1] [32mDEBUG[0;39m c.s.m.d.s.b.BasicReadStatusService   [34fd31e6d27a48d19f6c0fafae9af584 | GET | /api/readStatuses] - 사용자별 읽음 상태 목록 조회 시작: userId=aba478e0-9386-4424-924f-249335d64694
26-05-15 10:35:19.043 [http-nio-8080-exec-1] [32mDEBUG[0;39m org.hibernate.SQL                    [34fd31e6d27a48d19f6c0fafae9af584 | GET | /api/readStatuses] - 
    select
        rs1_0.id,
        rs1_0.channel_id,
        rs1_0.created_at,
        rs1_0.last_read_at,
        rs1_0.updated_at,
        rs1_0.user_id 
    from
        read_statuses rs1_0 
    where
        rs1_0.user_id=?
26-05-15 10:35:19.044 [http-nio-8080-exec-1] [32mTRACE[0;39m org.hibernate.orm.jdbc.bind          [34fd31e6d27a48d19f6c0fafae9af584 | GET | /api/readStatuses] - binding parameter (1:UUID) <- [aba478e0-9386-4424-924f-249335d64694]
26-05-15 10:35:19.045 [http-nio-8080-exec-1] [32mINFO [0;39m c.s.m.d.s.b.BasicReadStatusService   [34fd31e6d27a48d19f6c0fafae9af584 | GET | /api/readStatuses] - 사용자별 읽음 상태 목록 조회 완료: userId=aba478e0-9386-4424-924f-249335d64694, 조회된 항목 수=1
26-05-15 10:35:19.045 [http-nio-8080-exec-1] [32mDEBUG[0;39m c.s.m.d.c.ReadStatusController       [34fd31e6d27a48d19f6c0fafae9af584 | GET | /api/readStatuses] - 사용자별 읽음 상태 목록 조회 응답: count=1
26-05-15 10:35:19.045 [http-nio-8080-exec-1] [32mDEBUG[0;39m c.s.m.d.config.MDCLoggingInterceptor [34fd31e6d27a48d19f6c0fafae9af584 | GET | /api/readStatuses] - Request completed
26-05-15 10:35:22.019 [http-nio-8080-exec-2] [32mDEBUG[0;39m c.s.m.d.config.MDCLoggingInterceptor [e400f8d33e7b401dab06572b895de714 | GET | /api/channels] - Request started
26-05-15 10:35:22.020 [http-nio-8080-exec-2] [32mINFO [0;39m c.s.m.d.controller.ChannelController [e400f8d33e7b401dab06572b895de714 | GET | /api/channels] - 사용자별 채널 목록 조회 요청: userId=aba478e0-9386-4424-924f-249335d64694
26-05-15 10:35:22.022 [http-nio-8080-exec-2] [32mDEBUG[0;39m org.hibernate.SQL                    [e400f8d33e7b401dab06572b895de714 | GET | /api/channels] - 
    select
        rs1_0.id,
        rs1_0.channel_id,
        rs1_0.created_at,
        rs1_0.last_read_at,
        rs1_0.updated_at,
        rs1_0.user_id 
    from
        read_statuses rs1_0 
    where
        rs1_0.user_id=?
26-05-15 10:35:22.022 [http-nio-8080-exec-2] [32mTRACE[0;39m org.hibernate.orm.jdbc.bind          [e400f8d33e7b401dab06572b895de714 | GET | /api/channels] - binding parameter (1:UUID) <- [aba478e0-9386-4424-924f-249335d64694]
26-05-15 10:35:22.024 [http-nio-8080-exec-2] [32mDEBUG[0;39m org.hibernate.SQL                    [e400f8d33e7b401dab06572b895de714 | GET | /api/channels] - 
    select
        c1_0.id,
        c1_0.created_at,
        c1_0.description,
        c1_0.name,
        c1_0.type,
        c1_0.updated_at 
    from
        channels c1_0 
    where
        c1_0.type=? 
        or c1_0.id in (?)
26-05-15 10:35:22.024 [http-nio-8080-exec-2] [32mTRACE[0;39m org.hibernate.orm.jdbc.bind          [e400f8d33e7b401dab06572b895de714 | GET | /api/channels] - binding parameter (1:VARCHAR) <- [PUBLIC]
26-05-15 10:35:22.025 [http-nio-8080-exec-2] [32mTRACE[0;39m org.hibernate.orm.jdbc.bind          [e400f8d33e7b401dab06572b895de714 | GET | /api/channels] - binding parameter (2:UUID) <- [0fb828ec-2cee-497c-8e87-348831a67f03]
26-05-15 10:35:22.025 [http-nio-8080-exec-2] [32mDEBUG[0;39m org.hibernate.SQL                    [e400f8d33e7b401dab06572b895de714 | GET | /api/channels] - 
    select
        m1_0.created_at 
    from
        messages m1_0 
    where
        m1_0.channel_id=? 
    order by
        m1_0.created_at desc 
    fetch
        first 1 rows only
26-05-15 10:35:22.025 [http-nio-8080-exec-2] [32mTRACE[0;39m org.hibernate.orm.jdbc.bind          [e400f8d33e7b401dab06572b895de714 | GET | /api/channels] - binding parameter (1:UUID) <- [7cdff344-ade9-4175-ad8a-0acaa200aaa4]
26-05-15 10:35:22.026 [http-nio-8080-exec-2] [32mDEBUG[0;39m org.hibernate.SQL                    [e400f8d33e7b401dab06572b895de714 | GET | /api/channels] - 
    select
        m1_0.created_at 
    from
        messages m1_0 
    where
        m1_0.channel_id=? 
    order by
        m1_0.created_at desc 
    fetch
        first 1 rows only
26-05-15 10:35:22.026 [http-nio-8080-exec-2] [32mTRACE[0;39m org.hibernate.orm.jdbc.bind          [e400f8d33e7b401dab06572b895de714 | GET | /api/channels] - binding parameter (1:UUID) <- [4c2389f4-ec8c-4a2f-97b8-18350b7aef48]
26-05-15 10:35:22.027 [http-nio-8080-exec-2] [32mDEBUG[0;39m org.hibernate.SQL                    [e400f8d33e7b401dab06572b895de714 | GET | /api/channels] - 
    select
        m1_0.created_at 
    from
        messages m1_0 
    where
        m1_0.channel_id=? 
    order by
        m1_0.created_at desc 
    fetch
        first 1 rows only
26-05-15 10:35:22.027 [http-nio-8080-exec-2] [32mTRACE[0;39m org.hibernate.orm.jdbc.bind          [e400f8d33e7b401dab06572b895de714 | GET | /api/channels] - binding parameter (1:UUID) <- [0fb828ec-2cee-497c-8e87-348831a67f03]
26-05-15 10:35:22.029 [http-nio-8080-exec-2] [32mDEBUG[0;39m c.s.m.d.controller.ChannelController [e400f8d33e7b401dab06572b895de714 | GET | /api/channels] - 사용자별 채널 목록 조회 응답: count=3
26-05-15 10:35:22.030 [http-nio-8080-exec-2] [32mDEBUG[0;39m c.s.m.d.config.MDCLoggingInterceptor [e400f8d33e7b401dab06572b895de714 | GET | /api/channels] - Request completed
26-05-15 10:35:22.043 [http-nio-8080-exec-9] [32mDEBUG[0;39m c.s.m.d.config.MDCLoggingInterceptor [a44e0fe54cb440cf9b026a9320b21bc3 | GET | /api/readStatuses] - Request started
26-05-15 10:35:22.044 [http-nio-8080-exec-9] [32mINFO [0;39m c.s.m.d.c.ReadStatusController       [a44e0fe54cb440cf9b026a9320b21bc3 | GET | /api/readStatuses] - 사용자별 읽음 상태 목록 조회 요청: userId=aba478e0-9386-4424-924f-249335d64694
26-05-15 10:35:22.044 [http-nio-8080-exec-9] [32mDEBUG[0;39m c.s.m.d.s.b.BasicReadStatusService   [a44e0fe54cb440cf9b026a9320b21bc3 | GET | /api/readStatuses] - 사용자별 읽음 상태 목록 조회 시작: userId=aba478e0-9386-4424-924f-249335d64694
26-05-15 10:35:22.045 [http-nio-8080-exec-9] [32mDEBUG[0;39m org.hibernate.SQL                    [a44e0fe54cb440cf9b026a9320b21bc3 | GET | /api/readStatuses] - 
    select
        rs1_0.id,
        rs1_0.channel_id,
        rs1_0.created_at,
        rs1_0.last_read_at,
        rs1_0.updated_at,
        rs1_0.user_id 
    from
        read_statuses rs1_0 
    where
        rs1_0.user_id=?
26-05-15 10:35:22.045 [http-nio-8080-exec-9] [32mTRACE[0;39m org.hibernate.orm.jdbc.bind          [a44e0fe54cb440cf9b026a9320b21bc3 | GET | /api/readStatuses] - binding parameter (1:UUID) <- [aba478e0-9386-4424-924f-249335d64694]
26-05-15 10:35:22.046 [http-nio-8080-exec-9] [32mINFO [0;39m c.s.m.d.s.b.BasicReadStatusService   [a44e0fe54cb440cf9b026a9320b21bc3 | GET | /api/readStatuses] - 사용자별 읽음 상태 목록 조회 완료: userId=aba478e0-9386-4424-924f-249335d64694, 조회된 항목 수=1
26-05-15 10:35:22.047 [http-nio-8080-exec-9] [32mDEBUG[0;39m c.s.m.d.c.ReadStatusController       [a44e0fe54cb440cf9b026a9320b21bc3 | GET | /api/readStatuses] - 사용자별 읽음 상태 목록 조회 응답: count=1
26-05-15 10:35:22.048 [http-nio-8080-exec-9] [32mDEBUG[0;39m c.s.m.d.config.MDCLoggingInterceptor [a44e0fe54cb440cf9b026a9320b21bc3 | GET | /api/readStatuses] - Request completed
26-05-15 10:35:25.019 [http-nio-8080-exec-4] [32mDEBUG[0;39m c.s.m.d.config.MDCLoggingInterceptor [fcd7e28de0a84cb3975ed2e7d7edc890 | GET | /api/channels] - Request started
26-05-15 10:35:25.020 [http-nio-8080-exec-4] [32mINFO [0;39m c.s.m.d.controller.ChannelController [fcd7e28de0a84cb3975ed2e7d7edc890 | GET | /api/channels] - 사용자별 채널 목록 조회 요청: userId=aba478e0-9386-4424-924f-249335d64694
26-05-15 10:35:25.022 [http-nio-8080-exec-4] [32mDEBUG[0;39m org.hibernate.SQL                    [fcd7e28de0a84cb3975ed2e7d7edc890 | GET | /api/channels] - 
    select
        rs1_0.id,
        rs1_0.channel_id,
        rs1_0.created_at,
        rs1_0.last_read_at,
        rs1_0.updated_at,
        rs1_0.user_id 
    from
        read_statuses rs1_0 
    where
        rs1_0.user_id=?
26-05-15 10:35:25.023 [http-nio-8080-exec-4] [32mTRACE[0;39m org.hibernate.orm.jdbc.bind          [fcd7e28de0a84cb3975ed2e7d7edc890 | GET | /api/channels] - binding parameter (1:UUID) <- [aba478e0-9386-4424-924f-249335d64694]
26-05-15 10:35:25.026 [http-nio-8080-exec-4] [32mDEBUG[0;39m org.hibernate.SQL                    [fcd7e28de0a84cb3975ed2e7d7edc890 | GET | /api/channels] - 
    select
        c1_0.id,
        c1_0.created_at,
        c1_0.description,
        c1_0.name,
        c1_0.type,
        c1_0.updated_at 
    from
        channels c1_0 
    where
        c1_0.type=? 
        or c1_0.id in (?)
26-05-15 10:35:25.026 [http-nio-8080-exec-4] [32mTRACE[0;39m org.hibernate.orm.jdbc.bind          [fcd7e28de0a84cb3975ed2e7d7edc890 | GET | /api/channels] - binding parameter (1:VARCHAR) <- [PUBLIC]
26-05-15 10:35:25.026 [http-nio-8080-exec-4] [32mTRACE[0;39m org.hibernate.orm.jdbc.bind          [fcd7e28de0a84cb3975ed2e7d7edc890 | GET | /api/channels] - binding parameter (2:UUID) <- [0fb828ec-2cee-497c-8e87-348831a67f03]
26-05-15 10:35:25.027 [http-nio-8080-exec-4] [32mDEBUG[0;39m org.hibernate.SQL                    [fcd7e28de0a84cb3975ed2e7d7edc890 | GET | /api/channels] - 
    select
        m1_0.created_at 
    from
        messages m1_0 
    where
        m1_0.channel_id=? 
    order by
        m1_0.created_at desc 
    fetch
        first 1 rows only
26-05-15 10:35:25.027 [http-nio-8080-exec-4] [32mTRACE[0;39m org.hibernate.orm.jdbc.bind          [fcd7e28de0a84cb3975ed2e7d7edc890 | GET | /api/channels] - binding parameter (1:UUID) <- [7cdff344-ade9-4175-ad8a-0acaa200aaa4]
26-05-15 10:35:25.028 [http-nio-8080-exec-4] [32mDEBUG[0;39m org.hibernate.SQL                    [fcd7e28de0a84cb3975ed2e7d7edc890 | GET | /api/channels] - 
    select
        m1_0.created_at 
    from
        messages m1_0 
    where
        m1_0.channel_id=? 
    order by
        m1_0.created_at desc 
    fetch
        first 1 rows only
26-05-15 10:35:25.028 [http-nio-8080-exec-4] [32mTRACE[0;39m org.hibernate.orm.jdbc.bind          [fcd7e28de0a84cb3975ed2e7d7edc890 | GET | /api/channels] - binding parameter (1:UUID) <- [4c2389f4-ec8c-4a2f-97b8-18350b7aef48]
26-05-15 10:35:25.029 [http-nio-8080-exec-4] [32mDEBUG[0;39m org.hibernate.SQL                    [fcd7e28de0a84cb3975ed2e7d7edc890 | GET | /api/channels] - 
    select
        m1_0.created_at 
    from
        messages m1_0 
    where
        m1_0.channel_id=? 
    order by
        m1_0.created_at desc 
    fetch
        first 1 rows only
26-05-15 10:35:25.029 [http-nio-8080-exec-4] [32mTRACE[0;39m org.hibernate.orm.jdbc.bind          [fcd7e28de0a84cb3975ed2e7d7edc890 | GET | /api/channels] - binding parameter (1:UUID) <- [0fb828ec-2cee-497c-8e87-348831a67f03]
26-05-15 10:35:25.030 [http-nio-8080-exec-4] [32mDEBUG[0;39m c.s.m.d.controller.ChannelController [fcd7e28de0a84cb3975ed2e7d7edc890 | GET | /api/channels] - 사용자별 채널 목록 조회 응답: count=3
26-05-15 10:35:25.032 [http-nio-8080-exec-4] [32mDEBUG[0;39m c.s.m.d.config.MDCLoggingInterceptor [fcd7e28de0a84cb3975ed2e7d7edc890 | GET | /api/channels] - Request completed
26-05-15 10:35:25.039 [http-nio-8080-exec-8] [32mDEBUG[0;39m c.s.m.d.config.MDCLoggingInterceptor [a135b259f42e41b496b7e7f1c9ce2562 | GET | /api/readStatuses] - Request started
26-05-15 10:35:25.039 [http-nio-8080-exec-8] [32mINFO [0;39m c.s.m.d.c.ReadStatusController       [a135b259f42e41b496b7e7f1c9ce2562 | GET | /api/readStatuses] - 사용자별 읽음 상태 목록 조회 요청: userId=aba478e0-9386-4424-924f-249335d64694
26-05-15 10:35:25.041 [http-nio-8080-exec-8] [32mDEBUG[0;39m c.s.m.d.s.b.BasicReadStatusService   [a135b259f42e41b496b7e7f1c9ce2562 | GET | /api/readStatuses] - 사용자별 읽음 상태 목록 조회 시작: userId=aba478e0-9386-4424-924f-249335d64694
26-05-15 10:35:25.042 [http-nio-8080-exec-8] [32mDEBUG[0;39m org.hibernate.SQL                    [a135b259f42e41b496b7e7f1c9ce2562 | GET | /api/readStatuses] - 
    select
        rs1_0.id,
        rs1_0.channel_id,
        rs1_0.created_at,
        rs1_0.last_read_at,
        rs1_0.updated_at,
        rs1_0.user_id 
    from
        read_statuses rs1_0 
    where
        rs1_0.user_id=?
26-05-15 10:35:25.042 [http-nio-8080-exec-8] [32mTRACE[0;39m org.hibernate.orm.jdbc.bind          [a135b259f42e41b496b7e7f1c9ce2562 | GET | /api/readStatuses] - binding parameter (1:UUID) <- [aba478e0-9386-4424-924f-249335d64694]
26-05-15 10:35:25.043 [http-nio-8080-exec-8] [32mINFO [0;39m c.s.m.d.s.b.BasicReadStatusService   [a135b259f42e41b496b7e7f1c9ce2562 | GET | /api/readStatuses] - 사용자별 읽음 상태 목록 조회 완료: userId=aba478e0-9386-4424-924f-249335d64694, 조회된 항목 수=1
26-05-15 10:35:25.043 [http-nio-8080-exec-8] [32mDEBUG[0;39m c.s.m.d.c.ReadStatusController       [a135b259f42e41b496b7e7f1c9ce2562 | GET | /api/readStatuses] - 사용자별 읽음 상태 목록 조회 응답: count=1
26-05-15 10:35:25.045 [http-nio-8080-exec-8] [32mDEBUG[0;39m c.s.m.d.config.MDCLoggingInterceptor [a135b259f42e41b496b7e7f1c9ce2562 | GET | /api/readStatuses] - Request completed
26-05-15 10:35:28.016 [http-nio-8080-exec-6] [32mDEBUG[0;39m c.s.m.d.config.MDCLoggingInterceptor [5fa1a810db23412e809d3a3d14831121 | GET | /api/channels] - Request started
26-05-15 10:35:28.016 [http-nio-8080-exec-6] [32mINFO [0;39m c.s.m.d.controller.ChannelController [5fa1a810db23412e809d3a3d14831121 | GET | /api/channels] - 사용자별 채널 목록 조회 요청: userId=aba478e0-9386-4424-924f-249335d64694
26-05-15 10:35:28.020 [http-nio-8080-exec-6] [32mDEBUG[0;39m org.hibernate.SQL                    [5fa1a810db23412e809d3a3d14831121 | GET | /api/channels] - 
    select
        rs1_0.id,
        rs1_0.channel_id,
        rs1_0.created_at,
        rs1_0.last_read_at,
        rs1_0.updated_at,
        rs1_0.user_id 
    from
        read_statuses rs1_0 
    where
        rs1_0.user_id=?
26-05-15 10:35:28.020 [http-nio-8080-exec-6] [32mTRACE[0;39m org.hibernate.orm.jdbc.bind          [5fa1a810db23412e809d3a3d14831121 | GET | /api/channels] - binding parameter (1:UUID) <- [aba478e0-9386-4424-924f-249335d64694]
26-05-15 10:35:28.022 [http-nio-8080-exec-6] [32mDEBUG[0;39m org.hibernate.SQL                    [5fa1a810db23412e809d3a3d14831121 | GET | /api/channels] - 
    select
        c1_0.id,
        c1_0.created_at,
        c1_0.description,
        c1_0.name,
        c1_0.type,
        c1_0.updated_at 
    from
        channels c1_0 
    where
        c1_0.type=? 
        or c1_0.id in (?)
26-05-15 10:35:28.023 [http-nio-8080-exec-6] [32mTRACE[0;39m org.hibernate.orm.jdbc.bind          [5fa1a810db23412e809d3a3d14831121 | GET | /api/channels] - binding parameter (1:VARCHAR) <- [PUBLIC]
26-05-15 10:35:28.023 [http-nio-8080-exec-6] [32mTRACE[0;39m org.hibernate.orm.jdbc.bind          [5fa1a810db23412e809d3a3d14831121 | GET | /api/channels] - binding parameter (2:UUID) <- [0fb828ec-2cee-497c-8e87-348831a67f03]
26-05-15 10:35:28.024 [http-nio-8080-exec-6] [32mDEBUG[0;39m org.hibernate.SQL                    [5fa1a810db23412e809d3a3d14831121 | GET | /api/channels] - 
    select
        m1_0.created_at 
    from
        messages m1_0 
    where
        m1_0.channel_id=? 
    order by
        m1_0.created_at desc 
    fetch
        first 1 rows only
26-05-15 10:35:28.024 [http-nio-8080-exec-6] [32mTRACE[0;39m org.hibernate.orm.jdbc.bind          [5fa1a810db23412e809d3a3d14831121 | GET | /api/channels] - binding parameter (1:UUID) <- [7cdff344-ade9-4175-ad8a-0acaa200aaa4]
26-05-15 10:35:28.026 [http-nio-8080-exec-6] [32mDEBUG[0;39m org.hibernate.SQL                    [5fa1a810db23412e809d3a3d14831121 | GET | /api/channels] - 
    select
        m1_0.created_at 
    from
        messages m1_0 
    where
        m1_0.channel_id=? 
    order by
        m1_0.created_at desc 
    fetch
        first 1 rows only
26-05-15 10:35:28.026 [http-nio-8080-exec-6] [32mTRACE[0;39m org.hibernate.orm.jdbc.bind          [5fa1a810db23412e809d3a3d14831121 | GET | /api/channels] - binding parameter (1:UUID) <- [4c2389f4-ec8c-4a2f-97b8-18350b7aef48]
26-05-15 10:35:28.027 [http-nio-8080-exec-6] [32mDEBUG[0;39m org.hibernate.SQL                    [5fa1a810db23412e809d3a3d14831121 | GET | /api/channels] - 
    select
        m1_0.created_at 
    from
        messages m1_0 
    where
        m1_0.channel_id=? 
    order by
        m1_0.created_at desc 
    fetch
        first 1 rows only
26-05-15 10:35:28.027 [http-nio-8080-exec-6] [32mTRACE[0;39m org.hibernate.orm.jdbc.bind          [5fa1a810db23412e809d3a3d14831121 | GET | /api/channels] - binding parameter (1:UUID) <- [0fb828ec-2cee-497c-8e87-348831a67f03]
26-05-15 10:35:28.029 [http-nio-8080-exec-6] [32mDEBUG[0;39m c.s.m.d.controller.ChannelController [5fa1a810db23412e809d3a3d14831121 | GET | /api/channels] - 사용자별 채널 목록 조회 응답: count=3
26-05-15 10:35:28.031 [http-nio-8080-exec-6] [32mDEBUG[0;39m c.s.m.d.config.MDCLoggingInterceptor [5fa1a810db23412e809d3a3d14831121 | GET | /api/channels] - Request completed
26-05-15 10:35:28.041 [http-nio-8080-exec-7] [32mDEBUG[0;39m c.s.m.d.config.MDCLoggingInterceptor [0596196ccc804761a9c6e95733be1d9e | GET | /api/readStatuses] - Request started
26-05-15 10:35:28.041 [http-nio-8080-exec-7] [32mINFO [0;39m c.s.m.d.c.ReadStatusController       [0596196ccc804761a9c6e95733be1d9e | GET | /api/readStatuses] - 사용자별 읽음 상태 목록 조회 요청: userId=aba478e0-9386-4424-924f-249335d64694
26-05-15 10:35:28.043 [http-nio-8080-exec-7] [32mDEBUG[0;39m c.s.m.d.s.b.BasicReadStatusService   [0596196ccc804761a9c6e95733be1d9e | GET | /api/readStatuses] - 사용자별 읽음 상태 목록 조회 시작: userId=aba478e0-9386-4424-924f-249335d64694
26-05-15 10:35:28.045 [http-nio-8080-exec-7] [32mDEBUG[0;39m org.hibernate.SQL                    [0596196ccc804761a9c6e95733be1d9e | GET | /api/readStatuses] - 
    select
        rs1_0.id,
        rs1_0.channel_id,
        rs1_0.created_at,
        rs1_0.last_read_at,
        rs1_0.updated_at,
        rs1_0.user_id 
    from
        read_statuses rs1_0 
    where
        rs1_0.user_id=?
26-05-15 10:35:28.045 [http-nio-8080-exec-7] [32mTRACE[0;39m org.hibernate.orm.jdbc.bind          [0596196ccc804761a9c6e95733be1d9e | GET | /api/readStatuses] - binding parameter (1:UUID) <- [aba478e0-9386-4424-924f-249335d64694]
26-05-15 10:35:28.047 [http-nio-8080-exec-7] [32mINFO [0;39m c.s.m.d.s.b.BasicReadStatusService   [0596196ccc804761a9c6e95733be1d9e | GET | /api/readStatuses] - 사용자별 읽음 상태 목록 조회 완료: userId=aba478e0-9386-4424-924f-249335d64694, 조회된 항목 수=1
26-05-15 10:35:28.047 [http-nio-8080-exec-7] [32mDEBUG[0;39m c.s.m.d.c.ReadStatusController       [0596196ccc804761a9c6e95733be1d9e | GET | /api/readStatuses] - 사용자별 읽음 상태 목록 조회 응답: count=1
26-05-15 10:35:28.048 [http-nio-8080-exec-7] [32mDEBUG[0;39m c.s.m.d.config.MDCLoggingInterceptor [0596196ccc804761a9c6e95733be1d9e | GET | /api/readStatuses] - Request completed
26-05-15 10:35:31.012 [http-nio-8080-exec-3] [32mDEBUG[0;39m c.s.m.d.config.MDCLoggingInterceptor [c420ee1c9dbc4db69d9d947d603bc858 | GET | /api/channels] - Request started
26-05-15 10:35:31.012 [http-nio-8080-exec-3] [32mINFO [0;39m c.s.m.d.controller.ChannelController [c420ee1c9dbc4db69d9d947d603bc858 | GET | /api/channels] - 사용자별 채널 목록 조회 요청: userId=aba478e0-9386-4424-924f-249335d64694
26-05-15 10:35:31.014 [http-nio-8080-exec-3] [32mDEBUG[0;39m org.hibernate.SQL                    [c420ee1c9dbc4db69d9d947d603bc858 | GET | /api/channels] - 
    select
        rs1_0.id,
        rs1_0.channel_id,
        rs1_0.created_at,
        rs1_0.last_read_at,
        rs1_0.updated_at,
        rs1_0.user_id 
    from
        read_statuses rs1_0 
    where
        rs1_0.user_id=?
26-05-15 10:35:31.015 [http-nio-8080-exec-3] [32mTRACE[0;39m org.hibernate.orm.jdbc.bind          [c420ee1c9dbc4db69d9d947d603bc858 | GET | /api/channels] - binding parameter (1:UUID) <- [aba478e0-9386-4424-924f-249335d64694]
26-05-15 10:35:31.017 [http-nio-8080-exec-3] [32mDEBUG[0;39m org.hibernate.SQL                    [c420ee1c9dbc4db69d9d947d603bc858 | GET | /api/channels] - 
    select
        c1_0.id,
        c1_0.created_at,
        c1_0.description,
        c1_0.name,
        c1_0.type,
        c1_0.updated_at 
    from
        channels c1_0 
    where
        c1_0.type=? 
        or c1_0.id in (?)
26-05-15 10:35:31.017 [http-nio-8080-exec-3] [32mTRACE[0;39m org.hibernate.orm.jdbc.bind          [c420ee1c9dbc4db69d9d947d603bc858 | GET | /api/channels] - binding parameter (1:VARCHAR) <- [PUBLIC]
26-05-15 10:35:31.018 [http-nio-8080-exec-3] [32mTRACE[0;39m org.hibernate.orm.jdbc.bind          [c420ee1c9dbc4db69d9d947d603bc858 | GET | /api/channels] - binding parameter (2:UUID) <- [0fb828ec-2cee-497c-8e87-348831a67f03]
26-05-15 10:35:31.020 [http-nio-8080-exec-3] [32mDEBUG[0;39m org.hibernate.SQL                    [c420ee1c9dbc4db69d9d947d603bc858 | GET | /api/channels] - 
    select
        m1_0.created_at 
    from
        messages m1_0 
    where
        m1_0.channel_id=? 
    order by
        m1_0.created_at desc 
    fetch
        first 1 rows only
26-05-15 10:35:31.020 [http-nio-8080-exec-3] [32mTRACE[0;39m org.hibernate.orm.jdbc.bind          [c420ee1c9dbc4db69d9d947d603bc858 | GET | /api/channels] - binding parameter (1:UUID) <- [7cdff344-ade9-4175-ad8a-0acaa200aaa4]
26-05-15 10:35:31.021 [http-nio-8080-exec-3] [32mDEBUG[0;39m org.hibernate.SQL                    [c420ee1c9dbc4db69d9d947d603bc858 | GET | /api/channels] - 
    select
        m1_0.created_at 
    from
        messages m1_0 
    where
        m1_0.channel_id=? 
    order by
        m1_0.created_at desc 
    fetch
        first 1 rows only
26-05-15 10:35:31.021 [http-nio-8080-exec-3] [32mTRACE[0;39m org.hibernate.orm.jdbc.bind          [c420ee1c9dbc4db69d9d947d603bc858 | GET | /api/channels] - binding parameter (1:UUID) <- [4c2389f4-ec8c-4a2f-97b8-18350b7aef48]
26-05-15 10:35:31.022 [http-nio-8080-exec-3] [32mDEBUG[0;39m org.hibernate.SQL                    [c420ee1c9dbc4db69d9d947d603bc858 | GET | /api/channels] - 
    select
        m1_0.created_at 
    from
        messages m1_0 
    where
        m1_0.channel_id=? 
    order by
        m1_0.created_at desc 
    fetch
        first 1 rows only
26-05-15 10:35:31.022 [http-nio-8080-exec-3] [32mTRACE[0;39m org.hibernate.orm.jdbc.bind          [c420ee1c9dbc4db69d9d947d603bc858 | GET | /api/channels] - binding parameter (1:UUID) <- [0fb828ec-2cee-497c-8e87-348831a67f03]
26-05-15 10:35:31.023 [http-nio-8080-exec-3] [32mDEBUG[0;39m c.s.m.d.controller.ChannelController [c420ee1c9dbc4db69d9d947d603bc858 | GET | /api/channels] - 사용자별 채널 목록 조회 응답: count=3
26-05-15 10:35:31.024 [http-nio-8080-exec-3] [32mDEBUG[0;39m c.s.m.d.config.MDCLoggingInterceptor [c420ee1c9dbc4db69d9d947d603bc858 | GET | /api/channels] - Request completed
26-05-15 10:35:31.032 [http-nio-8080-exec-5] [32mDEBUG[0;39m c.s.m.d.config.MDCLoggingInterceptor [3cc53c3cee4344f1b11bde708a4b50dc | GET | /api/readStatuses] - Request started
26-05-15 10:35:31.033 [http-nio-8080-exec-5] [32mINFO [0;39m c.s.m.d.c.ReadStatusController       [3cc53c3cee4344f1b11bde708a4b50dc | GET | /api/readStatuses] - 사용자별 읽음 상태 목록 조회 요청: userId=aba478e0-9386-4424-924f-249335d64694
26-05-15 10:35:31.033 [http-nio-8080-exec-5] [32mDEBUG[0;39m c.s.m.d.s.b.BasicReadStatusService   [3cc53c3cee4344f1b11bde708a4b50dc | GET | /api/readStatuses] - 사용자별 읽음 상태 목록 조회 시작: userId=aba478e0-9386-4424-924f-249335d64694
26-05-15 10:35:31.035 [http-nio-8080-exec-5] [32mDEBUG[0;39m org.hibernate.SQL                    [3cc53c3cee4344f1b11bde708a4b50dc | GET | /api/readStatuses] - 
    select
        rs1_0.id,
        rs1_0.channel_id,
        rs1_0.created_at,
        rs1_0.last_read_at,
        rs1_0.updated_at,
        rs1_0.user_id 
    from
        read_statuses rs1_0 
    where
        rs1_0.user_id=?
26-05-15 10:35:31.036 [http-nio-8080-exec-5] [32mTRACE[0;39m org.hibernate.orm.jdbc.bind          [3cc53c3cee4344f1b11bde708a4b50dc | GET | /api/readStatuses] - binding parameter (1:UUID) <- [aba478e0-9386-4424-924f-249335d64694]
26-05-15 10:35:31.037 [http-nio-8080-exec-5] [32mINFO [0;39m c.s.m.d.s.b.BasicReadStatusService   [3cc53c3cee4344f1b11bde708a4b50dc | GET | /api/readStatuses] - 사용자별 읽음 상태 목록 조회 완료: userId=aba478e0-9386-4424-924f-249335d64694, 조회된 항목 수=1
26-05-15 10:35:31.037 [http-nio-8080-exec-5] [32mDEBUG[0;39m c.s.m.d.c.ReadStatusController       [3cc53c3cee4344f1b11bde708a4b50dc | GET | /api/readStatuses] - 사용자별 읽음 상태 목록 조회 응답: count=1
26-05-15 10:35:31.039 [http-nio-8080-exec-5] [32mDEBUG[0;39m c.s.m.d.config.MDCLoggingInterceptor [3cc53c3cee4344f1b11bde708a4b50dc | GET | /api/readStatuses] - Request completed
26-05-15 10:35:34.009 [http-nio-8080-exec-10] [32mDEBUG[0;39m c.s.m.d.config.MDCLoggingInterceptor [69e69a3c561542d2878f234f24b16f0c | GET | /api/channels] - Request started
26-05-15 10:35:34.009 [http-nio-8080-exec-10] [32mINFO [0;39m c.s.m.d.controller.ChannelController [69e69a3c561542d2878f234f24b16f0c | GET | /api/channels] - 사용자별 채널 목록 조회 요청: userId=aba478e0-9386-4424-924f-249335d64694
26-05-15 10:35:34.012 [http-nio-8080-exec-10] [32mDEBUG[0;39m org.hibernate.SQL                    [69e69a3c561542d2878f234f24b16f0c | GET | /api/channels] - 
    select
        rs1_0.id,
        rs1_0.channel_id,
        rs1_0.created_at,
        rs1_0.last_read_at,
        rs1_0.updated_at,
        rs1_0.user_id 
    from
        read_statuses rs1_0 
    where
        rs1_0.user_id=?
26-05-15 10:35:34.012 [http-nio-8080-exec-10] [32mTRACE[0;39m org.hibernate.orm.jdbc.bind          [69e69a3c561542d2878f234f24b16f0c | GET | /api/channels] - binding parameter (1:UUID) <- [aba478e0-9386-4424-924f-249335d64694]
26-05-15 10:35:34.014 [http-nio-8080-exec-10] [32mDEBUG[0;39m org.hibernate.SQL                    [69e69a3c561542d2878f234f24b16f0c | GET | /api/channels] - 
    select
        c1_0.id,
        c1_0.created_at,
        c1_0.description,
        c1_0.name,
        c1_0.type,
        c1_0.updated_at 
    from
        channels c1_0 
    where
        c1_0.type=? 
        or c1_0.id in (?)
26-05-15 10:35:34.014 [http-nio-8080-exec-10] [32mTRACE[0;39m org.hibernate.orm.jdbc.bind          [69e69a3c561542d2878f234f24b16f0c | GET | /api/channels] - binding parameter (1:VARCHAR) <- [PUBLIC]
26-05-15 10:35:34.014 [http-nio-8080-exec-10] [32mTRACE[0;39m org.hibernate.orm.jdbc.bind          [69e69a3c561542d2878f234f24b16f0c | GET | /api/channels] - binding parameter (2:UUID) <- [0fb828ec-2cee-497c-8e87-348831a67f03]
26-05-15 10:35:34.015 [http-nio-8080-exec-10] [32mDEBUG[0;39m org.hibernate.SQL                    [69e69a3c561542d2878f234f24b16f0c | GET | /api/channels] - 
    select
        m1_0.created_at 
    from
        messages m1_0 
    where
        m1_0.channel_id=? 
    order by
        m1_0.created_at desc 
    fetch
        first 1 rows only
26-05-15 10:35:34.015 [http-nio-8080-exec-10] [32mTRACE[0;39m org.hibernate.orm.jdbc.bind          [69e69a3c561542d2878f234f24b16f0c | GET | /api/channels] - binding parameter (1:UUID) <- [7cdff344-ade9-4175-ad8a-0acaa200aaa4]
26-05-15 10:35:34.017 [http-nio-8080-exec-10] [32mDEBUG[0;39m org.hibernate.SQL                    [69e69a3c561542d2878f234f24b16f0c | GET | /api/channels] - 
    select
        m1_0.created_at 
    from
        messages m1_0 
    where
        m1_0.channel_id=? 
    order by
        m1_0.created_at desc 
    fetch
        first 1 rows only
26-05-15 10:35:34.017 [http-nio-8080-exec-10] [32mTRACE[0;39m org.hibernate.orm.jdbc.bind          [69e69a3c561542d2878f234f24b16f0c | GET | /api/channels] - binding parameter (1:UUID) <- [4c2389f4-ec8c-4a2f-97b8-18350b7aef48]
26-05-15 10:35:34.018 [http-nio-8080-exec-10] [32mDEBUG[0;39m org.hibernate.SQL                    [69e69a3c561542d2878f234f24b16f0c | GET | /api/channels] - 
    select
        m1_0.created_at 
    from
        messages m1_0 
    where
        m1_0.channel_id=? 
    order by
        m1_0.created_at desc 
    fetch
        first 1 rows only
26-05-15 10:35:34.018 [http-nio-8080-exec-10] [32mTRACE[0;39m org.hibernate.orm.jdbc.bind          [69e69a3c561542d2878f234f24b16f0c | GET | /api/channels] - binding parameter (1:UUID) <- [0fb828ec-2cee-497c-8e87-348831a67f03]
26-05-15 10:35:34.018 [http-nio-8080-exec-10] [32mDEBUG[0;39m c.s.m.d.controller.ChannelController [69e69a3c561542d2878f234f24b16f0c | GET | /api/channels] - 사용자별 채널 목록 조회 응답: count=3
26-05-15 10:35:34.020 [http-nio-8080-exec-10] [32mDEBUG[0;39m c.s.m.d.config.MDCLoggingInterceptor [69e69a3c561542d2878f234f24b16f0c | GET | /api/channels] - Request completed
26-05-15 10:35:34.049 [http-nio-8080-exec-1] [32mDEBUG[0;39m c.s.m.d.config.MDCLoggingInterceptor [e0d6130425704a388f2eadbf79580702 | GET | /api/readStatuses] - Request started
26-05-15 10:35:34.050 [http-nio-8080-exec-1] [32mINFO [0;39m c.s.m.d.c.ReadStatusController       [e0d6130425704a388f2eadbf79580702 | GET | /api/readStatuses] - 사용자별 읽음 상태 목록 조회 요청: userId=aba478e0-9386-4424-924f-249335d64694
26-05-15 10:35:34.051 [http-nio-8080-exec-1] [32mDEBUG[0;39m c.s.m.d.s.b.BasicReadStatusService   [e0d6130425704a388f2eadbf79580702 | GET | /api/readStatuses] - 사용자별 읽음 상태 목록 조회 시작: userId=aba478e0-9386-4424-924f-249335d64694
26-05-15 10:35:34.055 [http-nio-8080-exec-1] [32mDEBUG[0;39m org.hibernate.SQL                    [e0d6130425704a388f2eadbf79580702 | GET | /api/readStatuses] - 
    select
        rs1_0.id,
        rs1_0.channel_id,
        rs1_0.created_at,
        rs1_0.last_read_at,
        rs1_0.updated_at,
        rs1_0.user_id 
    from
        read_statuses rs1_0 
    where
        rs1_0.user_id=?
26-05-15 10:35:34.055 [http-nio-8080-exec-1] [32mTRACE[0;39m org.hibernate.orm.jdbc.bind          [e0d6130425704a388f2eadbf79580702 | GET | /api/readStatuses] - binding parameter (1:UUID) <- [aba478e0-9386-4424-924f-249335d64694]
26-05-15 10:35:34.055 [http-nio-8080-exec-1] [32mINFO [0;39m c.s.m.d.s.b.BasicReadStatusService   [e0d6130425704a388f2eadbf79580702 | GET | /api/readStatuses] - 사용자별 읽음 상태 목록 조회 완료: userId=aba478e0-9386-4424-924f-249335d64694, 조회된 항목 수=1
26-05-15 10:35:34.057 [http-nio-8080-exec-1] [32mDEBUG[0;39m c.s.m.d.c.ReadStatusController       [e0d6130425704a388f2eadbf79580702 | GET | /api/readStatuses] - 사용자별 읽음 상태 목록 조회 응답: count=1
26-05-15 10:35:34.058 [http-nio-8080-exec-1] [32mDEBUG[0;39m c.s.m.d.config.MDCLoggingInterceptor [e0d6130425704a388f2eadbf79580702 | GET | /api/readStatuses] - Request completed
26-05-15 10:35:37.013 [http-nio-8080-exec-2] [32mDEBUG[0;39m c.s.m.d.config.MDCLoggingInterceptor [83be75ac9baa4515bdba480479d910df | GET | /api/channels] - Request started
26-05-15 10:35:37.014 [http-nio-8080-exec-2] [32mINFO [0;39m c.s.m.d.controller.ChannelController [83be75ac9baa4515bdba480479d910df | GET | /api/channels] - 사용자별 채널 목록 조회 요청: userId=aba478e0-9386-4424-924f-249335d64694
26-05-15 10:35:37.015 [http-nio-8080-exec-2] [32mDEBUG[0;39m org.hibernate.SQL                    [83be75ac9baa4515bdba480479d910df | GET | /api/channels] - 
    select
        rs1_0.id,
        rs1_0.channel_id,
        rs1_0.created_at,
        rs1_0.last_read_at,
        rs1_0.updated_at,
        rs1_0.user_id 
    from
        read_statuses rs1_0 
    where
        rs1_0.user_id=?
26-05-15 10:35:37.015 [http-nio-8080-exec-2] [32mTRACE[0;39m org.hibernate.orm.jdbc.bind          [83be75ac9baa4515bdba480479d910df | GET | /api/channels] - binding parameter (1:UUID) <- [aba478e0-9386-4424-924f-249335d64694]
26-05-15 10:35:37.018 [http-nio-8080-exec-2] [32mDEBUG[0;39m org.hibernate.SQL                    [83be75ac9baa4515bdba480479d910df | GET | /api/channels] - 
    select
        c1_0.id,
        c1_0.created_at,
        c1_0.description,
        c1_0.name,
        c1_0.type,
        c1_0.updated_at 
    from
        channels c1_0 
    where
        c1_0.type=? 
        or c1_0.id in (?)
26-05-15 10:35:37.019 [http-nio-8080-exec-2] [32mTRACE[0;39m org.hibernate.orm.jdbc.bind          [83be75ac9baa4515bdba480479d910df | GET | /api/channels] - binding parameter (1:VARCHAR) <- [PUBLIC]
26-05-15 10:35:37.022 [http-nio-8080-exec-2] [32mTRACE[0;39m org.hibernate.orm.jdbc.bind          [83be75ac9baa4515bdba480479d910df | GET | /api/channels] - binding parameter (2:UUID) <- [0fb828ec-2cee-497c-8e87-348831a67f03]
26-05-15 10:35:37.023 [http-nio-8080-exec-2] [32mDEBUG[0;39m org.hibernate.SQL                    [83be75ac9baa4515bdba480479d910df | GET | /api/channels] - 
    select
        m1_0.created_at 
    from
        messages m1_0 
    where
        m1_0.channel_id=? 
    order by
        m1_0.created_at desc 
    fetch
        first 1 rows only
26-05-15 10:35:37.023 [http-nio-8080-exec-2] [32mTRACE[0;39m org.hibernate.orm.jdbc.bind          [83be75ac9baa4515bdba480479d910df | GET | /api/channels] - binding parameter (1:UUID) <- [7cdff344-ade9-4175-ad8a-0acaa200aaa4]
26-05-15 10:35:37.025 [http-nio-8080-exec-2] [32mDEBUG[0;39m org.hibernate.SQL                    [83be75ac9baa4515bdba480479d910df | GET | /api/channels] - 
    select
        m1_0.created_at 
    from
        messages m1_0 
    where
        m1_0.channel_id=? 
    order by
        m1_0.created_at desc 
    fetch
        first 1 rows only
26-05-15 10:35:37.025 [http-nio-8080-exec-2] [32mTRACE[0;39m org.hibernate.orm.jdbc.bind          [83be75ac9baa4515bdba480479d910df | GET | /api/channels] - binding parameter (1:UUID) <- [4c2389f4-ec8c-4a2f-97b8-18350b7aef48]
26-05-15 10:35:37.026 [http-nio-8080-exec-2] [32mDEBUG[0;39m org.hibernate.SQL                    [83be75ac9baa4515bdba480479d910df | GET | /api/channels] - 
    select
        m1_0.created_at 
    from
        messages m1_0 
    where
        m1_0.channel_id=? 
    order by
        m1_0.created_at desc 
    fetch
        first 1 rows only
26-05-15 10:35:37.026 [http-nio-8080-exec-2] [32mTRACE[0;39m org.hibernate.orm.jdbc.bind          [83be75ac9baa4515bdba480479d910df | GET | /api/channels] - binding parameter (1:UUID) <- [0fb828ec-2cee-497c-8e87-348831a67f03]
26-05-15 10:35:37.028 [http-nio-8080-exec-2] [32mDEBUG[0;39m c.s.m.d.controller.ChannelController [83be75ac9baa4515bdba480479d910df | GET | /api/channels] - 사용자별 채널 목록 조회 응답: count=3
26-05-15 10:35:37.029 [http-nio-8080-exec-2] [32mDEBUG[0;39m c.s.m.d.config.MDCLoggingInterceptor [83be75ac9baa4515bdba480479d910df | GET | /api/channels] - Request completed
26-05-15 10:35:37.036 [http-nio-8080-exec-9] [32mDEBUG[0;39m c.s.m.d.config.MDCLoggingInterceptor [c040982270a24bce8383bc5d0085f683 | GET | /api/readStatuses] - Request started
26-05-15 10:35:37.037 [http-nio-8080-exec-9] [32mINFO [0;39m c.s.m.d.c.ReadStatusController       [c040982270a24bce8383bc5d0085f683 | GET | /api/readStatuses] - 사용자별 읽음 상태 목록 조회 요청: userId=aba478e0-9386-4424-924f-249335d64694
26-05-15 10:35:37.037 [http-nio-8080-exec-9] [32mDEBUG[0;39m c.s.m.d.s.b.BasicReadStatusService   [c040982270a24bce8383bc5d0085f683 | GET | /api/readStatuses] - 사용자별 읽음 상태 목록 조회 시작: userId=aba478e0-9386-4424-924f-249335d64694
26-05-15 10:35:37.040 [http-nio-8080-exec-9] [32mDEBUG[0;39m org.hibernate.SQL                    [c040982270a24bce8383bc5d0085f683 | GET | /api/readStatuses] - 
    select
        rs1_0.id,
        rs1_0.channel_id,
        rs1_0.created_at,
        rs1_0.last_read_at,
        rs1_0.updated_at,
        rs1_0.user_id 
    from
        read_statuses rs1_0 
    where
        rs1_0.user_id=?
26-05-15 10:35:37.040 [http-nio-8080-exec-9] [32mTRACE[0;39m org.hibernate.orm.jdbc.bind          [c040982270a24bce8383bc5d0085f683 | GET | /api/readStatuses] - binding parameter (1:UUID) <- [aba478e0-9386-4424-924f-249335d64694]
26-05-15 10:35:37.041 [http-nio-8080-exec-9] [32mINFO [0;39m c.s.m.d.s.b.BasicReadStatusService   [c040982270a24bce8383bc5d0085f683 | GET | /api/readStatuses] - 사용자별 읽음 상태 목록 조회 완료: userId=aba478e0-9386-4424-924f-249335d64694, 조회된 항목 수=1
26-05-15 10:35:37.042 [http-nio-8080-exec-9] [32mDEBUG[0;39m c.s.m.d.c.ReadStatusController       [c040982270a24bce8383bc5d0085f683 | GET | /api/readStatuses] - 사용자별 읽음 상태 목록 조회 응답: count=1
26-05-15 10:35:37.043 [http-nio-8080-exec-9] [32mDEBUG[0;39m c.s.m.d.config.MDCLoggingInterceptor [c040982270a24bce8383bc5d0085f683 | GET | /api/readStatuses] - Request completed
26-05-15 10:35:40.019 [http-nio-8080-exec-4] [32mDEBUG[0;39m c.s.m.d.config.MDCLoggingInterceptor [c02cc5a82d00453eb6fb89e422c1f602 | GET | /api/channels] - Request started
26-05-15 10:35:40.019 [http-nio-8080-exec-4] [32mINFO [0;39m c.s.m.d.controller.ChannelController [c02cc5a82d00453eb6fb89e422c1f602 | GET | /api/channels] - 사용자별 채널 목록 조회 요청: userId=aba478e0-9386-4424-924f-249335d64694
26-05-15 10:35:40.021 [http-nio-8080-exec-4] [32mDEBUG[0;39m org.hibernate.SQL                    [c02cc5a82d00453eb6fb89e422c1f602 | GET | /api/channels] - 
    select
        rs1_0.id,
        rs1_0.channel_id,
        rs1_0.created_at,
        rs1_0.last_read_at,
        rs1_0.updated_at,
        rs1_0.user_id 
    from
        read_statuses rs1_0 
    where
        rs1_0.user_id=?
26-05-15 10:35:40.021 [http-nio-8080-exec-4] [32mTRACE[0;39m org.hibernate.orm.jdbc.bind          [c02cc5a82d00453eb6fb89e422c1f602 | GET | /api/channels] - binding parameter (1:UUID) <- [aba478e0-9386-4424-924f-249335d64694]
26-05-15 10:35:40.023 [http-nio-8080-exec-4] [32mDEBUG[0;39m org.hibernate.SQL                    [c02cc5a82d00453eb6fb89e422c1f602 | GET | /api/channels] - 
    select
        c1_0.id,
        c1_0.created_at,
        c1_0.description,
        c1_0.name,
        c1_0.type,
        c1_0.updated_at 
    from
        channels c1_0 
    where
        c1_0.type=? 
        or c1_0.id in (?)
26-05-15 10:35:40.023 [http-nio-8080-exec-4] [32mTRACE[0;39m org.hibernate.orm.jdbc.bind          [c02cc5a82d00453eb6fb89e422c1f602 | GET | /api/channels] - binding parameter (1:VARCHAR) <- [PUBLIC]
26-05-15 10:35:40.023 [http-nio-8080-exec-4] [32mTRACE[0;39m org.hibernate.orm.jdbc.bind          [c02cc5a82d00453eb6fb89e422c1f602 | GET | /api/channels] - binding parameter (2:UUID) <- [0fb828ec-2cee-497c-8e87-348831a67f03]
26-05-15 10:35:40.024 [http-nio-8080-exec-4] [32mDEBUG[0;39m org.hibernate.SQL                    [c02cc5a82d00453eb6fb89e422c1f602 | GET | /api/channels] - 
    select
        m1_0.created_at 
    from
        messages m1_0 
    where
        m1_0.channel_id=? 
    order by
        m1_0.created_at desc 
    fetch
        first 1 rows only
26-05-15 10:35:40.024 [http-nio-8080-exec-4] [32mTRACE[0;39m org.hibernate.orm.jdbc.bind          [c02cc5a82d00453eb6fb89e422c1f602 | GET | /api/channels] - binding parameter (1:UUID) <- [7cdff344-ade9-4175-ad8a-0acaa200aaa4]
26-05-15 10:35:40.025 [http-nio-8080-exec-4] [32mDEBUG[0;39m org.hibernate.SQL                    [c02cc5a82d00453eb6fb89e422c1f602 | GET | /api/channels] - 
    select
        m1_0.created_at 
    from
        messages m1_0 
    where
        m1_0.channel_id=? 
    order by
        m1_0.created_at desc 
    fetch
        first 1 rows only
26-05-15 10:35:40.025 [http-nio-8080-exec-4] [32mTRACE[0;39m org.hibernate.orm.jdbc.bind          [c02cc5a82d00453eb6fb89e422c1f602 | GET | /api/channels] - binding parameter (1:UUID) <- [4c2389f4-ec8c-4a2f-97b8-18350b7aef48]
26-05-15 10:35:40.026 [http-nio-8080-exec-4] [32mDEBUG[0;39m org.hibernate.SQL                    [c02cc5a82d00453eb6fb89e422c1f602 | GET | /api/channels] - 
    select
        m1_0.created_at 
    from
        messages m1_0 
    where
        m1_0.channel_id=? 
    order by
        m1_0.created_at desc 
    fetch
        first 1 rows only
26-05-15 10:35:40.026 [http-nio-8080-exec-4] [32mTRACE[0;39m org.hibernate.orm.jdbc.bind          [c02cc5a82d00453eb6fb89e422c1f602 | GET | /api/channels] - binding parameter (1:UUID) <- [0fb828ec-2cee-497c-8e87-348831a67f03]
26-05-15 10:35:40.028 [http-nio-8080-exec-4] [32mDEBUG[0;39m c.s.m.d.controller.ChannelController [c02cc5a82d00453eb6fb89e422c1f602 | GET | /api/channels] - 사용자별 채널 목록 조회 응답: count=3
26-05-15 10:35:40.029 [http-nio-8080-exec-4] [32mDEBUG[0;39m c.s.m.d.config.MDCLoggingInterceptor [c02cc5a82d00453eb6fb89e422c1f602 | GET | /api/channels] - Request completed
26-05-15 10:35:40.042 [http-nio-8080-exec-8] [32mDEBUG[0;39m c.s.m.d.config.MDCLoggingInterceptor [bb7f5024eace4d3cb484e4aa85560641 | GET | /api/readStatuses] - Request started
26-05-15 10:35:40.043 [http-nio-8080-exec-8] [32mINFO [0;39m c.s.m.d.c.ReadStatusController       [bb7f5024eace4d3cb484e4aa85560641 | GET | /api/readStatuses] - 사용자별 읽음 상태 목록 조회 요청: userId=aba478e0-9386-4424-924f-249335d64694
26-05-15 10:35:40.044 [http-nio-8080-exec-8] [32mDEBUG[0;39m c.s.m.d.s.b.BasicReadStatusService   [bb7f5024eace4d3cb484e4aa85560641 | GET | /api/readStatuses] - 사용자별 읽음 상태 목록 조회 시작: userId=aba478e0-9386-4424-924f-249335d64694
26-05-15 10:35:40.045 [http-nio-8080-exec-8] [32mDEBUG[0;39m org.hibernate.SQL                    [bb7f5024eace4d3cb484e4aa85560641 | GET | /api/readStatuses] - 
    select
        rs1_0.id,
        rs1_0.channel_id,
        rs1_0.created_at,
        rs1_0.last_read_at,
        rs1_0.updated_at,
        rs1_0.user_id 
    from
        read_statuses rs1_0 
    where
        rs1_0.user_id=?
26-05-15 10:35:40.045 [http-nio-8080-exec-8] [32mTRACE[0;39m org.hibernate.orm.jdbc.bind          [bb7f5024eace4d3cb484e4aa85560641 | GET | /api/readStatuses] - binding parameter (1:UUID) <- [aba478e0-9386-4424-924f-249335d64694]
26-05-15 10:35:40.046 [http-nio-8080-exec-8] [32mINFO [0;39m c.s.m.d.s.b.BasicReadStatusService   [bb7f5024eace4d3cb484e4aa85560641 | GET | /api/readStatuses] - 사용자별 읽음 상태 목록 조회 완료: userId=aba478e0-9386-4424-924f-249335d64694, 조회된 항목 수=1
26-05-15 10:35:40.046 [http-nio-8080-exec-8] [32mDEBUG[0;39m c.s.m.d.c.ReadStatusController       [bb7f5024eace4d3cb484e4aa85560641 | GET | /api/readStatuses] - 사용자별 읽음 상태 목록 조회 응답: count=1
26-05-15 10:35:40.049 [http-nio-8080-exec-8] [32mDEBUG[0;39m c.s.m.d.config.MDCLoggingInterceptor [bb7f5024eace4d3cb484e4aa85560641 | GET | /api/readStatuses] - Request completed
26-05-15 10:35:43.019 [http-nio-8080-exec-6] [32mDEBUG[0;39m c.s.m.d.config.MDCLoggingInterceptor [cf9efb16b841430ab478c029efeb2f69 | GET | /api/channels] - Request started
26-05-15 10:35:43.020 [http-nio-8080-exec-6] [32mINFO [0;39m c.s.m.d.controller.ChannelController [cf9efb16b841430ab478c029efeb2f69 | GET | /api/channels] - 사용자별 채널 목록 조회 요청: userId=aba478e0-9386-4424-924f-249335d64694
26-05-15 10:35:43.023 [http-nio-8080-exec-6] [32mDEBUG[0;39m org.hibernate.SQL                    [cf9efb16b841430ab478c029efeb2f69 | GET | /api/channels] - 
    select
        rs1_0.id,
        rs1_0.channel_id,
        rs1_0.created_at,
        rs1_0.last_read_at,
        rs1_0.updated_at,
        rs1_0.user_id 
    from
        read_statuses rs1_0 
    where
        rs1_0.user_id=?
26-05-15 10:35:43.023 [http-nio-8080-exec-6] [32mTRACE[0;39m org.hibernate.orm.jdbc.bind          [cf9efb16b841430ab478c029efeb2f69 | GET | /api/channels] - binding parameter (1:UUID) <- [aba478e0-9386-4424-924f-249335d64694]
26-05-15 10:35:43.025 [http-nio-8080-exec-6] [32mDEBUG[0;39m org.hibernate.SQL                    [cf9efb16b841430ab478c029efeb2f69 | GET | /api/channels] - 
    select
        c1_0.id,
        c1_0.created_at,
        c1_0.description,
        c1_0.name,
        c1_0.type,
        c1_0.updated_at 
    from
        channels c1_0 
    where
        c1_0.type=? 
        or c1_0.id in (?)
26-05-15 10:35:43.025 [http-nio-8080-exec-6] [32mTRACE[0;39m org.hibernate.orm.jdbc.bind          [cf9efb16b841430ab478c029efeb2f69 | GET | /api/channels] - binding parameter (1:VARCHAR) <- [PUBLIC]
26-05-15 10:35:43.026 [http-nio-8080-exec-6] [32mTRACE[0;39m org.hibernate.orm.jdbc.bind          [cf9efb16b841430ab478c029efeb2f69 | GET | /api/channels] - binding parameter (2:UUID) <- [0fb828ec-2cee-497c-8e87-348831a67f03]
26-05-15 10:35:43.027 [http-nio-8080-exec-6] [32mDEBUG[0;39m org.hibernate.SQL                    [cf9efb16b841430ab478c029efeb2f69 | GET | /api/channels] - 
    select
        m1_0.created_at 
    from
        messages m1_0 
    where
        m1_0.channel_id=? 
    order by
        m1_0.created_at desc 
    fetch
        first 1 rows only
26-05-15 10:35:43.027 [http-nio-8080-exec-6] [32mTRACE[0;39m org.hibernate.orm.jdbc.bind          [cf9efb16b841430ab478c029efeb2f69 | GET | /api/channels] - binding parameter (1:UUID) <- [7cdff344-ade9-4175-ad8a-0acaa200aaa4]
26-05-15 10:35:43.029 [http-nio-8080-exec-6] [32mDEBUG[0;39m org.hibernate.SQL                    [cf9efb16b841430ab478c029efeb2f69 | GET | /api/channels] - 
    select
        m1_0.created_at 
    from
        messages m1_0 
    where
        m1_0.channel_id=? 
    order by
        m1_0.created_at desc 
    fetch
        first 1 rows only
26-05-15 10:35:43.029 [http-nio-8080-exec-6] [32mTRACE[0;39m org.hibernate.orm.jdbc.bind          [cf9efb16b841430ab478c029efeb2f69 | GET | /api/channels] - binding parameter (1:UUID) <- [4c2389f4-ec8c-4a2f-97b8-18350b7aef48]
26-05-15 10:35:43.030 [http-nio-8080-exec-6] [32mDEBUG[0;39m org.hibernate.SQL                    [cf9efb16b841430ab478c029efeb2f69 | GET | /api/channels] - 
    select
        m1_0.created_at 
    from
        messages m1_0 
    where
        m1_0.channel_id=? 
    order by
        m1_0.created_at desc 
    fetch
        first 1 rows only
26-05-15 10:35:43.030 [http-nio-8080-exec-6] [32mTRACE[0;39m org.hibernate.orm.jdbc.bind          [cf9efb16b841430ab478c029efeb2f69 | GET | /api/channels] - binding parameter (1:UUID) <- [0fb828ec-2cee-497c-8e87-348831a67f03]
26-05-15 10:35:43.032 [http-nio-8080-exec-6] [32mDEBUG[0;39m c.s.m.d.controller.ChannelController [cf9efb16b841430ab478c029efeb2f69 | GET | /api/channels] - 사용자별 채널 목록 조회 응답: count=3
26-05-15 10:35:43.034 [http-nio-8080-exec-6] [32mDEBUG[0;39m c.s.m.d.config.MDCLoggingInterceptor [cf9efb16b841430ab478c029efeb2f69 | GET | /api/channels] - Request completed
26-05-15 10:35:43.054 [http-nio-8080-exec-7] [32mDEBUG[0;39m c.s.m.d.config.MDCLoggingInterceptor [712ef5c53cb54742abd4429b99f32383 | GET | /api/readStatuses] - Request started
26-05-15 10:35:43.055 [http-nio-8080-exec-7] [32mINFO [0;39m c.s.m.d.c.ReadStatusController       [712ef5c53cb54742abd4429b99f32383 | GET | /api/readStatuses] - 사용자별 읽음 상태 목록 조회 요청: userId=aba478e0-9386-4424-924f-249335d64694
26-05-15 10:35:43.056 [http-nio-8080-exec-7] [32mDEBUG[0;39m c.s.m.d.s.b.BasicReadStatusService   [712ef5c53cb54742abd4429b99f32383 | GET | /api/readStatuses] - 사용자별 읽음 상태 목록 조회 시작: userId=aba478e0-9386-4424-924f-249335d64694
26-05-15 10:35:43.058 [http-nio-8080-exec-7] [32mDEBUG[0;39m org.hibernate.SQL                    [712ef5c53cb54742abd4429b99f32383 | GET | /api/readStatuses] - 
    select
        rs1_0.id,
        rs1_0.channel_id,
        rs1_0.created_at,
        rs1_0.last_read_at,
        rs1_0.updated_at,
        rs1_0.user_id 
    from
        read_statuses rs1_0 
    where
        rs1_0.user_id=?
26-05-15 10:35:43.058 [http-nio-8080-exec-7] [32mTRACE[0;39m org.hibernate.orm.jdbc.bind          [712ef5c53cb54742abd4429b99f32383 | GET | /api/readStatuses] - binding parameter (1:UUID) <- [aba478e0-9386-4424-924f-249335d64694]
26-05-15 10:35:43.058 [http-nio-8080-exec-7] [32mINFO [0;39m c.s.m.d.s.b.BasicReadStatusService   [712ef5c53cb54742abd4429b99f32383 | GET | /api/readStatuses] - 사용자별 읽음 상태 목록 조회 완료: userId=aba478e0-9386-4424-924f-249335d64694, 조회된 항목 수=1
26-05-15 10:35:43.059 [http-nio-8080-exec-7] [32mDEBUG[0;39m c.s.m.d.c.ReadStatusController       [712ef5c53cb54742abd4429b99f32383 | GET | /api/readStatuses] - 사용자별 읽음 상태 목록 조회 응답: count=1
26-05-15 10:35:43.061 [http-nio-8080-exec-7] [32mDEBUG[0;39m c.s.m.d.config.MDCLoggingInterceptor [712ef5c53cb54742abd4429b99f32383 | GET | /api/readStatuses] - Request completed
26-05-15 10:35:46.011 [http-nio-8080-exec-3] [32mDEBUG[0;39m c.s.m.d.config.MDCLoggingInterceptor [02d60b5f1a244ed4a033a7e0591c199a | GET | /api/channels] - Request started
26-05-15 10:35:46.012 [http-nio-8080-exec-3] [32mINFO [0;39m c.s.m.d.controller.ChannelController [02d60b5f1a244ed4a033a7e0591c199a | GET | /api/channels] - 사용자별 채널 목록 조회 요청: userId=aba478e0-9386-4424-924f-249335d64694
26-05-15 10:35:46.014 [http-nio-8080-exec-3] [32mDEBUG[0;39m org.hibernate.SQL                    [02d60b5f1a244ed4a033a7e0591c199a | GET | /api/channels] - 
    select
        rs1_0.id,
        rs1_0.channel_id,
        rs1_0.created_at,
        rs1_0.last_read_at,
        rs1_0.updated_at,
        rs1_0.user_id 
    from
        read_statuses rs1_0 
    where
        rs1_0.user_id=?
26-05-15 10:35:46.014 [http-nio-8080-exec-3] [32mTRACE[0;39m org.hibernate.orm.jdbc.bind          [02d60b5f1a244ed4a033a7e0591c199a | GET | /api/channels] - binding parameter (1:UUID) <- [aba478e0-9386-4424-924f-249335d64694]
26-05-15 10:35:46.016 [http-nio-8080-exec-3] [32mDEBUG[0;39m org.hibernate.SQL                    [02d60b5f1a244ed4a033a7e0591c199a | GET | /api/channels] - 
    select
        c1_0.id,
        c1_0.created_at,
        c1_0.description,
        c1_0.name,
        c1_0.type,
        c1_0.updated_at 
    from
        channels c1_0 
    where
        c1_0.type=? 
        or c1_0.id in (?)
26-05-15 10:35:46.017 [http-nio-8080-exec-3] [32mTRACE[0;39m org.hibernate.orm.jdbc.bind          [02d60b5f1a244ed4a033a7e0591c199a | GET | /api/channels] - binding parameter (1:VARCHAR) <- [PUBLIC]
26-05-15 10:35:46.017 [http-nio-8080-exec-3] [32mTRACE[0;39m org.hibernate.orm.jdbc.bind          [02d60b5f1a244ed4a033a7e0591c199a | GET | /api/channels] - binding parameter (2:UUID) <- [0fb828ec-2cee-497c-8e87-348831a67f03]
26-05-15 10:35:46.018 [http-nio-8080-exec-3] [32mDEBUG[0;39m org.hibernate.SQL                    [02d60b5f1a244ed4a033a7e0591c199a | GET | /api/channels] - 
    select
        m1_0.created_at 
    from
        messages m1_0 
    where
        m1_0.channel_id=? 
    order by
        m1_0.created_at desc 
    fetch
        first 1 rows only
26-05-15 10:35:46.018 [http-nio-8080-exec-3] [32mTRACE[0;39m org.hibernate.orm.jdbc.bind          [02d60b5f1a244ed4a033a7e0591c199a | GET | /api/channels] - binding parameter (1:UUID) <- [7cdff344-ade9-4175-ad8a-0acaa200aaa4]
26-05-15 10:35:46.021 [http-nio-8080-exec-3] [32mDEBUG[0;39m org.hibernate.SQL                    [02d60b5f1a244ed4a033a7e0591c199a | GET | /api/channels] - 
    select
        m1_0.created_at 
    from
        messages m1_0 
    where
        m1_0.channel_id=? 
    order by
        m1_0.created_at desc 
    fetch
        first 1 rows only
26-05-15 10:35:46.021 [http-nio-8080-exec-3] [32mTRACE[0;39m org.hibernate.orm.jdbc.bind          [02d60b5f1a244ed4a033a7e0591c199a | GET | /api/channels] - binding parameter (1:UUID) <- [4c2389f4-ec8c-4a2f-97b8-18350b7aef48]
26-05-15 10:35:46.023 [http-nio-8080-exec-3] [32mDEBUG[0;39m org.hibernate.SQL                    [02d60b5f1a244ed4a033a7e0591c199a | GET | /api/channels] - 
    select
        m1_0.created_at 
    from
        messages m1_0 
    where
        m1_0.channel_id=? 
    order by
        m1_0.created_at desc 
    fetch
        first 1 rows only
26-05-15 10:35:46.023 [http-nio-8080-exec-3] [32mTRACE[0;39m org.hibernate.orm.jdbc.bind          [02d60b5f1a244ed4a033a7e0591c199a | GET | /api/channels] - binding parameter (1:UUID) <- [0fb828ec-2cee-497c-8e87-348831a67f03]
26-05-15 10:35:46.026 [http-nio-8080-exec-3] [32mDEBUG[0;39m c.s.m.d.controller.ChannelController [02d60b5f1a244ed4a033a7e0591c199a | GET | /api/channels] - 사용자별 채널 목록 조회 응답: count=3
26-05-15 10:35:46.028 [http-nio-8080-exec-3] [32mDEBUG[0;39m c.s.m.d.config.MDCLoggingInterceptor [02d60b5f1a244ed4a033a7e0591c199a | GET | /api/channels] - Request completed
26-05-15 10:35:46.034 [http-nio-8080-exec-5] [32mDEBUG[0;39m c.s.m.d.config.MDCLoggingInterceptor [621447d8361c4b368518a45f62a015f7 | GET | /api/readStatuses] - Request started
26-05-15 10:35:46.035 [http-nio-8080-exec-5] [32mINFO [0;39m c.s.m.d.c.ReadStatusController       [621447d8361c4b368518a45f62a015f7 | GET | /api/readStatuses] - 사용자별 읽음 상태 목록 조회 요청: userId=aba478e0-9386-4424-924f-249335d64694
26-05-15 10:35:46.036 [http-nio-8080-exec-5] [32mDEBUG[0;39m c.s.m.d.s.b.BasicReadStatusService   [621447d8361c4b368518a45f62a015f7 | GET | /api/readStatuses] - 사용자별 읽음 상태 목록 조회 시작: userId=aba478e0-9386-4424-924f-249335d64694
26-05-15 10:35:46.038 [http-nio-8080-exec-5] [32mDEBUG[0;39m org.hibernate.SQL                    [621447d8361c4b368518a45f62a015f7 | GET | /api/readStatuses] - 
    select
        rs1_0.id,
        rs1_0.channel_id,
        rs1_0.created_at,
        rs1_0.last_read_at,
        rs1_0.updated_at,
        rs1_0.user_id 
    from
        read_statuses rs1_0 
    where
        rs1_0.user_id=?
26-05-15 10:35:46.038 [http-nio-8080-exec-5] [32mTRACE[0;39m org.hibernate.orm.jdbc.bind          [621447d8361c4b368518a45f62a015f7 | GET | /api/readStatuses] - binding parameter (1:UUID) <- [aba478e0-9386-4424-924f-249335d64694]
26-05-15 10:35:46.040 [http-nio-8080-exec-5] [32mINFO [0;39m c.s.m.d.s.b.BasicReadStatusService   [621447d8361c4b368518a45f62a015f7 | GET | /api/readStatuses] - 사용자별 읽음 상태 목록 조회 완료: userId=aba478e0-9386-4424-924f-249335d64694, 조회된 항목 수=1
26-05-15 10:35:46.040 [http-nio-8080-exec-5] [32mDEBUG[0;39m c.s.m.d.c.ReadStatusController       [621447d8361c4b368518a45f62a015f7 | GET | /api/readStatuses] - 사용자별 읽음 상태 목록 조회 응답: count=1
26-05-15 10:35:46.042 [http-nio-8080-exec-5] [32mDEBUG[0;39m c.s.m.d.config.MDCLoggingInterceptor [621447d8361c4b368518a45f62a015f7 | GET | /api/readStatuses] - Request completed
26-05-15 10:35:49.019 [http-nio-8080-exec-10] [32mDEBUG[0;39m c.s.m.d.config.MDCLoggingInterceptor [2c653869a02844718808ddb94c7c253f | GET | /api/channels] - Request started
26-05-15 10:35:49.019 [http-nio-8080-exec-10] [32mINFO [0;39m c.s.m.d.controller.ChannelController [2c653869a02844718808ddb94c7c253f | GET | /api/channels] - 사용자별 채널 목록 조회 요청: userId=aba478e0-9386-4424-924f-249335d64694
26-05-15 10:35:49.022 [http-nio-8080-exec-10] [32mDEBUG[0;39m org.hibernate.SQL                    [2c653869a02844718808ddb94c7c253f | GET | /api/channels] - 
    select
        rs1_0.id,
        rs1_0.channel_id,
        rs1_0.created_at,
        rs1_0.last_read_at,
        rs1_0.updated_at,
        rs1_0.user_id 
    from
        read_statuses rs1_0 
    where
        rs1_0.user_id=?
26-05-15 10:35:49.022 [http-nio-8080-exec-10] [32mTRACE[0;39m org.hibernate.orm.jdbc.bind          [2c653869a02844718808ddb94c7c253f | GET | /api/channels] - binding parameter (1:UUID) <- [aba478e0-9386-4424-924f-249335d64694]
26-05-15 10:35:49.026 [http-nio-8080-exec-10] [32mDEBUG[0;39m org.hibernate.SQL                    [2c653869a02844718808ddb94c7c253f | GET | /api/channels] - 
    select
        c1_0.id,
        c1_0.created_at,
        c1_0.description,
        c1_0.name,
        c1_0.type,
        c1_0.updated_at 
    from
        channels c1_0 
    where
        c1_0.type=? 
        or c1_0.id in (?)
26-05-15 10:35:49.026 [http-nio-8080-exec-10] [32mTRACE[0;39m org.hibernate.orm.jdbc.bind          [2c653869a02844718808ddb94c7c253f | GET | /api/channels] - binding parameter (1:VARCHAR) <- [PUBLIC]
26-05-15 10:35:49.026 [http-nio-8080-exec-10] [32mTRACE[0;39m org.hibernate.orm.jdbc.bind          [2c653869a02844718808ddb94c7c253f | GET | /api/channels] - binding parameter (2:UUID) <- [0fb828ec-2cee-497c-8e87-348831a67f03]
26-05-15 10:35:49.028 [http-nio-8080-exec-10] [32mDEBUG[0;39m org.hibernate.SQL                    [2c653869a02844718808ddb94c7c253f | GET | /api/channels] - 
    select
        m1_0.created_at 
    from
        messages m1_0 
    where
        m1_0.channel_id=? 
    order by
        m1_0.created_at desc 
    fetch
        first 1 rows only
26-05-15 10:35:49.028 [http-nio-8080-exec-10] [32mTRACE[0;39m org.hibernate.orm.jdbc.bind          [2c653869a02844718808ddb94c7c253f | GET | /api/channels] - binding parameter (1:UUID) <- [7cdff344-ade9-4175-ad8a-0acaa200aaa4]
26-05-15 10:35:49.028 [http-nio-8080-exec-10] [32mDEBUG[0;39m org.hibernate.SQL                    [2c653869a02844718808ddb94c7c253f | GET | /api/channels] - 
    select
        m1_0.created_at 
    from
        messages m1_0 
    where
        m1_0.channel_id=? 
    order by
        m1_0.created_at desc 
    fetch
        first 1 rows only
26-05-15 10:35:49.029 [http-nio-8080-exec-10] [32mTRACE[0;39m org.hibernate.orm.jdbc.bind          [2c653869a02844718808ddb94c7c253f | GET | /api/channels] - binding parameter (1:UUID) <- [4c2389f4-ec8c-4a2f-97b8-18350b7aef48]
26-05-15 10:35:49.030 [http-nio-8080-exec-10] [32mDEBUG[0;39m org.hibernate.SQL                    [2c653869a02844718808ddb94c7c253f | GET | /api/channels] - 
    select
        m1_0.created_at 
    from
        messages m1_0 
    where
        m1_0.channel_id=? 
    order by
        m1_0.created_at desc 
    fetch
        first 1 rows only
26-05-15 10:35:49.030 [http-nio-8080-exec-10] [32mTRACE[0;39m org.hibernate.orm.jdbc.bind          [2c653869a02844718808ddb94c7c253f | GET | /api/channels] - binding parameter (1:UUID) <- [0fb828ec-2cee-497c-8e87-348831a67f03]
26-05-15 10:35:49.032 [http-nio-8080-exec-10] [32mDEBUG[0;39m c.s.m.d.controller.ChannelController [2c653869a02844718808ddb94c7c253f | GET | /api/channels] - 사용자별 채널 목록 조회 응답: count=3
26-05-15 10:35:49.033 [http-nio-8080-exec-10] [32mDEBUG[0;39m c.s.m.d.config.MDCLoggingInterceptor [2c653869a02844718808ddb94c7c253f | GET | /api/channels] - Request completed
26-05-15 10:35:49.045 [http-nio-8080-exec-1] [32mDEBUG[0;39m c.s.m.d.config.MDCLoggingInterceptor [c623a5733a0f47b582c58807c8a7b0cf | GET | /api/readStatuses] - Request started
26-05-15 10:35:49.046 [http-nio-8080-exec-1] [32mINFO [0;39m c.s.m.d.c.ReadStatusController       [c623a5733a0f47b582c58807c8a7b0cf | GET | /api/readStatuses] - 사용자별 읽음 상태 목록 조회 요청: userId=aba478e0-9386-4424-924f-249335d64694
26-05-15 10:35:49.047 [http-nio-8080-exec-1] [32mDEBUG[0;39m c.s.m.d.s.b.BasicReadStatusService   [c623a5733a0f47b582c58807c8a7b0cf | GET | /api/readStatuses] - 사용자별 읽음 상태 목록 조회 시작: userId=aba478e0-9386-4424-924f-249335d64694
26-05-15 10:35:49.048 [http-nio-8080-exec-1] [32mDEBUG[0;39m org.hibernate.SQL                    [c623a5733a0f47b582c58807c8a7b0cf | GET | /api/readStatuses] - 
    select
        rs1_0.id,
        rs1_0.channel_id,
        rs1_0.created_at,
        rs1_0.last_read_at,
        rs1_0.updated_at,
        rs1_0.user_id 
    from
        read_statuses rs1_0 
    where
        rs1_0.user_id=?
26-05-15 10:35:49.048 [http-nio-8080-exec-1] [32mTRACE[0;39m org.hibernate.orm.jdbc.bind          [c623a5733a0f47b582c58807c8a7b0cf | GET | /api/readStatuses] - binding parameter (1:UUID) <- [aba478e0-9386-4424-924f-249335d64694]
26-05-15 10:35:49.049 [http-nio-8080-exec-1] [32mINFO [0;39m c.s.m.d.s.b.BasicReadStatusService   [c623a5733a0f47b582c58807c8a7b0cf | GET | /api/readStatuses] - 사용자별 읽음 상태 목록 조회 완료: userId=aba478e0-9386-4424-924f-249335d64694, 조회된 항목 수=1
26-05-15 10:35:49.050 [http-nio-8080-exec-1] [32mDEBUG[0;39m c.s.m.d.c.ReadStatusController       [c623a5733a0f47b582c58807c8a7b0cf | GET | /api/readStatuses] - 사용자별 읽음 상태 목록 조회 응답: count=1
26-05-15 10:35:49.051 [http-nio-8080-exec-1] [32mDEBUG[0;39m c.s.m.d.config.MDCLoggingInterceptor [c623a5733a0f47b582c58807c8a7b0cf | GET | /api/readStatuses] - Request completed
26-05-15 10:35:52.010 [http-nio-8080-exec-2] [32mDEBUG[0;39m c.s.m.d.config.MDCLoggingInterceptor [5a4be39a6b77478fb54dd698869c2bdb | GET | /api/channels] - Request started
26-05-15 10:35:52.010 [http-nio-8080-exec-2] [32mINFO [0;39m c.s.m.d.controller.ChannelController [5a4be39a6b77478fb54dd698869c2bdb | GET | /api/channels] - 사용자별 채널 목록 조회 요청: userId=aba478e0-9386-4424-924f-249335d64694
26-05-15 10:35:52.011 [http-nio-8080-exec-9] [32mDEBUG[0;39m c.s.m.d.config.MDCLoggingInterceptor [2a8cdbf90cac418c998334669682c26e | GET | /api/users] - Request started
26-05-15 10:35:52.012 [http-nio-8080-exec-9] [32mDEBUG[0;39m c.s.m.d.s.basic.BasicUserService     [2a8cdbf90cac418c998334669682c26e | GET | /api/users] - 모든 사용자 조회 시작
26-05-15 10:35:52.012 [http-nio-8080-exec-9] [32mDEBUG[0;39m org.hibernate.SQL                    [2a8cdbf90cac418c998334669682c26e | GET | /api/users] - 
    select
        u1_0.id,
        u1_0.created_at,
        u1_0.email,
        u1_0.password,
        p1_0.id,
        p1_0.content_type,
        p1_0.created_at,
        p1_0.file_name,
        p1_0.size,
        s1_0.id,
        s1_0.created_at,
        s1_0.last_active_at,
        s1_0.updated_at,
        s1_0.user_id,
        u1_0.updated_at,
        u1_0.username 
    from
        users u1_0 
    left join
        binary_contents p1_0 
            on p1_0.id=u1_0.profile_id 
    join
        user_statuses s1_0 
            on u1_0.id=s1_0.user_id
26-05-15 10:35:52.012 [http-nio-8080-exec-2] [32mDEBUG[0;39m org.hibernate.SQL                    [5a4be39a6b77478fb54dd698869c2bdb | GET | /api/channels] - 
    select
        rs1_0.id,
        rs1_0.channel_id,
        rs1_0.created_at,
        rs1_0.last_read_at,
        rs1_0.updated_at,
        rs1_0.user_id 
    from
        read_statuses rs1_0 
    where
        rs1_0.user_id=?
26-05-15 10:35:52.013 [http-nio-8080-exec-2] [32mTRACE[0;39m org.hibernate.orm.jdbc.bind          [5a4be39a6b77478fb54dd698869c2bdb | GET | /api/channels] - binding parameter (1:UUID) <- [aba478e0-9386-4424-924f-249335d64694]
26-05-15 10:35:52.014 [http-nio-8080-exec-2] [32mDEBUG[0;39m org.hibernate.SQL                    [5a4be39a6b77478fb54dd698869c2bdb | GET | /api/channels] - 
    select
        c1_0.id,
        c1_0.created_at,
        c1_0.description,
        c1_0.name,
        c1_0.type,
        c1_0.updated_at 
    from
        channels c1_0 
    where
        c1_0.type=? 
        or c1_0.id in (?)
26-05-15 10:35:52.014 [http-nio-8080-exec-2] [32mTRACE[0;39m org.hibernate.orm.jdbc.bind          [5a4be39a6b77478fb54dd698869c2bdb | GET | /api/channels] - binding parameter (1:VARCHAR) <- [PUBLIC]
26-05-15 10:35:52.014 [http-nio-8080-exec-9] [32mINFO [0;39m c.s.m.d.s.basic.BasicUserService     [2a8cdbf90cac418c998334669682c26e | GET | /api/users] - 모든 사용자 조회 완료: 총 6명
26-05-15 10:35:52.014 [http-nio-8080-exec-2] [32mTRACE[0;39m org.hibernate.orm.jdbc.bind          [5a4be39a6b77478fb54dd698869c2bdb | GET | /api/channels] - binding parameter (2:UUID) <- [0fb828ec-2cee-497c-8e87-348831a67f03]
26-05-15 10:35:52.018 [http-nio-8080-exec-2] [32mDEBUG[0;39m org.hibernate.SQL                    [5a4be39a6b77478fb54dd698869c2bdb | GET | /api/channels] - 
    select
        m1_0.created_at 
    from
        messages m1_0 
    where
        m1_0.channel_id=? 
    order by
        m1_0.created_at desc 
    fetch
        first 1 rows only
26-05-15 10:35:52.018 [http-nio-8080-exec-2] [32mTRACE[0;39m org.hibernate.orm.jdbc.bind          [5a4be39a6b77478fb54dd698869c2bdb | GET | /api/channels] - binding parameter (1:UUID) <- [7cdff344-ade9-4175-ad8a-0acaa200aaa4]
26-05-15 10:35:52.020 [http-nio-8080-exec-2] [32mDEBUG[0;39m org.hibernate.SQL                    [5a4be39a6b77478fb54dd698869c2bdb | GET | /api/channels] - 
    select
        m1_0.created_at 
    from
        messages m1_0 
    where
        m1_0.channel_id=? 
    order by
        m1_0.created_at desc 
    fetch
        first 1 rows only
26-05-15 10:35:52.020 [http-nio-8080-exec-2] [32mTRACE[0;39m org.hibernate.orm.jdbc.bind          [5a4be39a6b77478fb54dd698869c2bdb | GET | /api/channels] - binding parameter (1:UUID) <- [4c2389f4-ec8c-4a2f-97b8-18350b7aef48]
26-05-15 10:35:52.020 [http-nio-8080-exec-9] [32mDEBUG[0;39m c.s.m.d.config.MDCLoggingInterceptor [2a8cdbf90cac418c998334669682c26e | GET | /api/users] - Request completed
26-05-15 10:35:52.023 [http-nio-8080-exec-2] [32mDEBUG[0;39m org.hibernate.SQL                    [5a4be39a6b77478fb54dd698869c2bdb | GET | /api/channels] - 
    select
        m1_0.created_at 
    from
        messages m1_0 
    where
        m1_0.channel_id=? 
    order by
        m1_0.created_at desc 
    fetch
        first 1 rows only
26-05-15 10:35:52.023 [http-nio-8080-exec-2] [32mTRACE[0;39m org.hibernate.orm.jdbc.bind          [5a4be39a6b77478fb54dd698869c2bdb | GET | /api/channels] - binding parameter (1:UUID) <- [0fb828ec-2cee-497c-8e87-348831a67f03]
26-05-15 10:35:52.025 [http-nio-8080-exec-2] [32mDEBUG[0;39m c.s.m.d.controller.ChannelController [5a4be39a6b77478fb54dd698869c2bdb | GET | /api/channels] - 사용자별 채널 목록 조회 응답: count=3
26-05-15 10:35:52.026 [http-nio-8080-exec-2] [32mDEBUG[0;39m c.s.m.d.config.MDCLoggingInterceptor [5a4be39a6b77478fb54dd698869c2bdb | GET | /api/channels] - Request completed
26-05-15 10:35:52.035 [http-nio-8080-exec-4] [32mDEBUG[0;39m c.s.m.d.config.MDCLoggingInterceptor [8272790d730546c281534d6e8d28e0b6 | GET | /api/readStatuses] - Request started
26-05-15 10:35:52.035 [http-nio-8080-exec-4] [32mINFO [0;39m c.s.m.d.c.ReadStatusController       [8272790d730546c281534d6e8d28e0b6 | GET | /api/readStatuses] - 사용자별 읽음 상태 목록 조회 요청: userId=aba478e0-9386-4424-924f-249335d64694
26-05-15 10:35:52.036 [http-nio-8080-exec-4] [32mDEBUG[0;39m c.s.m.d.s.b.BasicReadStatusService   [8272790d730546c281534d6e8d28e0b6 | GET | /api/readStatuses] - 사용자별 읽음 상태 목록 조회 시작: userId=aba478e0-9386-4424-924f-249335d64694
26-05-15 10:35:52.037 [http-nio-8080-exec-4] [32mDEBUG[0;39m org.hibernate.SQL                    [8272790d730546c281534d6e8d28e0b6 | GET | /api/readStatuses] - 
    select
        rs1_0.id,
        rs1_0.channel_id,
        rs1_0.created_at,
        rs1_0.last_read_at,
        rs1_0.updated_at,
        rs1_0.user_id 
    from
        read_statuses rs1_0 
    where
        rs1_0.user_id=?
26-05-15 10:35:52.037 [http-nio-8080-exec-4] [32mTRACE[0;39m org.hibernate.orm.jdbc.bind          [8272790d730546c281534d6e8d28e0b6 | GET | /api/readStatuses] - binding parameter (1:UUID) <- [aba478e0-9386-4424-924f-249335d64694]
26-05-15 10:35:52.038 [http-nio-8080-exec-4] [32mINFO [0;39m c.s.m.d.s.b.BasicReadStatusService   [8272790d730546c281534d6e8d28e0b6 | GET | /api/readStatuses] - 사용자별 읽음 상태 목록 조회 완료: userId=aba478e0-9386-4424-924f-249335d64694, 조회된 항목 수=1
26-05-15 10:35:52.038 [http-nio-8080-exec-4] [32mDEBUG[0;39m c.s.m.d.c.ReadStatusController       [8272790d730546c281534d6e8d28e0b6 | GET | /api/readStatuses] - 사용자별 읽음 상태 목록 조회 응답: count=1
26-05-15 10:35:52.039 [http-nio-8080-exec-4] [32mDEBUG[0;39m c.s.m.d.config.MDCLoggingInterceptor [8272790d730546c281534d6e8d28e0b6 | GET | /api/readStatuses] - Request completed
26-05-15 10:35:55.015 [http-nio-8080-exec-8] [32mDEBUG[0;39m c.s.m.d.config.MDCLoggingInterceptor [89ec2cbec2fa4ceeaa56b526601d39d9 | GET | /api/channels] - Request started
26-05-15 10:35:55.016 [http-nio-8080-exec-8] [32mINFO [0;39m c.s.m.d.controller.ChannelController [89ec2cbec2fa4ceeaa56b526601d39d9 | GET | /api/channels] - 사용자별 채널 목록 조회 요청: userId=aba478e0-9386-4424-924f-249335d64694
26-05-15 10:35:55.017 [http-nio-8080-exec-8] [32mDEBUG[0;39m org.hibernate.SQL                    [89ec2cbec2fa4ceeaa56b526601d39d9 | GET | /api/channels] - 
    select
        rs1_0.id,
        rs1_0.channel_id,
        rs1_0.created_at,
        rs1_0.last_read_at,
        rs1_0.updated_at,
        rs1_0.user_id 
    from
        read_statuses rs1_0 
    where
        rs1_0.user_id=?
26-05-15 10:35:55.017 [http-nio-8080-exec-8] [32mTRACE[0;39m org.hibernate.orm.jdbc.bind          [89ec2cbec2fa4ceeaa56b526601d39d9 | GET | /api/channels] - binding parameter (1:UUID) <- [aba478e0-9386-4424-924f-249335d64694]
26-05-15 10:35:55.018 [http-nio-8080-exec-8] [32mDEBUG[0;39m org.hibernate.SQL                    [89ec2cbec2fa4ceeaa56b526601d39d9 | GET | /api/channels] - 
    select
        c1_0.id,
        c1_0.created_at,
        c1_0.description,
        c1_0.name,
        c1_0.type,
        c1_0.updated_at 
    from
        channels c1_0 
    where
        c1_0.type=? 
        or c1_0.id in (?)
26-05-15 10:35:55.019 [http-nio-8080-exec-8] [32mTRACE[0;39m org.hibernate.orm.jdbc.bind          [89ec2cbec2fa4ceeaa56b526601d39d9 | GET | /api/channels] - binding parameter (1:VARCHAR) <- [PUBLIC]
26-05-15 10:35:55.019 [http-nio-8080-exec-8] [32mTRACE[0;39m org.hibernate.orm.jdbc.bind          [89ec2cbec2fa4ceeaa56b526601d39d9 | GET | /api/channels] - binding parameter (2:UUID) <- [0fb828ec-2cee-497c-8e87-348831a67f03]
26-05-15 10:35:55.020 [http-nio-8080-exec-8] [32mDEBUG[0;39m org.hibernate.SQL                    [89ec2cbec2fa4ceeaa56b526601d39d9 | GET | /api/channels] - 
    select
        m1_0.created_at 
    from
        messages m1_0 
    where
        m1_0.channel_id=? 
    order by
        m1_0.created_at desc 
    fetch
        first 1 rows only
26-05-15 10:35:55.020 [http-nio-8080-exec-8] [32mTRACE[0;39m org.hibernate.orm.jdbc.bind          [89ec2cbec2fa4ceeaa56b526601d39d9 | GET | /api/channels] - binding parameter (1:UUID) <- [7cdff344-ade9-4175-ad8a-0acaa200aaa4]
26-05-15 10:35:55.022 [http-nio-8080-exec-8] [32mDEBUG[0;39m org.hibernate.SQL                    [89ec2cbec2fa4ceeaa56b526601d39d9 | GET | /api/channels] - 
    select
        m1_0.created_at 
    from
        messages m1_0 
    where
        m1_0.channel_id=? 
    order by
        m1_0.created_at desc 
    fetch
        first 1 rows only
26-05-15 10:35:55.022 [http-nio-8080-exec-8] [32mTRACE[0;39m org.hibernate.orm.jdbc.bind          [89ec2cbec2fa4ceeaa56b526601d39d9 | GET | /api/channels] - binding parameter (1:UUID) <- [4c2389f4-ec8c-4a2f-97b8-18350b7aef48]
26-05-15 10:35:55.022 [http-nio-8080-exec-8] [32mDEBUG[0;39m org.hibernate.SQL                    [89ec2cbec2fa4ceeaa56b526601d39d9 | GET | /api/channels] - 
    select
        m1_0.created_at 
    from
        messages m1_0 
    where
        m1_0.channel_id=? 
    order by
        m1_0.created_at desc 
    fetch
        first 1 rows only
26-05-15 10:35:55.023 [http-nio-8080-exec-8] [32mTRACE[0;39m org.hibernate.orm.jdbc.bind          [89ec2cbec2fa4ceeaa56b526601d39d9 | GET | /api/channels] - binding parameter (1:UUID) <- [0fb828ec-2cee-497c-8e87-348831a67f03]
26-05-15 10:35:55.024 [http-nio-8080-exec-8] [32mDEBUG[0;39m c.s.m.d.controller.ChannelController [89ec2cbec2fa4ceeaa56b526601d39d9 | GET | /api/channels] - 사용자별 채널 목록 조회 응답: count=3
26-05-15 10:35:55.025 [http-nio-8080-exec-8] [32mDEBUG[0;39m c.s.m.d.config.MDCLoggingInterceptor [89ec2cbec2fa4ceeaa56b526601d39d9 | GET | /api/channels] - Request completed
26-05-15 10:35:55.040 [http-nio-8080-exec-6] [32mDEBUG[0;39m c.s.m.d.config.MDCLoggingInterceptor [fd7614af869349f2bce0f9ef924aa55f | GET | /api/readStatuses] - Request started
26-05-15 10:35:55.040 [http-nio-8080-exec-6] [32mINFO [0;39m c.s.m.d.c.ReadStatusController       [fd7614af869349f2bce0f9ef924aa55f | GET | /api/readStatuses] - 사용자별 읽음 상태 목록 조회 요청: userId=aba478e0-9386-4424-924f-249335d64694
26-05-15 10:35:55.041 [http-nio-8080-exec-6] [32mDEBUG[0;39m c.s.m.d.s.b.BasicReadStatusService   [fd7614af869349f2bce0f9ef924aa55f | GET | /api/readStatuses] - 사용자별 읽음 상태 목록 조회 시작: userId=aba478e0-9386-4424-924f-249335d64694
26-05-15 10:35:55.042 [http-nio-8080-exec-6] [32mDEBUG[0;39m org.hibernate.SQL                    [fd7614af869349f2bce0f9ef924aa55f | GET | /api/readStatuses] - 
    select
        rs1_0.id,
        rs1_0.channel_id,
        rs1_0.created_at,
        rs1_0.last_read_at,
        rs1_0.updated_at,
        rs1_0.user_id 
    from
        read_statuses rs1_0 
    where
        rs1_0.user_id=?
26-05-15 10:35:55.042 [http-nio-8080-exec-6] [32mTRACE[0;39m org.hibernate.orm.jdbc.bind          [fd7614af869349f2bce0f9ef924aa55f | GET | /api/readStatuses] - binding parameter (1:UUID) <- [aba478e0-9386-4424-924f-249335d64694]
26-05-15 10:35:55.043 [http-nio-8080-exec-6] [32mINFO [0;39m c.s.m.d.s.b.BasicReadStatusService   [fd7614af869349f2bce0f9ef924aa55f | GET | /api/readStatuses] - 사용자별 읽음 상태 목록 조회 완료: userId=aba478e0-9386-4424-924f-249335d64694, 조회된 항목 수=1
26-05-15 10:35:55.044 [http-nio-8080-exec-6] [32mDEBUG[0;39m c.s.m.d.c.ReadStatusController       [fd7614af869349f2bce0f9ef924aa55f | GET | /api/readStatuses] - 사용자별 읽음 상태 목록 조회 응답: count=1
26-05-15 10:35:55.045 [http-nio-8080-exec-6] [32mDEBUG[0;39m c.s.m.d.config.MDCLoggingInterceptor [fd7614af869349f2bce0f9ef924aa55f | GET | /api/readStatuses] - Request completed
26-05-15 10:35:58.604 [http-nio-8080-exec-7] [32mDEBUG[0;39m c.s.m.d.config.MDCLoggingInterceptor [cc10243c9b7f41069027108482dd9521 | GET | /api/channels] - Request started
26-05-15 10:35:58.605 [http-nio-8080-exec-7] [32mINFO [0;39m c.s.m.d.controller.ChannelController [cc10243c9b7f41069027108482dd9521 | GET | /api/channels] - 사용자별 채널 목록 조회 요청: userId=aba478e0-9386-4424-924f-249335d64694
26-05-15 10:35:58.607 [http-nio-8080-exec-7] [32mDEBUG[0;39m org.hibernate.SQL                    [cc10243c9b7f41069027108482dd9521 | GET | /api/channels] - 
    select
        rs1_0.id,
        rs1_0.channel_id,
        rs1_0.created_at,
        rs1_0.last_read_at,
        rs1_0.updated_at,
        rs1_0.user_id 
    from
        read_statuses rs1_0 
    where
        rs1_0.user_id=?
26-05-15 10:35:58.608 [http-nio-8080-exec-7] [32mTRACE[0;39m org.hibernate.orm.jdbc.bind          [cc10243c9b7f41069027108482dd9521 | GET | /api/channels] - binding parameter (1:UUID) <- [aba478e0-9386-4424-924f-249335d64694]
26-05-15 10:35:58.610 [http-nio-8080-exec-7] [32mDEBUG[0;39m org.hibernate.SQL                    [cc10243c9b7f41069027108482dd9521 | GET | /api/channels] - 
    select
        c1_0.id,
        c1_0.created_at,
        c1_0.description,
        c1_0.name,
        c1_0.type,
        c1_0.updated_at 
    from
        channels c1_0 
    where
        c1_0.type=? 
        or c1_0.id in (?)
26-05-15 10:35:58.610 [http-nio-8080-exec-7] [32mTRACE[0;39m org.hibernate.orm.jdbc.bind          [cc10243c9b7f41069027108482dd9521 | GET | /api/channels] - binding parameter (1:VARCHAR) <- [PUBLIC]
26-05-15 10:35:58.611 [http-nio-8080-exec-7] [32mTRACE[0;39m org.hibernate.orm.jdbc.bind          [cc10243c9b7f41069027108482dd9521 | GET | /api/channels] - binding parameter (2:UUID) <- [0fb828ec-2cee-497c-8e87-348831a67f03]
26-05-15 10:35:58.612 [http-nio-8080-exec-7] [32mDEBUG[0;39m org.hibernate.SQL                    [cc10243c9b7f41069027108482dd9521 | GET | /api/channels] - 
    select
        m1_0.created_at 
    from
        messages m1_0 
    where
        m1_0.channel_id=? 
    order by
        m1_0.created_at desc 
    fetch
        first 1 rows only
26-05-15 10:35:58.612 [http-nio-8080-exec-7] [32mTRACE[0;39m org.hibernate.orm.jdbc.bind          [cc10243c9b7f41069027108482dd9521 | GET | /api/channels] - binding parameter (1:UUID) <- [7cdff344-ade9-4175-ad8a-0acaa200aaa4]
26-05-15 10:35:58.613 [http-nio-8080-exec-7] [32mDEBUG[0;39m org.hibernate.SQL                    [cc10243c9b7f41069027108482dd9521 | GET | /api/channels] - 
    select
        m1_0.created_at 
    from
        messages m1_0 
    where
        m1_0.channel_id=? 
    order by
        m1_0.created_at desc 
    fetch
        first 1 rows only
26-05-15 10:35:58.613 [http-nio-8080-exec-7] [32mTRACE[0;39m org.hibernate.orm.jdbc.bind          [cc10243c9b7f41069027108482dd9521 | GET | /api/channels] - binding parameter (1:UUID) <- [4c2389f4-ec8c-4a2f-97b8-18350b7aef48]
26-05-15 10:35:58.614 [http-nio-8080-exec-7] [32mDEBUG[0;39m org.hibernate.SQL                    [cc10243c9b7f41069027108482dd9521 | GET | /api/channels] - 
    select
        m1_0.created_at 
    from
        messages m1_0 
    where
        m1_0.channel_id=? 
    order by
        m1_0.created_at desc 
    fetch
        first 1 rows only
26-05-15 10:35:58.615 [http-nio-8080-exec-7] [32mTRACE[0;39m org.hibernate.orm.jdbc.bind          [cc10243c9b7f41069027108482dd9521 | GET | /api/channels] - binding parameter (1:UUID) <- [0fb828ec-2cee-497c-8e87-348831a67f03]
26-05-15 10:35:58.616 [http-nio-8080-exec-7] [32mDEBUG[0;39m c.s.m.d.controller.ChannelController [cc10243c9b7f41069027108482dd9521 | GET | /api/channels] - 사용자별 채널 목록 조회 응답: count=3
26-05-15 10:35:58.618 [http-nio-8080-exec-7] [32mDEBUG[0;39m c.s.m.d.config.MDCLoggingInterceptor [cc10243c9b7f41069027108482dd9521 | GET | /api/channels] - Request completed
26-05-15 10:35:58.626 [http-nio-8080-exec-3] [32mDEBUG[0;39m c.s.m.d.config.MDCLoggingInterceptor [28772ee10dc942608bc9d9314d8cd4b2 | GET | /api/readStatuses] - Request started
26-05-15 10:35:58.627 [http-nio-8080-exec-3] [32mINFO [0;39m c.s.m.d.c.ReadStatusController       [28772ee10dc942608bc9d9314d8cd4b2 | GET | /api/readStatuses] - 사용자별 읽음 상태 목록 조회 요청: userId=aba478e0-9386-4424-924f-249335d64694
26-05-15 10:35:58.628 [http-nio-8080-exec-3] [32mDEBUG[0;39m c.s.m.d.s.b.BasicReadStatusService   [28772ee10dc942608bc9d9314d8cd4b2 | GET | /api/readStatuses] - 사용자별 읽음 상태 목록 조회 시작: userId=aba478e0-9386-4424-924f-249335d64694
26-05-15 10:35:58.629 [http-nio-8080-exec-3] [32mDEBUG[0;39m org.hibernate.SQL                    [28772ee10dc942608bc9d9314d8cd4b2 | GET | /api/readStatuses] - 
    select
        rs1_0.id,
        rs1_0.channel_id,
        rs1_0.created_at,
        rs1_0.last_read_at,
        rs1_0.updated_at,
        rs1_0.user_id 
    from
        read_statuses rs1_0 
    where
        rs1_0.user_id=?
26-05-15 10:35:58.629 [http-nio-8080-exec-3] [32mTRACE[0;39m org.hibernate.orm.jdbc.bind          [28772ee10dc942608bc9d9314d8cd4b2 | GET | /api/readStatuses] - binding parameter (1:UUID) <- [aba478e0-9386-4424-924f-249335d64694]
26-05-15 10:35:58.630 [http-nio-8080-exec-3] [32mINFO [0;39m c.s.m.d.s.b.BasicReadStatusService   [28772ee10dc942608bc9d9314d8cd4b2 | GET | /api/readStatuses] - 사용자별 읽음 상태 목록 조회 완료: userId=aba478e0-9386-4424-924f-249335d64694, 조회된 항목 수=1
26-05-15 10:35:58.631 [http-nio-8080-exec-3] [32mDEBUG[0;39m c.s.m.d.c.ReadStatusController       [28772ee10dc942608bc9d9314d8cd4b2 | GET | /api/readStatuses] - 사용자별 읽음 상태 목록 조회 응답: count=1
26-05-15 10:35:58.632 [http-nio-8080-exec-3] [32mDEBUG[0;39m c.s.m.d.config.MDCLoggingInterceptor [28772ee10dc942608bc9d9314d8cd4b2 | GET | /api/readStatuses] - Request completed
26-05-15 10:36:00.129 [SpringApplicationShutdownHook] [32mINFO [0;39m o.s.b.w.e.tomcat.GracefulShutdown    [ |  | ] - Commencing graceful shutdown. Waiting for active requests to complete
26-05-15 10:36:01.309 [tomcat-shutdown] [32mINFO [0;39m o.s.b.w.e.tomcat.GracefulShutdown    [ |  | ] - Graceful shutdown complete
26-05-15 10:36:01.358 [SpringApplicationShutdownHook] [32mINFO [0;39m o.s.o.j.LocalContainerEntityManagerFactoryBean [ |  | ] - Closing JPA EntityManagerFactory for persistence unit 'default'
26-05-15 10:36:01.363 [SpringApplicationShutdownHook] [32mINFO [0;39m com.zaxxer.hikari.HikariDataSource   [ |  | ] - HikariPool-1 - Shutdown initiated...
26-05-15 10:36:01.373 [SpringApplicationShutdownHook] [32mINFO [0;39m com.zaxxer.hikari.HikariDataSource   [ |  | ] - HikariPool-1 - Shutdown completed.
