26-06-09 11:23:27.484 [background-preinit] INFO  o.h.validator.internal.util.Version  - HV000001: Hibernate Validator 8.0.1.Final
26-06-09 11:23:27.560 [main] INFO  c.s.m.discodeit.DiscodeitApplication - Starting DiscodeitApplication using Java 17.0.17 with PID 22340 (C:\codeit\sprint_mission_3_base\build\classes\java\main started by HP in C:\codeit\sprint_mission_3_base)
26-06-09 11:23:27.561 [main] DEBUG c.s.m.discodeit.DiscodeitApplication - Running with Spring Boot v3.4.0, Spring v6.2.0
26-06-09 11:23:27.562 [main] INFO  c.s.m.discodeit.DiscodeitApplication - The following 1 profile is active: "dev"
26-06-09 11:23:29.327 [main] INFO  o.s.d.r.c.RepositoryConfigurationDelegate - Bootstrapping Spring Data JPA repositories in DEFAULT mode.
26-06-09 11:23:29.482 [main] INFO  o.s.d.r.c.RepositoryConfigurationDelegate - Finished Spring Data repository scanning in 144 ms. Found 6 JPA repository interfaces.
26-06-09 11:23:30.525 [main] INFO  o.s.b.w.e.tomcat.TomcatWebServer     - Tomcat initialized with port 8080 (http)
26-06-09 11:23:30.539 [main] INFO  o.a.coyote.http11.Http11NioProtocol  - Initializing ProtocolHandler ["http-nio-8080"]
26-06-09 11:23:30.541 [main] INFO  o.a.catalina.core.StandardService    - Starting service [Tomcat]
26-06-09 11:23:30.541 [main] INFO  o.a.catalina.core.StandardEngine     - Starting Servlet engine: [Apache Tomcat/10.1.33]
26-06-09 11:23:30.653 [main] INFO  o.a.c.c.C.[Tomcat].[localhost].[/]   - Initializing Spring embedded WebApplicationContext
26-06-09 11:23:30.653 [main] INFO  o.s.b.w.s.c.ServletWebServerApplicationContext - Root WebApplicationContext: initialization completed in 3013 ms
26-06-09 11:23:31.095 [main] INFO  o.h.jpa.internal.util.LogHelper      - HHH000204: Processing PersistenceUnitInfo [name: default]
26-06-09 11:23:31.185 [main] INFO  org.hibernate.Version                - HHH000412: Hibernate ORM core version 6.6.2.Final
26-06-09 11:23:31.232 [main] INFO  o.h.c.i.RegionFactoryInitiator       - HHH000026: Second-level cache disabled
26-06-09 11:23:31.613 [main] INFO  o.s.o.j.p.SpringPersistenceUnitInfo  - No LoadTimeWeaver setup: ignoring JPA class transformer
26-06-09 11:23:31.652 [main] INFO  com.zaxxer.hikari.HikariDataSource   - HikariPool-1 - Starting...
26-06-09 11:23:31.905 [main] INFO  com.zaxxer.hikari.pool.HikariPool    - HikariPool-1 - Added connection org.postgresql.jdbc.PgConnection@49654a35
26-06-09 11:23:31.907 [main] INFO  com.zaxxer.hikari.HikariDataSource   - HikariPool-1 - Start completed.
26-06-09 11:23:31.963 [main] WARN  org.hibernate.orm.deprecation        - HHH90000025: PostgreSQLDialect does not need to be specified explicitly using 'hibernate.dialect' (remove the property setting and it will be selected by default)
26-06-09 11:23:31.986 [main] INFO  o.hibernate.orm.connections.pooling  - HHH10001005: Database info:
	Database JDBC URL [Connecting through datasource 'HikariDataSource (HikariPool-1)']
	Database driver: undefined/unknown
	Database version: 18.2
	Autocommit mode: undefined/unknown
	Isolation level: undefined/unknown
	Minimum pool size: undefined/unknown
	Maximum pool size: undefined/unknown
26-06-09 11:23:33.264 [main] INFO  o.h.e.t.j.p.i.JtaPlatformInitiator   - HHH000489: No JTA platform available (set 'hibernate.transaction.jta.platform' to enable JTA platform integration)
26-06-09 11:23:33.268 [main] INFO  o.s.o.j.LocalContainerEntityManagerFactoryBean - Initialized JPA EntityManagerFactory for persistence unit 'default'
26-06-09 11:23:33.760 [main] DEBUG c.s.m.discodeit.async.MDCFilter      - Filter 'MDCFilter' configured for use
26-06-09 11:23:33.760 [main] DEBUG c.s.m.d.jwt.JwtAuthenticationFilter  - Filter 'jwtAuthenticationFilter' configured for use
26-06-09 11:23:33.847 [main] DEBUG o.s.s.a.h.RoleHierarchyImpl          - setHierarchy() - The following role hierarchy was set: ROLE_ADMIN > ROLE_CHANNEL_MANAGER
ROLE_CHANNEL_MANAGER > ROLE_USER
26-06-09 11:23:33.848 [main] DEBUG o.s.s.a.h.RoleHierarchyImpl          - buildRolesReachableInOneStepMap() - From role ROLE_ADMIN one can reach role ROLE_CHANNEL_MANAGER in one step.
26-06-09 11:23:33.848 [main] DEBUG o.s.s.a.h.RoleHierarchyImpl          - buildRolesReachableInOneStepMap() - From role ROLE_CHANNEL_MANAGER one can reach role ROLE_USER in one step.
26-06-09 11:23:33.848 [main] DEBUG o.s.s.a.h.RoleHierarchyImpl          - buildRolesReachableInOneOrMoreStepsMap() - From role ROLE_ADMIN one can reach [ROLE_USER, ROLE_CHANNEL_MANAGER] in one or more steps.
26-06-09 11:23:33.848 [main] DEBUG o.s.s.a.h.RoleHierarchyImpl          - buildRolesReachableInOneOrMoreStepsMap() - From role ROLE_CHANNEL_MANAGER one can reach [ROLE_USER] in one or more steps.
26-06-09 11:23:34.935 [main] INFO  o.s.d.j.r.query.QueryEnhancerFactory - Hibernate is in classpath; If applicable, HQL parser will be used.
26-06-09 11:23:36.084 [main] WARN  o.s.b.a.o.j.JpaBaseConfiguration$JpaWebConfiguration - spring.jpa.open-in-view is enabled by default. Therefore, database queries may be performed during view rendering. Explicitly configure spring.jpa.open-in-view to disable this warning
26-06-09 11:23:36.136 [main] TRACE o.s.s.c.a.a.c.AuthenticationConfiguration$EnableGlobalAuthenticationAutowiredConfigurer - Eagerly initializing {securityConfig=com.sprint.mission.discodeit.common.config.SecurityConfig$$SpringCGLIB$$0@5358c8fa}
26-06-09 11:23:36.145 [main] INFO  o.s.s.c.a.a.c.InitializeUserDetailsBeanManagerConfigurer$InitializeUserDetailsManagerConfigurer - Global AuthenticationManager configured with UserDetailsService bean with name discodeitUserDetailsService
26-06-09 11:23:36.256 [main] INFO  o.s.b.a.w.s.WelcomePageHandlerMapping - Adding welcome page: class path resource [static/index.html]
26-06-09 11:23:36.733 [main] INFO  o.s.b.a.e.web.EndpointLinksResolver  - Exposing 5 endpoints beneath base path '/actuator'
26-06-09 11:23:36.898 [main] DEBUG o.s.s.web.DefaultSecurityFilterChain - Will secure any request with filters: DisableEncodeUrlFilter, WebAsyncManagerIntegrationFilter, SecurityContextHolderFilter, HeaderWriterFilter, CsrfFilter, LogoutFilter, JwtAuthenticationFilter, UsernamePasswordAuthenticationFilter, RequestCacheAwareFilter, SecurityContextHolderAwareRequestFilter, AnonymousAuthenticationFilter, SessionManagementFilter, ExceptionTranslationFilter, AuthorizationFilter
26-06-09 11:23:37.796 [main] INFO  o.a.coyote.http11.Http11NioProtocol  - Starting ProtocolHandler ["http-nio-8080"]
26-06-09 11:23:37.818 [main] INFO  o.s.b.w.e.tomcat.TomcatWebServer     - Tomcat started on port 8080 (http) with context path '/'
26-06-09 11:23:37.835 [main] INFO  c.s.m.discodeit.DiscodeitApplication - Started DiscodeitApplication in 11.031 seconds (process running for 12.065)
26-06-09 11:23:37.934 [main] DEBUG org.hibernate.SQL                    - 
    select
        u1_0.id 
    from
        users u1_0 
    where
        u1_0.role=? 
    fetch
        first ? rows only
26-06-09 11:23:37.941 [main] TRACE org.hibernate.orm.jdbc.bind          - binding parameter (1:VARCHAR) <- [ADMIN]
26-06-09 11:23:37.941 [main] TRACE org.hibernate.orm.jdbc.bind          - binding parameter (2:INTEGER) <- [1]
26-06-09 11:23:37.970 [main] TRACE org.hibernate.orm.jdbc.extract       - extracted value (1:UUID) -> [c9250cab-cae8-4509-8180-0da4b11066e8]
26-06-09 11:23:38.603 [RMI TCP Connection(1)-172.30.1.47] INFO  o.a.c.c.C.[Tomcat].[localhost].[/]   - Initializing Spring DispatcherServlet 'dispatcherServlet'
26-06-09 11:23:38.604 [RMI TCP Connection(1)-172.30.1.47] INFO  o.s.web.servlet.DispatcherServlet    - Initializing Servlet 'dispatcherServlet'
26-06-09 11:23:38.608 [RMI TCP Connection(1)-172.30.1.47] INFO  o.s.web.servlet.DispatcherServlet    - Completed initialization in 4 ms
26-06-09 11:23:52.632 [http-nio-8080-exec-1] TRACE o.s.security.web.FilterChainProxy    - Trying to match request against DefaultSecurityFilterChain defined as 'filterChain' in [class path resource [com/sprint/mission/discodeit/common/config/SecurityConfig.class]] matching [any request] and having filters [DisableEncodeUrl, WebAsyncManagerIntegration, SecurityContextHolder, HeaderWriter, Csrf, Logout, JwtAuthentication, UsernamePasswordAuthentication, RequestCacheAware, SecurityContextHolderAwareRequest, AnonymousAuthentication, SessionManagement, ExceptionTranslation, Authorization] (1/1)
26-06-09 11:23:52.633 [http-nio-8080-exec-1] DEBUG o.s.security.web.FilterChainProxy    - Securing GET /
26-06-09 11:23:52.635 [http-nio-8080-exec-1] TRACE o.s.security.web.FilterChainProxy    - Invoking DisableEncodeUrlFilter (1/14)
26-06-09 11:23:52.639 [http-nio-8080-exec-1] TRACE o.s.security.web.FilterChainProxy    - Invoking WebAsyncManagerIntegrationFilter (2/14)
26-06-09 11:23:52.643 [http-nio-8080-exec-1] TRACE o.s.security.web.FilterChainProxy    - Invoking SecurityContextHolderFilter (3/14)
26-06-09 11:23:52.644 [http-nio-8080-exec-1] TRACE o.s.security.web.FilterChainProxy    - Invoking HeaderWriterFilter (4/14)
26-06-09 11:23:52.645 [http-nio-8080-exec-1] TRACE o.s.security.web.FilterChainProxy    - Invoking CsrfFilter (5/14)
26-06-09 11:23:52.651 [http-nio-8080-exec-1] TRACE o.s.security.web.csrf.CsrfFilter     - Did not protect against CSRF since request did not match CsrfNotRequired [TRACE, HEAD, GET, OPTIONS]
26-06-09 11:23:52.652 [http-nio-8080-exec-1] TRACE o.s.security.web.FilterChainProxy    - Invoking LogoutFilter (6/14)
26-06-09 11:23:52.652 [http-nio-8080-exec-1] TRACE o.s.s.w.a.logout.LogoutFilter        - Did not match request to Ant [pattern='/api/auth/logout', POST]
26-06-09 11:23:52.652 [http-nio-8080-exec-1] TRACE o.s.security.web.FilterChainProxy    - Invoking JwtAuthenticationFilter (7/14)
26-06-09 11:23:52.652 [http-nio-8080-exec-1] TRACE o.s.security.web.FilterChainProxy    - Invoking UsernamePasswordAuthenticationFilter (8/14)
26-06-09 11:23:52.652 [http-nio-8080-exec-1] TRACE o.s.s.w.a.UsernamePasswordAuthenticationFilter - Did not match request to Ant [pattern='/api/auth/login', POST]
26-06-09 11:23:52.654 [http-nio-8080-exec-1] TRACE o.s.security.web.FilterChainProxy    - Invoking RequestCacheAwareFilter (9/14)
26-06-09 11:23:52.654 [http-nio-8080-exec-1] TRACE o.s.security.web.FilterChainProxy    - Invoking SecurityContextHolderAwareRequestFilter (10/14)
26-06-09 11:23:52.655 [http-nio-8080-exec-1] TRACE o.s.security.web.FilterChainProxy    - Invoking AnonymousAuthenticationFilter (11/14)
26-06-09 11:23:52.656 [http-nio-8080-exec-1] TRACE o.s.security.web.FilterChainProxy    - Invoking SessionManagementFilter (12/14)
26-06-09 11:23:52.656 [http-nio-8080-exec-1] TRACE o.s.s.w.c.SupplierDeferredSecurityContext - Created SecurityContextImpl [Null authentication]
26-06-09 11:23:52.657 [http-nio-8080-exec-1] TRACE o.s.s.w.a.AnonymousAuthenticationFilter - Set SecurityContextHolder to AnonymousAuthenticationToken [Principal=anonymousUser, Credentials=[PROTECTED], Authenticated=true, Details=WebAuthenticationDetails [RemoteIpAddress=0:0:0:0:0:0:0:1, SessionId=null], Granted Authorities=[ROLE_ANONYMOUS]]
26-06-09 11:23:52.657 [http-nio-8080-exec-1] TRACE o.s.security.web.FilterChainProxy    - Invoking ExceptionTranslationFilter (13/14)
26-06-09 11:23:52.657 [http-nio-8080-exec-1] TRACE o.s.security.web.FilterChainProxy    - Invoking AuthorizationFilter (14/14)
26-06-09 11:23:52.659 [http-nio-8080-exec-1] TRACE o.s.s.w.a.i.RequestMatcherDelegatingAuthorizationManager - Authorizing GET /
26-06-09 11:23:52.660 [http-nio-8080-exec-1] TRACE o.s.s.w.a.i.RequestMatcherDelegatingAuthorizationManager - Checking authorization on GET / using org.springframework.security.config.annotation.web.configurers.AuthorizeHttpRequestsConfigurer$$Lambda$2085/0x000001b493d40888@fb5b5c0
26-06-09 11:23:52.662 [http-nio-8080-exec-1] DEBUG o.s.security.web.FilterChainProxy    - Secured GET /
26-06-09 11:23:52.690 [http-nio-8080-exec-1] TRACE o.s.security.web.FilterChainProxy    - Trying to match request against DefaultSecurityFilterChain defined as 'filterChain' in [class path resource [com/sprint/mission/discodeit/common/config/SecurityConfig.class]] matching [any request] and having filters [DisableEncodeUrl, WebAsyncManagerIntegration, SecurityContextHolder, HeaderWriter, Csrf, Logout, JwtAuthentication, UsernamePasswordAuthentication, RequestCacheAware, SecurityContextHolderAwareRequest, AnonymousAuthentication, SessionManagement, ExceptionTranslation, Authorization] (1/1)
26-06-09 11:23:52.690 [http-nio-8080-exec-1] DEBUG o.s.security.web.FilterChainProxy    - Securing GET /index.html
26-06-09 11:23:52.690 [http-nio-8080-exec-1] TRACE o.s.security.web.FilterChainProxy    - Invoking DisableEncodeUrlFilter (1/14)
26-06-09 11:23:52.690 [http-nio-8080-exec-1] TRACE o.s.security.web.FilterChainProxy    - Invoking WebAsyncManagerIntegrationFilter (2/14)
26-06-09 11:23:52.691 [http-nio-8080-exec-1] TRACE o.s.security.web.FilterChainProxy    - Invoking SecurityContextHolderFilter (3/14)
26-06-09 11:23:52.691 [http-nio-8080-exec-1] TRACE o.s.security.web.FilterChainProxy    - Invoking HeaderWriterFilter (4/14)
26-06-09 11:23:52.691 [http-nio-8080-exec-1] TRACE o.s.security.web.FilterChainProxy    - Invoking CsrfFilter (5/14)
26-06-09 11:23:52.691 [http-nio-8080-exec-1] TRACE o.s.security.web.FilterChainProxy    - Invoking LogoutFilter (6/14)
26-06-09 11:23:52.691 [http-nio-8080-exec-1] TRACE o.s.s.w.a.logout.LogoutFilter        - Did not match request to Ant [pattern='/api/auth/logout', POST]
26-06-09 11:23:52.691 [http-nio-8080-exec-1] TRACE o.s.security.web.FilterChainProxy    - Invoking JwtAuthenticationFilter (7/14)
26-06-09 11:23:52.691 [http-nio-8080-exec-1] TRACE o.s.security.web.FilterChainProxy    - Invoking UsernamePasswordAuthenticationFilter (8/14)
26-06-09 11:23:52.691 [http-nio-8080-exec-1] TRACE o.s.s.w.a.UsernamePasswordAuthenticationFilter - Did not match request to Ant [pattern='/api/auth/login', POST]
26-06-09 11:23:52.691 [http-nio-8080-exec-1] TRACE o.s.security.web.FilterChainProxy    - Invoking RequestCacheAwareFilter (9/14)
26-06-09 11:23:52.691 [http-nio-8080-exec-1] TRACE o.s.security.web.FilterChainProxy    - Invoking SecurityContextHolderAwareRequestFilter (10/14)
26-06-09 11:23:52.692 [http-nio-8080-exec-1] TRACE o.s.security.web.FilterChainProxy    - Invoking AnonymousAuthenticationFilter (11/14)
26-06-09 11:23:52.692 [http-nio-8080-exec-1] TRACE o.s.security.web.FilterChainProxy    - Invoking SessionManagementFilter (12/14)
26-06-09 11:23:52.692 [http-nio-8080-exec-1] TRACE o.s.security.web.FilterChainProxy    - Invoking ExceptionTranslationFilter (13/14)
26-06-09 11:23:52.692 [http-nio-8080-exec-1] TRACE o.s.security.web.FilterChainProxy    - Invoking AuthorizationFilter (14/14)
26-06-09 11:23:52.692 [http-nio-8080-exec-1] TRACE o.s.s.w.a.i.RequestMatcherDelegatingAuthorizationManager - Authorizing GET /index.html
26-06-09 11:23:52.692 [http-nio-8080-exec-1] TRACE o.s.s.w.a.i.RequestMatcherDelegatingAuthorizationManager - Checking authorization on GET /index.html using org.springframework.security.config.annotation.web.configurers.AuthorizeHttpRequestsConfigurer$$Lambda$2085/0x000001b493d40888@fb5b5c0
26-06-09 11:23:52.693 [http-nio-8080-exec-1] DEBUG o.s.security.web.FilterChainProxy    - Secured GET /index.html
26-06-09 11:23:52.703 [http-nio-8080-exec-1] TRACE o.s.s.w.h.writers.HstsHeaderWriter   - Not injecting HSTS header since it did not match request to [Is Secure]
26-06-09 11:23:52.705 [http-nio-8080-exec-1] TRACE o.s.s.w.a.AnonymousAuthenticationFilter - Did not set SecurityContextHolder since already authenticated AnonymousAuthenticationToken [Principal=anonymousUser, Credentials=[PROTECTED], Authenticated=true, Details=WebAuthenticationDetails [RemoteIpAddress=0:0:0:0:0:0:0:1, SessionId=null], Granted Authorities=[ROLE_ANONYMOUS]]
26-06-09 11:23:52.715 [http-nio-8080-exec-2] TRACE o.s.security.web.FilterChainProxy    - Trying to match request against DefaultSecurityFilterChain defined as 'filterChain' in [class path resource [com/sprint/mission/discodeit/common/config/SecurityConfig.class]] matching [any request] and having filters [DisableEncodeUrl, WebAsyncManagerIntegration, SecurityContextHolder, HeaderWriter, Csrf, Logout, JwtAuthentication, UsernamePasswordAuthentication, RequestCacheAware, SecurityContextHolderAwareRequest, AnonymousAuthentication, SessionManagement, ExceptionTranslation, Authorization] (1/1)
26-06-09 11:23:52.715 [http-nio-8080-exec-3] TRACE o.s.security.web.FilterChainProxy    - Trying to match request against DefaultSecurityFilterChain defined as 'filterChain' in [class path resource [com/sprint/mission/discodeit/common/config/SecurityConfig.class]] matching [any request] and having filters [DisableEncodeUrl, WebAsyncManagerIntegration, SecurityContextHolder, HeaderWriter, Csrf, Logout, JwtAuthentication, UsernamePasswordAuthentication, RequestCacheAware, SecurityContextHolderAwareRequest, AnonymousAuthentication, SessionManagement, ExceptionTranslation, Authorization] (1/1)
26-06-09 11:23:52.715 [http-nio-8080-exec-2] DEBUG o.s.security.web.FilterChainProxy    - Securing GET /assets/index-DB4IjbRs.js
26-06-09 11:23:52.715 [http-nio-8080-exec-3] DEBUG o.s.security.web.FilterChainProxy    - Securing GET /assets/index-kQJbKSsj.css
26-06-09 11:23:52.715 [http-nio-8080-exec-2] TRACE o.s.security.web.FilterChainProxy    - Invoking DisableEncodeUrlFilter (1/14)
26-06-09 11:23:52.715 [http-nio-8080-exec-3] TRACE o.s.security.web.FilterChainProxy    - Invoking DisableEncodeUrlFilter (1/14)
26-06-09 11:23:52.716 [http-nio-8080-exec-2] TRACE o.s.security.web.FilterChainProxy    - Invoking WebAsyncManagerIntegrationFilter (2/14)
26-06-09 11:23:52.716 [http-nio-8080-exec-3] TRACE o.s.security.web.FilterChainProxy    - Invoking WebAsyncManagerIntegrationFilter (2/14)
26-06-09 11:23:52.716 [http-nio-8080-exec-2] TRACE o.s.security.web.FilterChainProxy    - Invoking SecurityContextHolderFilter (3/14)
26-06-09 11:23:52.716 [http-nio-8080-exec-3] TRACE o.s.security.web.FilterChainProxy    - Invoking SecurityContextHolderFilter (3/14)
26-06-09 11:23:52.716 [http-nio-8080-exec-2] TRACE o.s.security.web.FilterChainProxy    - Invoking HeaderWriterFilter (4/14)
26-06-09 11:23:52.716 [http-nio-8080-exec-2] TRACE o.s.security.web.FilterChainProxy    - Invoking CsrfFilter (5/14)
26-06-09 11:23:52.716 [http-nio-8080-exec-3] TRACE o.s.security.web.FilterChainProxy    - Invoking HeaderWriterFilter (4/14)
26-06-09 11:23:52.716 [http-nio-8080-exec-3] TRACE o.s.security.web.FilterChainProxy    - Invoking CsrfFilter (5/14)
26-06-09 11:23:52.716 [http-nio-8080-exec-2] TRACE o.s.security.web.csrf.CsrfFilter     - Did not protect against CSRF since request did not match CsrfNotRequired [TRACE, HEAD, GET, OPTIONS]
26-06-09 11:23:52.716 [http-nio-8080-exec-3] TRACE o.s.security.web.csrf.CsrfFilter     - Did not protect against CSRF since request did not match CsrfNotRequired [TRACE, HEAD, GET, OPTIONS]
26-06-09 11:23:52.716 [http-nio-8080-exec-2] TRACE o.s.security.web.FilterChainProxy    - Invoking LogoutFilter (6/14)
26-06-09 11:23:52.716 [http-nio-8080-exec-3] TRACE o.s.security.web.FilterChainProxy    - Invoking LogoutFilter (6/14)
26-06-09 11:23:52.716 [http-nio-8080-exec-2] TRACE o.s.s.w.a.logout.LogoutFilter        - Did not match request to Ant [pattern='/api/auth/logout', POST]
26-06-09 11:23:52.716 [http-nio-8080-exec-3] TRACE o.s.s.w.a.logout.LogoutFilter        - Did not match request to Ant [pattern='/api/auth/logout', POST]
26-06-09 11:23:52.716 [http-nio-8080-exec-2] TRACE o.s.security.web.FilterChainProxy    - Invoking JwtAuthenticationFilter (7/14)
26-06-09 11:23:52.716 [http-nio-8080-exec-3] TRACE o.s.security.web.FilterChainProxy    - Invoking JwtAuthenticationFilter (7/14)
26-06-09 11:23:52.716 [http-nio-8080-exec-3] TRACE o.s.security.web.FilterChainProxy    - Invoking UsernamePasswordAuthenticationFilter (8/14)
26-06-09 11:23:52.716 [http-nio-8080-exec-2] TRACE o.s.security.web.FilterChainProxy    - Invoking UsernamePasswordAuthenticationFilter (8/14)
26-06-09 11:23:52.716 [http-nio-8080-exec-3] TRACE o.s.s.w.a.UsernamePasswordAuthenticationFilter - Did not match request to Ant [pattern='/api/auth/login', POST]
26-06-09 11:23:52.716 [http-nio-8080-exec-2] TRACE o.s.s.w.a.UsernamePasswordAuthenticationFilter - Did not match request to Ant [pattern='/api/auth/login', POST]
26-06-09 11:23:52.716 [http-nio-8080-exec-3] TRACE o.s.security.web.FilterChainProxy    - Invoking RequestCacheAwareFilter (9/14)
26-06-09 11:23:52.717 [http-nio-8080-exec-2] TRACE o.s.security.web.FilterChainProxy    - Invoking RequestCacheAwareFilter (9/14)
26-06-09 11:23:52.717 [http-nio-8080-exec-3] TRACE o.s.security.web.FilterChainProxy    - Invoking SecurityContextHolderAwareRequestFilter (10/14)
26-06-09 11:23:52.717 [http-nio-8080-exec-2] TRACE o.s.security.web.FilterChainProxy    - Invoking SecurityContextHolderAwareRequestFilter (10/14)
26-06-09 11:23:52.717 [http-nio-8080-exec-3] TRACE o.s.security.web.FilterChainProxy    - Invoking AnonymousAuthenticationFilter (11/14)
26-06-09 11:23:52.717 [http-nio-8080-exec-2] TRACE o.s.security.web.FilterChainProxy    - Invoking AnonymousAuthenticationFilter (11/14)
26-06-09 11:23:52.717 [http-nio-8080-exec-3] TRACE o.s.security.web.FilterChainProxy    - Invoking SessionManagementFilter (12/14)
26-06-09 11:23:52.717 [http-nio-8080-exec-2] TRACE o.s.security.web.FilterChainProxy    - Invoking SessionManagementFilter (12/14)
26-06-09 11:23:52.717 [http-nio-8080-exec-3] TRACE o.s.s.w.c.SupplierDeferredSecurityContext - Created SecurityContextImpl [Null authentication]
26-06-09 11:23:52.717 [http-nio-8080-exec-2] TRACE o.s.s.w.c.SupplierDeferredSecurityContext - Created SecurityContextImpl [Null authentication]
26-06-09 11:23:52.717 [http-nio-8080-exec-2] TRACE o.s.s.w.a.AnonymousAuthenticationFilter - Set SecurityContextHolder to AnonymousAuthenticationToken [Principal=anonymousUser, Credentials=[PROTECTED], Authenticated=true, Details=WebAuthenticationDetails [RemoteIpAddress=0:0:0:0:0:0:0:1, SessionId=null], Granted Authorities=[ROLE_ANONYMOUS]]
26-06-09 11:23:52.717 [http-nio-8080-exec-3] TRACE o.s.s.w.a.AnonymousAuthenticationFilter - Set SecurityContextHolder to AnonymousAuthenticationToken [Principal=anonymousUser, Credentials=[PROTECTED], Authenticated=true, Details=WebAuthenticationDetails [RemoteIpAddress=0:0:0:0:0:0:0:1, SessionId=null], Granted Authorities=[ROLE_ANONYMOUS]]
26-06-09 11:23:52.717 [http-nio-8080-exec-2] TRACE o.s.security.web.FilterChainProxy    - Invoking ExceptionTranslationFilter (13/14)
26-06-09 11:23:52.717 [http-nio-8080-exec-3] TRACE o.s.security.web.FilterChainProxy    - Invoking ExceptionTranslationFilter (13/14)
26-06-09 11:23:52.717 [http-nio-8080-exec-2] TRACE o.s.security.web.FilterChainProxy    - Invoking AuthorizationFilter (14/14)
26-06-09 11:23:52.717 [http-nio-8080-exec-3] TRACE o.s.security.web.FilterChainProxy    - Invoking AuthorizationFilter (14/14)
26-06-09 11:23:52.719 [http-nio-8080-exec-3] TRACE o.s.s.w.a.i.RequestMatcherDelegatingAuthorizationManager - Authorizing GET /assets/index-kQJbKSsj.css
26-06-09 11:23:52.719 [http-nio-8080-exec-2] TRACE o.s.s.w.a.i.RequestMatcherDelegatingAuthorizationManager - Authorizing GET /assets/index-DB4IjbRs.js
26-06-09 11:23:52.719 [http-nio-8080-exec-2] TRACE o.s.s.w.a.i.RequestMatcherDelegatingAuthorizationManager - Checking authorization on GET /assets/index-DB4IjbRs.js using org.springframework.security.config.annotation.web.configurers.AuthorizeHttpRequestsConfigurer$$Lambda$2085/0x000001b493d40888@fb5b5c0
26-06-09 11:23:52.719 [http-nio-8080-exec-3] TRACE o.s.s.w.a.i.RequestMatcherDelegatingAuthorizationManager - Checking authorization on GET /assets/index-kQJbKSsj.css using org.springframework.security.config.annotation.web.configurers.AuthorizeHttpRequestsConfigurer$$Lambda$2085/0x000001b493d40888@fb5b5c0
26-06-09 11:23:52.719 [http-nio-8080-exec-2] DEBUG o.s.security.web.FilterChainProxy    - Secured GET /assets/index-DB4IjbRs.js
26-06-09 11:23:52.719 [http-nio-8080-exec-3] DEBUG o.s.security.web.FilterChainProxy    - Secured GET /assets/index-kQJbKSsj.css
26-06-09 11:23:52.739 [http-nio-8080-exec-2] TRACE o.s.s.w.h.writers.HstsHeaderWriter   - Not injecting HSTS header since it did not match request to [Is Secure]
26-06-09 11:23:52.739 [http-nio-8080-exec-3] TRACE o.s.s.w.h.writers.HstsHeaderWriter   - Not injecting HSTS header since it did not match request to [Is Secure]
26-06-09 11:23:52.777 [http-nio-8080-exec-4] TRACE o.s.security.web.FilterChainProxy    - Trying to match request against DefaultSecurityFilterChain defined as 'filterChain' in [class path resource [com/sprint/mission/discodeit/common/config/SecurityConfig.class]] matching [any request] and having filters [DisableEncodeUrl, WebAsyncManagerIntegration, SecurityContextHolder, HeaderWriter, Csrf, Logout, JwtAuthentication, UsernamePasswordAuthentication, RequestCacheAware, SecurityContextHolderAwareRequest, AnonymousAuthentication, SessionManagement, ExceptionTranslation, Authorization] (1/1)
26-06-09 11:23:52.777 [http-nio-8080-exec-4] DEBUG o.s.security.web.FilterChainProxy    - Securing GET /api/auth/csrf-token
26-06-09 11:23:52.777 [http-nio-8080-exec-5] TRACE o.s.security.web.FilterChainProxy    - Trying to match request against DefaultSecurityFilterChain defined as 'filterChain' in [class path resource [com/sprint/mission/discodeit/common/config/SecurityConfig.class]] matching [any request] and having filters [DisableEncodeUrl, WebAsyncManagerIntegration, SecurityContextHolder, HeaderWriter, Csrf, Logout, JwtAuthentication, UsernamePasswordAuthentication, RequestCacheAware, SecurityContextHolderAwareRequest, AnonymousAuthentication, SessionManagement, ExceptionTranslation, Authorization] (1/1)
26-06-09 11:23:52.777 [http-nio-8080-exec-4] TRACE o.s.security.web.FilterChainProxy    - Invoking DisableEncodeUrlFilter (1/14)
26-06-09 11:23:52.777 [http-nio-8080-exec-5] DEBUG o.s.security.web.FilterChainProxy    - Securing POST /api/auth/refresh
26-06-09 11:23:52.777 [http-nio-8080-exec-5] TRACE o.s.security.web.FilterChainProxy    - Invoking DisableEncodeUrlFilter (1/14)
26-06-09 11:23:52.777 [http-nio-8080-exec-4] TRACE o.s.security.web.FilterChainProxy    - Invoking WebAsyncManagerIntegrationFilter (2/14)
26-06-09 11:23:52.777 [http-nio-8080-exec-5] TRACE o.s.security.web.FilterChainProxy    - Invoking WebAsyncManagerIntegrationFilter (2/14)
26-06-09 11:23:52.777 [http-nio-8080-exec-4] TRACE o.s.security.web.FilterChainProxy    - Invoking SecurityContextHolderFilter (3/14)
26-06-09 11:23:52.777 [http-nio-8080-exec-5] TRACE o.s.security.web.FilterChainProxy    - Invoking SecurityContextHolderFilter (3/14)
26-06-09 11:23:52.777 [http-nio-8080-exec-4] TRACE o.s.security.web.FilterChainProxy    - Invoking HeaderWriterFilter (4/14)
26-06-09 11:23:52.778 [http-nio-8080-exec-5] TRACE o.s.security.web.FilterChainProxy    - Invoking HeaderWriterFilter (4/14)
26-06-09 11:23:52.778 [http-nio-8080-exec-4] TRACE o.s.security.web.FilterChainProxy    - Invoking CsrfFilter (5/14)
26-06-09 11:23:52.778 [http-nio-8080-exec-5] TRACE o.s.security.web.FilterChainProxy    - Invoking CsrfFilter (5/14)
26-06-09 11:23:52.778 [http-nio-8080-exec-4] TRACE o.s.security.web.csrf.CsrfFilter     - Did not protect against CSRF since request did not match CsrfNotRequired [TRACE, HEAD, GET, OPTIONS]
26-06-09 11:23:52.778 [http-nio-8080-exec-4] TRACE o.s.security.web.FilterChainProxy    - Invoking LogoutFilter (6/14)
26-06-09 11:23:52.778 [http-nio-8080-exec-4] TRACE o.s.s.w.a.logout.LogoutFilter        - Did not match request to Ant [pattern='/api/auth/logout', POST]
26-06-09 11:23:52.778 [http-nio-8080-exec-4] TRACE o.s.security.web.FilterChainProxy    - Invoking JwtAuthenticationFilter (7/14)
26-06-09 11:23:52.778 [http-nio-8080-exec-4] TRACE o.s.security.web.FilterChainProxy    - Invoking UsernamePasswordAuthenticationFilter (8/14)
26-06-09 11:23:52.779 [http-nio-8080-exec-4] TRACE o.s.s.w.a.UsernamePasswordAuthenticationFilter - Did not match request to Ant [pattern='/api/auth/login', POST]
26-06-09 11:23:52.779 [http-nio-8080-exec-5] TRACE o.s.security.web.FilterChainProxy    - Invoking LogoutFilter (6/14)
26-06-09 11:23:52.779 [http-nio-8080-exec-4] TRACE o.s.security.web.FilterChainProxy    - Invoking RequestCacheAwareFilter (9/14)
26-06-09 11:23:52.779 [http-nio-8080-exec-5] TRACE o.s.s.w.a.logout.LogoutFilter        - Did not match request to Ant [pattern='/api/auth/logout', POST]
26-06-09 11:23:52.779 [http-nio-8080-exec-4] TRACE o.s.security.web.FilterChainProxy    - Invoking SecurityContextHolderAwareRequestFilter (10/14)
26-06-09 11:23:52.779 [http-nio-8080-exec-5] TRACE o.s.security.web.FilterChainProxy    - Invoking JwtAuthenticationFilter (7/14)
26-06-09 11:23:52.779 [http-nio-8080-exec-4] TRACE o.s.security.web.FilterChainProxy    - Invoking AnonymousAuthenticationFilter (11/14)
26-06-09 11:23:52.779 [http-nio-8080-exec-5] TRACE o.s.security.web.FilterChainProxy    - Invoking UsernamePasswordAuthenticationFilter (8/14)
26-06-09 11:23:52.779 [http-nio-8080-exec-4] TRACE o.s.security.web.FilterChainProxy    - Invoking SessionManagementFilter (12/14)
26-06-09 11:23:52.779 [http-nio-8080-exec-5] TRACE o.s.s.w.a.UsernamePasswordAuthenticationFilter - Did not match request to Ant [pattern='/api/auth/login', POST]
26-06-09 11:23:52.779 [http-nio-8080-exec-4] TRACE o.s.s.w.c.SupplierDeferredSecurityContext - Created SecurityContextImpl [Null authentication]
26-06-09 11:23:52.779 [http-nio-8080-exec-5] TRACE o.s.security.web.FilterChainProxy    - Invoking RequestCacheAwareFilter (9/14)
26-06-09 11:23:52.780 [http-nio-8080-exec-4] TRACE o.s.s.w.a.AnonymousAuthenticationFilter - Set SecurityContextHolder to AnonymousAuthenticationToken [Principal=anonymousUser, Credentials=[PROTECTED], Authenticated=true, Details=WebAuthenticationDetails [RemoteIpAddress=0:0:0:0:0:0:0:1, SessionId=null], Granted Authorities=[ROLE_ANONYMOUS]]
26-06-09 11:23:52.780 [http-nio-8080-exec-5] TRACE o.s.security.web.FilterChainProxy    - Invoking SecurityContextHolderAwareRequestFilter (10/14)
26-06-09 11:23:52.780 [http-nio-8080-exec-4] TRACE o.s.security.web.FilterChainProxy    - Invoking ExceptionTranslationFilter (13/14)
26-06-09 11:23:52.780 [http-nio-8080-exec-5] TRACE o.s.security.web.FilterChainProxy    - Invoking AnonymousAuthenticationFilter (11/14)
26-06-09 11:23:52.780 [http-nio-8080-exec-4] TRACE o.s.security.web.FilterChainProxy    - Invoking AuthorizationFilter (14/14)
26-06-09 11:23:52.780 [http-nio-8080-exec-5] TRACE o.s.security.web.FilterChainProxy    - Invoking SessionManagementFilter (12/14)
26-06-09 11:23:52.780 [http-nio-8080-exec-5] TRACE o.s.s.w.c.SupplierDeferredSecurityContext - Created SecurityContextImpl [Null authentication]
26-06-09 11:23:52.780 [http-nio-8080-exec-5] TRACE o.s.s.w.a.AnonymousAuthenticationFilter - Set SecurityContextHolder to AnonymousAuthenticationToken [Principal=anonymousUser, Credentials=[PROTECTED], Authenticated=true, Details=WebAuthenticationDetails [RemoteIpAddress=0:0:0:0:0:0:0:1, SessionId=null], Granted Authorities=[ROLE_ANONYMOUS]]
26-06-09 11:23:52.780 [http-nio-8080-exec-5] TRACE o.s.security.web.FilterChainProxy    - Invoking ExceptionTranslationFilter (13/14)
26-06-09 11:23:52.780 [http-nio-8080-exec-4] TRACE o.s.s.w.a.i.RequestMatcherDelegatingAuthorizationManager - Authorizing GET /api/auth/csrf-token
26-06-09 11:23:52.780 [http-nio-8080-exec-5] TRACE o.s.security.web.FilterChainProxy    - Invoking AuthorizationFilter (14/14)
26-06-09 11:23:52.780 [http-nio-8080-exec-4] TRACE o.s.s.w.a.i.RequestMatcherDelegatingAuthorizationManager - Checking authorization on GET /api/auth/csrf-token using org.springframework.security.config.annotation.web.configurers.AuthorizeHttpRequestsConfigurer$$Lambda$2085/0x000001b493d40888@fb5b5c0
26-06-09 11:23:52.781 [http-nio-8080-exec-5] TRACE o.s.s.w.a.i.RequestMatcherDelegatingAuthorizationManager - Authorizing POST /api/auth/refresh
26-06-09 11:23:52.781 [http-nio-8080-exec-4] DEBUG o.s.security.web.FilterChainProxy    - Secured GET /api/auth/csrf-token
26-06-09 11:23:52.781 [http-nio-8080-exec-5] TRACE o.s.s.w.a.i.RequestMatcherDelegatingAuthorizationManager - Checking authorization on POST /api/auth/refresh using org.springframework.security.config.annotation.web.configurers.AuthorizeHttpRequestsConfigurer$$Lambda$2085/0x000001b493d40888@fb5b5c0
26-06-09 11:23:52.781 [http-nio-8080-exec-5] DEBUG o.s.security.web.FilterChainProxy    - Secured POST /api/auth/refresh
26-06-09 11:23:52.803 [http-nio-8080-exec-4] DEBUG c.s.m.d.a.controller.AuthController  - CSRF 토큰 요청: A9H4YdNK1ZZuaRMVyu-hu2GxEthelyqP3gA5-ATaROW8bYYbYrPBArF44qVDW3Em-sKV2FGAP-A69BKi6TMMyGa-ddCOVeQo
26-06-09 11:23:52.813 [http-nio-8080-exec-5] WARN  c.s.m.d.c.e.GlobalExceptionHandler   - 토큰 오류: 유효하지 않은 토큰입니다.
26-06-09 11:23:52.815 [http-nio-8080-exec-4] TRACE o.s.s.w.h.writers.HstsHeaderWriter   - Not injecting HSTS header since it did not match request to [Is Secure]
26-06-09 11:23:52.832 [http-nio-8080-exec-5] TRACE o.s.s.w.h.writers.HstsHeaderWriter   - Not injecting HSTS header since it did not match request to [Is Secure]
26-06-09 11:23:56.710 [http-nio-8080-exec-6] TRACE o.s.security.web.FilterChainProxy    - Trying to match request against DefaultSecurityFilterChain defined as 'filterChain' in [class path resource [com/sprint/mission/discodeit/common/config/SecurityConfig.class]] matching [any request] and having filters [DisableEncodeUrl, WebAsyncManagerIntegration, SecurityContextHolder, HeaderWriter, Csrf, Logout, JwtAuthentication, UsernamePasswordAuthentication, RequestCacheAware, SecurityContextHolderAwareRequest, AnonymousAuthentication, SessionManagement, ExceptionTranslation, Authorization] (1/1)
26-06-09 11:23:56.711 [http-nio-8080-exec-6] DEBUG o.s.security.web.FilterChainProxy    - Securing GET /swagger-ui/index.html
26-06-09 11:23:56.711 [http-nio-8080-exec-6] TRACE o.s.security.web.FilterChainProxy    - Invoking DisableEncodeUrlFilter (1/14)
26-06-09 11:23:56.711 [http-nio-8080-exec-6] TRACE o.s.security.web.FilterChainProxy    - Invoking WebAsyncManagerIntegrationFilter (2/14)
26-06-09 11:23:56.711 [http-nio-8080-exec-6] TRACE o.s.security.web.FilterChainProxy    - Invoking SecurityContextHolderFilter (3/14)
26-06-09 11:23:56.711 [http-nio-8080-exec-6] TRACE o.s.security.web.FilterChainProxy    - Invoking HeaderWriterFilter (4/14)
26-06-09 11:23:56.711 [http-nio-8080-exec-6] TRACE o.s.security.web.FilterChainProxy    - Invoking CsrfFilter (5/14)
26-06-09 11:23:56.713 [http-nio-8080-exec-6] TRACE o.s.security.web.csrf.CsrfFilter     - Did not protect against CSRF since request did not match CsrfNotRequired [TRACE, HEAD, GET, OPTIONS]
26-06-09 11:23:56.713 [http-nio-8080-exec-6] TRACE o.s.security.web.FilterChainProxy    - Invoking LogoutFilter (6/14)
26-06-09 11:23:56.713 [http-nio-8080-exec-6] TRACE o.s.s.w.a.logout.LogoutFilter        - Did not match request to Ant [pattern='/api/auth/logout', POST]
26-06-09 11:23:56.713 [http-nio-8080-exec-6] TRACE o.s.security.web.FilterChainProxy    - Invoking JwtAuthenticationFilter (7/14)
26-06-09 11:23:56.713 [http-nio-8080-exec-6] TRACE o.s.security.web.FilterChainProxy    - Invoking UsernamePasswordAuthenticationFilter (8/14)
26-06-09 11:23:56.713 [http-nio-8080-exec-6] TRACE o.s.s.w.a.UsernamePasswordAuthenticationFilter - Did not match request to Ant [pattern='/api/auth/login', POST]
26-06-09 11:23:56.713 [http-nio-8080-exec-6] TRACE o.s.security.web.FilterChainProxy    - Invoking RequestCacheAwareFilter (9/14)
26-06-09 11:23:56.713 [http-nio-8080-exec-6] TRACE o.s.security.web.FilterChainProxy    - Invoking SecurityContextHolderAwareRequestFilter (10/14)
26-06-09 11:23:56.713 [http-nio-8080-exec-6] TRACE o.s.security.web.FilterChainProxy    - Invoking AnonymousAuthenticationFilter (11/14)
26-06-09 11:23:56.713 [http-nio-8080-exec-6] TRACE o.s.security.web.FilterChainProxy    - Invoking SessionManagementFilter (12/14)
26-06-09 11:23:56.713 [http-nio-8080-exec-6] TRACE o.s.s.w.c.SupplierDeferredSecurityContext - Created SecurityContextImpl [Null authentication]
26-06-09 11:23:56.713 [http-nio-8080-exec-6] TRACE o.s.s.w.a.AnonymousAuthenticationFilter - Set SecurityContextHolder to AnonymousAuthenticationToken [Principal=anonymousUser, Credentials=[PROTECTED], Authenticated=true, Details=WebAuthenticationDetails [RemoteIpAddress=0:0:0:0:0:0:0:1, SessionId=null], Granted Authorities=[ROLE_ANONYMOUS]]
26-06-09 11:23:56.713 [http-nio-8080-exec-6] TRACE o.s.security.web.FilterChainProxy    - Invoking ExceptionTranslationFilter (13/14)
26-06-09 11:23:56.713 [http-nio-8080-exec-6] TRACE o.s.security.web.FilterChainProxy    - Invoking AuthorizationFilter (14/14)
26-06-09 11:23:56.713 [http-nio-8080-exec-6] TRACE o.s.s.w.a.i.RequestMatcherDelegatingAuthorizationManager - Authorizing GET /swagger-ui/index.html
26-06-09 11:23:56.713 [http-nio-8080-exec-6] TRACE o.s.s.w.a.i.RequestMatcherDelegatingAuthorizationManager - Checking authorization on GET /swagger-ui/index.html using org.springframework.security.config.annotation.web.configurers.AuthorizeHttpRequestsConfigurer$$Lambda$2085/0x000001b493d40888@fb5b5c0
26-06-09 11:23:56.715 [http-nio-8080-exec-6] DEBUG o.s.security.web.FilterChainProxy    - Secured GET /swagger-ui/index.html
26-06-09 11:23:56.729 [http-nio-8080-exec-6] TRACE o.s.s.w.h.writers.HstsHeaderWriter   - Not injecting HSTS header since it did not match request to [Is Secure]
26-06-09 11:23:56.763 [http-nio-8080-exec-7] TRACE o.s.security.web.FilterChainProxy    - Trying to match request against DefaultSecurityFilterChain defined as 'filterChain' in [class path resource [com/sprint/mission/discodeit/common/config/SecurityConfig.class]] matching [any request] and having filters [DisableEncodeUrl, WebAsyncManagerIntegration, SecurityContextHolder, HeaderWriter, Csrf, Logout, JwtAuthentication, UsernamePasswordAuthentication, RequestCacheAware, SecurityContextHolderAwareRequest, AnonymousAuthentication, SessionManagement, ExceptionTranslation, Authorization] (1/1)
26-06-09 11:23:56.765 [http-nio-8080-exec-7] DEBUG o.s.security.web.FilterChainProxy    - Securing GET /swagger-ui/swagger-ui.css
26-06-09 11:23:56.765 [http-nio-8080-exec-7] TRACE o.s.security.web.FilterChainProxy    - Invoking DisableEncodeUrlFilter (1/14)
26-06-09 11:23:56.765 [http-nio-8080-exec-7] TRACE o.s.security.web.FilterChainProxy    - Invoking WebAsyncManagerIntegrationFilter (2/14)
26-06-09 11:23:56.765 [http-nio-8080-exec-7] TRACE o.s.security.web.FilterChainProxy    - Invoking SecurityContextHolderFilter (3/14)
26-06-09 11:23:56.765 [http-nio-8080-exec-7] TRACE o.s.security.web.FilterChainProxy    - Invoking HeaderWriterFilter (4/14)
26-06-09 11:23:56.765 [http-nio-8080-exec-7] TRACE o.s.security.web.FilterChainProxy    - Invoking CsrfFilter (5/14)
26-06-09 11:23:56.765 [http-nio-8080-exec-7] TRACE o.s.security.web.csrf.CsrfFilter     - Did not protect against CSRF since request did not match CsrfNotRequired [TRACE, HEAD, GET, OPTIONS]
26-06-09 11:23:56.765 [http-nio-8080-exec-7] TRACE o.s.security.web.FilterChainProxy    - Invoking LogoutFilter (6/14)
26-06-09 11:23:56.765 [http-nio-8080-exec-7] TRACE o.s.s.w.a.logout.LogoutFilter        - Did not match request to Ant [pattern='/api/auth/logout', POST]
26-06-09 11:23:56.765 [http-nio-8080-exec-7] TRACE o.s.security.web.FilterChainProxy    - Invoking JwtAuthenticationFilter (7/14)
26-06-09 11:23:56.765 [http-nio-8080-exec-7] TRACE o.s.security.web.FilterChainProxy    - Invoking UsernamePasswordAuthenticationFilter (8/14)
26-06-09 11:23:56.765 [http-nio-8080-exec-7] TRACE o.s.s.w.a.UsernamePasswordAuthenticationFilter - Did not match request to Ant [pattern='/api/auth/login', POST]
26-06-09 11:23:56.765 [http-nio-8080-exec-7] TRACE o.s.security.web.FilterChainProxy    - Invoking RequestCacheAwareFilter (9/14)
26-06-09 11:23:56.765 [http-nio-8080-exec-7] TRACE o.s.security.web.FilterChainProxy    - Invoking SecurityContextHolderAwareRequestFilter (10/14)
26-06-09 11:23:56.765 [http-nio-8080-exec-7] TRACE o.s.security.web.FilterChainProxy    - Invoking AnonymousAuthenticationFilter (11/14)
26-06-09 11:23:56.766 [http-nio-8080-exec-7] TRACE o.s.security.web.FilterChainProxy    - Invoking SessionManagementFilter (12/14)
26-06-09 11:23:56.766 [http-nio-8080-exec-7] TRACE o.s.s.w.c.SupplierDeferredSecurityContext - Created SecurityContextImpl [Null authentication]
26-06-09 11:23:56.766 [http-nio-8080-exec-7] TRACE o.s.s.w.a.AnonymousAuthenticationFilter - Set SecurityContextHolder to AnonymousAuthenticationToken [Principal=anonymousUser, Credentials=[PROTECTED], Authenticated=true, Details=WebAuthenticationDetails [RemoteIpAddress=0:0:0:0:0:0:0:1, SessionId=null], Granted Authorities=[ROLE_ANONYMOUS]]
26-06-09 11:23:56.766 [http-nio-8080-exec-7] TRACE o.s.security.web.FilterChainProxy    - Invoking ExceptionTranslationFilter (13/14)
26-06-09 11:23:56.766 [http-nio-8080-exec-7] TRACE o.s.security.web.FilterChainProxy    - Invoking AuthorizationFilter (14/14)
26-06-09 11:23:56.766 [http-nio-8080-exec-7] TRACE o.s.s.w.a.i.RequestMatcherDelegatingAuthorizationManager - Authorizing GET /swagger-ui/swagger-ui.css
26-06-09 11:23:56.767 [http-nio-8080-exec-7] TRACE o.s.s.w.a.i.RequestMatcherDelegatingAuthorizationManager - Checking authorization on GET /swagger-ui/swagger-ui.css using org.springframework.security.config.annotation.web.configurers.AuthorizeHttpRequestsConfigurer$$Lambda$2085/0x000001b493d40888@fb5b5c0
26-06-09 11:23:56.767 [http-nio-8080-exec-7] DEBUG o.s.security.web.FilterChainProxy    - Secured GET /swagger-ui/swagger-ui.css
26-06-09 11:23:56.768 [http-nio-8080-exec-8] TRACE o.s.security.web.FilterChainProxy    - Trying to match request against DefaultSecurityFilterChain defined as 'filterChain' in [class path resource [com/sprint/mission/discodeit/common/config/SecurityConfig.class]] matching [any request] and having filters [DisableEncodeUrl, WebAsyncManagerIntegration, SecurityContextHolder, HeaderWriter, Csrf, Logout, JwtAuthentication, UsernamePasswordAuthentication, RequestCacheAware, SecurityContextHolderAwareRequest, AnonymousAuthentication, SessionManagement, ExceptionTranslation, Authorization] (1/1)
26-06-09 11:23:56.768 [http-nio-8080-exec-8] DEBUG o.s.security.web.FilterChainProxy    - Securing GET /swagger-ui/index.css
26-06-09 11:23:56.768 [http-nio-8080-exec-8] TRACE o.s.security.web.FilterChainProxy    - Invoking DisableEncodeUrlFilter (1/14)
26-06-09 11:23:56.768 [http-nio-8080-exec-8] TRACE o.s.security.web.FilterChainProxy    - Invoking WebAsyncManagerIntegrationFilter (2/14)
26-06-09 11:23:56.769 [http-nio-8080-exec-8] TRACE o.s.security.web.FilterChainProxy    - Invoking SecurityContextHolderFilter (3/14)
26-06-09 11:23:56.769 [http-nio-8080-exec-8] TRACE o.s.security.web.FilterChainProxy    - Invoking HeaderWriterFilter (4/14)
26-06-09 11:23:56.769 [http-nio-8080-exec-8] TRACE o.s.security.web.FilterChainProxy    - Invoking CsrfFilter (5/14)
26-06-09 11:23:56.769 [http-nio-8080-exec-8] TRACE o.s.security.web.csrf.CsrfFilter     - Did not protect against CSRF since request did not match CsrfNotRequired [TRACE, HEAD, GET, OPTIONS]
26-06-09 11:23:56.769 [http-nio-8080-exec-8] TRACE o.s.security.web.FilterChainProxy    - Invoking LogoutFilter (6/14)
26-06-09 11:23:56.769 [http-nio-8080-exec-8] TRACE o.s.s.w.a.logout.LogoutFilter        - Did not match request to Ant [pattern='/api/auth/logout', POST]
26-06-09 11:23:56.769 [http-nio-8080-exec-8] TRACE o.s.security.web.FilterChainProxy    - Invoking JwtAuthenticationFilter (7/14)
26-06-09 11:23:56.769 [http-nio-8080-exec-8] TRACE o.s.security.web.FilterChainProxy    - Invoking UsernamePasswordAuthenticationFilter (8/14)
26-06-09 11:23:56.769 [http-nio-8080-exec-8] TRACE o.s.s.w.a.UsernamePasswordAuthenticationFilter - Did not match request to Ant [pattern='/api/auth/login', POST]
26-06-09 11:23:56.769 [http-nio-8080-exec-8] TRACE o.s.security.web.FilterChainProxy    - Invoking RequestCacheAwareFilter (9/14)
26-06-09 11:23:56.769 [http-nio-8080-exec-8] TRACE o.s.security.web.FilterChainProxy    - Invoking SecurityContextHolderAwareRequestFilter (10/14)
26-06-09 11:23:56.769 [http-nio-8080-exec-1] TRACE o.s.security.web.FilterChainProxy    - Trying to match request against DefaultSecurityFilterChain defined as 'filterChain' in [class path resource [com/sprint/mission/discodeit/common/config/SecurityConfig.class]] matching [any request] and having filters [DisableEncodeUrl, WebAsyncManagerIntegration, SecurityContextHolder, HeaderWriter, Csrf, Logout, JwtAuthentication, UsernamePasswordAuthentication, RequestCacheAware, SecurityContextHolderAwareRequest, AnonymousAuthentication, SessionManagement, ExceptionTranslation, Authorization] (1/1)
26-06-09 11:23:56.769 [http-nio-8080-exec-8] TRACE o.s.security.web.FilterChainProxy    - Invoking AnonymousAuthenticationFilter (11/14)
26-06-09 11:23:56.769 [http-nio-8080-exec-9] TRACE o.s.security.web.FilterChainProxy    - Trying to match request against DefaultSecurityFilterChain defined as 'filterChain' in [class path resource [com/sprint/mission/discodeit/common/config/SecurityConfig.class]] matching [any request] and having filters [DisableEncodeUrl, WebAsyncManagerIntegration, SecurityContextHolder, HeaderWriter, Csrf, Logout, JwtAuthentication, UsernamePasswordAuthentication, RequestCacheAware, SecurityContextHolderAwareRequest, AnonymousAuthentication, SessionManagement, ExceptionTranslation, Authorization] (1/1)
26-06-09 11:23:56.769 [http-nio-8080-exec-10] TRACE o.s.security.web.FilterChainProxy    - Trying to match request against DefaultSecurityFilterChain defined as 'filterChain' in [class path resource [com/sprint/mission/discodeit/common/config/SecurityConfig.class]] matching [any request] and having filters [DisableEncodeUrl, WebAsyncManagerIntegration, SecurityContextHolder, HeaderWriter, Csrf, Logout, JwtAuthentication, UsernamePasswordAuthentication, RequestCacheAware, SecurityContextHolderAwareRequest, AnonymousAuthentication, SessionManagement, ExceptionTranslation, Authorization] (1/1)
26-06-09 11:23:56.771 [http-nio-8080-exec-1] DEBUG o.s.security.web.FilterChainProxy    - Securing GET /swagger-ui/swagger-initializer.js
26-06-09 11:23:56.771 [http-nio-8080-exec-9] DEBUG o.s.security.web.FilterChainProxy    - Securing GET /swagger-ui/swagger-ui-bundle.js
26-06-09 11:23:56.771 [http-nio-8080-exec-8] TRACE o.s.security.web.FilterChainProxy    - Invoking SessionManagementFilter (12/14)
26-06-09 11:23:56.771 [http-nio-8080-exec-10] DEBUG o.s.security.web.FilterChainProxy    - Securing GET /swagger-ui/swagger-ui-standalone-preset.js
26-06-09 11:23:56.771 [http-nio-8080-exec-1] TRACE o.s.security.web.FilterChainProxy    - Invoking DisableEncodeUrlFilter (1/14)
26-06-09 11:23:56.771 [http-nio-8080-exec-10] TRACE o.s.security.web.FilterChainProxy    - Invoking DisableEncodeUrlFilter (1/14)
26-06-09 11:23:56.771 [http-nio-8080-exec-9] TRACE o.s.security.web.FilterChainProxy    - Invoking DisableEncodeUrlFilter (1/14)
26-06-09 11:23:56.771 [http-nio-8080-exec-8] TRACE o.s.s.w.c.SupplierDeferredSecurityContext - Created SecurityContextImpl [Null authentication]
26-06-09 11:23:56.771 [http-nio-8080-exec-1] TRACE o.s.security.web.FilterChainProxy    - Invoking WebAsyncManagerIntegrationFilter (2/14)
26-06-09 11:23:56.771 [http-nio-8080-exec-8] TRACE o.s.s.w.a.AnonymousAuthenticationFilter - Set SecurityContextHolder to AnonymousAuthenticationToken [Principal=anonymousUser, Credentials=[PROTECTED], Authenticated=true, Details=WebAuthenticationDetails [RemoteIpAddress=0:0:0:0:0:0:0:1, SessionId=null], Granted Authorities=[ROLE_ANONYMOUS]]
26-06-09 11:23:56.771 [http-nio-8080-exec-10] TRACE o.s.security.web.FilterChainProxy    - Invoking WebAsyncManagerIntegrationFilter (2/14)
26-06-09 11:23:56.771 [http-nio-8080-exec-9] TRACE o.s.security.web.FilterChainProxy    - Invoking WebAsyncManagerIntegrationFilter (2/14)
26-06-09 11:23:56.771 [http-nio-8080-exec-1] TRACE o.s.security.web.FilterChainProxy    - Invoking SecurityContextHolderFilter (3/14)
26-06-09 11:23:56.771 [http-nio-8080-exec-8] TRACE o.s.security.web.FilterChainProxy    - Invoking ExceptionTranslationFilter (13/14)
26-06-09 11:23:56.771 [http-nio-8080-exec-9] TRACE o.s.security.web.FilterChainProxy    - Invoking SecurityContextHolderFilter (3/14)
26-06-09 11:23:56.771 [http-nio-8080-exec-10] TRACE o.s.security.web.FilterChainProxy    - Invoking SecurityContextHolderFilter (3/14)
26-06-09 11:23:56.771 [http-nio-8080-exec-1] TRACE o.s.security.web.FilterChainProxy    - Invoking HeaderWriterFilter (4/14)
26-06-09 11:23:56.771 [http-nio-8080-exec-8] TRACE o.s.security.web.FilterChainProxy    - Invoking AuthorizationFilter (14/14)
26-06-09 11:23:56.771 [http-nio-8080-exec-10] TRACE o.s.security.web.FilterChainProxy    - Invoking HeaderWriterFilter (4/14)
26-06-09 11:23:56.771 [http-nio-8080-exec-9] TRACE o.s.security.web.FilterChainProxy    - Invoking HeaderWriterFilter (4/14)
26-06-09 11:23:56.771 [http-nio-8080-exec-1] TRACE o.s.security.web.FilterChainProxy    - Invoking CsrfFilter (5/14)
26-06-09 11:23:56.771 [http-nio-8080-exec-10] TRACE o.s.security.web.FilterChainProxy    - Invoking CsrfFilter (5/14)
26-06-09 11:23:56.771 [http-nio-8080-exec-8] TRACE o.s.s.w.a.i.RequestMatcherDelegatingAuthorizationManager - Authorizing GET /swagger-ui/index.css
26-06-09 11:23:56.771 [http-nio-8080-exec-9] TRACE o.s.security.web.FilterChainProxy    - Invoking CsrfFilter (5/14)
26-06-09 11:23:56.771 [http-nio-8080-exec-1] TRACE o.s.security.web.csrf.CsrfFilter     - Did not protect against CSRF since request did not match CsrfNotRequired [TRACE, HEAD, GET, OPTIONS]
26-06-09 11:23:56.771 [http-nio-8080-exec-10] TRACE o.s.security.web.csrf.CsrfFilter     - Did not protect against CSRF since request did not match CsrfNotRequired [TRACE, HEAD, GET, OPTIONS]
26-06-09 11:23:56.772 [http-nio-8080-exec-10] TRACE o.s.security.web.FilterChainProxy    - Invoking LogoutFilter (6/14)
26-06-09 11:23:56.772 [http-nio-8080-exec-1] TRACE o.s.security.web.FilterChainProxy    - Invoking LogoutFilter (6/14)
26-06-09 11:23:56.772 [http-nio-8080-exec-9] TRACE o.s.security.web.csrf.CsrfFilter     - Did not protect against CSRF since request did not match CsrfNotRequired [TRACE, HEAD, GET, OPTIONS]
26-06-09 11:23:56.772 [http-nio-8080-exec-7] TRACE o.s.s.w.h.writers.HstsHeaderWriter   - Not injecting HSTS header since it did not match request to [Is Secure]
26-06-09 11:23:56.772 [http-nio-8080-exec-8] TRACE o.s.s.w.a.i.RequestMatcherDelegatingAuthorizationManager - Checking authorization on GET /swagger-ui/index.css using org.springframework.security.config.annotation.web.configurers.AuthorizeHttpRequestsConfigurer$$Lambda$2085/0x000001b493d40888@fb5b5c0
26-06-09 11:23:56.772 [http-nio-8080-exec-10] TRACE o.s.s.w.a.logout.LogoutFilter        - Did not match request to Ant [pattern='/api/auth/logout', POST]
26-06-09 11:23:56.772 [http-nio-8080-exec-1] TRACE o.s.s.w.a.logout.LogoutFilter        - Did not match request to Ant [pattern='/api/auth/logout', POST]
26-06-09 11:23:56.772 [http-nio-8080-exec-10] TRACE o.s.security.web.FilterChainProxy    - Invoking JwtAuthenticationFilter (7/14)
26-06-09 11:23:56.772 [http-nio-8080-exec-9] TRACE o.s.security.web.FilterChainProxy    - Invoking LogoutFilter (6/14)
26-06-09 11:23:56.772 [http-nio-8080-exec-1] TRACE o.s.security.web.FilterChainProxy    - Invoking JwtAuthenticationFilter (7/14)
26-06-09 11:23:56.772 [http-nio-8080-exec-10] TRACE o.s.security.web.FilterChainProxy    - Invoking UsernamePasswordAuthenticationFilter (8/14)
26-06-09 11:23:56.772 [http-nio-8080-exec-9] TRACE o.s.s.w.a.logout.LogoutFilter        - Did not match request to Ant [pattern='/api/auth/logout', POST]
26-06-09 11:23:56.772 [http-nio-8080-exec-8] DEBUG o.s.security.web.FilterChainProxy    - Secured GET /swagger-ui/index.css
26-06-09 11:23:56.772 [http-nio-8080-exec-1] TRACE o.s.security.web.FilterChainProxy    - Invoking UsernamePasswordAuthenticationFilter (8/14)
26-06-09 11:23:56.772 [http-nio-8080-exec-10] TRACE o.s.s.w.a.UsernamePasswordAuthenticationFilter - Did not match request to Ant [pattern='/api/auth/login', POST]
26-06-09 11:23:56.772 [http-nio-8080-exec-9] TRACE o.s.security.web.FilterChainProxy    - Invoking JwtAuthenticationFilter (7/14)
26-06-09 11:23:56.772 [http-nio-8080-exec-10] TRACE o.s.security.web.FilterChainProxy    - Invoking RequestCacheAwareFilter (9/14)
26-06-09 11:23:56.772 [http-nio-8080-exec-1] TRACE o.s.s.w.a.UsernamePasswordAuthenticationFilter - Did not match request to Ant [pattern='/api/auth/login', POST]
26-06-09 11:23:56.772 [http-nio-8080-exec-9] TRACE o.s.security.web.FilterChainProxy    - Invoking UsernamePasswordAuthenticationFilter (8/14)
26-06-09 11:23:56.772 [http-nio-8080-exec-10] TRACE o.s.security.web.FilterChainProxy    - Invoking SecurityContextHolderAwareRequestFilter (10/14)
26-06-09 11:23:56.772 [http-nio-8080-exec-1] TRACE o.s.security.web.FilterChainProxy    - Invoking RequestCacheAwareFilter (9/14)
26-06-09 11:23:56.772 [http-nio-8080-exec-9] TRACE o.s.s.w.a.UsernamePasswordAuthenticationFilter - Did not match request to Ant [pattern='/api/auth/login', POST]
26-06-09 11:23:56.772 [http-nio-8080-exec-10] TRACE o.s.security.web.FilterChainProxy    - Invoking AnonymousAuthenticationFilter (11/14)
26-06-09 11:23:56.772 [http-nio-8080-exec-1] TRACE o.s.security.web.FilterChainProxy    - Invoking SecurityContextHolderAwareRequestFilter (10/14)
26-06-09 11:23:56.772 [http-nio-8080-exec-9] TRACE o.s.security.web.FilterChainProxy    - Invoking RequestCacheAwareFilter (9/14)
26-06-09 11:23:56.772 [http-nio-8080-exec-10] TRACE o.s.security.web.FilterChainProxy    - Invoking SessionManagementFilter (12/14)
26-06-09 11:23:56.772 [http-nio-8080-exec-1] TRACE o.s.security.web.FilterChainProxy    - Invoking AnonymousAuthenticationFilter (11/14)
26-06-09 11:23:56.773 [http-nio-8080-exec-10] TRACE o.s.s.w.c.SupplierDeferredSecurityContext - Created SecurityContextImpl [Null authentication]
26-06-09 11:23:56.773 [http-nio-8080-exec-9] TRACE o.s.security.web.FilterChainProxy    - Invoking SecurityContextHolderAwareRequestFilter (10/14)
26-06-09 11:23:56.773 [http-nio-8080-exec-1] TRACE o.s.security.web.FilterChainProxy    - Invoking SessionManagementFilter (12/14)
26-06-09 11:23:56.773 [http-nio-8080-exec-10] TRACE o.s.s.w.a.AnonymousAuthenticationFilter - Set SecurityContextHolder to AnonymousAuthenticationToken [Principal=anonymousUser, Credentials=[PROTECTED], Authenticated=true, Details=WebAuthenticationDetails [RemoteIpAddress=0:0:0:0:0:0:0:1, SessionId=null], Granted Authorities=[ROLE_ANONYMOUS]]
26-06-09 11:23:56.773 [http-nio-8080-exec-9] TRACE o.s.security.web.FilterChainProxy    - Invoking AnonymousAuthenticationFilter (11/14)
26-06-09 11:23:56.773 [http-nio-8080-exec-1] TRACE o.s.s.w.c.SupplierDeferredSecurityContext - Created SecurityContextImpl [Null authentication]
26-06-09 11:23:56.773 [http-nio-8080-exec-10] TRACE o.s.security.web.FilterChainProxy    - Invoking ExceptionTranslationFilter (13/14)
26-06-09 11:23:56.773 [http-nio-8080-exec-9] TRACE o.s.security.web.FilterChainProxy    - Invoking SessionManagementFilter (12/14)
26-06-09 11:23:56.773 [http-nio-8080-exec-1] TRACE o.s.s.w.a.AnonymousAuthenticationFilter - Set SecurityContextHolder to AnonymousAuthenticationToken [Principal=anonymousUser, Credentials=[PROTECTED], Authenticated=true, Details=WebAuthenticationDetails [RemoteIpAddress=0:0:0:0:0:0:0:1, SessionId=null], Granted Authorities=[ROLE_ANONYMOUS]]
26-06-09 11:23:56.773 [http-nio-8080-exec-10] TRACE o.s.security.web.FilterChainProxy    - Invoking AuthorizationFilter (14/14)
26-06-09 11:23:56.773 [http-nio-8080-exec-9] TRACE o.s.s.w.c.SupplierDeferredSecurityContext - Created SecurityContextImpl [Null authentication]
26-06-09 11:23:56.773 [http-nio-8080-exec-1] TRACE o.s.security.web.FilterChainProxy    - Invoking ExceptionTranslationFilter (13/14)
26-06-09 11:23:56.773 [http-nio-8080-exec-9] TRACE o.s.s.w.a.AnonymousAuthenticationFilter - Set SecurityContextHolder to AnonymousAuthenticationToken [Principal=anonymousUser, Credentials=[PROTECTED], Authenticated=true, Details=WebAuthenticationDetails [RemoteIpAddress=0:0:0:0:0:0:0:1, SessionId=null], Granted Authorities=[ROLE_ANONYMOUS]]
26-06-09 11:23:56.773 [http-nio-8080-exec-10] TRACE o.s.s.w.a.i.RequestMatcherDelegatingAuthorizationManager - Authorizing GET /swagger-ui/swagger-ui-standalone-preset.js
26-06-09 11:23:56.773 [http-nio-8080-exec-1] TRACE o.s.security.web.FilterChainProxy    - Invoking AuthorizationFilter (14/14)
26-06-09 11:23:56.773 [http-nio-8080-exec-9] TRACE o.s.security.web.FilterChainProxy    - Invoking ExceptionTranslationFilter (13/14)
26-06-09 11:23:56.773 [http-nio-8080-exec-9] TRACE o.s.security.web.FilterChainProxy    - Invoking AuthorizationFilter (14/14)
26-06-09 11:23:56.773 [http-nio-8080-exec-10] TRACE o.s.s.w.a.i.RequestMatcherDelegatingAuthorizationManager - Checking authorization on GET /swagger-ui/swagger-ui-standalone-preset.js using org.springframework.security.config.annotation.web.configurers.AuthorizeHttpRequestsConfigurer$$Lambda$2085/0x000001b493d40888@fb5b5c0
26-06-09 11:23:56.773 [http-nio-8080-exec-1] TRACE o.s.s.w.a.i.RequestMatcherDelegatingAuthorizationManager - Authorizing GET /swagger-ui/swagger-initializer.js
26-06-09 11:23:56.773 [http-nio-8080-exec-9] TRACE o.s.s.w.a.i.RequestMatcherDelegatingAuthorizationManager - Authorizing GET /swagger-ui/swagger-ui-bundle.js
26-06-09 11:23:56.773 [http-nio-8080-exec-1] TRACE o.s.s.w.a.i.RequestMatcherDelegatingAuthorizationManager - Checking authorization on GET /swagger-ui/swagger-initializer.js using org.springframework.security.config.annotation.web.configurers.AuthorizeHttpRequestsConfigurer$$Lambda$2085/0x000001b493d40888@fb5b5c0
26-06-09 11:23:56.773 [http-nio-8080-exec-9] TRACE o.s.s.w.a.i.RequestMatcherDelegatingAuthorizationManager - Checking authorization on GET /swagger-ui/swagger-ui-bundle.js using org.springframework.security.config.annotation.web.configurers.AuthorizeHttpRequestsConfigurer$$Lambda$2085/0x000001b493d40888@fb5b5c0
26-06-09 11:23:56.773 [http-nio-8080-exec-10] DEBUG o.s.security.web.FilterChainProxy    - Secured GET /swagger-ui/swagger-ui-standalone-preset.js
26-06-09 11:23:56.773 [http-nio-8080-exec-1] DEBUG o.s.security.web.FilterChainProxy    - Secured GET /swagger-ui/swagger-initializer.js
26-06-09 11:23:56.773 [http-nio-8080-exec-9] DEBUG o.s.security.web.FilterChainProxy    - Secured GET /swagger-ui/swagger-ui-bundle.js
26-06-09 11:23:56.775 [http-nio-8080-exec-8] TRACE o.s.s.w.h.writers.HstsHeaderWriter   - Not injecting HSTS header since it did not match request to [Is Secure]
26-06-09 11:23:56.777 [http-nio-8080-exec-9] TRACE o.s.s.w.h.writers.HstsHeaderWriter   - Not injecting HSTS header since it did not match request to [Is Secure]
26-06-09 11:23:56.777 [http-nio-8080-exec-10] TRACE o.s.s.w.h.writers.HstsHeaderWriter   - Not injecting HSTS header since it did not match request to [Is Secure]
26-06-09 11:23:56.783 [http-nio-8080-exec-1] TRACE o.s.s.w.h.writers.HstsHeaderWriter   - Not injecting HSTS header since it did not match request to [Is Secure]
26-06-09 11:23:56.928 [http-nio-8080-exec-3] TRACE o.s.security.web.FilterChainProxy    - Trying to match request against DefaultSecurityFilterChain defined as 'filterChain' in [class path resource [com/sprint/mission/discodeit/common/config/SecurityConfig.class]] matching [any request] and having filters [DisableEncodeUrl, WebAsyncManagerIntegration, SecurityContextHolder, HeaderWriter, Csrf, Logout, JwtAuthentication, UsernamePasswordAuthentication, RequestCacheAware, SecurityContextHolderAwareRequest, AnonymousAuthentication, SessionManagement, ExceptionTranslation, Authorization] (1/1)
26-06-09 11:23:56.928 [http-nio-8080-exec-3] DEBUG o.s.security.web.FilterChainProxy    - Securing GET /v3/api-docs/swagger-config
26-06-09 11:23:56.928 [http-nio-8080-exec-3] TRACE o.s.security.web.FilterChainProxy    - Invoking DisableEncodeUrlFilter (1/14)
26-06-09 11:23:56.929 [http-nio-8080-exec-3] TRACE o.s.security.web.FilterChainProxy    - Invoking WebAsyncManagerIntegrationFilter (2/14)
26-06-09 11:23:56.929 [http-nio-8080-exec-3] TRACE o.s.security.web.FilterChainProxy    - Invoking SecurityContextHolderFilter (3/14)
26-06-09 11:23:56.929 [http-nio-8080-exec-3] TRACE o.s.security.web.FilterChainProxy    - Invoking HeaderWriterFilter (4/14)
26-06-09 11:23:56.930 [http-nio-8080-exec-3] TRACE o.s.security.web.FilterChainProxy    - Invoking CsrfFilter (5/14)
26-06-09 11:23:56.930 [http-nio-8080-exec-3] TRACE o.s.security.web.csrf.CsrfFilter     - Did not protect against CSRF since request did not match CsrfNotRequired [TRACE, HEAD, GET, OPTIONS]
26-06-09 11:23:56.930 [http-nio-8080-exec-3] TRACE o.s.security.web.FilterChainProxy    - Invoking LogoutFilter (6/14)
26-06-09 11:23:56.930 [http-nio-8080-exec-3] TRACE o.s.s.w.a.logout.LogoutFilter        - Did not match request to Ant [pattern='/api/auth/logout', POST]
26-06-09 11:23:56.931 [http-nio-8080-exec-3] TRACE o.s.security.web.FilterChainProxy    - Invoking JwtAuthenticationFilter (7/14)
26-06-09 11:23:56.931 [http-nio-8080-exec-2] TRACE o.s.security.web.FilterChainProxy    - Trying to match request against DefaultSecurityFilterChain defined as 'filterChain' in [class path resource [com/sprint/mission/discodeit/common/config/SecurityConfig.class]] matching [any request] and having filters [DisableEncodeUrl, WebAsyncManagerIntegration, SecurityContextHolder, HeaderWriter, Csrf, Logout, JwtAuthentication, UsernamePasswordAuthentication, RequestCacheAware, SecurityContextHolderAwareRequest, AnonymousAuthentication, SessionManagement, ExceptionTranslation, Authorization] (1/1)
26-06-09 11:23:56.931 [http-nio-8080-exec-3] TRACE o.s.security.web.FilterChainProxy    - Invoking UsernamePasswordAuthenticationFilter (8/14)
26-06-09 11:23:56.931 [http-nio-8080-exec-3] TRACE o.s.s.w.a.UsernamePasswordAuthenticationFilter - Did not match request to Ant [pattern='/api/auth/login', POST]
26-06-09 11:23:56.931 [http-nio-8080-exec-3] TRACE o.s.security.web.FilterChainProxy    - Invoking RequestCacheAwareFilter (9/14)
26-06-09 11:23:56.931 [http-nio-8080-exec-2] DEBUG o.s.security.web.FilterChainProxy    - Securing GET /swagger-ui/favicon-32x32.png
26-06-09 11:23:56.931 [http-nio-8080-exec-3] TRACE o.s.security.web.FilterChainProxy    - Invoking SecurityContextHolderAwareRequestFilter (10/14)
26-06-09 11:23:56.931 [http-nio-8080-exec-3] TRACE o.s.security.web.FilterChainProxy    - Invoking AnonymousAuthenticationFilter (11/14)
26-06-09 11:23:56.931 [http-nio-8080-exec-2] TRACE o.s.security.web.FilterChainProxy    - Invoking DisableEncodeUrlFilter (1/14)
26-06-09 11:23:56.931 [http-nio-8080-exec-3] TRACE o.s.security.web.FilterChainProxy    - Invoking SessionManagementFilter (12/14)
26-06-09 11:23:56.931 [http-nio-8080-exec-3] TRACE o.s.s.w.c.SupplierDeferredSecurityContext - Created SecurityContextImpl [Null authentication]
26-06-09 11:23:56.931 [http-nio-8080-exec-3] TRACE o.s.s.w.a.AnonymousAuthenticationFilter - Set SecurityContextHolder to AnonymousAuthenticationToken [Principal=anonymousUser, Credentials=[PROTECTED], Authenticated=true, Details=WebAuthenticationDetails [RemoteIpAddress=0:0:0:0:0:0:0:1, SessionId=null], Granted Authorities=[ROLE_ANONYMOUS]]
26-06-09 11:23:56.931 [http-nio-8080-exec-2] TRACE o.s.security.web.FilterChainProxy    - Invoking WebAsyncManagerIntegrationFilter (2/14)
26-06-09 11:23:56.932 [http-nio-8080-exec-3] TRACE o.s.security.web.FilterChainProxy    - Invoking ExceptionTranslationFilter (13/14)
26-06-09 11:23:56.932 [http-nio-8080-exec-2] TRACE o.s.security.web.FilterChainProxy    - Invoking SecurityContextHolderFilter (3/14)
26-06-09 11:23:56.932 [http-nio-8080-exec-3] TRACE o.s.security.web.FilterChainProxy    - Invoking AuthorizationFilter (14/14)
26-06-09 11:23:56.932 [http-nio-8080-exec-2] TRACE o.s.security.web.FilterChainProxy    - Invoking HeaderWriterFilter (4/14)
26-06-09 11:23:56.932 [http-nio-8080-exec-2] TRACE o.s.security.web.FilterChainProxy    - Invoking CsrfFilter (5/14)
26-06-09 11:23:56.932 [http-nio-8080-exec-3] TRACE o.s.s.w.a.i.RequestMatcherDelegatingAuthorizationManager - Authorizing GET /v3/api-docs/swagger-config
26-06-09 11:23:56.932 [http-nio-8080-exec-2] TRACE o.s.security.web.csrf.CsrfFilter     - Did not protect against CSRF since request did not match CsrfNotRequired [TRACE, HEAD, GET, OPTIONS]
26-06-09 11:23:56.932 [http-nio-8080-exec-3] TRACE o.s.s.w.a.i.RequestMatcherDelegatingAuthorizationManager - Checking authorization on GET /v3/api-docs/swagger-config using org.springframework.security.config.annotation.web.configurers.AuthorizeHttpRequestsConfigurer$$Lambda$2085/0x000001b493d40888@fb5b5c0
26-06-09 11:23:56.932 [http-nio-8080-exec-2] TRACE o.s.security.web.FilterChainProxy    - Invoking LogoutFilter (6/14)
26-06-09 11:23:56.933 [http-nio-8080-exec-2] TRACE o.s.s.w.a.logout.LogoutFilter        - Did not match request to Ant [pattern='/api/auth/logout', POST]
26-06-09 11:23:56.933 [http-nio-8080-exec-2] TRACE o.s.security.web.FilterChainProxy    - Invoking JwtAuthenticationFilter (7/14)
26-06-09 11:23:56.933 [http-nio-8080-exec-2] TRACE o.s.security.web.FilterChainProxy    - Invoking UsernamePasswordAuthenticationFilter (8/14)
26-06-09 11:23:56.933 [http-nio-8080-exec-2] TRACE o.s.s.w.a.UsernamePasswordAuthenticationFilter - Did not match request to Ant [pattern='/api/auth/login', POST]
26-06-09 11:23:56.933 [http-nio-8080-exec-3] DEBUG o.s.security.web.FilterChainProxy    - Secured GET /v3/api-docs/swagger-config
26-06-09 11:23:56.933 [http-nio-8080-exec-2] TRACE o.s.security.web.FilterChainProxy    - Invoking RequestCacheAwareFilter (9/14)
26-06-09 11:23:56.933 [http-nio-8080-exec-2] TRACE o.s.security.web.FilterChainProxy    - Invoking SecurityContextHolderAwareRequestFilter (10/14)
26-06-09 11:23:56.934 [http-nio-8080-exec-2] TRACE o.s.security.web.FilterChainProxy    - Invoking AnonymousAuthenticationFilter (11/14)
26-06-09 11:23:56.934 [http-nio-8080-exec-2] TRACE o.s.security.web.FilterChainProxy    - Invoking SessionManagementFilter (12/14)
26-06-09 11:23:56.934 [http-nio-8080-exec-2] TRACE o.s.s.w.c.SupplierDeferredSecurityContext - Created SecurityContextImpl [Null authentication]
26-06-09 11:23:56.934 [http-nio-8080-exec-2] TRACE o.s.s.w.a.AnonymousAuthenticationFilter - Set SecurityContextHolder to AnonymousAuthenticationToken [Principal=anonymousUser, Credentials=[PROTECTED], Authenticated=true, Details=WebAuthenticationDetails [RemoteIpAddress=0:0:0:0:0:0:0:1, SessionId=null], Granted Authorities=[ROLE_ANONYMOUS]]
26-06-09 11:23:56.934 [http-nio-8080-exec-2] TRACE o.s.security.web.FilterChainProxy    - Invoking ExceptionTranslationFilter (13/14)
26-06-09 11:23:56.934 [http-nio-8080-exec-2] TRACE o.s.security.web.FilterChainProxy    - Invoking AuthorizationFilter (14/14)
26-06-09 11:23:56.934 [http-nio-8080-exec-2] TRACE o.s.s.w.a.i.RequestMatcherDelegatingAuthorizationManager - Authorizing GET /swagger-ui/favicon-32x32.png
26-06-09 11:23:56.935 [http-nio-8080-exec-2] TRACE o.s.s.w.a.i.RequestMatcherDelegatingAuthorizationManager - Checking authorization on GET /swagger-ui/favicon-32x32.png using org.springframework.security.config.annotation.web.configurers.AuthorizeHttpRequestsConfigurer$$Lambda$2085/0x000001b493d40888@fb5b5c0
26-06-09 11:23:56.935 [http-nio-8080-exec-2] DEBUG o.s.security.web.FilterChainProxy    - Secured GET /swagger-ui/favicon-32x32.png
26-06-09 11:23:56.940 [http-nio-8080-exec-2] TRACE o.s.s.w.h.writers.HstsHeaderWriter   - Not injecting HSTS header since it did not match request to [Is Secure]
26-06-09 11:23:56.940 [http-nio-8080-exec-3] TRACE o.s.s.w.h.writers.HstsHeaderWriter   - Not injecting HSTS header since it did not match request to [Is Secure]
26-06-09 11:23:56.954 [http-nio-8080-exec-4] TRACE o.s.security.web.FilterChainProxy    - Trying to match request against DefaultSecurityFilterChain defined as 'filterChain' in [class path resource [com/sprint/mission/discodeit/common/config/SecurityConfig.class]] matching [any request] and having filters [DisableEncodeUrl, WebAsyncManagerIntegration, SecurityContextHolder, HeaderWriter, Csrf, Logout, JwtAuthentication, UsernamePasswordAuthentication, RequestCacheAware, SecurityContextHolderAwareRequest, AnonymousAuthentication, SessionManagement, ExceptionTranslation, Authorization] (1/1)
26-06-09 11:23:56.955 [http-nio-8080-exec-4] DEBUG o.s.security.web.FilterChainProxy    - Securing GET /v3/api-docs
26-06-09 11:23:56.955 [http-nio-8080-exec-4] TRACE o.s.security.web.FilterChainProxy    - Invoking DisableEncodeUrlFilter (1/14)
26-06-09 11:23:56.956 [http-nio-8080-exec-4] TRACE o.s.security.web.FilterChainProxy    - Invoking WebAsyncManagerIntegrationFilter (2/14)
26-06-09 11:23:56.956 [http-nio-8080-exec-4] TRACE o.s.security.web.FilterChainProxy    - Invoking SecurityContextHolderFilter (3/14)
26-06-09 11:23:56.956 [http-nio-8080-exec-4] TRACE o.s.security.web.FilterChainProxy    - Invoking HeaderWriterFilter (4/14)
26-06-09 11:23:56.956 [http-nio-8080-exec-4] TRACE o.s.security.web.FilterChainProxy    - Invoking CsrfFilter (5/14)
26-06-09 11:23:56.956 [http-nio-8080-exec-4] TRACE o.s.security.web.csrf.CsrfFilter     - Did not protect against CSRF since request did not match CsrfNotRequired [TRACE, HEAD, GET, OPTIONS]
26-06-09 11:23:56.956 [http-nio-8080-exec-4] TRACE o.s.security.web.FilterChainProxy    - Invoking LogoutFilter (6/14)
26-06-09 11:23:56.956 [http-nio-8080-exec-4] TRACE o.s.s.w.a.logout.LogoutFilter        - Did not match request to Ant [pattern='/api/auth/logout', POST]
26-06-09 11:23:56.956 [http-nio-8080-exec-4] TRACE o.s.security.web.FilterChainProxy    - Invoking JwtAuthenticationFilter (7/14)
26-06-09 11:23:56.956 [http-nio-8080-exec-4] TRACE o.s.security.web.FilterChainProxy    - Invoking UsernamePasswordAuthenticationFilter (8/14)
26-06-09 11:23:56.956 [http-nio-8080-exec-4] TRACE o.s.s.w.a.UsernamePasswordAuthenticationFilter - Did not match request to Ant [pattern='/api/auth/login', POST]
26-06-09 11:23:56.956 [http-nio-8080-exec-4] TRACE o.s.security.web.FilterChainProxy    - Invoking RequestCacheAwareFilter (9/14)
26-06-09 11:23:56.956 [http-nio-8080-exec-4] TRACE o.s.security.web.FilterChainProxy    - Invoking SecurityContextHolderAwareRequestFilter (10/14)
26-06-09 11:23:56.956 [http-nio-8080-exec-4] TRACE o.s.security.web.FilterChainProxy    - Invoking AnonymousAuthenticationFilter (11/14)
26-06-09 11:23:56.957 [http-nio-8080-exec-4] TRACE o.s.security.web.FilterChainProxy    - Invoking SessionManagementFilter (12/14)
26-06-09 11:23:56.957 [http-nio-8080-exec-4] TRACE o.s.s.w.c.SupplierDeferredSecurityContext - Created SecurityContextImpl [Null authentication]
26-06-09 11:23:56.957 [http-nio-8080-exec-4] TRACE o.s.s.w.a.AnonymousAuthenticationFilter - Set SecurityContextHolder to AnonymousAuthenticationToken [Principal=anonymousUser, Credentials=[PROTECTED], Authenticated=true, Details=WebAuthenticationDetails [RemoteIpAddress=0:0:0:0:0:0:0:1, SessionId=null], Granted Authorities=[ROLE_ANONYMOUS]]
26-06-09 11:23:56.957 [http-nio-8080-exec-4] TRACE o.s.security.web.FilterChainProxy    - Invoking ExceptionTranslationFilter (13/14)
26-06-09 11:23:56.957 [http-nio-8080-exec-4] TRACE o.s.security.web.FilterChainProxy    - Invoking AuthorizationFilter (14/14)
26-06-09 11:23:56.957 [http-nio-8080-exec-4] TRACE o.s.s.w.a.i.RequestMatcherDelegatingAuthorizationManager - Authorizing GET /v3/api-docs
26-06-09 11:23:56.958 [http-nio-8080-exec-4] TRACE o.s.s.w.a.i.RequestMatcherDelegatingAuthorizationManager - Checking authorization on GET /v3/api-docs using org.springframework.security.config.annotation.web.configurers.AuthorizeHttpRequestsConfigurer$$Lambda$2085/0x000001b493d40888@fb5b5c0
26-06-09 11:23:56.959 [http-nio-8080-exec-4] DEBUG o.s.security.web.FilterChainProxy    - Secured GET /v3/api-docs
26-06-09 11:23:57.724 [http-nio-8080-exec-4] INFO  o.s.api.AbstractOpenApiResource      - Init duration for springdoc-openapi is: 754 ms
26-06-09 11:23:57.751 [http-nio-8080-exec-4] TRACE o.s.s.w.h.writers.HstsHeaderWriter   - Not injecting HSTS header since it did not match request to [Is Secure]
26-06-09 11:24:27.730 [http-nio-8080-exec-5] TRACE o.s.security.web.FilterChainProxy    - Trying to match request against DefaultSecurityFilterChain defined as 'filterChain' in [class path resource [com/sprint/mission/discodeit/common/config/SecurityConfig.class]] matching [any request] and having filters [DisableEncodeUrl, WebAsyncManagerIntegration, SecurityContextHolder, HeaderWriter, Csrf, Logout, JwtAuthentication, UsernamePasswordAuthentication, RequestCacheAware, SecurityContextHolderAwareRequest, AnonymousAuthentication, SessionManagement, ExceptionTranslation, Authorization] (1/1)
26-06-09 11:24:27.730 [http-nio-8080-exec-5] DEBUG o.s.security.web.FilterChainProxy    - Securing GET /api/users
26-06-09 11:24:27.730 [http-nio-8080-exec-5] TRACE o.s.security.web.FilterChainProxy    - Invoking DisableEncodeUrlFilter (1/14)
26-06-09 11:24:27.730 [http-nio-8080-exec-5] TRACE o.s.security.web.FilterChainProxy    - Invoking WebAsyncManagerIntegrationFilter (2/14)
26-06-09 11:24:27.730 [http-nio-8080-exec-5] TRACE o.s.security.web.FilterChainProxy    - Invoking SecurityContextHolderFilter (3/14)
26-06-09 11:24:27.730 [http-nio-8080-exec-5] TRACE o.s.security.web.FilterChainProxy    - Invoking HeaderWriterFilter (4/14)
26-06-09 11:24:27.730 [http-nio-8080-exec-5] TRACE o.s.security.web.FilterChainProxy    - Invoking CsrfFilter (5/14)
26-06-09 11:24:27.731 [http-nio-8080-exec-5] TRACE o.s.security.web.csrf.CsrfFilter     - Did not protect against CSRF since request did not match CsrfNotRequired [TRACE, HEAD, GET, OPTIONS]
26-06-09 11:24:27.731 [http-nio-8080-exec-5] TRACE o.s.security.web.FilterChainProxy    - Invoking LogoutFilter (6/14)
26-06-09 11:24:27.731 [http-nio-8080-exec-5] TRACE o.s.s.w.a.logout.LogoutFilter        - Did not match request to Ant [pattern='/api/auth/logout', POST]
26-06-09 11:24:27.731 [http-nio-8080-exec-5] TRACE o.s.security.web.FilterChainProxy    - Invoking JwtAuthenticationFilter (7/14)
26-06-09 11:24:27.731 [http-nio-8080-exec-5] TRACE o.s.security.web.FilterChainProxy    - Invoking UsernamePasswordAuthenticationFilter (8/14)
26-06-09 11:24:27.731 [http-nio-8080-exec-5] TRACE o.s.s.w.a.UsernamePasswordAuthenticationFilter - Did not match request to Ant [pattern='/api/auth/login', POST]
26-06-09 11:24:27.731 [http-nio-8080-exec-5] TRACE o.s.security.web.FilterChainProxy    - Invoking RequestCacheAwareFilter (9/14)
26-06-09 11:24:27.731 [http-nio-8080-exec-5] TRACE o.s.security.web.FilterChainProxy    - Invoking SecurityContextHolderAwareRequestFilter (10/14)
26-06-09 11:24:27.731 [http-nio-8080-exec-5] TRACE o.s.security.web.FilterChainProxy    - Invoking AnonymousAuthenticationFilter (11/14)
26-06-09 11:24:27.731 [http-nio-8080-exec-5] TRACE o.s.security.web.FilterChainProxy    - Invoking SessionManagementFilter (12/14)
26-06-09 11:24:27.731 [http-nio-8080-exec-5] TRACE o.s.s.w.c.SupplierDeferredSecurityContext - Created SecurityContextImpl [Null authentication]
26-06-09 11:24:27.731 [http-nio-8080-exec-5] TRACE o.s.s.w.a.AnonymousAuthenticationFilter - Set SecurityContextHolder to AnonymousAuthenticationToken [Principal=anonymousUser, Credentials=[PROTECTED], Authenticated=true, Details=WebAuthenticationDetails [RemoteIpAddress=0:0:0:0:0:0:0:1, SessionId=null], Granted Authorities=[ROLE_ANONYMOUS]]
26-06-09 11:24:27.731 [http-nio-8080-exec-5] TRACE o.s.security.web.FilterChainProxy    - Invoking ExceptionTranslationFilter (13/14)
26-06-09 11:24:27.731 [http-nio-8080-exec-5] TRACE o.s.security.web.FilterChainProxy    - Invoking AuthorizationFilter (14/14)
26-06-09 11:24:27.731 [http-nio-8080-exec-5] TRACE o.s.s.w.a.i.RequestMatcherDelegatingAuthorizationManager - Authorizing GET /api/users
26-06-09 11:24:27.731 [http-nio-8080-exec-5] TRACE o.s.s.w.a.i.RequestMatcherDelegatingAuthorizationManager - Checking authorization on GET /api/users using org.springframework.security.config.annotation.web.configurers.AuthorizeHttpRequestsConfigurer$$Lambda$2085/0x000001b493d40888@fb5b5c0
26-06-09 11:24:27.733 [http-nio-8080-exec-5] DEBUG o.s.security.web.FilterChainProxy    - Secured GET /api/users
26-06-09 11:24:27.777 [http-nio-8080-exec-5] DEBUG org.hibernate.SQL                    - 
    select
        u1_0.id,
        u1_0.created_at,
        u1_0.email,
        u1_0.password,
        u1_0.profile_id,
        u1_0.role,
        u1_0.updated_at,
        u1_0.username 
    from
        users u1_0
26-06-09 11:24:27.789 [http-nio-8080-exec-5] TRACE org.hibernate.orm.jdbc.extract       - extracted value (1:UUID) -> [27b85a60-4f13-455f-b5a3-7f7d762b2139]
26-06-09 11:24:27.792 [http-nio-8080-exec-5] TRACE org.hibernate.orm.jdbc.extract       - extracted value (5:UUID) -> [46746932-09b7-410a-b9bf-3f7cdbf1f402]
26-06-09 11:24:27.797 [http-nio-8080-exec-5] TRACE org.hibernate.orm.jdbc.extract       - extracted value (2:TIMESTAMP_UTC) -> [2026-03-09T06:17:44.434753Z]
26-06-09 11:24:27.797 [http-nio-8080-exec-5] TRACE org.hibernate.orm.jdbc.extract       - extracted value (3:VARCHAR) -> [test@test.com]
26-06-09 11:24:27.798 [http-nio-8080-exec-5] TRACE org.hibernate.orm.jdbc.extract       - extracted value (4:VARCHAR) -> [$2a$10$7BU..v74ygmDenkiaWKtVeZsZR6G0lVc1NGfkMSRq0iJ.iUl5ZYVq]
26-06-09 11:24:27.798 [http-nio-8080-exec-5] TRACE org.hibernate.orm.jdbc.extract       - extracted value (6:VARCHAR) -> [USER]
26-06-09 11:24:27.798 [http-nio-8080-exec-5] TRACE org.hibernate.orm.jdbc.extract       - extracted value (7:TIMESTAMP_UTC) -> [2026-03-09T06:17:44.434753Z]
26-06-09 11:24:27.798 [http-nio-8080-exec-5] TRACE org.hibernate.orm.jdbc.extract       - extracted value (8:VARCHAR) -> [승리]
26-06-09 11:24:27.806 [http-nio-8080-exec-5] TRACE org.hibernate.orm.jdbc.extract       - extracted value (1:UUID) -> [9d64639e-787a-46cc-9abf-5f8717295f33]
26-06-09 11:24:27.806 [http-nio-8080-exec-5] TRACE org.hibernate.orm.jdbc.extract       - extracted value (5:UUID) -> [1a4039ff-b856-4639-8a2d-4b4cac93793c]
26-06-09 11:24:27.806 [http-nio-8080-exec-5] TRACE org.hibernate.orm.jdbc.extract       - extracted value (2:TIMESTAMP_UTC) -> [2026-03-09T06:21:22.042528Z]
26-06-09 11:24:27.806 [http-nio-8080-exec-5] TRACE org.hibernate.orm.jdbc.extract       - extracted value (3:VARCHAR) -> [test2@test.com]
26-06-09 11:24:27.806 [http-nio-8080-exec-5] TRACE org.hibernate.orm.jdbc.extract       - extracted value (4:VARCHAR) -> [$2a$10$3oTo2dk3/hVlqmBF/B1aEeCazX0ZJNNl8/HJbY.NyNxAaN2NM2ZwK]
26-06-09 11:24:27.806 [http-nio-8080-exec-5] TRACE org.hibernate.orm.jdbc.extract       - extracted value (6:VARCHAR) -> [USER]
26-06-09 11:24:27.806 [http-nio-8080-exec-5] TRACE org.hibernate.orm.jdbc.extract       - extracted value (7:TIMESTAMP_UTC) -> [2026-03-09T06:21:22.042528Z]
26-06-09 11:24:27.807 [http-nio-8080-exec-5] TRACE org.hibernate.orm.jdbc.extract       - extracted value (8:VARCHAR) -> [asr]
26-06-09 11:24:27.807 [http-nio-8080-exec-5] TRACE org.hibernate.orm.jdbc.extract       - extracted value (1:UUID) -> [041397c9-3494-48eb-83dc-3d24cf2f2d19]
26-06-09 11:24:27.807 [http-nio-8080-exec-5] TRACE org.hibernate.orm.jdbc.extract       - extracted value (5:UUID) -> [317d8fef-86f0-4287-afdd-fcf080c55726]
26-06-09 11:24:27.807 [http-nio-8080-exec-5] TRACE org.hibernate.orm.jdbc.extract       - extracted value (2:TIMESTAMP_UTC) -> [2026-03-09T06:31:53.104366Z]
26-06-09 11:24:27.807 [http-nio-8080-exec-5] TRACE org.hibernate.orm.jdbc.extract       - extracted value (3:VARCHAR) -> [test3@test.com]
26-06-09 11:24:27.807 [http-nio-8080-exec-5] TRACE org.hibernate.orm.jdbc.extract       - extracted value (4:VARCHAR) -> [$2a$10$UnGIi/zuHaSenHg7H9beUOciM9N6zkJjWwRQuwbH96Va4Ab6MCFEa]
26-06-09 11:24:27.807 [http-nio-8080-exec-5] TRACE org.hibernate.orm.jdbc.extract       - extracted value (6:VARCHAR) -> [USER]
26-06-09 11:24:27.807 [http-nio-8080-exec-5] TRACE org.hibernate.orm.jdbc.extract       - extracted value (7:TIMESTAMP_UTC) -> [2026-03-09T06:31:53.104366Z]
26-06-09 11:24:27.807 [http-nio-8080-exec-5] TRACE org.hibernate.orm.jdbc.extract       - extracted value (8:VARCHAR) -> [테스트3]
26-06-09 11:24:27.807 [http-nio-8080-exec-5] TRACE org.hibernate.orm.jdbc.extract       - extracted value (1:UUID) -> [f725946c-dfe7-441d-84af-9bfdade76e9a]
26-06-09 11:24:27.808 [http-nio-8080-exec-5] TRACE org.hibernate.orm.jdbc.extract       - extracted value (5:UUID) -> [null]
26-06-09 11:24:27.808 [http-nio-8080-exec-5] TRACE org.hibernate.orm.jdbc.extract       - extracted value (2:TIMESTAMP_UTC) -> [2026-03-09T06:35:16.233568Z]
26-06-09 11:24:27.808 [http-nio-8080-exec-5] TRACE org.hibernate.orm.jdbc.extract       - extracted value (3:VARCHAR) -> [test4@test.com]
26-06-09 11:24:27.808 [http-nio-8080-exec-5] TRACE org.hibernate.orm.jdbc.extract       - extracted value (4:VARCHAR) -> [$2a$10$cMN0GgSpDkktYi82VNwwlu1b7Oq2aFY0i2uxC3R4L9nbgUpCmMKyC]
26-06-09 11:24:27.808 [http-nio-8080-exec-5] TRACE org.hibernate.orm.jdbc.extract       - extracted value (6:VARCHAR) -> [USER]
26-06-09 11:24:27.808 [http-nio-8080-exec-5] TRACE org.hibernate.orm.jdbc.extract       - extracted value (7:TIMESTAMP_UTC) -> [2026-03-09T06:35:16.233568Z]
26-06-09 11:24:27.808 [http-nio-8080-exec-5] TRACE org.hibernate.orm.jdbc.extract       - extracted value (8:VARCHAR) -> [test4]
26-06-09 11:24:27.808 [http-nio-8080-exec-5] TRACE org.hibernate.orm.jdbc.extract       - extracted value (1:UUID) -> [ed60b06a-16d3-4d64-97cf-8963a6ba34e4]
26-06-09 11:24:27.808 [http-nio-8080-exec-5] TRACE org.hibernate.orm.jdbc.extract       - extracted value (5:UUID) -> [null]
26-06-09 11:24:27.809 [http-nio-8080-exec-5] TRACE org.hibernate.orm.jdbc.extract       - extracted value (2:TIMESTAMP_UTC) -> [2026-03-25T07:31:54.266194Z]
26-06-09 11:24:27.809 [http-nio-8080-exec-5] TRACE org.hibernate.orm.jdbc.extract       - extracted value (3:VARCHAR) -> [0325test@test.com]
26-06-09 11:24:27.809 [http-nio-8080-exec-5] TRACE org.hibernate.orm.jdbc.extract       - extracted value (4:VARCHAR) -> [$2a$10$mG/jy9jyb4GmJgNwqOvMO.v4JkCYeUTfpa0YOe9woDusUn4NRHScm]
26-06-09 11:24:27.809 [http-nio-8080-exec-5] TRACE org.hibernate.orm.jdbc.extract       - extracted value (6:VARCHAR) -> [USER]
26-06-09 11:24:27.809 [http-nio-8080-exec-5] TRACE org.hibernate.orm.jdbc.extract       - extracted value (7:TIMESTAMP_UTC) -> [2026-03-25T07:31:54.266194Z]
26-06-09 11:24:27.809 [http-nio-8080-exec-5] TRACE org.hibernate.orm.jdbc.extract       - extracted value (8:VARCHAR) -> [test0325]
26-06-09 11:24:27.809 [http-nio-8080-exec-5] TRACE org.hibernate.orm.jdbc.extract       - extracted value (1:UUID) -> [b1a933b8-5b00-48ca-81e9-0055ba1ff963]
26-06-09 11:24:27.809 [http-nio-8080-exec-5] TRACE org.hibernate.orm.jdbc.extract       - extracted value (5:UUID) -> [null]
26-06-09 11:24:27.809 [http-nio-8080-exec-5] TRACE org.hibernate.orm.jdbc.extract       - extracted value (2:TIMESTAMP_UTC) -> [2026-03-27T05:06:14.779097Z]
26-06-09 11:24:27.809 [http-nio-8080-exec-5] TRACE org.hibernate.orm.jdbc.extract       - extracted value (3:VARCHAR) -> [test0327@test.com]
26-06-09 11:24:27.809 [http-nio-8080-exec-5] TRACE org.hibernate.orm.jdbc.extract       - extracted value (4:VARCHAR) -> [$2a$10$LxGyQsQD7kHjC2llbNvRgedFKJ/SN/rwkoaoyAiSrFljpZWp8xPZG]
26-06-09 11:24:27.809 [http-nio-8080-exec-5] TRACE org.hibernate.orm.jdbc.extract       - extracted value (6:VARCHAR) -> [USER]
26-06-09 11:24:27.810 [http-nio-8080-exec-5] TRACE org.hibernate.orm.jdbc.extract       - extracted value (7:TIMESTAMP_UTC) -> [2026-03-27T05:06:14.779097Z]
26-06-09 11:24:27.810 [http-nio-8080-exec-5] TRACE org.hibernate.orm.jdbc.extract       - extracted value (8:VARCHAR) -> [asd]
26-06-09 11:24:27.810 [http-nio-8080-exec-5] TRACE org.hibernate.orm.jdbc.extract       - extracted value (1:UUID) -> [98ce5813-ebf4-4a0b-9087-2f2c18bbd2a3]
26-06-09 11:24:27.810 [http-nio-8080-exec-5] TRACE org.hibernate.orm.jdbc.extract       - extracted value (5:UUID) -> [null]
26-06-09 11:24:27.810 [http-nio-8080-exec-5] TRACE org.hibernate.orm.jdbc.extract       - extracted value (2:TIMESTAMP_UTC) -> [2026-05-15T07:19:30.272898Z]
26-06-09 11:24:27.810 [http-nio-8080-exec-5] TRACE org.hibernate.orm.jdbc.extract       - extracted value (3:VARCHAR) -> [java@javaspring.com]
26-06-09 11:24:27.810 [http-nio-8080-exec-5] TRACE org.hibernate.orm.jdbc.extract       - extracted value (4:VARCHAR) -> [$2a$10$zhXqDLq.d1aTvZ.Ao2xrs.YBMwsS39OL8mfL9UYpEW4wqfYe0DNx.]
26-06-09 11:24:27.810 [http-nio-8080-exec-5] TRACE org.hibernate.orm.jdbc.extract       - extracted value (6:VARCHAR) -> [USER]
26-06-09 11:24:27.810 [http-nio-8080-exec-5] TRACE org.hibernate.orm.jdbc.extract       - extracted value (7:TIMESTAMP_UTC) -> [2026-05-15T07:19:30.272898Z]
26-06-09 11:24:27.810 [http-nio-8080-exec-5] TRACE org.hibernate.orm.jdbc.extract       - extracted value (8:VARCHAR) -> [스프링프로필친구]
26-06-09 11:24:27.810 [http-nio-8080-exec-5] TRACE org.hibernate.orm.jdbc.extract       - extracted value (1:UUID) -> [c9250cab-cae8-4509-8180-0da4b11066e8]
26-06-09 11:24:27.810 [http-nio-8080-exec-5] TRACE org.hibernate.orm.jdbc.extract       - extracted value (5:UUID) -> [null]
26-06-09 11:24:27.810 [http-nio-8080-exec-5] TRACE org.hibernate.orm.jdbc.extract       - extracted value (2:TIMESTAMP_UTC) -> [2026-05-19T01:42:58.029068Z]
26-06-09 11:24:27.810 [http-nio-8080-exec-5] TRACE org.hibernate.orm.jdbc.extract       - extracted value (3:VARCHAR) -> [admin@admin.com]
26-06-09 11:24:27.810 [http-nio-8080-exec-5] TRACE org.hibernate.orm.jdbc.extract       - extracted value (4:VARCHAR) -> [$2a$10$FwvClmklxVI3h5q/nYuHU.4l9NbtnRQ1GC2Ep4SaOD3SxrBSrlh2i]
26-06-09 11:24:27.810 [http-nio-8080-exec-5] TRACE org.hibernate.orm.jdbc.extract       - extracted value (6:VARCHAR) -> [ADMIN]
26-06-09 11:24:27.810 [http-nio-8080-exec-5] TRACE org.hibernate.orm.jdbc.extract       - extracted value (7:TIMESTAMP_UTC) -> [2026-05-19T01:42:58.029068Z]
26-06-09 11:24:27.811 [http-nio-8080-exec-5] TRACE org.hibernate.orm.jdbc.extract       - extracted value (8:VARCHAR) -> [admin]
26-06-09 11:24:27.811 [http-nio-8080-exec-5] TRACE org.hibernate.orm.jdbc.extract       - extracted value (1:UUID) -> [9b225b56-7425-4c05-b1bf-33788568891a]
26-06-09 11:24:27.811 [http-nio-8080-exec-5] TRACE org.hibernate.orm.jdbc.extract       - extracted value (5:UUID) -> [null]
26-06-09 11:24:27.811 [http-nio-8080-exec-5] TRACE org.hibernate.orm.jdbc.extract       - extracted value (2:TIMESTAMP_UTC) -> [2026-05-19T01:45:59.984574Z]
26-06-09 11:24:27.811 [http-nio-8080-exec-5] TRACE org.hibernate.orm.jdbc.extract       - extracted value (3:VARCHAR) -> [0519test@test.com]
26-06-09 11:24:27.811 [http-nio-8080-exec-5] TRACE org.hibernate.orm.jdbc.extract       - extracted value (4:VARCHAR) -> [$2a$10$JsQ23gBSJ2bBhdIZ6m0vr.2MRc7yn9LH.2Itp/mVUU64ldpKTIWpC]
26-06-09 11:24:27.811 [http-nio-8080-exec-5] TRACE org.hibernate.orm.jdbc.extract       - extracted value (6:VARCHAR) -> [CHANNEL_MANAGER]
26-06-09 11:24:27.811 [http-nio-8080-exec-5] TRACE org.hibernate.orm.jdbc.extract       - extracted value (7:TIMESTAMP_UTC) -> [2026-05-19T01:46:33.938005Z]
26-06-09 11:24:27.811 [http-nio-8080-exec-5] TRACE org.hibernate.orm.jdbc.extract       - extracted value (8:VARCHAR) -> [0519test]
26-06-09 11:24:27.811 [http-nio-8080-exec-5] TRACE org.hibernate.orm.jdbc.extract       - extracted value (1:UUID) -> [ee16f72c-e2b1-4376-b7a6-88f894f2e7ca]
26-06-09 11:24:27.812 [http-nio-8080-exec-5] TRACE org.hibernate.orm.jdbc.extract       - extracted value (5:UUID) -> [null]
26-06-09 11:24:27.812 [http-nio-8080-exec-5] TRACE org.hibernate.orm.jdbc.extract       - extracted value (2:TIMESTAMP_UTC) -> [2026-05-31T11:35:15.163302Z]
26-06-09 11:24:27.812 [http-nio-8080-exec-5] TRACE org.hibernate.orm.jdbc.extract       - extracted value (3:VARCHAR) -> [test0531@test.com]
26-06-09 11:24:27.812 [http-nio-8080-exec-5] TRACE org.hibernate.orm.jdbc.extract       - extracted value (4:VARCHAR) -> [$2a$10$WEDr70nEl34S5xjdBccHXuF95p.DzORb4zt5904.SLPCzYWnGSpm.]
26-06-09 11:24:27.812 [http-nio-8080-exec-5] TRACE org.hibernate.orm.jdbc.extract       - extracted value (6:VARCHAR) -> [USER]
26-06-09 11:24:27.812 [http-nio-8080-exec-5] TRACE org.hibernate.orm.jdbc.extract       - extracted value (7:TIMESTAMP_UTC) -> [2026-05-31T11:35:15.163302Z]
26-06-09 11:24:27.812 [http-nio-8080-exec-5] TRACE org.hibernate.orm.jdbc.extract       - extracted value (8:VARCHAR) -> [test0531]
26-06-09 11:24:27.812 [http-nio-8080-exec-5] TRACE org.hibernate.orm.jdbc.extract       - extracted value (1:UUID) -> [cff3cfdf-c67a-48ac-a13e-1d3c2346e5cc]
26-06-09 11:24:27.812 [http-nio-8080-exec-5] TRACE org.hibernate.orm.jdbc.extract       - extracted value (5:UUID) -> [null]
26-06-09 11:24:27.812 [http-nio-8080-exec-5] TRACE org.hibernate.orm.jdbc.extract       - extracted value (2:TIMESTAMP_UTC) -> [2026-05-31T11:46:09.335380Z]
26-06-09 11:24:27.812 [http-nio-8080-exec-5] TRACE org.hibernate.orm.jdbc.extract       - extracted value (3:VARCHAR) -> [test05312@test.com]
26-06-09 11:24:27.812 [http-nio-8080-exec-5] TRACE org.hibernate.orm.jdbc.extract       - extracted value (4:VARCHAR) -> [$2a$10$Nsk0AnubLHzO3ukARj5p6.VjUu9evw0ZaLLuQ8pBpQxFjhLQYXxDS]
26-06-09 11:24:27.812 [http-nio-8080-exec-5] TRACE org.hibernate.orm.jdbc.extract       - extracted value (6:VARCHAR) -> [USER]
26-06-09 11:24:27.812 [http-nio-8080-exec-5] TRACE org.hibernate.orm.jdbc.extract       - extracted value (7:TIMESTAMP_UTC) -> [2026-05-31T11:46:09.335380Z]
26-06-09 11:24:27.812 [http-nio-8080-exec-5] TRACE org.hibernate.orm.jdbc.extract       - extracted value (8:VARCHAR) -> [test05312]
26-06-09 11:24:27.813 [http-nio-8080-exec-5] TRACE org.hibernate.orm.jdbc.extract       - extracted value (1:UUID) -> [ceb95c66-eb93-4601-bfc2-a0294d619d77]
26-06-09 11:24:27.813 [http-nio-8080-exec-5] TRACE org.hibernate.orm.jdbc.extract       - extracted value (5:UUID) -> [null]
26-06-09 11:24:27.813 [http-nio-8080-exec-5] TRACE org.hibernate.orm.jdbc.extract       - extracted value (2:TIMESTAMP_UTC) -> [2026-06-05T01:14:38.474247Z]
26-06-09 11:24:27.813 [http-nio-8080-exec-5] TRACE org.hibernate.orm.jdbc.extract       - extracted value (3:VARCHAR) -> [test06051@test.com]
26-06-09 11:24:27.813 [http-nio-8080-exec-5] TRACE org.hibernate.orm.jdbc.extract       - extracted value (4:VARCHAR) -> [$2a$10$4VIasWCJxSBj7dTLTH1ddOISntynjLxU5DGnB3gw5Gizl/YgWjKzG]
26-06-09 11:24:27.813 [http-nio-8080-exec-5] TRACE org.hibernate.orm.jdbc.extract       - extracted value (6:VARCHAR) -> [USER]
26-06-09 11:24:27.813 [http-nio-8080-exec-5] TRACE org.hibernate.orm.jdbc.extract       - extracted value (7:TIMESTAMP_UTC) -> [2026-06-05T01:14:38.474247Z]
26-06-09 11:24:27.813 [http-nio-8080-exec-5] TRACE org.hibernate.orm.jdbc.extract       - extracted value (8:VARCHAR) -> [test06051]
26-06-09 11:24:27.813 [http-nio-8080-exec-5] TRACE org.hibernate.orm.jdbc.extract       - extracted value (1:UUID) -> [16adc8c6-634b-490b-a8fc-1f3946a53424]
26-06-09 11:24:27.813 [http-nio-8080-exec-5] TRACE org.hibernate.orm.jdbc.extract       - extracted value (5:UUID) -> [null]
26-06-09 11:24:27.813 [http-nio-8080-exec-5] TRACE org.hibernate.orm.jdbc.extract       - extracted value (2:TIMESTAMP_UTC) -> [2026-06-05T01:26:48.298603Z]
26-06-09 11:24:27.813 [http-nio-8080-exec-5] TRACE org.hibernate.orm.jdbc.extract       - extracted value (3:VARCHAR) -> [test06052@test.com]
26-06-09 11:24:27.813 [http-nio-8080-exec-5] TRACE org.hibernate.orm.jdbc.extract       - extracted value (4:VARCHAR) -> [$2a$10$WXbaWJIO9AnVf8bZvQleQ.mcDU9LEfns4T0QjXr6PTFgFRkl/HMq.]
26-06-09 11:24:27.813 [http-nio-8080-exec-5] TRACE org.hibernate.orm.jdbc.extract       - extracted value (6:VARCHAR) -> [USER]
26-06-09 11:24:27.813 [http-nio-8080-exec-5] TRACE org.hibernate.orm.jdbc.extract       - extracted value (7:TIMESTAMP_UTC) -> [2026-06-05T01:26:48.298603Z]
26-06-09 11:24:27.813 [http-nio-8080-exec-5] TRACE org.hibernate.orm.jdbc.extract       - extracted value (8:VARCHAR) -> [test06052]
26-06-09 11:24:27.815 [http-nio-8080-exec-5] TRACE org.hibernate.orm.jdbc.extract       - extracted value (1:UUID) -> [1bdf270a-29cc-4700-843b-3075a4f50668]
26-06-09 11:24:27.815 [http-nio-8080-exec-5] TRACE org.hibernate.orm.jdbc.extract       - extracted value (5:UUID) -> [null]
26-06-09 11:24:27.815 [http-nio-8080-exec-5] TRACE org.hibernate.orm.jdbc.extract       - extracted value (2:TIMESTAMP_UTC) -> [2026-06-07T13:46:20.692678Z]
26-06-09 11:24:27.815 [http-nio-8080-exec-5] TRACE org.hibernate.orm.jdbc.extract       - extracted value (3:VARCHAR) -> [test06071@test.com]
26-06-09 11:24:27.815 [http-nio-8080-exec-5] TRACE org.hibernate.orm.jdbc.extract       - extracted value (4:VARCHAR) -> [$2a$10$srOZHA1j6wWo5bDIsgiaquN/mycEHKdNzS8qfA8dl.0yCiaxKEom.]
26-06-09 11:24:27.815 [http-nio-8080-exec-5] TRACE org.hibernate.orm.jdbc.extract       - extracted value (6:VARCHAR) -> [USER]
26-06-09 11:24:27.815 [http-nio-8080-exec-5] TRACE org.hibernate.orm.jdbc.extract       - extracted value (7:TIMESTAMP_UTC) -> [2026-06-07T13:46:20.692678Z]
26-06-09 11:24:27.815 [http-nio-8080-exec-5] TRACE org.hibernate.orm.jdbc.extract       - extracted value (8:VARCHAR) -> [test06071]
26-06-09 11:24:27.815 [http-nio-8080-exec-5] TRACE org.hibernate.orm.jdbc.extract       - extracted value (1:UUID) -> [6b578585-908f-4bd6-9335-1ac5acb94e40]
26-06-09 11:24:27.815 [http-nio-8080-exec-5] TRACE org.hibernate.orm.jdbc.extract       - extracted value (5:UUID) -> [null]
26-06-09 11:24:27.816 [http-nio-8080-exec-5] TRACE org.hibernate.orm.jdbc.extract       - extracted value (2:TIMESTAMP_UTC) -> [2026-06-08T07:39:13.219128Z]
26-06-09 11:24:27.816 [http-nio-8080-exec-5] TRACE org.hibernate.orm.jdbc.extract       - extracted value (3:VARCHAR) -> [test06081@test.com]
26-06-09 11:24:27.816 [http-nio-8080-exec-5] TRACE org.hibernate.orm.jdbc.extract       - extracted value (4:VARCHAR) -> [$2a$10$HE3kHqnEa04j3.4KpTkCMeYioQD/nFni86UlddUOGVFyPZjRgP8qO]
26-06-09 11:24:27.816 [http-nio-8080-exec-5] TRACE org.hibernate.orm.jdbc.extract       - extracted value (6:VARCHAR) -> [USER]
26-06-09 11:24:27.816 [http-nio-8080-exec-5] TRACE org.hibernate.orm.jdbc.extract       - extracted value (7:TIMESTAMP_UTC) -> [2026-06-08T07:39:13.219128Z]
26-06-09 11:24:27.816 [http-nio-8080-exec-5] TRACE org.hibernate.orm.jdbc.extract       - extracted value (8:VARCHAR) -> [test06081]
26-06-09 11:24:27.820 [http-nio-8080-exec-5] DEBUG org.hibernate.SQL                    - 
    select
        bc1_0.id,
        bc1_0.content_type,
        bc1_0.created_at,
        bc1_0.file_name,
        bc1_0.size,
        bc1_0.status 
    from
        binary_contents bc1_0 
    where
        bc1_0.id=?
26-06-09 11:24:27.821 [http-nio-8080-exec-5] TRACE org.hibernate.orm.jdbc.bind          - binding parameter (1:UUID) <- [46746932-09b7-410a-b9bf-3f7cdbf1f402]
26-06-09 11:24:27.827 [http-nio-8080-exec-5] TRACE org.hibernate.orm.jdbc.extract       - extracted value (2:VARCHAR) -> [image/jpeg]
26-06-09 11:24:27.827 [http-nio-8080-exec-5] TRACE org.hibernate.orm.jdbc.extract       - extracted value (3:TIMESTAMP_UTC) -> [2026-03-09T06:17:44.334709Z]
26-06-09 11:24:27.828 [http-nio-8080-exec-5] TRACE org.hibernate.orm.jdbc.extract       - extracted value (4:VARCHAR) -> [다운로드.jpg]
26-06-09 11:24:27.828 [http-nio-8080-exec-5] TRACE org.hibernate.orm.jdbc.extract       - extracted value (5:BIGINT) -> [6118]
26-06-09 11:24:27.829 [http-nio-8080-exec-5] TRACE org.hibernate.orm.jdbc.extract       - extracted value (6:VARCHAR) -> [ACTIVE]
26-06-09 11:24:27.829 [http-nio-8080-exec-5] DEBUG org.hibernate.SQL                    - 
    select
        bc1_0.id,
        bc1_0.content_type,
        bc1_0.created_at,
        bc1_0.file_name,
        bc1_0.size,
        bc1_0.status 
    from
        binary_contents bc1_0 
    where
        bc1_0.id=?
26-06-09 11:24:27.830 [http-nio-8080-exec-5] TRACE org.hibernate.orm.jdbc.bind          - binding parameter (1:UUID) <- [1a4039ff-b856-4639-8a2d-4b4cac93793c]
26-06-09 11:24:27.830 [http-nio-8080-exec-5] TRACE org.hibernate.orm.jdbc.extract       - extracted value (2:VARCHAR) -> [image/jpeg]
26-06-09 11:24:27.830 [http-nio-8080-exec-5] TRACE org.hibernate.orm.jdbc.extract       - extracted value (3:TIMESTAMP_UTC) -> [2026-03-09T06:21:21.946259Z]
26-06-09 11:24:27.830 [http-nio-8080-exec-5] TRACE org.hibernate.orm.jdbc.extract       - extracted value (4:VARCHAR) -> [다운로드.jpg]
26-06-09 11:24:27.831 [http-nio-8080-exec-5] TRACE org.hibernate.orm.jdbc.extract       - extracted value (5:BIGINT) -> [6118]
26-06-09 11:24:27.831 [http-nio-8080-exec-5] TRACE org.hibernate.orm.jdbc.extract       - extracted value (6:VARCHAR) -> [ACTIVE]
26-06-09 11:24:27.831 [http-nio-8080-exec-5] DEBUG org.hibernate.SQL                    - 
    select
        bc1_0.id,
        bc1_0.content_type,
        bc1_0.created_at,
        bc1_0.file_name,
        bc1_0.size,
        bc1_0.status 
    from
        binary_contents bc1_0 
    where
        bc1_0.id=?
26-06-09 11:24:27.831 [http-nio-8080-exec-5] TRACE org.hibernate.orm.jdbc.bind          - binding parameter (1:UUID) <- [317d8fef-86f0-4287-afdd-fcf080c55726]
26-06-09 11:24:27.832 [http-nio-8080-exec-5] TRACE org.hibernate.orm.jdbc.extract       - extracted value (2:VARCHAR) -> [image/jpeg]
26-06-09 11:24:27.832 [http-nio-8080-exec-5] TRACE org.hibernate.orm.jdbc.extract       - extracted value (3:TIMESTAMP_UTC) -> [2026-03-09T06:31:53.022861Z]
26-06-09 11:24:27.832 [http-nio-8080-exec-5] TRACE org.hibernate.orm.jdbc.extract       - extracted value (4:VARCHAR) -> [다운로드.jpg]
26-06-09 11:24:27.832 [http-nio-8080-exec-5] TRACE org.hibernate.orm.jdbc.extract       - extracted value (5:BIGINT) -> [6118]
26-06-09 11:24:27.832 [http-nio-8080-exec-5] TRACE org.hibernate.orm.jdbc.extract       - extracted value (6:VARCHAR) -> [ACTIVE]
26-06-09 11:24:27.839 [http-nio-8080-exec-5] TRACE o.s.s.w.h.writers.HstsHeaderWriter   - Not injecting HSTS header since it did not match request to [Is Secure]
26-06-09 11:24:30.114 [http-nio-8080-exec-6] TRACE o.s.security.web.FilterChainProxy    - Trying to match request against DefaultSecurityFilterChain defined as 'filterChain' in [class path resource [com/sprint/mission/discodeit/common/config/SecurityConfig.class]] matching [any request] and having filters [DisableEncodeUrl, WebAsyncManagerIntegration, SecurityContextHolder, HeaderWriter, Csrf, Logout, JwtAuthentication, UsernamePasswordAuthentication, RequestCacheAware, SecurityContextHolderAwareRequest, AnonymousAuthentication, SessionManagement, ExceptionTranslation, Authorization] (1/1)
26-06-09 11:24:30.114 [http-nio-8080-exec-6] DEBUG o.s.security.web.FilterChainProxy    - Securing GET /api/users
26-06-09 11:24:30.114 [http-nio-8080-exec-6] TRACE o.s.security.web.FilterChainProxy    - Invoking DisableEncodeUrlFilter (1/14)
26-06-09 11:24:30.115 [http-nio-8080-exec-6] TRACE o.s.security.web.FilterChainProxy    - Invoking WebAsyncManagerIntegrationFilter (2/14)
26-06-09 11:24:30.115 [http-nio-8080-exec-6] TRACE o.s.security.web.FilterChainProxy    - Invoking SecurityContextHolderFilter (3/14)
26-06-09 11:24:30.115 [http-nio-8080-exec-6] TRACE o.s.security.web.FilterChainProxy    - Invoking HeaderWriterFilter (4/14)
26-06-09 11:24:30.115 [http-nio-8080-exec-6] TRACE o.s.security.web.FilterChainProxy    - Invoking CsrfFilter (5/14)
26-06-09 11:24:30.115 [http-nio-8080-exec-6] TRACE o.s.security.web.csrf.CsrfFilter     - Did not protect against CSRF since request did not match CsrfNotRequired [TRACE, HEAD, GET, OPTIONS]
26-06-09 11:24:30.115 [http-nio-8080-exec-6] TRACE o.s.security.web.FilterChainProxy    - Invoking LogoutFilter (6/14)
26-06-09 11:24:30.115 [http-nio-8080-exec-6] TRACE o.s.s.w.a.logout.LogoutFilter        - Did not match request to Ant [pattern='/api/auth/logout', POST]
26-06-09 11:24:30.115 [http-nio-8080-exec-6] TRACE o.s.security.web.FilterChainProxy    - Invoking JwtAuthenticationFilter (7/14)
26-06-09 11:24:30.115 [http-nio-8080-exec-6] TRACE o.s.security.web.FilterChainProxy    - Invoking UsernamePasswordAuthenticationFilter (8/14)
26-06-09 11:24:30.115 [http-nio-8080-exec-6] TRACE o.s.s.w.a.UsernamePasswordAuthenticationFilter - Did not match request to Ant [pattern='/api/auth/login', POST]
26-06-09 11:24:30.115 [http-nio-8080-exec-6] TRACE o.s.security.web.FilterChainProxy    - Invoking RequestCacheAwareFilter (9/14)
26-06-09 11:24:30.115 [http-nio-8080-exec-6] TRACE o.s.security.web.FilterChainProxy    - Invoking SecurityContextHolderAwareRequestFilter (10/14)
26-06-09 11:24:30.115 [http-nio-8080-exec-6] TRACE o.s.security.web.FilterChainProxy    - Invoking AnonymousAuthenticationFilter (11/14)
26-06-09 11:24:30.115 [http-nio-8080-exec-6] TRACE o.s.security.web.FilterChainProxy    - Invoking SessionManagementFilter (12/14)
26-06-09 11:24:30.116 [http-nio-8080-exec-6] TRACE o.s.s.w.c.SupplierDeferredSecurityContext - Created SecurityContextImpl [Null authentication]
26-06-09 11:24:30.116 [http-nio-8080-exec-6] TRACE o.s.s.w.a.AnonymousAuthenticationFilter - Set SecurityContextHolder to AnonymousAuthenticationToken [Principal=anonymousUser, Credentials=[PROTECTED], Authenticated=true, Details=WebAuthenticationDetails [RemoteIpAddress=0:0:0:0:0:0:0:1, SessionId=null], Granted Authorities=[ROLE_ANONYMOUS]]
26-06-09 11:24:30.116 [http-nio-8080-exec-6] TRACE o.s.security.web.FilterChainProxy    - Invoking ExceptionTranslationFilter (13/14)
26-06-09 11:24:30.116 [http-nio-8080-exec-6] TRACE o.s.security.web.FilterChainProxy    - Invoking AuthorizationFilter (14/14)
26-06-09 11:24:30.116 [http-nio-8080-exec-6] TRACE o.s.s.w.a.i.RequestMatcherDelegatingAuthorizationManager - Authorizing GET /api/users
26-06-09 11:24:30.116 [http-nio-8080-exec-6] TRACE o.s.s.w.a.i.RequestMatcherDelegatingAuthorizationManager - Checking authorization on GET /api/users using org.springframework.security.config.annotation.web.configurers.AuthorizeHttpRequestsConfigurer$$Lambda$2085/0x000001b493d40888@fb5b5c0
26-06-09 11:24:30.116 [http-nio-8080-exec-6] DEBUG o.s.security.web.FilterChainProxy    - Secured GET /api/users
26-06-09 11:24:30.123 [http-nio-8080-exec-6] TRACE o.s.s.w.h.writers.HstsHeaderWriter   - Not injecting HSTS header since it did not match request to [Is Secure]
26-06-09 11:24:31.765 [http-nio-8080-exec-7] TRACE o.s.security.web.FilterChainProxy    - Trying to match request against DefaultSecurityFilterChain defined as 'filterChain' in [class path resource [com/sprint/mission/discodeit/common/config/SecurityConfig.class]] matching [any request] and having filters [DisableEncodeUrl, WebAsyncManagerIntegration, SecurityContextHolder, HeaderWriter, Csrf, Logout, JwtAuthentication, UsernamePasswordAuthentication, RequestCacheAware, SecurityContextHolderAwareRequest, AnonymousAuthentication, SessionManagement, ExceptionTranslation, Authorization] (1/1)
26-06-09 11:24:31.765 [http-nio-8080-exec-7] DEBUG o.s.security.web.FilterChainProxy    - Securing GET /api/users
26-06-09 11:24:31.765 [http-nio-8080-exec-7] TRACE o.s.security.web.FilterChainProxy    - Invoking DisableEncodeUrlFilter (1/14)
26-06-09 11:24:31.766 [http-nio-8080-exec-7] TRACE o.s.security.web.FilterChainProxy    - Invoking WebAsyncManagerIntegrationFilter (2/14)
26-06-09 11:24:31.766 [http-nio-8080-exec-7] TRACE o.s.security.web.FilterChainProxy    - Invoking SecurityContextHolderFilter (3/14)
26-06-09 11:24:31.766 [http-nio-8080-exec-7] TRACE o.s.security.web.FilterChainProxy    - Invoking HeaderWriterFilter (4/14)
26-06-09 11:24:31.766 [http-nio-8080-exec-7] TRACE o.s.security.web.FilterChainProxy    - Invoking CsrfFilter (5/14)
26-06-09 11:24:31.766 [http-nio-8080-exec-7] TRACE o.s.security.web.csrf.CsrfFilter     - Did not protect against CSRF since request did not match CsrfNotRequired [TRACE, HEAD, GET, OPTIONS]
26-06-09 11:24:31.766 [http-nio-8080-exec-7] TRACE o.s.security.web.FilterChainProxy    - Invoking LogoutFilter (6/14)
26-06-09 11:24:31.766 [http-nio-8080-exec-7] TRACE o.s.s.w.a.logout.LogoutFilter        - Did not match request to Ant [pattern='/api/auth/logout', POST]
26-06-09 11:24:31.766 [http-nio-8080-exec-7] TRACE o.s.security.web.FilterChainProxy    - Invoking JwtAuthenticationFilter (7/14)
26-06-09 11:24:31.766 [http-nio-8080-exec-7] TRACE o.s.security.web.FilterChainProxy    - Invoking UsernamePasswordAuthenticationFilter (8/14)
26-06-09 11:24:31.766 [http-nio-8080-exec-7] TRACE o.s.s.w.a.UsernamePasswordAuthenticationFilter - Did not match request to Ant [pattern='/api/auth/login', POST]
26-06-09 11:24:31.766 [http-nio-8080-exec-7] TRACE o.s.security.web.FilterChainProxy    - Invoking RequestCacheAwareFilter (9/14)
26-06-09 11:24:31.766 [http-nio-8080-exec-7] TRACE o.s.security.web.FilterChainProxy    - Invoking SecurityContextHolderAwareRequestFilter (10/14)
26-06-09 11:24:31.766 [http-nio-8080-exec-7] TRACE o.s.security.web.FilterChainProxy    - Invoking AnonymousAuthenticationFilter (11/14)
26-06-09 11:24:31.767 [http-nio-8080-exec-7] TRACE o.s.security.web.FilterChainProxy    - Invoking SessionManagementFilter (12/14)
26-06-09 11:24:31.767 [http-nio-8080-exec-7] TRACE o.s.s.w.c.SupplierDeferredSecurityContext - Created SecurityContextImpl [Null authentication]
26-06-09 11:24:31.767 [http-nio-8080-exec-7] TRACE o.s.s.w.a.AnonymousAuthenticationFilter - Set SecurityContextHolder to AnonymousAuthenticationToken [Principal=anonymousUser, Credentials=[PROTECTED], Authenticated=true, Details=WebAuthenticationDetails [RemoteIpAddress=0:0:0:0:0:0:0:1, SessionId=null], Granted Authorities=[ROLE_ANONYMOUS]]
26-06-09 11:24:31.767 [http-nio-8080-exec-7] TRACE o.s.security.web.FilterChainProxy    - Invoking ExceptionTranslationFilter (13/14)
26-06-09 11:24:31.767 [http-nio-8080-exec-7] TRACE o.s.security.web.FilterChainProxy    - Invoking AuthorizationFilter (14/14)
26-06-09 11:24:31.767 [http-nio-8080-exec-7] TRACE o.s.s.w.a.i.RequestMatcherDelegatingAuthorizationManager - Authorizing GET /api/users
26-06-09 11:24:31.767 [http-nio-8080-exec-7] TRACE o.s.s.w.a.i.RequestMatcherDelegatingAuthorizationManager - Checking authorization on GET /api/users using org.springframework.security.config.annotation.web.configurers.AuthorizeHttpRequestsConfigurer$$Lambda$2085/0x000001b493d40888@fb5b5c0
26-06-09 11:24:31.767 [http-nio-8080-exec-7] DEBUG o.s.security.web.FilterChainProxy    - Secured GET /api/users
26-06-09 11:24:31.770 [http-nio-8080-exec-7] TRACE o.s.s.w.h.writers.HstsHeaderWriter   - Not injecting HSTS header since it did not match request to [Is Secure]
26-06-09 11:25:17.298 [http-nio-8080-exec-2] TRACE o.s.security.web.FilterChainProxy    - Trying to match request against DefaultSecurityFilterChain defined as 'filterChain' in [class path resource [com/sprint/mission/discodeit/common/config/SecurityConfig.class]] matching [any request] and having filters [DisableEncodeUrl, WebAsyncManagerIntegration, SecurityContextHolder, HeaderWriter, Csrf, Logout, JwtAuthentication, UsernamePasswordAuthentication, RequestCacheAware, SecurityContextHolderAwareRequest, AnonymousAuthentication, SessionManagement, ExceptionTranslation, Authorization] (1/1)
26-06-09 11:25:17.298 [http-nio-8080-exec-2] DEBUG o.s.security.web.FilterChainProxy    - Securing GET /actuator/caches
26-06-09 11:25:17.299 [http-nio-8080-exec-2] TRACE o.s.security.web.FilterChainProxy    - Invoking DisableEncodeUrlFilter (1/14)
26-06-09 11:25:17.299 [http-nio-8080-exec-2] TRACE o.s.security.web.FilterChainProxy    - Invoking WebAsyncManagerIntegrationFilter (2/14)
26-06-09 11:25:17.299 [http-nio-8080-exec-2] TRACE o.s.security.web.FilterChainProxy    - Invoking SecurityContextHolderFilter (3/14)
26-06-09 11:25:17.299 [http-nio-8080-exec-2] TRACE o.s.security.web.FilterChainProxy    - Invoking HeaderWriterFilter (4/14)
26-06-09 11:25:17.299 [http-nio-8080-exec-2] TRACE o.s.security.web.FilterChainProxy    - Invoking CsrfFilter (5/14)
26-06-09 11:25:17.299 [http-nio-8080-exec-2] TRACE o.s.security.web.csrf.CsrfFilter     - Did not protect against CSRF since request did not match CsrfNotRequired [TRACE, HEAD, GET, OPTIONS]
26-06-09 11:25:17.299 [http-nio-8080-exec-2] TRACE o.s.security.web.FilterChainProxy    - Invoking LogoutFilter (6/14)
26-06-09 11:25:17.299 [http-nio-8080-exec-2] TRACE o.s.s.w.a.logout.LogoutFilter        - Did not match request to Ant [pattern='/api/auth/logout', POST]
26-06-09 11:25:17.299 [http-nio-8080-exec-2] TRACE o.s.security.web.FilterChainProxy    - Invoking JwtAuthenticationFilter (7/14)
26-06-09 11:25:17.299 [http-nio-8080-exec-2] TRACE o.s.security.web.FilterChainProxy    - Invoking UsernamePasswordAuthenticationFilter (8/14)
26-06-09 11:25:17.299 [http-nio-8080-exec-2] TRACE o.s.s.w.a.UsernamePasswordAuthenticationFilter - Did not match request to Ant [pattern='/api/auth/login', POST]
26-06-09 11:25:17.300 [http-nio-8080-exec-2] TRACE o.s.security.web.FilterChainProxy    - Invoking RequestCacheAwareFilter (9/14)
26-06-09 11:25:17.300 [http-nio-8080-exec-2] TRACE o.s.security.web.FilterChainProxy    - Invoking SecurityContextHolderAwareRequestFilter (10/14)
26-06-09 11:25:17.300 [http-nio-8080-exec-2] TRACE o.s.security.web.FilterChainProxy    - Invoking AnonymousAuthenticationFilter (11/14)
26-06-09 11:25:17.300 [http-nio-8080-exec-2] TRACE o.s.security.web.FilterChainProxy    - Invoking SessionManagementFilter (12/14)
26-06-09 11:25:17.300 [http-nio-8080-exec-2] TRACE o.s.s.w.c.SupplierDeferredSecurityContext - Created SecurityContextImpl [Null authentication]
26-06-09 11:25:17.300 [http-nio-8080-exec-2] TRACE o.s.s.w.a.AnonymousAuthenticationFilter - Set SecurityContextHolder to AnonymousAuthenticationToken [Principal=anonymousUser, Credentials=[PROTECTED], Authenticated=true, Details=WebAuthenticationDetails [RemoteIpAddress=0:0:0:0:0:0:0:1, SessionId=null], Granted Authorities=[ROLE_ANONYMOUS]]
26-06-09 11:25:17.300 [http-nio-8080-exec-2] TRACE o.s.security.web.FilterChainProxy    - Invoking ExceptionTranslationFilter (13/14)
26-06-09 11:25:17.300 [http-nio-8080-exec-2] TRACE o.s.security.web.FilterChainProxy    - Invoking AuthorizationFilter (14/14)
26-06-09 11:25:17.300 [http-nio-8080-exec-2] TRACE o.s.s.w.a.i.RequestMatcherDelegatingAuthorizationManager - Authorizing GET /actuator/caches
26-06-09 11:25:17.300 [http-nio-8080-exec-2] TRACE o.s.s.w.a.i.RequestMatcherDelegatingAuthorizationManager - Checking authorization on GET /actuator/caches using org.springframework.security.config.annotation.web.configurers.AuthorizeHttpRequestsConfigurer$$Lambda$2085/0x000001b493d40888@fb5b5c0
26-06-09 11:25:17.300 [http-nio-8080-exec-2] DEBUG o.s.security.web.FilterChainProxy    - Secured GET /actuator/caches
26-06-09 11:25:17.313 [http-nio-8080-exec-2] TRACE o.s.s.w.h.writers.HstsHeaderWriter   - Not injecting HSTS header since it did not match request to [Is Secure]
26-06-09 11:25:26.480 [http-nio-8080-exec-3] TRACE o.s.security.web.FilterChainProxy    - Trying to match request against DefaultSecurityFilterChain defined as 'filterChain' in [class path resource [com/sprint/mission/discodeit/common/config/SecurityConfig.class]] matching [any request] and having filters [DisableEncodeUrl, WebAsyncManagerIntegration, SecurityContextHolder, HeaderWriter, Csrf, Logout, JwtAuthentication, UsernamePasswordAuthentication, RequestCacheAware, SecurityContextHolderAwareRequest, AnonymousAuthentication, SessionManagement, ExceptionTranslation, Authorization] (1/1)
26-06-09 11:25:26.480 [http-nio-8080-exec-3] DEBUG o.s.security.web.FilterChainProxy    - Securing GET /actuator/metrics/cache.gets
26-06-09 11:25:26.480 [http-nio-8080-exec-3] TRACE o.s.security.web.FilterChainProxy    - Invoking DisableEncodeUrlFilter (1/14)
26-06-09 11:25:26.480 [http-nio-8080-exec-3] TRACE o.s.security.web.FilterChainProxy    - Invoking WebAsyncManagerIntegrationFilter (2/14)
26-06-09 11:25:26.480 [http-nio-8080-exec-3] TRACE o.s.security.web.FilterChainProxy    - Invoking SecurityContextHolderFilter (3/14)
26-06-09 11:25:26.480 [http-nio-8080-exec-3] TRACE o.s.security.web.FilterChainProxy    - Invoking HeaderWriterFilter (4/14)
26-06-09 11:25:26.480 [http-nio-8080-exec-3] TRACE o.s.security.web.FilterChainProxy    - Invoking CsrfFilter (5/14)
26-06-09 11:25:26.481 [http-nio-8080-exec-3] TRACE o.s.security.web.csrf.CsrfFilter     - Did not protect against CSRF since request did not match CsrfNotRequired [TRACE, HEAD, GET, OPTIONS]
26-06-09 11:25:26.481 [http-nio-8080-exec-3] TRACE o.s.security.web.FilterChainProxy    - Invoking LogoutFilter (6/14)
26-06-09 11:25:26.481 [http-nio-8080-exec-3] TRACE o.s.s.w.a.logout.LogoutFilter        - Did not match request to Ant [pattern='/api/auth/logout', POST]
26-06-09 11:25:26.481 [http-nio-8080-exec-3] TRACE o.s.security.web.FilterChainProxy    - Invoking JwtAuthenticationFilter (7/14)
26-06-09 11:25:26.481 [http-nio-8080-exec-3] TRACE o.s.security.web.FilterChainProxy    - Invoking UsernamePasswordAuthenticationFilter (8/14)
26-06-09 11:25:26.481 [http-nio-8080-exec-3] TRACE o.s.s.w.a.UsernamePasswordAuthenticationFilter - Did not match request to Ant [pattern='/api/auth/login', POST]
26-06-09 11:25:26.481 [http-nio-8080-exec-3] TRACE o.s.security.web.FilterChainProxy    - Invoking RequestCacheAwareFilter (9/14)
26-06-09 11:25:26.481 [http-nio-8080-exec-3] TRACE o.s.security.web.FilterChainProxy    - Invoking SecurityContextHolderAwareRequestFilter (10/14)
26-06-09 11:25:26.481 [http-nio-8080-exec-3] TRACE o.s.security.web.FilterChainProxy    - Invoking AnonymousAuthenticationFilter (11/14)
26-06-09 11:25:26.481 [http-nio-8080-exec-3] TRACE o.s.security.web.FilterChainProxy    - Invoking SessionManagementFilter (12/14)
26-06-09 11:25:26.481 [http-nio-8080-exec-3] TRACE o.s.s.w.c.SupplierDeferredSecurityContext - Created SecurityContextImpl [Null authentication]
26-06-09 11:25:26.481 [http-nio-8080-exec-3] TRACE o.s.s.w.a.AnonymousAuthenticationFilter - Set SecurityContextHolder to AnonymousAuthenticationToken [Principal=anonymousUser, Credentials=[PROTECTED], Authenticated=true, Details=WebAuthenticationDetails [RemoteIpAddress=0:0:0:0:0:0:0:1, SessionId=null], Granted Authorities=[ROLE_ANONYMOUS]]
26-06-09 11:25:26.481 [http-nio-8080-exec-3] TRACE o.s.security.web.FilterChainProxy    - Invoking ExceptionTranslationFilter (13/14)
26-06-09 11:25:26.481 [http-nio-8080-exec-3] TRACE o.s.security.web.FilterChainProxy    - Invoking AuthorizationFilter (14/14)
26-06-09 11:25:26.481 [http-nio-8080-exec-3] TRACE o.s.s.w.a.i.RequestMatcherDelegatingAuthorizationManager - Authorizing GET /actuator/metrics/cache.gets
26-06-09 11:25:26.481 [http-nio-8080-exec-3] TRACE o.s.s.w.a.i.RequestMatcherDelegatingAuthorizationManager - Checking authorization on GET /actuator/metrics/cache.gets using org.springframework.security.config.annotation.web.configurers.AuthorizeHttpRequestsConfigurer$$Lambda$2085/0x000001b493d40888@fb5b5c0
26-06-09 11:25:26.483 [http-nio-8080-exec-3] DEBUG o.s.security.web.FilterChainProxy    - Secured GET /actuator/metrics/cache.gets
26-06-09 11:25:26.487 [http-nio-8080-exec-3] TRACE o.s.s.w.h.writers.HstsHeaderWriter   - Not injecting HSTS header since it did not match request to [Is Secure]
26-06-09 11:25:54.442 [http-nio-8080-exec-4] TRACE o.s.security.web.FilterChainProxy    - Trying to match request against DefaultSecurityFilterChain defined as 'filterChain' in [class path resource [com/sprint/mission/discodeit/common/config/SecurityConfig.class]] matching [any request] and having filters [DisableEncodeUrl, WebAsyncManagerIntegration, SecurityContextHolder, HeaderWriter, Csrf, Logout, JwtAuthentication, UsernamePasswordAuthentication, RequestCacheAware, SecurityContextHolderAwareRequest, AnonymousAuthentication, SessionManagement, ExceptionTranslation, Authorization] (1/1)
26-06-09 11:25:54.442 [http-nio-8080-exec-4] DEBUG o.s.security.web.FilterChainProxy    - Securing GET /actuator/metrics
26-06-09 11:25:54.443 [http-nio-8080-exec-4] TRACE o.s.security.web.FilterChainProxy    - Invoking DisableEncodeUrlFilter (1/14)
26-06-09 11:25:54.443 [http-nio-8080-exec-4] TRACE o.s.security.web.FilterChainProxy    - Invoking WebAsyncManagerIntegrationFilter (2/14)
26-06-09 11:25:54.443 [http-nio-8080-exec-4] TRACE o.s.security.web.FilterChainProxy    - Invoking SecurityContextHolderFilter (3/14)
26-06-09 11:25:54.443 [http-nio-8080-exec-4] TRACE o.s.security.web.FilterChainProxy    - Invoking HeaderWriterFilter (4/14)
26-06-09 11:25:54.443 [http-nio-8080-exec-4] TRACE o.s.security.web.FilterChainProxy    - Invoking CsrfFilter (5/14)
26-06-09 11:25:54.443 [http-nio-8080-exec-4] TRACE o.s.security.web.csrf.CsrfFilter     - Did not protect against CSRF since request did not match CsrfNotRequired [TRACE, HEAD, GET, OPTIONS]
26-06-09 11:25:54.443 [http-nio-8080-exec-4] TRACE o.s.security.web.FilterChainProxy    - Invoking LogoutFilter (6/14)
26-06-09 11:25:54.443 [http-nio-8080-exec-4] TRACE o.s.s.w.a.logout.LogoutFilter        - Did not match request to Ant [pattern='/api/auth/logout', POST]
26-06-09 11:25:54.443 [http-nio-8080-exec-4] TRACE o.s.security.web.FilterChainProxy    - Invoking JwtAuthenticationFilter (7/14)
26-06-09 11:25:54.443 [http-nio-8080-exec-4] TRACE o.s.security.web.FilterChainProxy    - Invoking UsernamePasswordAuthenticationFilter (8/14)
26-06-09 11:25:54.443 [http-nio-8080-exec-4] TRACE o.s.s.w.a.UsernamePasswordAuthenticationFilter - Did not match request to Ant [pattern='/api/auth/login', POST]
26-06-09 11:25:54.443 [http-nio-8080-exec-4] TRACE o.s.security.web.FilterChainProxy    - Invoking RequestCacheAwareFilter (9/14)
26-06-09 11:25:54.444 [http-nio-8080-exec-4] TRACE o.s.security.web.FilterChainProxy    - Invoking SecurityContextHolderAwareRequestFilter (10/14)
26-06-09 11:25:54.444 [http-nio-8080-exec-4] TRACE o.s.security.web.FilterChainProxy    - Invoking AnonymousAuthenticationFilter (11/14)
26-06-09 11:25:54.444 [http-nio-8080-exec-4] TRACE o.s.security.web.FilterChainProxy    - Invoking SessionManagementFilter (12/14)
26-06-09 11:25:54.444 [http-nio-8080-exec-4] TRACE o.s.s.w.c.SupplierDeferredSecurityContext - Created SecurityContextImpl [Null authentication]
26-06-09 11:25:54.444 [http-nio-8080-exec-4] TRACE o.s.s.w.a.AnonymousAuthenticationFilter - Set SecurityContextHolder to AnonymousAuthenticationToken [Principal=anonymousUser, Credentials=[PROTECTED], Authenticated=true, Details=WebAuthenticationDetails [RemoteIpAddress=0:0:0:0:0:0:0:1, SessionId=null], Granted Authorities=[ROLE_ANONYMOUS]]
26-06-09 11:25:54.444 [http-nio-8080-exec-4] TRACE o.s.security.web.FilterChainProxy    - Invoking ExceptionTranslationFilter (13/14)
26-06-09 11:25:54.444 [http-nio-8080-exec-4] TRACE o.s.security.web.FilterChainProxy    - Invoking AuthorizationFilter (14/14)
26-06-09 11:25:54.444 [http-nio-8080-exec-4] TRACE o.s.s.w.a.i.RequestMatcherDelegatingAuthorizationManager - Authorizing GET /actuator/metrics
26-06-09 11:25:54.444 [http-nio-8080-exec-4] TRACE o.s.s.w.a.i.RequestMatcherDelegatingAuthorizationManager - Checking authorization on GET /actuator/metrics using org.springframework.security.config.annotation.web.configurers.AuthorizeHttpRequestsConfigurer$$Lambda$2085/0x000001b493d40888@fb5b5c0
26-06-09 11:25:54.444 [http-nio-8080-exec-4] DEBUG o.s.security.web.FilterChainProxy    - Secured GET /actuator/metrics
26-06-09 11:25:54.447 [http-nio-8080-exec-4] TRACE o.s.s.w.h.writers.HstsHeaderWriter   - Not injecting HSTS header since it did not match request to [Is Secure]
26-06-09 11:26:38.923 [SpringApplicationShutdownHook] INFO  o.s.b.w.e.tomcat.GracefulShutdown    - Commencing graceful shutdown. Waiting for active requests to complete
26-06-09 11:26:39.413 [tomcat-shutdown] INFO  o.s.b.w.e.tomcat.GracefulShutdown    - Graceful shutdown complete
26-06-09 11:26:39.421 [SpringApplicationShutdownHook] INFO  o.s.o.j.LocalContainerEntityManagerFactoryBean - Closing JPA EntityManagerFactory for persistence unit 'default'
26-06-09 11:26:39.423 [SpringApplicationShutdownHook] INFO  com.zaxxer.hikari.HikariDataSource   - HikariPool-1 - Shutdown initiated...
26-06-09 11:26:39.429 [SpringApplicationShutdownHook] INFO  com.zaxxer.hikari.HikariDataSource   - HikariPool-1 - Shutdown completed.
26-06-09 11:26:43.901 [background-preinit] INFO  o.h.validator.internal.util.Version  - HV000001: Hibernate Validator 8.0.1.Final
26-06-09 11:26:43.965 [main] INFO  c.s.m.discodeit.DiscodeitApplication - Starting DiscodeitApplication using Java 17.0.17 with PID 20672 (C:\codeit\sprint_mission_3_base\build\classes\java\main started by HP in C:\codeit\sprint_mission_3_base)
26-06-09 11:26:43.966 [main] DEBUG c.s.m.discodeit.DiscodeitApplication - Running with Spring Boot v3.4.0, Spring v6.2.0
26-06-09 11:26:43.966 [main] INFO  c.s.m.discodeit.DiscodeitApplication - The following 1 profile is active: "dev"
26-06-09 11:26:45.535 [main] INFO  o.s.d.r.c.RepositoryConfigurationDelegate - Bootstrapping Spring Data JPA repositories in DEFAULT mode.
26-06-09 11:26:45.742 [main] INFO  o.s.d.r.c.RepositoryConfigurationDelegate - Finished Spring Data repository scanning in 194 ms. Found 6 JPA repository interfaces.
26-06-09 11:26:46.874 [main] INFO  o.s.b.w.e.tomcat.TomcatWebServer     - Tomcat initialized with port 8080 (http)
26-06-09 11:26:46.886 [main] INFO  o.a.coyote.http11.Http11NioProtocol  - Initializing ProtocolHandler ["http-nio-8080"]
26-06-09 11:26:46.888 [main] INFO  o.a.catalina.core.StandardService    - Starting service [Tomcat]
26-06-09 11:26:46.888 [main] INFO  o.a.catalina.core.StandardEngine     - Starting Servlet engine: [Apache Tomcat/10.1.33]
26-06-09 11:26:47.002 [main] INFO  o.a.c.c.C.[Tomcat].[localhost].[/]   - Initializing Spring embedded WebApplicationContext
26-06-09 11:26:47.002 [main] INFO  o.s.b.w.s.c.ServletWebServerApplicationContext - Root WebApplicationContext: initialization completed in 2965 ms
26-06-09 11:26:47.472 [main] INFO  o.h.jpa.internal.util.LogHelper      - HHH000204: Processing PersistenceUnitInfo [name: default]
26-06-09 11:26:47.543 [main] INFO  org.hibernate.Version                - HHH000412: Hibernate ORM core version 6.6.2.Final
26-06-09 11:26:47.587 [main] INFO  o.h.c.i.RegionFactoryInitiator       - HHH000026: Second-level cache disabled
26-06-09 11:26:47.952 [main] INFO  o.s.o.j.p.SpringPersistenceUnitInfo  - No LoadTimeWeaver setup: ignoring JPA class transformer
26-06-09 11:26:47.992 [main] INFO  com.zaxxer.hikari.HikariDataSource   - HikariPool-1 - Starting...
26-06-09 11:26:48.212 [main] INFO  com.zaxxer.hikari.pool.HikariPool    - HikariPool-1 - Added connection org.postgresql.jdbc.PgConnection@7be1e187
26-06-09 11:26:48.215 [main] INFO  com.zaxxer.hikari.HikariDataSource   - HikariPool-1 - Start completed.
26-06-09 11:26:48.254 [main] WARN  org.hibernate.orm.deprecation        - HHH90000025: PostgreSQLDialect does not need to be specified explicitly using 'hibernate.dialect' (remove the property setting and it will be selected by default)
26-06-09 11:26:48.280 [main] INFO  o.hibernate.orm.connections.pooling  - HHH10001005: Database info:
	Database JDBC URL [Connecting through datasource 'HikariDataSource (HikariPool-1)']
	Database driver: undefined/unknown
	Database version: 18.2
	Autocommit mode: undefined/unknown
	Isolation level: undefined/unknown
	Minimum pool size: undefined/unknown
	Maximum pool size: undefined/unknown
26-06-09 11:26:49.758 [main] INFO  o.h.e.t.j.p.i.JtaPlatformInitiator   - HHH000489: No JTA platform available (set 'hibernate.transaction.jta.platform' to enable JTA platform integration)
26-06-09 11:26:49.762 [main] INFO  o.s.o.j.LocalContainerEntityManagerFactoryBean - Initialized JPA EntityManagerFactory for persistence unit 'default'
26-06-09 11:26:50.405 [main] DEBUG c.s.m.discodeit.async.MDCFilter      - Filter 'MDCFilter' configured for use
26-06-09 11:26:50.405 [main] DEBUG c.s.m.d.jwt.JwtAuthenticationFilter  - Filter 'jwtAuthenticationFilter' configured for use
26-06-09 11:26:50.528 [main] DEBUG o.s.s.a.h.RoleHierarchyImpl          - setHierarchy() - The following role hierarchy was set: ROLE_ADMIN > ROLE_CHANNEL_MANAGER
ROLE_CHANNEL_MANAGER > ROLE_USER
26-06-09 11:26:50.528 [main] DEBUG o.s.s.a.h.RoleHierarchyImpl          - buildRolesReachableInOneStepMap() - From role ROLE_ADMIN one can reach role ROLE_CHANNEL_MANAGER in one step.
26-06-09 11:26:50.528 [main] DEBUG o.s.s.a.h.RoleHierarchyImpl          - buildRolesReachableInOneStepMap() - From role ROLE_CHANNEL_MANAGER one can reach role ROLE_USER in one step.
26-06-09 11:26:50.528 [main] DEBUG o.s.s.a.h.RoleHierarchyImpl          - buildRolesReachableInOneOrMoreStepsMap() - From role ROLE_ADMIN one can reach [ROLE_USER, ROLE_CHANNEL_MANAGER] in one or more steps.
26-06-09 11:26:50.528 [main] DEBUG o.s.s.a.h.RoleHierarchyImpl          - buildRolesReachableInOneOrMoreStepsMap() - From role ROLE_CHANNEL_MANAGER one can reach [ROLE_USER] in one or more steps.
26-06-09 11:26:51.582 [main] INFO  o.s.d.j.r.query.QueryEnhancerFactory - Hibernate is in classpath; If applicable, HQL parser will be used.
26-06-09 11:26:52.622 [main] WARN  o.s.b.a.o.j.JpaBaseConfiguration$JpaWebConfiguration - spring.jpa.open-in-view is enabled by default. Therefore, database queries may be performed during view rendering. Explicitly configure spring.jpa.open-in-view to disable this warning
26-06-09 11:26:52.675 [main] TRACE o.s.s.c.a.a.c.AuthenticationConfiguration$EnableGlobalAuthenticationAutowiredConfigurer - Eagerly initializing {securityConfig=com.sprint.mission.discodeit.common.config.SecurityConfig$$SpringCGLIB$$0@1e9d7366}
26-06-09 11:26:52.680 [main] INFO  o.s.s.c.a.a.c.InitializeUserDetailsBeanManagerConfigurer$InitializeUserDetailsManagerConfigurer - Global AuthenticationManager configured with UserDetailsService bean with name discodeitUserDetailsService
26-06-09 11:26:52.783 [main] INFO  o.s.b.a.w.s.WelcomePageHandlerMapping - Adding welcome page: class path resource [static/index.html]
26-06-09 11:26:53.228 [main] INFO  o.s.b.a.e.web.EndpointLinksResolver  - Exposing 5 endpoints beneath base path '/actuator'
26-06-09 11:26:53.390 [main] DEBUG o.s.s.web.DefaultSecurityFilterChain - Will secure any request with filters: DisableEncodeUrlFilter, WebAsyncManagerIntegrationFilter, SecurityContextHolderFilter, HeaderWriterFilter, CsrfFilter, LogoutFilter, JwtAuthenticationFilter, UsernamePasswordAuthenticationFilter, RequestCacheAwareFilter, SecurityContextHolderAwareRequestFilter, AnonymousAuthenticationFilter, SessionManagementFilter, ExceptionTranslationFilter, AuthorizationFilter
26-06-09 11:26:54.222 [main] INFO  o.a.coyote.http11.Http11NioProtocol  - Starting ProtocolHandler ["http-nio-8080"]
26-06-09 11:26:54.244 [main] INFO  o.s.b.w.e.tomcat.TomcatWebServer     - Tomcat started on port 8080 (http) with context path '/'
26-06-09 11:26:54.261 [main] INFO  c.s.m.discodeit.DiscodeitApplication - Started DiscodeitApplication in 10.999 seconds (process running for 11.78)
26-06-09 11:26:54.353 [main] DEBUG org.hibernate.SQL                    - 
    select
        u1_0.id 
    from
        users u1_0 
    where
        u1_0.role=? 
    fetch
        first ? rows only
26-06-09 11:26:54.360 [main] TRACE org.hibernate.orm.jdbc.bind          - binding parameter (1:VARCHAR) <- [ADMIN]
26-06-09 11:26:54.360 [main] TRACE org.hibernate.orm.jdbc.bind          - binding parameter (2:INTEGER) <- [1]
26-06-09 11:26:54.379 [main] TRACE org.hibernate.orm.jdbc.extract       - extracted value (1:UUID) -> [c9250cab-cae8-4509-8180-0da4b11066e8]
26-06-09 11:26:54.675 [RMI TCP Connection(3)-172.30.1.47] INFO  o.a.c.c.C.[Tomcat].[localhost].[/]   - Initializing Spring DispatcherServlet 'dispatcherServlet'
26-06-09 11:26:54.675 [RMI TCP Connection(3)-172.30.1.47] INFO  o.s.web.servlet.DispatcherServlet    - Initializing Servlet 'dispatcherServlet'
26-06-09 11:26:54.676 [RMI TCP Connection(3)-172.30.1.47] INFO  o.s.web.servlet.DispatcherServlet    - Completed initialization in 1 ms
26-06-09 11:27:04.451 [http-nio-8080-exec-1] TRACE o.s.security.web.FilterChainProxy    - Trying to match request against DefaultSecurityFilterChain defined as 'filterChain' in [class path resource [com/sprint/mission/discodeit/common/config/SecurityConfig.class]] matching [any request] and having filters [DisableEncodeUrl, WebAsyncManagerIntegration, SecurityContextHolder, HeaderWriter, Csrf, Logout, JwtAuthentication, UsernamePasswordAuthentication, RequestCacheAware, SecurityContextHolderAwareRequest, AnonymousAuthentication, SessionManagement, ExceptionTranslation, Authorization] (1/1)
26-06-09 11:27:04.452 [http-nio-8080-exec-1] DEBUG o.s.security.web.FilterChainProxy    - Securing GET /
26-06-09 11:27:04.454 [http-nio-8080-exec-1] TRACE o.s.security.web.FilterChainProxy    - Invoking DisableEncodeUrlFilter (1/14)
26-06-09 11:27:04.458 [http-nio-8080-exec-1] TRACE o.s.security.web.FilterChainProxy    - Invoking WebAsyncManagerIntegrationFilter (2/14)
26-06-09 11:27:04.460 [http-nio-8080-exec-1] TRACE o.s.security.web.FilterChainProxy    - Invoking SecurityContextHolderFilter (3/14)
26-06-09 11:27:04.461 [http-nio-8080-exec-1] TRACE o.s.security.web.FilterChainProxy    - Invoking HeaderWriterFilter (4/14)
26-06-09 11:27:04.462 [http-nio-8080-exec-1] TRACE o.s.security.web.FilterChainProxy    - Invoking CsrfFilter (5/14)
26-06-09 11:27:04.465 [http-nio-8080-exec-1] TRACE o.s.security.web.csrf.CsrfFilter     - Did not protect against CSRF since request did not match CsrfNotRequired [TRACE, HEAD, GET, OPTIONS]
26-06-09 11:27:04.466 [http-nio-8080-exec-1] TRACE o.s.security.web.FilterChainProxy    - Invoking LogoutFilter (6/14)
26-06-09 11:27:04.466 [http-nio-8080-exec-1] TRACE o.s.s.w.a.logout.LogoutFilter        - Did not match request to Ant [pattern='/api/auth/logout', POST]
26-06-09 11:27:04.466 [http-nio-8080-exec-1] TRACE o.s.security.web.FilterChainProxy    - Invoking JwtAuthenticationFilter (7/14)
26-06-09 11:27:04.466 [http-nio-8080-exec-1] TRACE o.s.security.web.FilterChainProxy    - Invoking UsernamePasswordAuthenticationFilter (8/14)
26-06-09 11:27:04.466 [http-nio-8080-exec-1] TRACE o.s.s.w.a.UsernamePasswordAuthenticationFilter - Did not match request to Ant [pattern='/api/auth/login', POST]
26-06-09 11:27:04.466 [http-nio-8080-exec-1] TRACE o.s.security.web.FilterChainProxy    - Invoking RequestCacheAwareFilter (9/14)
26-06-09 11:27:04.466 [http-nio-8080-exec-1] TRACE o.s.security.web.FilterChainProxy    - Invoking SecurityContextHolderAwareRequestFilter (10/14)
26-06-09 11:27:04.468 [http-nio-8080-exec-1] TRACE o.s.security.web.FilterChainProxy    - Invoking AnonymousAuthenticationFilter (11/14)
26-06-09 11:27:04.468 [http-nio-8080-exec-1] TRACE o.s.security.web.FilterChainProxy    - Invoking SessionManagementFilter (12/14)
26-06-09 11:27:04.468 [http-nio-8080-exec-1] TRACE o.s.s.w.c.SupplierDeferredSecurityContext - Created SecurityContextImpl [Null authentication]
26-06-09 11:27:04.469 [http-nio-8080-exec-1] TRACE o.s.s.w.a.AnonymousAuthenticationFilter - Set SecurityContextHolder to AnonymousAuthenticationToken [Principal=anonymousUser, Credentials=[PROTECTED], Authenticated=true, Details=WebAuthenticationDetails [RemoteIpAddress=0:0:0:0:0:0:0:1, SessionId=null], Granted Authorities=[ROLE_ANONYMOUS]]
26-06-09 11:27:04.470 [http-nio-8080-exec-1] TRACE o.s.security.web.FilterChainProxy    - Invoking ExceptionTranslationFilter (13/14)
26-06-09 11:27:04.470 [http-nio-8080-exec-1] TRACE o.s.security.web.FilterChainProxy    - Invoking AuthorizationFilter (14/14)
26-06-09 11:27:04.471 [http-nio-8080-exec-1] TRACE o.s.s.w.a.i.RequestMatcherDelegatingAuthorizationManager - Authorizing GET /
26-06-09 11:27:04.472 [http-nio-8080-exec-1] TRACE o.s.s.w.a.i.RequestMatcherDelegatingAuthorizationManager - Checking authorization on GET / using org.springframework.security.config.annotation.web.configurers.AuthorizeHttpRequestsConfigurer$$Lambda$2085/0x0000021d16d3c338@4d397052
26-06-09 11:27:04.474 [http-nio-8080-exec-1] DEBUG o.s.security.web.FilterChainProxy    - Secured GET /
26-06-09 11:27:04.505 [http-nio-8080-exec-1] TRACE o.s.security.web.FilterChainProxy    - Trying to match request against DefaultSecurityFilterChain defined as 'filterChain' in [class path resource [com/sprint/mission/discodeit/common/config/SecurityConfig.class]] matching [any request] and having filters [DisableEncodeUrl, WebAsyncManagerIntegration, SecurityContextHolder, HeaderWriter, Csrf, Logout, JwtAuthentication, UsernamePasswordAuthentication, RequestCacheAware, SecurityContextHolderAwareRequest, AnonymousAuthentication, SessionManagement, ExceptionTranslation, Authorization] (1/1)
26-06-09 11:27:04.505 [http-nio-8080-exec-1] DEBUG o.s.security.web.FilterChainProxy    - Securing GET /index.html
26-06-09 11:27:04.505 [http-nio-8080-exec-1] TRACE o.s.security.web.FilterChainProxy    - Invoking DisableEncodeUrlFilter (1/14)
26-06-09 11:27:04.505 [http-nio-8080-exec-1] TRACE o.s.security.web.FilterChainProxy    - Invoking WebAsyncManagerIntegrationFilter (2/14)
26-06-09 11:27:04.505 [http-nio-8080-exec-1] TRACE o.s.security.web.FilterChainProxy    - Invoking SecurityContextHolderFilter (3/14)
26-06-09 11:27:04.505 [http-nio-8080-exec-1] TRACE o.s.security.web.FilterChainProxy    - Invoking HeaderWriterFilter (4/14)
26-06-09 11:27:04.505 [http-nio-8080-exec-1] TRACE o.s.security.web.FilterChainProxy    - Invoking CsrfFilter (5/14)
26-06-09 11:27:04.506 [http-nio-8080-exec-1] TRACE o.s.security.web.FilterChainProxy    - Invoking LogoutFilter (6/14)
26-06-09 11:27:04.506 [http-nio-8080-exec-1] TRACE o.s.s.w.a.logout.LogoutFilter        - Did not match request to Ant [pattern='/api/auth/logout', POST]
26-06-09 11:27:04.506 [http-nio-8080-exec-1] TRACE o.s.security.web.FilterChainProxy    - Invoking JwtAuthenticationFilter (7/14)
26-06-09 11:27:04.506 [http-nio-8080-exec-1] TRACE o.s.security.web.FilterChainProxy    - Invoking UsernamePasswordAuthenticationFilter (8/14)
26-06-09 11:27:04.506 [http-nio-8080-exec-1] TRACE o.s.s.w.a.UsernamePasswordAuthenticationFilter - Did not match request to Ant [pattern='/api/auth/login', POST]
26-06-09 11:27:04.506 [http-nio-8080-exec-1] TRACE o.s.security.web.FilterChainProxy    - Invoking RequestCacheAwareFilter (9/14)
26-06-09 11:27:04.506 [http-nio-8080-exec-1] TRACE o.s.security.web.FilterChainProxy    - Invoking SecurityContextHolderAwareRequestFilter (10/14)
26-06-09 11:27:04.506 [http-nio-8080-exec-1] TRACE o.s.security.web.FilterChainProxy    - Invoking AnonymousAuthenticationFilter (11/14)
26-06-09 11:27:04.506 [http-nio-8080-exec-1] TRACE o.s.security.web.FilterChainProxy    - Invoking SessionManagementFilter (12/14)
26-06-09 11:27:04.507 [http-nio-8080-exec-1] TRACE o.s.security.web.FilterChainProxy    - Invoking ExceptionTranslationFilter (13/14)
26-06-09 11:27:04.507 [http-nio-8080-exec-1] TRACE o.s.security.web.FilterChainProxy    - Invoking AuthorizationFilter (14/14)
26-06-09 11:27:04.507 [http-nio-8080-exec-1] TRACE o.s.s.w.a.i.RequestMatcherDelegatingAuthorizationManager - Authorizing GET /index.html
26-06-09 11:27:04.507 [http-nio-8080-exec-1] TRACE o.s.s.w.a.i.RequestMatcherDelegatingAuthorizationManager - Checking authorization on GET /index.html using org.springframework.security.config.annotation.web.configurers.AuthorizeHttpRequestsConfigurer$$Lambda$2085/0x0000021d16d3c338@4d397052
26-06-09 11:27:04.508 [http-nio-8080-exec-1] DEBUG o.s.security.web.FilterChainProxy    - Secured GET /index.html
26-06-09 11:27:04.518 [http-nio-8080-exec-1] TRACE o.s.s.w.h.writers.HstsHeaderWriter   - Not injecting HSTS header since it did not match request to [Is Secure]
26-06-09 11:27:04.520 [http-nio-8080-exec-1] TRACE o.s.s.w.a.AnonymousAuthenticationFilter - Did not set SecurityContextHolder since already authenticated AnonymousAuthenticationToken [Principal=anonymousUser, Credentials=[PROTECTED], Authenticated=true, Details=WebAuthenticationDetails [RemoteIpAddress=0:0:0:0:0:0:0:1, SessionId=null], Granted Authorities=[ROLE_ANONYMOUS]]
26-06-09 11:27:04.579 [http-nio-8080-exec-3] TRACE o.s.security.web.FilterChainProxy    - Trying to match request against DefaultSecurityFilterChain defined as 'filterChain' in [class path resource [com/sprint/mission/discodeit/common/config/SecurityConfig.class]] matching [any request] and having filters [DisableEncodeUrl, WebAsyncManagerIntegration, SecurityContextHolder, HeaderWriter, Csrf, Logout, JwtAuthentication, UsernamePasswordAuthentication, RequestCacheAware, SecurityContextHolderAwareRequest, AnonymousAuthentication, SessionManagement, ExceptionTranslation, Authorization] (1/1)
26-06-09 11:27:04.579 [http-nio-8080-exec-3] DEBUG o.s.security.web.FilterChainProxy    - Securing GET /assets/index-kQJbKSsj.css
26-06-09 11:27:04.579 [http-nio-8080-exec-2] TRACE o.s.security.web.FilterChainProxy    - Trying to match request against DefaultSecurityFilterChain defined as 'filterChain' in [class path resource [com/sprint/mission/discodeit/common/config/SecurityConfig.class]] matching [any request] and having filters [DisableEncodeUrl, WebAsyncManagerIntegration, SecurityContextHolder, HeaderWriter, Csrf, Logout, JwtAuthentication, UsernamePasswordAuthentication, RequestCacheAware, SecurityContextHolderAwareRequest, AnonymousAuthentication, SessionManagement, ExceptionTranslation, Authorization] (1/1)
26-06-09 11:27:04.579 [http-nio-8080-exec-3] TRACE o.s.security.web.FilterChainProxy    - Invoking DisableEncodeUrlFilter (1/14)
26-06-09 11:27:04.579 [http-nio-8080-exec-2] DEBUG o.s.security.web.FilterChainProxy    - Securing GET /assets/index-DB4IjbRs.js
26-06-09 11:27:04.579 [http-nio-8080-exec-2] TRACE o.s.security.web.FilterChainProxy    - Invoking DisableEncodeUrlFilter (1/14)
26-06-09 11:27:04.579 [http-nio-8080-exec-3] TRACE o.s.security.web.FilterChainProxy    - Invoking WebAsyncManagerIntegrationFilter (2/14)
26-06-09 11:27:04.579 [http-nio-8080-exec-2] TRACE o.s.security.web.FilterChainProxy    - Invoking WebAsyncManagerIntegrationFilter (2/14)
26-06-09 11:27:04.580 [http-nio-8080-exec-3] TRACE o.s.security.web.FilterChainProxy    - Invoking SecurityContextHolderFilter (3/14)
26-06-09 11:27:04.580 [http-nio-8080-exec-2] TRACE o.s.security.web.FilterChainProxy    - Invoking SecurityContextHolderFilter (3/14)
26-06-09 11:27:04.580 [http-nio-8080-exec-3] TRACE o.s.security.web.FilterChainProxy    - Invoking HeaderWriterFilter (4/14)
26-06-09 11:27:04.580 [http-nio-8080-exec-2] TRACE o.s.security.web.FilterChainProxy    - Invoking HeaderWriterFilter (4/14)
26-06-09 11:27:04.580 [http-nio-8080-exec-3] TRACE o.s.security.web.FilterChainProxy    - Invoking CsrfFilter (5/14)
26-06-09 11:27:04.580 [http-nio-8080-exec-2] TRACE o.s.security.web.FilterChainProxy    - Invoking CsrfFilter (5/14)
26-06-09 11:27:04.580 [http-nio-8080-exec-3] TRACE o.s.security.web.csrf.CsrfFilter     - Did not protect against CSRF since request did not match CsrfNotRequired [TRACE, HEAD, GET, OPTIONS]
26-06-09 11:27:04.580 [http-nio-8080-exec-2] TRACE o.s.security.web.csrf.CsrfFilter     - Did not protect against CSRF since request did not match CsrfNotRequired [TRACE, HEAD, GET, OPTIONS]
26-06-09 11:27:04.580 [http-nio-8080-exec-3] TRACE o.s.security.web.FilterChainProxy    - Invoking LogoutFilter (6/14)
26-06-09 11:27:04.580 [http-nio-8080-exec-2] TRACE o.s.security.web.FilterChainProxy    - Invoking LogoutFilter (6/14)
26-06-09 11:27:04.580 [http-nio-8080-exec-3] TRACE o.s.s.w.a.logout.LogoutFilter        - Did not match request to Ant [pattern='/api/auth/logout', POST]
26-06-09 11:27:04.580 [http-nio-8080-exec-2] TRACE o.s.s.w.a.logout.LogoutFilter        - Did not match request to Ant [pattern='/api/auth/logout', POST]
26-06-09 11:27:04.580 [http-nio-8080-exec-3] TRACE o.s.security.web.FilterChainProxy    - Invoking JwtAuthenticationFilter (7/14)
26-06-09 11:27:04.581 [http-nio-8080-exec-2] TRACE o.s.security.web.FilterChainProxy    - Invoking JwtAuthenticationFilter (7/14)
26-06-09 11:27:04.581 [http-nio-8080-exec-3] TRACE o.s.security.web.FilterChainProxy    - Invoking UsernamePasswordAuthenticationFilter (8/14)
26-06-09 11:27:04.581 [http-nio-8080-exec-2] TRACE o.s.security.web.FilterChainProxy    - Invoking UsernamePasswordAuthenticationFilter (8/14)
26-06-09 11:27:04.581 [http-nio-8080-exec-3] TRACE o.s.s.w.a.UsernamePasswordAuthenticationFilter - Did not match request to Ant [pattern='/api/auth/login', POST]
26-06-09 11:27:04.581 [http-nio-8080-exec-2] TRACE o.s.s.w.a.UsernamePasswordAuthenticationFilter - Did not match request to Ant [pattern='/api/auth/login', POST]
26-06-09 11:27:04.581 [http-nio-8080-exec-3] TRACE o.s.security.web.FilterChainProxy    - Invoking RequestCacheAwareFilter (9/14)
26-06-09 11:27:04.581 [http-nio-8080-exec-2] TRACE o.s.security.web.FilterChainProxy    - Invoking RequestCacheAwareFilter (9/14)
26-06-09 11:27:04.581 [http-nio-8080-exec-3] TRACE o.s.security.web.FilterChainProxy    - Invoking SecurityContextHolderAwareRequestFilter (10/14)
26-06-09 11:27:04.581 [http-nio-8080-exec-2] TRACE o.s.security.web.FilterChainProxy    - Invoking SecurityContextHolderAwareRequestFilter (10/14)
26-06-09 11:27:04.581 [http-nio-8080-exec-3] TRACE o.s.security.web.FilterChainProxy    - Invoking AnonymousAuthenticationFilter (11/14)
26-06-09 11:27:04.581 [http-nio-8080-exec-2] TRACE o.s.security.web.FilterChainProxy    - Invoking AnonymousAuthenticationFilter (11/14)
26-06-09 11:27:04.581 [http-nio-8080-exec-3] TRACE o.s.security.web.FilterChainProxy    - Invoking SessionManagementFilter (12/14)
26-06-09 11:27:04.581 [http-nio-8080-exec-2] TRACE o.s.security.web.FilterChainProxy    - Invoking SessionManagementFilter (12/14)
26-06-09 11:27:04.581 [http-nio-8080-exec-3] TRACE o.s.s.w.c.SupplierDeferredSecurityContext - Created SecurityContextImpl [Null authentication]
26-06-09 11:27:04.582 [http-nio-8080-exec-2] TRACE o.s.s.w.c.SupplierDeferredSecurityContext - Created SecurityContextImpl [Null authentication]
26-06-09 11:27:04.582 [http-nio-8080-exec-3] TRACE o.s.s.w.a.AnonymousAuthenticationFilter - Set SecurityContextHolder to AnonymousAuthenticationToken [Principal=anonymousUser, Credentials=[PROTECTED], Authenticated=true, Details=WebAuthenticationDetails [RemoteIpAddress=0:0:0:0:0:0:0:1, SessionId=null], Granted Authorities=[ROLE_ANONYMOUS]]
26-06-09 11:27:04.582 [http-nio-8080-exec-2] TRACE o.s.s.w.a.AnonymousAuthenticationFilter - Set SecurityContextHolder to AnonymousAuthenticationToken [Principal=anonymousUser, Credentials=[PROTECTED], Authenticated=true, Details=WebAuthenticationDetails [RemoteIpAddress=0:0:0:0:0:0:0:1, SessionId=null], Granted Authorities=[ROLE_ANONYMOUS]]
26-06-09 11:27:04.582 [http-nio-8080-exec-3] TRACE o.s.security.web.FilterChainProxy    - Invoking ExceptionTranslationFilter (13/14)
26-06-09 11:27:04.582 [http-nio-8080-exec-2] TRACE o.s.security.web.FilterChainProxy    - Invoking ExceptionTranslationFilter (13/14)
26-06-09 11:27:04.582 [http-nio-8080-exec-3] TRACE o.s.security.web.FilterChainProxy    - Invoking AuthorizationFilter (14/14)
26-06-09 11:27:04.582 [http-nio-8080-exec-2] TRACE o.s.security.web.FilterChainProxy    - Invoking AuthorizationFilter (14/14)
26-06-09 11:27:04.582 [http-nio-8080-exec-2] TRACE o.s.s.w.a.i.RequestMatcherDelegatingAuthorizationManager - Authorizing GET /assets/index-DB4IjbRs.js
26-06-09 11:27:04.582 [http-nio-8080-exec-3] TRACE o.s.s.w.a.i.RequestMatcherDelegatingAuthorizationManager - Authorizing GET /assets/index-kQJbKSsj.css
26-06-09 11:27:04.583 [http-nio-8080-exec-3] TRACE o.s.s.w.a.i.RequestMatcherDelegatingAuthorizationManager - Checking authorization on GET /assets/index-kQJbKSsj.css using org.springframework.security.config.annotation.web.configurers.AuthorizeHttpRequestsConfigurer$$Lambda$2085/0x0000021d16d3c338@4d397052
26-06-09 11:27:04.583 [http-nio-8080-exec-2] TRACE o.s.s.w.a.i.RequestMatcherDelegatingAuthorizationManager - Checking authorization on GET /assets/index-DB4IjbRs.js using org.springframework.security.config.annotation.web.configurers.AuthorizeHttpRequestsConfigurer$$Lambda$2085/0x0000021d16d3c338@4d397052
26-06-09 11:27:04.583 [http-nio-8080-exec-3] DEBUG o.s.security.web.FilterChainProxy    - Secured GET /assets/index-kQJbKSsj.css
26-06-09 11:27:04.583 [http-nio-8080-exec-2] DEBUG o.s.security.web.FilterChainProxy    - Secured GET /assets/index-DB4IjbRs.js
26-06-09 11:27:04.599 [http-nio-8080-exec-3] TRACE o.s.s.w.h.writers.HstsHeaderWriter   - Not injecting HSTS header since it did not match request to [Is Secure]
26-06-09 11:27:04.599 [http-nio-8080-exec-2] TRACE o.s.s.w.h.writers.HstsHeaderWriter   - Not injecting HSTS header since it did not match request to [Is Secure]
26-06-09 11:27:04.636 [http-nio-8080-exec-4] TRACE o.s.security.web.FilterChainProxy    - Trying to match request against DefaultSecurityFilterChain defined as 'filterChain' in [class path resource [com/sprint/mission/discodeit/common/config/SecurityConfig.class]] matching [any request] and having filters [DisableEncodeUrl, WebAsyncManagerIntegration, SecurityContextHolder, HeaderWriter, Csrf, Logout, JwtAuthentication, UsernamePasswordAuthentication, RequestCacheAware, SecurityContextHolderAwareRequest, AnonymousAuthentication, SessionManagement, ExceptionTranslation, Authorization] (1/1)
26-06-09 11:27:04.636 [http-nio-8080-exec-5] TRACE o.s.security.web.FilterChainProxy    - Trying to match request against DefaultSecurityFilterChain defined as 'filterChain' in [class path resource [com/sprint/mission/discodeit/common/config/SecurityConfig.class]] matching [any request] and having filters [DisableEncodeUrl, WebAsyncManagerIntegration, SecurityContextHolder, HeaderWriter, Csrf, Logout, JwtAuthentication, UsernamePasswordAuthentication, RequestCacheAware, SecurityContextHolderAwareRequest, AnonymousAuthentication, SessionManagement, ExceptionTranslation, Authorization] (1/1)
26-06-09 11:27:04.637 [http-nio-8080-exec-4] DEBUG o.s.security.web.FilterChainProxy    - Securing GET /api/auth/csrf-token
26-06-09 11:27:04.637 [http-nio-8080-exec-5] DEBUG o.s.security.web.FilterChainProxy    - Securing POST /api/auth/refresh
26-06-09 11:27:04.637 [http-nio-8080-exec-4] TRACE o.s.security.web.FilterChainProxy    - Invoking DisableEncodeUrlFilter (1/14)
26-06-09 11:27:04.637 [http-nio-8080-exec-5] TRACE o.s.security.web.FilterChainProxy    - Invoking DisableEncodeUrlFilter (1/14)
26-06-09 11:27:04.637 [http-nio-8080-exec-5] TRACE o.s.security.web.FilterChainProxy    - Invoking WebAsyncManagerIntegrationFilter (2/14)
26-06-09 11:27:04.637 [http-nio-8080-exec-4] TRACE o.s.security.web.FilterChainProxy    - Invoking WebAsyncManagerIntegrationFilter (2/14)
26-06-09 11:27:04.637 [http-nio-8080-exec-5] TRACE o.s.security.web.FilterChainProxy    - Invoking SecurityContextHolderFilter (3/14)
26-06-09 11:27:04.637 [http-nio-8080-exec-4] TRACE o.s.security.web.FilterChainProxy    - Invoking SecurityContextHolderFilter (3/14)
26-06-09 11:27:04.637 [http-nio-8080-exec-5] TRACE o.s.security.web.FilterChainProxy    - Invoking HeaderWriterFilter (4/14)
26-06-09 11:27:04.637 [http-nio-8080-exec-4] TRACE o.s.security.web.FilterChainProxy    - Invoking HeaderWriterFilter (4/14)
26-06-09 11:27:04.638 [http-nio-8080-exec-5] TRACE o.s.security.web.FilterChainProxy    - Invoking CsrfFilter (5/14)
26-06-09 11:27:04.638 [http-nio-8080-exec-4] TRACE o.s.security.web.FilterChainProxy    - Invoking CsrfFilter (5/14)
26-06-09 11:27:04.638 [http-nio-8080-exec-4] TRACE o.s.security.web.csrf.CsrfFilter     - Did not protect against CSRF since request did not match CsrfNotRequired [TRACE, HEAD, GET, OPTIONS]
26-06-09 11:27:04.638 [http-nio-8080-exec-4] TRACE o.s.security.web.FilterChainProxy    - Invoking LogoutFilter (6/14)
26-06-09 11:27:04.638 [http-nio-8080-exec-4] TRACE o.s.s.w.a.logout.LogoutFilter        - Did not match request to Ant [pattern='/api/auth/logout', POST]
26-06-09 11:27:04.638 [http-nio-8080-exec-4] TRACE o.s.security.web.FilterChainProxy    - Invoking JwtAuthenticationFilter (7/14)
26-06-09 11:27:04.638 [http-nio-8080-exec-4] TRACE o.s.security.web.FilterChainProxy    - Invoking UsernamePasswordAuthenticationFilter (8/14)
26-06-09 11:27:04.638 [http-nio-8080-exec-4] TRACE o.s.s.w.a.UsernamePasswordAuthenticationFilter - Did not match request to Ant [pattern='/api/auth/login', POST]
26-06-09 11:27:04.638 [http-nio-8080-exec-4] TRACE o.s.security.web.FilterChainProxy    - Invoking RequestCacheAwareFilter (9/14)
26-06-09 11:27:04.639 [http-nio-8080-exec-4] TRACE o.s.security.web.FilterChainProxy    - Invoking SecurityContextHolderAwareRequestFilter (10/14)
26-06-09 11:27:04.639 [http-nio-8080-exec-5] TRACE o.s.security.web.FilterChainProxy    - Invoking LogoutFilter (6/14)
26-06-09 11:27:04.639 [http-nio-8080-exec-4] TRACE o.s.security.web.FilterChainProxy    - Invoking AnonymousAuthenticationFilter (11/14)
26-06-09 11:27:04.639 [http-nio-8080-exec-5] TRACE o.s.s.w.a.logout.LogoutFilter        - Did not match request to Ant [pattern='/api/auth/logout', POST]
26-06-09 11:27:04.639 [http-nio-8080-exec-5] TRACE o.s.security.web.FilterChainProxy    - Invoking JwtAuthenticationFilter (7/14)
26-06-09 11:27:04.639 [http-nio-8080-exec-4] TRACE o.s.security.web.FilterChainProxy    - Invoking SessionManagementFilter (12/14)
26-06-09 11:27:04.639 [http-nio-8080-exec-4] TRACE o.s.s.w.c.SupplierDeferredSecurityContext - Created SecurityContextImpl [Null authentication]
26-06-09 11:27:04.639 [http-nio-8080-exec-5] TRACE o.s.security.web.FilterChainProxy    - Invoking UsernamePasswordAuthenticationFilter (8/14)
26-06-09 11:27:04.639 [http-nio-8080-exec-4] TRACE o.s.s.w.a.AnonymousAuthenticationFilter - Set SecurityContextHolder to AnonymousAuthenticationToken [Principal=anonymousUser, Credentials=[PROTECTED], Authenticated=true, Details=WebAuthenticationDetails [RemoteIpAddress=0:0:0:0:0:0:0:1, SessionId=null], Granted Authorities=[ROLE_ANONYMOUS]]
26-06-09 11:27:04.639 [http-nio-8080-exec-5] TRACE o.s.s.w.a.UsernamePasswordAuthenticationFilter - Did not match request to Ant [pattern='/api/auth/login', POST]
26-06-09 11:27:04.639 [http-nio-8080-exec-4] TRACE o.s.security.web.FilterChainProxy    - Invoking ExceptionTranslationFilter (13/14)
26-06-09 11:27:04.639 [http-nio-8080-exec-5] TRACE o.s.security.web.FilterChainProxy    - Invoking RequestCacheAwareFilter (9/14)
26-06-09 11:27:04.639 [http-nio-8080-exec-4] TRACE o.s.security.web.FilterChainProxy    - Invoking AuthorizationFilter (14/14)
26-06-09 11:27:04.639 [http-nio-8080-exec-5] TRACE o.s.security.web.FilterChainProxy    - Invoking SecurityContextHolderAwareRequestFilter (10/14)
26-06-09 11:27:04.639 [http-nio-8080-exec-5] TRACE o.s.security.web.FilterChainProxy    - Invoking AnonymousAuthenticationFilter (11/14)
26-06-09 11:27:04.639 [http-nio-8080-exec-4] TRACE o.s.s.w.a.i.RequestMatcherDelegatingAuthorizationManager - Authorizing GET /api/auth/csrf-token
26-06-09 11:27:04.639 [http-nio-8080-exec-5] TRACE o.s.security.web.FilterChainProxy    - Invoking SessionManagementFilter (12/14)
26-06-09 11:27:04.640 [http-nio-8080-exec-4] TRACE o.s.s.w.a.i.RequestMatcherDelegatingAuthorizationManager - Checking authorization on GET /api/auth/csrf-token using org.springframework.security.config.annotation.web.configurers.AuthorizeHttpRequestsConfigurer$$Lambda$2085/0x0000021d16d3c338@4d397052
26-06-09 11:27:04.640 [http-nio-8080-exec-5] TRACE o.s.s.w.c.SupplierDeferredSecurityContext - Created SecurityContextImpl [Null authentication]
26-06-09 11:27:04.640 [http-nio-8080-exec-5] TRACE o.s.s.w.a.AnonymousAuthenticationFilter - Set SecurityContextHolder to AnonymousAuthenticationToken [Principal=anonymousUser, Credentials=[PROTECTED], Authenticated=true, Details=WebAuthenticationDetails [RemoteIpAddress=0:0:0:0:0:0:0:1, SessionId=null], Granted Authorities=[ROLE_ANONYMOUS]]
26-06-09 11:27:04.641 [http-nio-8080-exec-5] TRACE o.s.security.web.FilterChainProxy    - Invoking ExceptionTranslationFilter (13/14)
26-06-09 11:27:04.641 [http-nio-8080-exec-4] DEBUG o.s.security.web.FilterChainProxy    - Secured GET /api/auth/csrf-token
26-06-09 11:27:04.641 [http-nio-8080-exec-5] TRACE o.s.security.web.FilterChainProxy    - Invoking AuthorizationFilter (14/14)
26-06-09 11:27:04.641 [http-nio-8080-exec-5] TRACE o.s.s.w.a.i.RequestMatcherDelegatingAuthorizationManager - Authorizing POST /api/auth/refresh
26-06-09 11:27:04.641 [http-nio-8080-exec-5] TRACE o.s.s.w.a.i.RequestMatcherDelegatingAuthorizationManager - Checking authorization on POST /api/auth/refresh using org.springframework.security.config.annotation.web.configurers.AuthorizeHttpRequestsConfigurer$$Lambda$2085/0x0000021d16d3c338@4d397052
26-06-09 11:27:04.641 [http-nio-8080-exec-5] DEBUG o.s.security.web.FilterChainProxy    - Secured POST /api/auth/refresh
26-06-09 11:27:04.654 [http-nio-8080-exec-4] DEBUG c.s.m.d.a.controller.AuthController  - CSRF 토큰 요청: AU9_00ld-CXgmiQi6seUrPcAc7WGASS9dk7UIaTfG9afxvftYC1GsCtvzxbNqEYR2uqgz8cxXo3iYhyQQX3hEca7KuOt_pXe
26-06-09 11:27:04.662 [http-nio-8080-exec-5] WARN  c.s.m.d.c.e.GlobalExceptionHandler   - 토큰 오류: 유효하지 않은 토큰입니다.
26-06-09 11:27:04.664 [http-nio-8080-exec-4] TRACE o.s.s.w.h.writers.HstsHeaderWriter   - Not injecting HSTS header since it did not match request to [Is Secure]
26-06-09 11:27:04.680 [http-nio-8080-exec-5] TRACE o.s.s.w.h.writers.HstsHeaderWriter   - Not injecting HSTS header since it did not match request to [Is Secure]
26-06-09 11:27:06.187 [http-nio-8080-exec-6] TRACE o.s.security.web.FilterChainProxy    - Trying to match request against DefaultSecurityFilterChain defined as 'filterChain' in [class path resource [com/sprint/mission/discodeit/common/config/SecurityConfig.class]] matching [any request] and having filters [DisableEncodeUrl, WebAsyncManagerIntegration, SecurityContextHolder, HeaderWriter, Csrf, Logout, JwtAuthentication, UsernamePasswordAuthentication, RequestCacheAware, SecurityContextHolderAwareRequest, AnonymousAuthentication, SessionManagement, ExceptionTranslation, Authorization] (1/1)
26-06-09 11:27:06.187 [http-nio-8080-exec-6] DEBUG o.s.security.web.FilterChainProxy    - Securing GET /swagger-ui/index.html
26-06-09 11:27:06.187 [http-nio-8080-exec-6] TRACE o.s.security.web.FilterChainProxy    - Invoking DisableEncodeUrlFilter (1/14)
26-06-09 11:27:06.187 [http-nio-8080-exec-6] TRACE o.s.security.web.FilterChainProxy    - Invoking WebAsyncManagerIntegrationFilter (2/14)
26-06-09 11:27:06.188 [http-nio-8080-exec-6] TRACE o.s.security.web.FilterChainProxy    - Invoking SecurityContextHolderFilter (3/14)
26-06-09 11:27:06.188 [http-nio-8080-exec-6] TRACE o.s.security.web.FilterChainProxy    - Invoking HeaderWriterFilter (4/14)
26-06-09 11:27:06.188 [http-nio-8080-exec-6] TRACE o.s.security.web.FilterChainProxy    - Invoking CsrfFilter (5/14)
26-06-09 11:27:06.188 [http-nio-8080-exec-6] TRACE o.s.security.web.csrf.CsrfFilter     - Did not protect against CSRF since request did not match CsrfNotRequired [TRACE, HEAD, GET, OPTIONS]
26-06-09 11:27:06.188 [http-nio-8080-exec-6] TRACE o.s.security.web.FilterChainProxy    - Invoking LogoutFilter (6/14)
26-06-09 11:27:06.188 [http-nio-8080-exec-6] TRACE o.s.s.w.a.logout.LogoutFilter        - Did not match request to Ant [pattern='/api/auth/logout', POST]
26-06-09 11:27:06.188 [http-nio-8080-exec-6] TRACE o.s.security.web.FilterChainProxy    - Invoking JwtAuthenticationFilter (7/14)
26-06-09 11:27:06.188 [http-nio-8080-exec-6] TRACE o.s.security.web.FilterChainProxy    - Invoking UsernamePasswordAuthenticationFilter (8/14)
26-06-09 11:27:06.188 [http-nio-8080-exec-6] TRACE o.s.s.w.a.UsernamePasswordAuthenticationFilter - Did not match request to Ant [pattern='/api/auth/login', POST]
26-06-09 11:27:06.188 [http-nio-8080-exec-6] TRACE o.s.security.web.FilterChainProxy    - Invoking RequestCacheAwareFilter (9/14)
26-06-09 11:27:06.188 [http-nio-8080-exec-6] TRACE o.s.security.web.FilterChainProxy    - Invoking SecurityContextHolderAwareRequestFilter (10/14)
26-06-09 11:27:06.188 [http-nio-8080-exec-6] TRACE o.s.security.web.FilterChainProxy    - Invoking AnonymousAuthenticationFilter (11/14)
26-06-09 11:27:06.190 [http-nio-8080-exec-6] TRACE o.s.security.web.FilterChainProxy    - Invoking SessionManagementFilter (12/14)
26-06-09 11:27:06.190 [http-nio-8080-exec-6] TRACE o.s.s.w.c.SupplierDeferredSecurityContext - Created SecurityContextImpl [Null authentication]
26-06-09 11:27:06.190 [http-nio-8080-exec-6] TRACE o.s.s.w.a.AnonymousAuthenticationFilter - Set SecurityContextHolder to AnonymousAuthenticationToken [Principal=anonymousUser, Credentials=[PROTECTED], Authenticated=true, Details=WebAuthenticationDetails [RemoteIpAddress=0:0:0:0:0:0:0:1, SessionId=null], Granted Authorities=[ROLE_ANONYMOUS]]
26-06-09 11:27:06.190 [http-nio-8080-exec-6] TRACE o.s.security.web.FilterChainProxy    - Invoking ExceptionTranslationFilter (13/14)
26-06-09 11:27:06.190 [http-nio-8080-exec-6] TRACE o.s.security.web.FilterChainProxy    - Invoking AuthorizationFilter (14/14)
26-06-09 11:27:06.190 [http-nio-8080-exec-6] TRACE o.s.s.w.a.i.RequestMatcherDelegatingAuthorizationManager - Authorizing GET /swagger-ui/index.html
26-06-09 11:27:06.191 [http-nio-8080-exec-6] TRACE o.s.s.w.a.i.RequestMatcherDelegatingAuthorizationManager - Checking authorization on GET /swagger-ui/index.html using org.springframework.security.config.annotation.web.configurers.AuthorizeHttpRequestsConfigurer$$Lambda$2085/0x0000021d16d3c338@4d397052
26-06-09 11:27:06.191 [http-nio-8080-exec-6] DEBUG o.s.security.web.FilterChainProxy    - Secured GET /swagger-ui/index.html
26-06-09 11:27:06.208 [http-nio-8080-exec-6] TRACE o.s.s.w.h.writers.HstsHeaderWriter   - Not injecting HSTS header since it did not match request to [Is Secure]
26-06-09 11:27:06.236 [http-nio-8080-exec-8] TRACE o.s.security.web.FilterChainProxy    - Trying to match request against DefaultSecurityFilterChain defined as 'filterChain' in [class path resource [com/sprint/mission/discodeit/common/config/SecurityConfig.class]] matching [any request] and having filters [DisableEncodeUrl, WebAsyncManagerIntegration, SecurityContextHolder, HeaderWriter, Csrf, Logout, JwtAuthentication, UsernamePasswordAuthentication, RequestCacheAware, SecurityContextHolderAwareRequest, AnonymousAuthentication, SessionManagement, ExceptionTranslation, Authorization] (1/1)
26-06-09 11:27:06.236 [http-nio-8080-exec-7] TRACE o.s.security.web.FilterChainProxy    - Trying to match request against DefaultSecurityFilterChain defined as 'filterChain' in [class path resource [com/sprint/mission/discodeit/common/config/SecurityConfig.class]] matching [any request] and having filters [DisableEncodeUrl, WebAsyncManagerIntegration, SecurityContextHolder, HeaderWriter, Csrf, Logout, JwtAuthentication, UsernamePasswordAuthentication, RequestCacheAware, SecurityContextHolderAwareRequest, AnonymousAuthentication, SessionManagement, ExceptionTranslation, Authorization] (1/1)
26-06-09 11:27:06.237 [http-nio-8080-exec-8] DEBUG o.s.security.web.FilterChainProxy    - Securing GET /swagger-ui/index.css
26-06-09 11:27:06.237 [http-nio-8080-exec-7] DEBUG o.s.security.web.FilterChainProxy    - Securing GET /swagger-ui/swagger-ui.css
26-06-09 11:27:06.237 [http-nio-8080-exec-7] TRACE o.s.security.web.FilterChainProxy    - Invoking DisableEncodeUrlFilter (1/14)
26-06-09 11:27:06.237 [http-nio-8080-exec-8] TRACE o.s.security.web.FilterChainProxy    - Invoking DisableEncodeUrlFilter (1/14)
26-06-09 11:27:06.237 [http-nio-8080-exec-7] TRACE o.s.security.web.FilterChainProxy    - Invoking WebAsyncManagerIntegrationFilter (2/14)
26-06-09 11:27:06.237 [http-nio-8080-exec-7] TRACE o.s.security.web.FilterChainProxy    - Invoking SecurityContextHolderFilter (3/14)
26-06-09 11:27:06.237 [http-nio-8080-exec-7] TRACE o.s.security.web.FilterChainProxy    - Invoking HeaderWriterFilter (4/14)
26-06-09 11:27:06.237 [http-nio-8080-exec-7] TRACE o.s.security.web.FilterChainProxy    - Invoking CsrfFilter (5/14)
26-06-09 11:27:06.237 [http-nio-8080-exec-8] TRACE o.s.security.web.FilterChainProxy    - Invoking WebAsyncManagerIntegrationFilter (2/14)
26-06-09 11:27:06.237 [http-nio-8080-exec-8] TRACE o.s.security.web.FilterChainProxy    - Invoking SecurityContextHolderFilter (3/14)
26-06-09 11:27:06.237 [http-nio-8080-exec-7] TRACE o.s.security.web.csrf.CsrfFilter     - Did not protect against CSRF since request did not match CsrfNotRequired [TRACE, HEAD, GET, OPTIONS]
26-06-09 11:27:06.238 [http-nio-8080-exec-8] TRACE o.s.security.web.FilterChainProxy    - Invoking HeaderWriterFilter (4/14)
26-06-09 11:27:06.238 [http-nio-8080-exec-7] TRACE o.s.security.web.FilterChainProxy    - Invoking LogoutFilter (6/14)
26-06-09 11:27:06.238 [http-nio-8080-exec-8] TRACE o.s.security.web.FilterChainProxy    - Invoking CsrfFilter (5/14)
26-06-09 11:27:06.238 [http-nio-8080-exec-7] TRACE o.s.s.w.a.logout.LogoutFilter        - Did not match request to Ant [pattern='/api/auth/logout', POST]
26-06-09 11:27:06.238 [http-nio-8080-exec-8] TRACE o.s.security.web.csrf.CsrfFilter     - Did not protect against CSRF since request did not match CsrfNotRequired [TRACE, HEAD, GET, OPTIONS]
26-06-09 11:27:06.238 [http-nio-8080-exec-7] TRACE o.s.security.web.FilterChainProxy    - Invoking JwtAuthenticationFilter (7/14)
26-06-09 11:27:06.238 [http-nio-8080-exec-7] TRACE o.s.security.web.FilterChainProxy    - Invoking UsernamePasswordAuthenticationFilter (8/14)
26-06-09 11:27:06.238 [http-nio-8080-exec-7] TRACE o.s.s.w.a.UsernamePasswordAuthenticationFilter - Did not match request to Ant [pattern='/api/auth/login', POST]
26-06-09 11:27:06.238 [http-nio-8080-exec-8] TRACE o.s.security.web.FilterChainProxy    - Invoking LogoutFilter (6/14)
26-06-09 11:27:06.238 [http-nio-8080-exec-7] TRACE o.s.security.web.FilterChainProxy    - Invoking RequestCacheAwareFilter (9/14)
26-06-09 11:27:06.238 [http-nio-8080-exec-8] TRACE o.s.s.w.a.logout.LogoutFilter        - Did not match request to Ant [pattern='/api/auth/logout', POST]
26-06-09 11:27:06.238 [http-nio-8080-exec-7] TRACE o.s.security.web.FilterChainProxy    - Invoking SecurityContextHolderAwareRequestFilter (10/14)
26-06-09 11:27:06.238 [http-nio-8080-exec-10] TRACE o.s.security.web.FilterChainProxy    - Trying to match request against DefaultSecurityFilterChain defined as 'filterChain' in [class path resource [com/sprint/mission/discodeit/common/config/SecurityConfig.class]] matching [any request] and having filters [DisableEncodeUrl, WebAsyncManagerIntegration, SecurityContextHolder, HeaderWriter, Csrf, Logout, JwtAuthentication, UsernamePasswordAuthentication, RequestCacheAware, SecurityContextHolderAwareRequest, AnonymousAuthentication, SessionManagement, ExceptionTranslation, Authorization] (1/1)
26-06-09 11:27:06.238 [http-nio-8080-exec-8] TRACE o.s.security.web.FilterChainProxy    - Invoking JwtAuthenticationFilter (7/14)
26-06-09 11:27:06.238 [http-nio-8080-exec-1] TRACE o.s.security.web.FilterChainProxy    - Trying to match request against DefaultSecurityFilterChain defined as 'filterChain' in [class path resource [com/sprint/mission/discodeit/common/config/SecurityConfig.class]] matching [any request] and having filters [DisableEncodeUrl, WebAsyncManagerIntegration, SecurityContextHolder, HeaderWriter, Csrf, Logout, JwtAuthentication, UsernamePasswordAuthentication, RequestCacheAware, SecurityContextHolderAwareRequest, AnonymousAuthentication, SessionManagement, ExceptionTranslation, Authorization] (1/1)
26-06-09 11:27:06.238 [http-nio-8080-exec-1] DEBUG o.s.security.web.FilterChainProxy    - Securing GET /swagger-ui/swagger-initializer.js
26-06-09 11:27:06.238 [http-nio-8080-exec-9] TRACE o.s.security.web.FilterChainProxy    - Trying to match request against DefaultSecurityFilterChain defined as 'filterChain' in [class path resource [com/sprint/mission/discodeit/common/config/SecurityConfig.class]] matching [any request] and having filters [DisableEncodeUrl, WebAsyncManagerIntegration, SecurityContextHolder, HeaderWriter, Csrf, Logout, JwtAuthentication, UsernamePasswordAuthentication, RequestCacheAware, SecurityContextHolderAwareRequest, AnonymousAuthentication, SessionManagement, ExceptionTranslation, Authorization] (1/1)
26-06-09 11:27:06.238 [http-nio-8080-exec-7] TRACE o.s.security.web.FilterChainProxy    - Invoking AnonymousAuthenticationFilter (11/14)
26-06-09 11:27:06.238 [http-nio-8080-exec-10] DEBUG o.s.security.web.FilterChainProxy    - Securing GET /swagger-ui/swagger-ui-standalone-preset.js
26-06-09 11:27:06.238 [http-nio-8080-exec-8] TRACE o.s.security.web.FilterChainProxy    - Invoking UsernamePasswordAuthenticationFilter (8/14)
26-06-09 11:27:06.240 [http-nio-8080-exec-8] TRACE o.s.s.w.a.UsernamePasswordAuthenticationFilter - Did not match request to Ant [pattern='/api/auth/login', POST]
26-06-09 11:27:06.240 [http-nio-8080-exec-1] TRACE o.s.security.web.FilterChainProxy    - Invoking DisableEncodeUrlFilter (1/14)
26-06-09 11:27:06.240 [http-nio-8080-exec-9] DEBUG o.s.security.web.FilterChainProxy    - Securing GET /swagger-ui/swagger-ui-bundle.js
26-06-09 11:27:06.240 [http-nio-8080-exec-9] TRACE o.s.security.web.FilterChainProxy    - Invoking DisableEncodeUrlFilter (1/14)
26-06-09 11:27:06.240 [http-nio-8080-exec-1] TRACE o.s.security.web.FilterChainProxy    - Invoking WebAsyncManagerIntegrationFilter (2/14)
26-06-09 11:27:06.240 [http-nio-8080-exec-9] TRACE o.s.security.web.FilterChainProxy    - Invoking WebAsyncManagerIntegrationFilter (2/14)
26-06-09 11:27:06.240 [http-nio-8080-exec-1] TRACE o.s.security.web.FilterChainProxy    - Invoking SecurityContextHolderFilter (3/14)
26-06-09 11:27:06.240 [http-nio-8080-exec-10] TRACE o.s.security.web.FilterChainProxy    - Invoking DisableEncodeUrlFilter (1/14)
26-06-09 11:27:06.240 [http-nio-8080-exec-8] TRACE o.s.security.web.FilterChainProxy    - Invoking RequestCacheAwareFilter (9/14)
26-06-09 11:27:06.240 [http-nio-8080-exec-8] TRACE o.s.security.web.FilterChainProxy    - Invoking SecurityContextHolderAwareRequestFilter (10/14)
26-06-09 11:27:06.240 [http-nio-8080-exec-7] TRACE o.s.security.web.FilterChainProxy    - Invoking SessionManagementFilter (12/14)
26-06-09 11:27:06.240 [http-nio-8080-exec-9] TRACE o.s.security.web.FilterChainProxy    - Invoking SecurityContextHolderFilter (3/14)
26-06-09 11:27:06.240 [http-nio-8080-exec-1] TRACE o.s.security.web.FilterChainProxy    - Invoking HeaderWriterFilter (4/14)
26-06-09 11:27:06.241 [http-nio-8080-exec-9] TRACE o.s.security.web.FilterChainProxy    - Invoking HeaderWriterFilter (4/14)
26-06-09 11:27:06.241 [http-nio-8080-exec-7] TRACE o.s.s.w.c.SupplierDeferredSecurityContext - Created SecurityContextImpl [Null authentication]
26-06-09 11:27:06.241 [http-nio-8080-exec-1] TRACE o.s.security.web.FilterChainProxy    - Invoking CsrfFilter (5/14)
26-06-09 11:27:06.240 [http-nio-8080-exec-10] TRACE o.s.security.web.FilterChainProxy    - Invoking WebAsyncManagerIntegrationFilter (2/14)
26-06-09 11:27:06.241 [http-nio-8080-exec-7] TRACE o.s.s.w.a.AnonymousAuthenticationFilter - Set SecurityContextHolder to AnonymousAuthenticationToken [Principal=anonymousUser, Credentials=[PROTECTED], Authenticated=true, Details=WebAuthenticationDetails [RemoteIpAddress=0:0:0:0:0:0:0:1, SessionId=null], Granted Authorities=[ROLE_ANONYMOUS]]
26-06-09 11:27:06.241 [http-nio-8080-exec-8] TRACE o.s.security.web.FilterChainProxy    - Invoking AnonymousAuthenticationFilter (11/14)
26-06-09 11:27:06.241 [http-nio-8080-exec-1] TRACE o.s.security.web.csrf.CsrfFilter     - Did not protect against CSRF since request did not match CsrfNotRequired [TRACE, HEAD, GET, OPTIONS]
26-06-09 11:27:06.241 [http-nio-8080-exec-9] TRACE o.s.security.web.FilterChainProxy    - Invoking CsrfFilter (5/14)
26-06-09 11:27:06.241 [http-nio-8080-exec-10] TRACE o.s.security.web.FilterChainProxy    - Invoking SecurityContextHolderFilter (3/14)
26-06-09 11:27:06.241 [http-nio-8080-exec-7] TRACE o.s.security.web.FilterChainProxy    - Invoking ExceptionTranslationFilter (13/14)
26-06-09 11:27:06.241 [http-nio-8080-exec-1] TRACE o.s.security.web.FilterChainProxy    - Invoking LogoutFilter (6/14)
26-06-09 11:27:06.241 [http-nio-8080-exec-8] TRACE o.s.security.web.FilterChainProxy    - Invoking SessionManagementFilter (12/14)
26-06-09 11:27:06.241 [http-nio-8080-exec-9] TRACE o.s.security.web.csrf.CsrfFilter     - Did not protect against CSRF since request did not match CsrfNotRequired [TRACE, HEAD, GET, OPTIONS]
26-06-09 11:27:06.242 [http-nio-8080-exec-10] TRACE o.s.security.web.FilterChainProxy    - Invoking HeaderWriterFilter (4/14)
26-06-09 11:27:06.242 [http-nio-8080-exec-8] TRACE o.s.s.w.c.SupplierDeferredSecurityContext - Created SecurityContextImpl [Null authentication]
26-06-09 11:27:06.242 [http-nio-8080-exec-9] TRACE o.s.security.web.FilterChainProxy    - Invoking LogoutFilter (6/14)
26-06-09 11:27:06.242 [http-nio-8080-exec-1] TRACE o.s.s.w.a.logout.LogoutFilter        - Did not match request to Ant [pattern='/api/auth/logout', POST]
26-06-09 11:27:06.242 [http-nio-8080-exec-7] TRACE o.s.security.web.FilterChainProxy    - Invoking AuthorizationFilter (14/14)
26-06-09 11:27:06.242 [http-nio-8080-exec-8] TRACE o.s.s.w.a.AnonymousAuthenticationFilter - Set SecurityContextHolder to AnonymousAuthenticationToken [Principal=anonymousUser, Credentials=[PROTECTED], Authenticated=true, Details=WebAuthenticationDetails [RemoteIpAddress=0:0:0:0:0:0:0:1, SessionId=null], Granted Authorities=[ROLE_ANONYMOUS]]
26-06-09 11:27:06.242 [http-nio-8080-exec-10] TRACE o.s.security.web.FilterChainProxy    - Invoking CsrfFilter (5/14)
26-06-09 11:27:06.242 [http-nio-8080-exec-1] TRACE o.s.security.web.FilterChainProxy    - Invoking JwtAuthenticationFilter (7/14)
26-06-09 11:27:06.242 [http-nio-8080-exec-9] TRACE o.s.s.w.a.logout.LogoutFilter        - Did not match request to Ant [pattern='/api/auth/logout', POST]
26-06-09 11:27:06.242 [http-nio-8080-exec-8] TRACE o.s.security.web.FilterChainProxy    - Invoking ExceptionTranslationFilter (13/14)
26-06-09 11:27:06.242 [http-nio-8080-exec-10] TRACE o.s.security.web.csrf.CsrfFilter     - Did not protect against CSRF since request did not match CsrfNotRequired [TRACE, HEAD, GET, OPTIONS]
26-06-09 11:27:06.242 [http-nio-8080-exec-1] TRACE o.s.security.web.FilterChainProxy    - Invoking UsernamePasswordAuthenticationFilter (8/14)
26-06-09 11:27:06.242 [http-nio-8080-exec-10] TRACE o.s.security.web.FilterChainProxy    - Invoking LogoutFilter (6/14)
26-06-09 11:27:06.242 [http-nio-8080-exec-9] TRACE o.s.security.web.FilterChainProxy    - Invoking JwtAuthenticationFilter (7/14)
26-06-09 11:27:06.242 [http-nio-8080-exec-7] TRACE o.s.s.w.a.i.RequestMatcherDelegatingAuthorizationManager - Authorizing GET /swagger-ui/swagger-ui.css
26-06-09 11:27:06.242 [http-nio-8080-exec-8] TRACE o.s.security.web.FilterChainProxy    - Invoking AuthorizationFilter (14/14)
26-06-09 11:27:06.242 [http-nio-8080-exec-9] TRACE o.s.security.web.FilterChainProxy    - Invoking UsernamePasswordAuthenticationFilter (8/14)
26-06-09 11:27:06.242 [http-nio-8080-exec-8] TRACE o.s.s.w.a.i.RequestMatcherDelegatingAuthorizationManager - Authorizing GET /swagger-ui/index.css
26-06-09 11:27:06.242 [http-nio-8080-exec-1] TRACE o.s.s.w.a.UsernamePasswordAuthenticationFilter - Did not match request to Ant [pattern='/api/auth/login', POST]
26-06-09 11:27:06.242 [http-nio-8080-exec-10] TRACE o.s.s.w.a.logout.LogoutFilter        - Did not match request to Ant [pattern='/api/auth/logout', POST]
26-06-09 11:27:06.242 [http-nio-8080-exec-7] TRACE o.s.s.w.a.i.RequestMatcherDelegatingAuthorizationManager - Checking authorization on GET /swagger-ui/swagger-ui.css using org.springframework.security.config.annotation.web.configurers.AuthorizeHttpRequestsConfigurer$$Lambda$2085/0x0000021d16d3c338@4d397052
26-06-09 11:27:06.242 [http-nio-8080-exec-9] TRACE o.s.s.w.a.UsernamePasswordAuthenticationFilter - Did not match request to Ant [pattern='/api/auth/login', POST]
26-06-09 11:27:06.242 [http-nio-8080-exec-10] TRACE o.s.security.web.FilterChainProxy    - Invoking JwtAuthenticationFilter (7/14)
26-06-09 11:27:06.242 [http-nio-8080-exec-10] TRACE o.s.security.web.FilterChainProxy    - Invoking UsernamePasswordAuthenticationFilter (8/14)
26-06-09 11:27:06.242 [http-nio-8080-exec-8] TRACE o.s.s.w.a.i.RequestMatcherDelegatingAuthorizationManager - Checking authorization on GET /swagger-ui/index.css using org.springframework.security.config.annotation.web.configurers.AuthorizeHttpRequestsConfigurer$$Lambda$2085/0x0000021d16d3c338@4d397052
26-06-09 11:27:06.242 [http-nio-8080-exec-10] TRACE o.s.s.w.a.UsernamePasswordAuthenticationFilter - Did not match request to Ant [pattern='/api/auth/login', POST]
26-06-09 11:27:06.242 [http-nio-8080-exec-1] TRACE o.s.security.web.FilterChainProxy    - Invoking RequestCacheAwareFilter (9/14)
26-06-09 11:27:06.242 [http-nio-8080-exec-9] TRACE o.s.security.web.FilterChainProxy    - Invoking RequestCacheAwareFilter (9/14)
26-06-09 11:27:06.242 [http-nio-8080-exec-8] DEBUG o.s.security.web.FilterChainProxy    - Secured GET /swagger-ui/index.css
26-06-09 11:27:06.242 [http-nio-8080-exec-7] DEBUG o.s.security.web.FilterChainProxy    - Secured GET /swagger-ui/swagger-ui.css
26-06-09 11:27:06.242 [http-nio-8080-exec-9] TRACE o.s.security.web.FilterChainProxy    - Invoking SecurityContextHolderAwareRequestFilter (10/14)
26-06-09 11:27:06.242 [http-nio-8080-exec-10] TRACE o.s.security.web.FilterChainProxy    - Invoking RequestCacheAwareFilter (9/14)
26-06-09 11:27:06.242 [http-nio-8080-exec-1] TRACE o.s.security.web.FilterChainProxy    - Invoking SecurityContextHolderAwareRequestFilter (10/14)
26-06-09 11:27:06.243 [http-nio-8080-exec-9] TRACE o.s.security.web.FilterChainProxy    - Invoking AnonymousAuthenticationFilter (11/14)
26-06-09 11:27:06.243 [http-nio-8080-exec-1] TRACE o.s.security.web.FilterChainProxy    - Invoking AnonymousAuthenticationFilter (11/14)
26-06-09 11:27:06.243 [http-nio-8080-exec-9] TRACE o.s.security.web.FilterChainProxy    - Invoking SessionManagementFilter (12/14)
26-06-09 11:27:06.243 [http-nio-8080-exec-1] TRACE o.s.security.web.FilterChainProxy    - Invoking SessionManagementFilter (12/14)
26-06-09 11:27:06.243 [http-nio-8080-exec-9] TRACE o.s.s.w.c.SupplierDeferredSecurityContext - Created SecurityContextImpl [Null authentication]
26-06-09 11:27:06.243 [http-nio-8080-exec-1] TRACE o.s.s.w.c.SupplierDeferredSecurityContext - Created SecurityContextImpl [Null authentication]
26-06-09 11:27:06.243 [http-nio-8080-exec-9] TRACE o.s.s.w.a.AnonymousAuthenticationFilter - Set SecurityContextHolder to AnonymousAuthenticationToken [Principal=anonymousUser, Credentials=[PROTECTED], Authenticated=true, Details=WebAuthenticationDetails [RemoteIpAddress=0:0:0:0:0:0:0:1, SessionId=null], Granted Authorities=[ROLE_ANONYMOUS]]
26-06-09 11:27:06.243 [http-nio-8080-exec-10] TRACE o.s.security.web.FilterChainProxy    - Invoking SecurityContextHolderAwareRequestFilter (10/14)
26-06-09 11:27:06.243 [http-nio-8080-exec-9] TRACE o.s.security.web.FilterChainProxy    - Invoking ExceptionTranslationFilter (13/14)
26-06-09 11:27:06.243 [http-nio-8080-exec-9] TRACE o.s.security.web.FilterChainProxy    - Invoking AuthorizationFilter (14/14)
26-06-09 11:27:06.243 [http-nio-8080-exec-10] TRACE o.s.security.web.FilterChainProxy    - Invoking AnonymousAuthenticationFilter (11/14)
26-06-09 11:27:06.243 [http-nio-8080-exec-10] TRACE o.s.security.web.FilterChainProxy    - Invoking SessionManagementFilter (12/14)
26-06-09 11:27:06.243 [http-nio-8080-exec-10] TRACE o.s.s.w.c.SupplierDeferredSecurityContext - Created SecurityContextImpl [Null authentication]
26-06-09 11:27:06.243 [http-nio-8080-exec-1] TRACE o.s.s.w.a.AnonymousAuthenticationFilter - Set SecurityContextHolder to AnonymousAuthenticationToken [Principal=anonymousUser, Credentials=[PROTECTED], Authenticated=true, Details=WebAuthenticationDetails [RemoteIpAddress=0:0:0:0:0:0:0:1, SessionId=null], Granted Authorities=[ROLE_ANONYMOUS]]
26-06-09 11:27:06.243 [http-nio-8080-exec-9] TRACE o.s.s.w.a.i.RequestMatcherDelegatingAuthorizationManager - Authorizing GET /swagger-ui/swagger-ui-bundle.js
26-06-09 11:27:06.243 [http-nio-8080-exec-10] TRACE o.s.s.w.a.AnonymousAuthenticationFilter - Set SecurityContextHolder to AnonymousAuthenticationToken [Principal=anonymousUser, Credentials=[PROTECTED], Authenticated=true, Details=WebAuthenticationDetails [RemoteIpAddress=0:0:0:0:0:0:0:1, SessionId=null], Granted Authorities=[ROLE_ANONYMOUS]]
26-06-09 11:27:06.243 [http-nio-8080-exec-1] TRACE o.s.security.web.FilterChainProxy    - Invoking ExceptionTranslationFilter (13/14)
26-06-09 11:27:06.243 [http-nio-8080-exec-10] TRACE o.s.security.web.FilterChainProxy    - Invoking ExceptionTranslationFilter (13/14)
26-06-09 11:27:06.243 [http-nio-8080-exec-9] TRACE o.s.s.w.a.i.RequestMatcherDelegatingAuthorizationManager - Checking authorization on GET /swagger-ui/swagger-ui-bundle.js using org.springframework.security.config.annotation.web.configurers.AuthorizeHttpRequestsConfigurer$$Lambda$2085/0x0000021d16d3c338@4d397052
26-06-09 11:27:06.245 [http-nio-8080-exec-1] TRACE o.s.security.web.FilterChainProxy    - Invoking AuthorizationFilter (14/14)
26-06-09 11:27:06.245 [http-nio-8080-exec-10] TRACE o.s.security.web.FilterChainProxy    - Invoking AuthorizationFilter (14/14)
26-06-09 11:27:06.245 [http-nio-8080-exec-9] DEBUG o.s.security.web.FilterChainProxy    - Secured GET /swagger-ui/swagger-ui-bundle.js
26-06-09 11:27:06.245 [http-nio-8080-exec-1] TRACE o.s.s.w.a.i.RequestMatcherDelegatingAuthorizationManager - Authorizing GET /swagger-ui/swagger-initializer.js
26-06-09 11:27:06.245 [http-nio-8080-exec-10] TRACE o.s.s.w.a.i.RequestMatcherDelegatingAuthorizationManager - Authorizing GET /swagger-ui/swagger-ui-standalone-preset.js
26-06-09 11:27:06.245 [http-nio-8080-exec-10] TRACE o.s.s.w.a.i.RequestMatcherDelegatingAuthorizationManager - Checking authorization on GET /swagger-ui/swagger-ui-standalone-preset.js using org.springframework.security.config.annotation.web.configurers.AuthorizeHttpRequestsConfigurer$$Lambda$2085/0x0000021d16d3c338@4d397052
26-06-09 11:27:06.245 [http-nio-8080-exec-1] TRACE o.s.s.w.a.i.RequestMatcherDelegatingAuthorizationManager - Checking authorization on GET /swagger-ui/swagger-initializer.js using org.springframework.security.config.annotation.web.configurers.AuthorizeHttpRequestsConfigurer$$Lambda$2085/0x0000021d16d3c338@4d397052
26-06-09 11:27:06.245 [http-nio-8080-exec-10] DEBUG o.s.security.web.FilterChainProxy    - Secured GET /swagger-ui/swagger-ui-standalone-preset.js
26-06-09 11:27:06.245 [http-nio-8080-exec-1] DEBUG o.s.security.web.FilterChainProxy    - Secured GET /swagger-ui/swagger-initializer.js
26-06-09 11:27:06.246 [http-nio-8080-exec-8] TRACE o.s.s.w.h.writers.HstsHeaderWriter   - Not injecting HSTS header since it did not match request to [Is Secure]
26-06-09 11:27:06.247 [http-nio-8080-exec-9] TRACE o.s.s.w.h.writers.HstsHeaderWriter   - Not injecting HSTS header since it did not match request to [Is Secure]
26-06-09 11:27:06.248 [http-nio-8080-exec-10] TRACE o.s.s.w.h.writers.HstsHeaderWriter   - Not injecting HSTS header since it did not match request to [Is Secure]
26-06-09 11:27:06.248 [http-nio-8080-exec-7] TRACE o.s.s.w.h.writers.HstsHeaderWriter   - Not injecting HSTS header since it did not match request to [Is Secure]
26-06-09 11:27:06.261 [http-nio-8080-exec-1] TRACE o.s.s.w.h.writers.HstsHeaderWriter   - Not injecting HSTS header since it did not match request to [Is Secure]
26-06-09 11:27:06.393 [http-nio-8080-exec-3] TRACE o.s.security.web.FilterChainProxy    - Trying to match request against DefaultSecurityFilterChain defined as 'filterChain' in [class path resource [com/sprint/mission/discodeit/common/config/SecurityConfig.class]] matching [any request] and having filters [DisableEncodeUrl, WebAsyncManagerIntegration, SecurityContextHolder, HeaderWriter, Csrf, Logout, JwtAuthentication, UsernamePasswordAuthentication, RequestCacheAware, SecurityContextHolderAwareRequest, AnonymousAuthentication, SessionManagement, ExceptionTranslation, Authorization] (1/1)
26-06-09 11:27:06.394 [http-nio-8080-exec-3] DEBUG o.s.security.web.FilterChainProxy    - Securing GET /v3/api-docs/swagger-config
26-06-09 11:27:06.394 [http-nio-8080-exec-3] TRACE o.s.security.web.FilterChainProxy    - Invoking DisableEncodeUrlFilter (1/14)
26-06-09 11:27:06.394 [http-nio-8080-exec-3] TRACE o.s.security.web.FilterChainProxy    - Invoking WebAsyncManagerIntegrationFilter (2/14)
26-06-09 11:27:06.394 [http-nio-8080-exec-3] TRACE o.s.security.web.FilterChainProxy    - Invoking SecurityContextHolderFilter (3/14)
26-06-09 11:27:06.394 [http-nio-8080-exec-3] TRACE o.s.security.web.FilterChainProxy    - Invoking HeaderWriterFilter (4/14)
26-06-09 11:27:06.394 [http-nio-8080-exec-3] TRACE o.s.security.web.FilterChainProxy    - Invoking CsrfFilter (5/14)
26-06-09 11:27:06.394 [http-nio-8080-exec-3] TRACE o.s.security.web.csrf.CsrfFilter     - Did not protect against CSRF since request did not match CsrfNotRequired [TRACE, HEAD, GET, OPTIONS]
26-06-09 11:27:06.394 [http-nio-8080-exec-3] TRACE o.s.security.web.FilterChainProxy    - Invoking LogoutFilter (6/14)
26-06-09 11:27:06.395 [http-nio-8080-exec-3] TRACE o.s.s.w.a.logout.LogoutFilter        - Did not match request to Ant [pattern='/api/auth/logout', POST]
26-06-09 11:27:06.395 [http-nio-8080-exec-3] TRACE o.s.security.web.FilterChainProxy    - Invoking JwtAuthenticationFilter (7/14)
26-06-09 11:27:06.395 [http-nio-8080-exec-3] TRACE o.s.security.web.FilterChainProxy    - Invoking UsernamePasswordAuthenticationFilter (8/14)
26-06-09 11:27:06.395 [http-nio-8080-exec-3] TRACE o.s.s.w.a.UsernamePasswordAuthenticationFilter - Did not match request to Ant [pattern='/api/auth/login', POST]
26-06-09 11:27:06.395 [http-nio-8080-exec-3] TRACE o.s.security.web.FilterChainProxy    - Invoking RequestCacheAwareFilter (9/14)
26-06-09 11:27:06.395 [http-nio-8080-exec-3] TRACE o.s.security.web.FilterChainProxy    - Invoking SecurityContextHolderAwareRequestFilter (10/14)
26-06-09 11:27:06.395 [http-nio-8080-exec-3] TRACE o.s.security.web.FilterChainProxy    - Invoking AnonymousAuthenticationFilter (11/14)
26-06-09 11:27:06.395 [http-nio-8080-exec-3] TRACE o.s.security.web.FilterChainProxy    - Invoking SessionManagementFilter (12/14)
26-06-09 11:27:06.395 [http-nio-8080-exec-3] TRACE o.s.s.w.c.SupplierDeferredSecurityContext - Created SecurityContextImpl [Null authentication]
26-06-09 11:27:06.395 [http-nio-8080-exec-3] TRACE o.s.s.w.a.AnonymousAuthenticationFilter - Set SecurityContextHolder to AnonymousAuthenticationToken [Principal=anonymousUser, Credentials=[PROTECTED], Authenticated=true, Details=WebAuthenticationDetails [RemoteIpAddress=0:0:0:0:0:0:0:1, SessionId=null], Granted Authorities=[ROLE_ANONYMOUS]]
26-06-09 11:27:06.395 [http-nio-8080-exec-3] TRACE o.s.security.web.FilterChainProxy    - Invoking ExceptionTranslationFilter (13/14)
26-06-09 11:27:06.395 [http-nio-8080-exec-3] TRACE o.s.security.web.FilterChainProxy    - Invoking AuthorizationFilter (14/14)
26-06-09 11:27:06.396 [http-nio-8080-exec-3] TRACE o.s.s.w.a.i.RequestMatcherDelegatingAuthorizationManager - Authorizing GET /v3/api-docs/swagger-config
26-06-09 11:27:06.396 [http-nio-8080-exec-3] TRACE o.s.s.w.a.i.RequestMatcherDelegatingAuthorizationManager - Checking authorization on GET /v3/api-docs/swagger-config using org.springframework.security.config.annotation.web.configurers.AuthorizeHttpRequestsConfigurer$$Lambda$2085/0x0000021d16d3c338@4d397052
26-06-09 11:27:06.397 [http-nio-8080-exec-3] DEBUG o.s.security.web.FilterChainProxy    - Secured GET /v3/api-docs/swagger-config
26-06-09 11:27:06.402 [http-nio-8080-exec-3] TRACE o.s.s.w.h.writers.HstsHeaderWriter   - Not injecting HSTS header since it did not match request to [Is Secure]
26-06-09 11:27:06.412 [http-nio-8080-exec-2] TRACE o.s.security.web.FilterChainProxy    - Trying to match request against DefaultSecurityFilterChain defined as 'filterChain' in [class path resource [com/sprint/mission/discodeit/common/config/SecurityConfig.class]] matching [any request] and having filters [DisableEncodeUrl, WebAsyncManagerIntegration, SecurityContextHolder, HeaderWriter, Csrf, Logout, JwtAuthentication, UsernamePasswordAuthentication, RequestCacheAware, SecurityContextHolderAwareRequest, AnonymousAuthentication, SessionManagement, ExceptionTranslation, Authorization] (1/1)
26-06-09 11:27:06.412 [http-nio-8080-exec-2] DEBUG o.s.security.web.FilterChainProxy    - Securing GET /v3/api-docs
26-06-09 11:27:06.412 [http-nio-8080-exec-2] TRACE o.s.security.web.FilterChainProxy    - Invoking DisableEncodeUrlFilter (1/14)
26-06-09 11:27:06.413 [http-nio-8080-exec-2] TRACE o.s.security.web.FilterChainProxy    - Invoking WebAsyncManagerIntegrationFilter (2/14)
26-06-09 11:27:06.413 [http-nio-8080-exec-2] TRACE o.s.security.web.FilterChainProxy    - Invoking SecurityContextHolderFilter (3/14)
26-06-09 11:27:06.413 [http-nio-8080-exec-2] TRACE o.s.security.web.FilterChainProxy    - Invoking HeaderWriterFilter (4/14)
26-06-09 11:27:06.413 [http-nio-8080-exec-2] TRACE o.s.security.web.FilterChainProxy    - Invoking CsrfFilter (5/14)
26-06-09 11:27:06.413 [http-nio-8080-exec-2] TRACE o.s.security.web.csrf.CsrfFilter     - Did not protect against CSRF since request did not match CsrfNotRequired [TRACE, HEAD, GET, OPTIONS]
26-06-09 11:27:06.413 [http-nio-8080-exec-2] TRACE o.s.security.web.FilterChainProxy    - Invoking LogoutFilter (6/14)
26-06-09 11:27:06.413 [http-nio-8080-exec-2] TRACE o.s.s.w.a.logout.LogoutFilter        - Did not match request to Ant [pattern='/api/auth/logout', POST]
26-06-09 11:27:06.413 [http-nio-8080-exec-2] TRACE o.s.security.web.FilterChainProxy    - Invoking JwtAuthenticationFilter (7/14)
26-06-09 11:27:06.413 [http-nio-8080-exec-2] TRACE o.s.security.web.FilterChainProxy    - Invoking UsernamePasswordAuthenticationFilter (8/14)
26-06-09 11:27:06.413 [http-nio-8080-exec-2] TRACE o.s.s.w.a.UsernamePasswordAuthenticationFilter - Did not match request to Ant [pattern='/api/auth/login', POST]
26-06-09 11:27:06.413 [http-nio-8080-exec-2] TRACE o.s.security.web.FilterChainProxy    - Invoking RequestCacheAwareFilter (9/14)
26-06-09 11:27:06.414 [http-nio-8080-exec-2] TRACE o.s.security.web.FilterChainProxy    - Invoking SecurityContextHolderAwareRequestFilter (10/14)
26-06-09 11:27:06.414 [http-nio-8080-exec-2] TRACE o.s.security.web.FilterChainProxy    - Invoking AnonymousAuthenticationFilter (11/14)
26-06-09 11:27:06.414 [http-nio-8080-exec-2] TRACE o.s.security.web.FilterChainProxy    - Invoking SessionManagementFilter (12/14)
26-06-09 11:27:06.414 [http-nio-8080-exec-2] TRACE o.s.s.w.c.SupplierDeferredSecurityContext - Created SecurityContextImpl [Null authentication]
26-06-09 11:27:06.414 [http-nio-8080-exec-2] TRACE o.s.s.w.a.AnonymousAuthenticationFilter - Set SecurityContextHolder to AnonymousAuthenticationToken [Principal=anonymousUser, Credentials=[PROTECTED], Authenticated=true, Details=WebAuthenticationDetails [RemoteIpAddress=0:0:0:0:0:0:0:1, SessionId=null], Granted Authorities=[ROLE_ANONYMOUS]]
26-06-09 11:27:06.414 [http-nio-8080-exec-2] TRACE o.s.security.web.FilterChainProxy    - Invoking ExceptionTranslationFilter (13/14)
26-06-09 11:27:06.414 [http-nio-8080-exec-2] TRACE o.s.security.web.FilterChainProxy    - Invoking AuthorizationFilter (14/14)
26-06-09 11:27:06.415 [http-nio-8080-exec-2] TRACE o.s.s.w.a.i.RequestMatcherDelegatingAuthorizationManager - Authorizing GET /v3/api-docs
26-06-09 11:27:06.415 [http-nio-8080-exec-2] TRACE o.s.s.w.a.i.RequestMatcherDelegatingAuthorizationManager - Checking authorization on GET /v3/api-docs using org.springframework.security.config.annotation.web.configurers.AuthorizeHttpRequestsConfigurer$$Lambda$2085/0x0000021d16d3c338@4d397052
26-06-09 11:27:06.415 [http-nio-8080-exec-2] DEBUG o.s.security.web.FilterChainProxy    - Secured GET /v3/api-docs
26-06-09 11:27:07.182 [http-nio-8080-exec-2] INFO  o.s.api.AbstractOpenApiResource      - Init duration for springdoc-openapi is: 754 ms
26-06-09 11:27:07.206 [http-nio-8080-exec-2] TRACE o.s.s.w.h.writers.HstsHeaderWriter   - Not injecting HSTS header since it did not match request to [Is Secure]
26-06-09 11:27:14.019 [http-nio-8080-exec-4] TRACE o.s.security.web.FilterChainProxy    - Trying to match request against DefaultSecurityFilterChain defined as 'filterChain' in [class path resource [com/sprint/mission/discodeit/common/config/SecurityConfig.class]] matching [any request] and having filters [DisableEncodeUrl, WebAsyncManagerIntegration, SecurityContextHolder, HeaderWriter, Csrf, Logout, JwtAuthentication, UsernamePasswordAuthentication, RequestCacheAware, SecurityContextHolderAwareRequest, AnonymousAuthentication, SessionManagement, ExceptionTranslation, Authorization] (1/1)
26-06-09 11:27:14.019 [http-nio-8080-exec-4] DEBUG o.s.security.web.FilterChainProxy    - Securing GET /api/users
26-06-09 11:27:14.019 [http-nio-8080-exec-4] TRACE o.s.security.web.FilterChainProxy    - Invoking DisableEncodeUrlFilter (1/14)
26-06-09 11:27:14.019 [http-nio-8080-exec-4] TRACE o.s.security.web.FilterChainProxy    - Invoking WebAsyncManagerIntegrationFilter (2/14)
26-06-09 11:27:14.019 [http-nio-8080-exec-4] TRACE o.s.security.web.FilterChainProxy    - Invoking SecurityContextHolderFilter (3/14)
26-06-09 11:27:14.019 [http-nio-8080-exec-4] TRACE o.s.security.web.FilterChainProxy    - Invoking HeaderWriterFilter (4/14)
26-06-09 11:27:14.019 [http-nio-8080-exec-4] TRACE o.s.security.web.FilterChainProxy    - Invoking CsrfFilter (5/14)
26-06-09 11:27:14.019 [http-nio-8080-exec-4] TRACE o.s.security.web.csrf.CsrfFilter     - Did not protect against CSRF since request did not match CsrfNotRequired [TRACE, HEAD, GET, OPTIONS]
26-06-09 11:27:14.020 [http-nio-8080-exec-4] TRACE o.s.security.web.FilterChainProxy    - Invoking LogoutFilter (6/14)
26-06-09 11:27:14.020 [http-nio-8080-exec-4] TRACE o.s.s.w.a.logout.LogoutFilter        - Did not match request to Ant [pattern='/api/auth/logout', POST]
26-06-09 11:27:14.020 [http-nio-8080-exec-4] TRACE o.s.security.web.FilterChainProxy    - Invoking JwtAuthenticationFilter (7/14)
26-06-09 11:27:14.020 [http-nio-8080-exec-4] TRACE o.s.security.web.FilterChainProxy    - Invoking UsernamePasswordAuthenticationFilter (8/14)
26-06-09 11:27:14.020 [http-nio-8080-exec-4] TRACE o.s.s.w.a.UsernamePasswordAuthenticationFilter - Did not match request to Ant [pattern='/api/auth/login', POST]
26-06-09 11:27:14.020 [http-nio-8080-exec-4] TRACE o.s.security.web.FilterChainProxy    - Invoking RequestCacheAwareFilter (9/14)
26-06-09 11:27:14.020 [http-nio-8080-exec-4] TRACE o.s.security.web.FilterChainProxy    - Invoking SecurityContextHolderAwareRequestFilter (10/14)
26-06-09 11:27:14.020 [http-nio-8080-exec-4] TRACE o.s.security.web.FilterChainProxy    - Invoking AnonymousAuthenticationFilter (11/14)
26-06-09 11:27:14.020 [http-nio-8080-exec-4] TRACE o.s.security.web.FilterChainProxy    - Invoking SessionManagementFilter (12/14)
26-06-09 11:27:14.020 [http-nio-8080-exec-4] TRACE o.s.s.w.c.SupplierDeferredSecurityContext - Created SecurityContextImpl [Null authentication]
26-06-09 11:27:14.020 [http-nio-8080-exec-4] TRACE o.s.s.w.a.AnonymousAuthenticationFilter - Set SecurityContextHolder to AnonymousAuthenticationToken [Principal=anonymousUser, Credentials=[PROTECTED], Authenticated=true, Details=WebAuthenticationDetails [RemoteIpAddress=0:0:0:0:0:0:0:1, SessionId=null], Granted Authorities=[ROLE_ANONYMOUS]]
26-06-09 11:27:14.020 [http-nio-8080-exec-4] TRACE o.s.security.web.FilterChainProxy    - Invoking ExceptionTranslationFilter (13/14)
26-06-09 11:27:14.020 [http-nio-8080-exec-4] TRACE o.s.security.web.FilterChainProxy    - Invoking AuthorizationFilter (14/14)
26-06-09 11:27:14.020 [http-nio-8080-exec-4] TRACE o.s.s.w.a.i.RequestMatcherDelegatingAuthorizationManager - Authorizing GET /api/users
26-06-09 11:27:14.020 [http-nio-8080-exec-4] TRACE o.s.s.w.a.i.RequestMatcherDelegatingAuthorizationManager - Checking authorization on GET /api/users using org.springframework.security.config.annotation.web.configurers.AuthorizeHttpRequestsConfigurer$$Lambda$2085/0x0000021d16d3c338@4d397052
26-06-09 11:27:14.021 [http-nio-8080-exec-4] DEBUG o.s.security.web.FilterChainProxy    - Secured GET /api/users
26-06-09 11:27:14.062 [http-nio-8080-exec-4] DEBUG org.hibernate.SQL                    - 
    select
        u1_0.id,
        u1_0.created_at,
        u1_0.email,
        u1_0.password,
        u1_0.profile_id,
        u1_0.role,
        u1_0.updated_at,
        u1_0.username 
    from
        users u1_0
26-06-09 11:27:14.073 [http-nio-8080-exec-4] TRACE org.hibernate.orm.jdbc.extract       - extracted value (1:UUID) -> [27b85a60-4f13-455f-b5a3-7f7d762b2139]
26-06-09 11:27:14.076 [http-nio-8080-exec-4] TRACE org.hibernate.orm.jdbc.extract       - extracted value (5:UUID) -> [46746932-09b7-410a-b9bf-3f7cdbf1f402]
26-06-09 11:27:14.081 [http-nio-8080-exec-4] TRACE org.hibernate.orm.jdbc.extract       - extracted value (2:TIMESTAMP_UTC) -> [2026-03-09T06:17:44.434753Z]
26-06-09 11:27:14.082 [http-nio-8080-exec-4] TRACE org.hibernate.orm.jdbc.extract       - extracted value (3:VARCHAR) -> [test@test.com]
26-06-09 11:27:14.082 [http-nio-8080-exec-4] TRACE org.hibernate.orm.jdbc.extract       - extracted value (4:VARCHAR) -> [$2a$10$7BU..v74ygmDenkiaWKtVeZsZR6G0lVc1NGfkMSRq0iJ.iUl5ZYVq]
26-06-09 11:27:14.082 [http-nio-8080-exec-4] TRACE org.hibernate.orm.jdbc.extract       - extracted value (6:VARCHAR) -> [USER]
26-06-09 11:27:14.082 [http-nio-8080-exec-4] TRACE org.hibernate.orm.jdbc.extract       - extracted value (7:TIMESTAMP_UTC) -> [2026-03-09T06:17:44.434753Z]
26-06-09 11:27:14.082 [http-nio-8080-exec-4] TRACE org.hibernate.orm.jdbc.extract       - extracted value (8:VARCHAR) -> [승리]
26-06-09 11:27:14.090 [http-nio-8080-exec-4] TRACE org.hibernate.orm.jdbc.extract       - extracted value (1:UUID) -> [9d64639e-787a-46cc-9abf-5f8717295f33]
26-06-09 11:27:14.090 [http-nio-8080-exec-4] TRACE org.hibernate.orm.jdbc.extract       - extracted value (5:UUID) -> [1a4039ff-b856-4639-8a2d-4b4cac93793c]
26-06-09 11:27:14.090 [http-nio-8080-exec-4] TRACE org.hibernate.orm.jdbc.extract       - extracted value (2:TIMESTAMP_UTC) -> [2026-03-09T06:21:22.042528Z]
26-06-09 11:27:14.090 [http-nio-8080-exec-4] TRACE org.hibernate.orm.jdbc.extract       - extracted value (3:VARCHAR) -> [test2@test.com]
26-06-09 11:27:14.091 [http-nio-8080-exec-4] TRACE org.hibernate.orm.jdbc.extract       - extracted value (4:VARCHAR) -> [$2a$10$3oTo2dk3/hVlqmBF/B1aEeCazX0ZJNNl8/HJbY.NyNxAaN2NM2ZwK]
26-06-09 11:27:14.091 [http-nio-8080-exec-4] TRACE org.hibernate.orm.jdbc.extract       - extracted value (6:VARCHAR) -> [USER]
26-06-09 11:27:14.091 [http-nio-8080-exec-4] TRACE org.hibernate.orm.jdbc.extract       - extracted value (7:TIMESTAMP_UTC) -> [2026-03-09T06:21:22.042528Z]
26-06-09 11:27:14.091 [http-nio-8080-exec-4] TRACE org.hibernate.orm.jdbc.extract       - extracted value (8:VARCHAR) -> [asr]
26-06-09 11:27:14.091 [http-nio-8080-exec-4] TRACE org.hibernate.orm.jdbc.extract       - extracted value (1:UUID) -> [041397c9-3494-48eb-83dc-3d24cf2f2d19]
26-06-09 11:27:14.091 [http-nio-8080-exec-4] TRACE org.hibernate.orm.jdbc.extract       - extracted value (5:UUID) -> [317d8fef-86f0-4287-afdd-fcf080c55726]
26-06-09 11:27:14.091 [http-nio-8080-exec-4] TRACE org.hibernate.orm.jdbc.extract       - extracted value (2:TIMESTAMP_UTC) -> [2026-03-09T06:31:53.104366Z]
26-06-09 11:27:14.091 [http-nio-8080-exec-4] TRACE org.hibernate.orm.jdbc.extract       - extracted value (3:VARCHAR) -> [test3@test.com]
26-06-09 11:27:14.091 [http-nio-8080-exec-4] TRACE org.hibernate.orm.jdbc.extract       - extracted value (4:VARCHAR) -> [$2a$10$UnGIi/zuHaSenHg7H9beUOciM9N6zkJjWwRQuwbH96Va4Ab6MCFEa]
26-06-09 11:27:14.091 [http-nio-8080-exec-4] TRACE org.hibernate.orm.jdbc.extract       - extracted value (6:VARCHAR) -> [USER]
26-06-09 11:27:14.092 [http-nio-8080-exec-4] TRACE org.hibernate.orm.jdbc.extract       - extracted value (7:TIMESTAMP_UTC) -> [2026-03-09T06:31:53.104366Z]
26-06-09 11:27:14.092 [http-nio-8080-exec-4] TRACE org.hibernate.orm.jdbc.extract       - extracted value (8:VARCHAR) -> [테스트3]
26-06-09 11:27:14.092 [http-nio-8080-exec-4] TRACE org.hibernate.orm.jdbc.extract       - extracted value (1:UUID) -> [f725946c-dfe7-441d-84af-9bfdade76e9a]
26-06-09 11:27:14.092 [http-nio-8080-exec-4] TRACE org.hibernate.orm.jdbc.extract       - extracted value (5:UUID) -> [null]
26-06-09 11:27:14.092 [http-nio-8080-exec-4] TRACE org.hibernate.orm.jdbc.extract       - extracted value (2:TIMESTAMP_UTC) -> [2026-03-09T06:35:16.233568Z]
26-06-09 11:27:14.092 [http-nio-8080-exec-4] TRACE org.hibernate.orm.jdbc.extract       - extracted value (3:VARCHAR) -> [test4@test.com]
26-06-09 11:27:14.092 [http-nio-8080-exec-4] TRACE org.hibernate.orm.jdbc.extract       - extracted value (4:VARCHAR) -> [$2a$10$cMN0GgSpDkktYi82VNwwlu1b7Oq2aFY0i2uxC3R4L9nbgUpCmMKyC]
26-06-09 11:27:14.092 [http-nio-8080-exec-4] TRACE org.hibernate.orm.jdbc.extract       - extracted value (6:VARCHAR) -> [USER]
26-06-09 11:27:14.092 [http-nio-8080-exec-4] TRACE org.hibernate.orm.jdbc.extract       - extracted value (7:TIMESTAMP_UTC) -> [2026-03-09T06:35:16.233568Z]
26-06-09 11:27:14.092 [http-nio-8080-exec-4] TRACE org.hibernate.orm.jdbc.extract       - extracted value (8:VARCHAR) -> [test4]
26-06-09 11:27:14.092 [http-nio-8080-exec-4] TRACE org.hibernate.orm.jdbc.extract       - extracted value (1:UUID) -> [ed60b06a-16d3-4d64-97cf-8963a6ba34e4]
26-06-09 11:27:14.092 [http-nio-8080-exec-4] TRACE org.hibernate.orm.jdbc.extract       - extracted value (5:UUID) -> [null]
26-06-09 11:27:14.093 [http-nio-8080-exec-4] TRACE org.hibernate.orm.jdbc.extract       - extracted value (2:TIMESTAMP_UTC) -> [2026-03-25T07:31:54.266194Z]
26-06-09 11:27:14.093 [http-nio-8080-exec-4] TRACE org.hibernate.orm.jdbc.extract       - extracted value (3:VARCHAR) -> [0325test@test.com]
26-06-09 11:27:14.093 [http-nio-8080-exec-4] TRACE org.hibernate.orm.jdbc.extract       - extracted value (4:VARCHAR) -> [$2a$10$mG/jy9jyb4GmJgNwqOvMO.v4JkCYeUTfpa0YOe9woDusUn4NRHScm]
26-06-09 11:27:14.093 [http-nio-8080-exec-4] TRACE org.hibernate.orm.jdbc.extract       - extracted value (6:VARCHAR) -> [USER]
26-06-09 11:27:14.093 [http-nio-8080-exec-4] TRACE org.hibernate.orm.jdbc.extract       - extracted value (7:TIMESTAMP_UTC) -> [2026-03-25T07:31:54.266194Z]
26-06-09 11:27:14.093 [http-nio-8080-exec-4] TRACE org.hibernate.orm.jdbc.extract       - extracted value (8:VARCHAR) -> [test0325]
26-06-09 11:27:14.093 [http-nio-8080-exec-4] TRACE org.hibernate.orm.jdbc.extract       - extracted value (1:UUID) -> [b1a933b8-5b00-48ca-81e9-0055ba1ff963]
26-06-09 11:27:14.093 [http-nio-8080-exec-4] TRACE org.hibernate.orm.jdbc.extract       - extracted value (5:UUID) -> [null]
26-06-09 11:27:14.093 [http-nio-8080-exec-4] TRACE org.hibernate.orm.jdbc.extract       - extracted value (2:TIMESTAMP_UTC) -> [2026-03-27T05:06:14.779097Z]
26-06-09 11:27:14.093 [http-nio-8080-exec-4] TRACE org.hibernate.orm.jdbc.extract       - extracted value (3:VARCHAR) -> [test0327@test.com]
26-06-09 11:27:14.093 [http-nio-8080-exec-4] TRACE org.hibernate.orm.jdbc.extract       - extracted value (4:VARCHAR) -> [$2a$10$LxGyQsQD7kHjC2llbNvRgedFKJ/SN/rwkoaoyAiSrFljpZWp8xPZG]
26-06-09 11:27:14.093 [http-nio-8080-exec-4] TRACE org.hibernate.orm.jdbc.extract       - extracted value (6:VARCHAR) -> [USER]
26-06-09 11:27:14.093 [http-nio-8080-exec-4] TRACE org.hibernate.orm.jdbc.extract       - extracted value (7:TIMESTAMP_UTC) -> [2026-03-27T05:06:14.779097Z]
26-06-09 11:27:14.093 [http-nio-8080-exec-4] TRACE org.hibernate.orm.jdbc.extract       - extracted value (8:VARCHAR) -> [asd]
26-06-09 11:27:14.094 [http-nio-8080-exec-4] TRACE org.hibernate.orm.jdbc.extract       - extracted value (1:UUID) -> [98ce5813-ebf4-4a0b-9087-2f2c18bbd2a3]
26-06-09 11:27:14.094 [http-nio-8080-exec-4] TRACE org.hibernate.orm.jdbc.extract       - extracted value (5:UUID) -> [null]
26-06-09 11:27:14.094 [http-nio-8080-exec-4] TRACE org.hibernate.orm.jdbc.extract       - extracted value (2:TIMESTAMP_UTC) -> [2026-05-15T07:19:30.272898Z]
26-06-09 11:27:14.094 [http-nio-8080-exec-4] TRACE org.hibernate.orm.jdbc.extract       - extracted value (3:VARCHAR) -> [java@javaspring.com]
26-06-09 11:27:14.094 [http-nio-8080-exec-4] TRACE org.hibernate.orm.jdbc.extract       - extracted value (4:VARCHAR) -> [$2a$10$zhXqDLq.d1aTvZ.Ao2xrs.YBMwsS39OL8mfL9UYpEW4wqfYe0DNx.]
26-06-09 11:27:14.094 [http-nio-8080-exec-4] TRACE org.hibernate.orm.jdbc.extract       - extracted value (6:VARCHAR) -> [USER]
26-06-09 11:27:14.094 [http-nio-8080-exec-4] TRACE org.hibernate.orm.jdbc.extract       - extracted value (7:TIMESTAMP_UTC) -> [2026-05-15T07:19:30.272898Z]
26-06-09 11:27:14.094 [http-nio-8080-exec-4] TRACE org.hibernate.orm.jdbc.extract       - extracted value (8:VARCHAR) -> [스프링프로필친구]
26-06-09 11:27:14.094 [http-nio-8080-exec-4] TRACE org.hibernate.orm.jdbc.extract       - extracted value (1:UUID) -> [c9250cab-cae8-4509-8180-0da4b11066e8]
26-06-09 11:27:14.094 [http-nio-8080-exec-4] TRACE org.hibernate.orm.jdbc.extract       - extracted value (5:UUID) -> [null]
26-06-09 11:27:14.094 [http-nio-8080-exec-4] TRACE org.hibernate.orm.jdbc.extract       - extracted value (2:TIMESTAMP_UTC) -> [2026-05-19T01:42:58.029068Z]
26-06-09 11:27:14.094 [http-nio-8080-exec-4] TRACE org.hibernate.orm.jdbc.extract       - extracted value (3:VARCHAR) -> [admin@admin.com]
26-06-09 11:27:14.094 [http-nio-8080-exec-4] TRACE org.hibernate.orm.jdbc.extract       - extracted value (4:VARCHAR) -> [$2a$10$FwvClmklxVI3h5q/nYuHU.4l9NbtnRQ1GC2Ep4SaOD3SxrBSrlh2i]
26-06-09 11:27:14.094 [http-nio-8080-exec-4] TRACE org.hibernate.orm.jdbc.extract       - extracted value (6:VARCHAR) -> [ADMIN]
26-06-09 11:27:14.094 [http-nio-8080-exec-4] TRACE org.hibernate.orm.jdbc.extract       - extracted value (7:TIMESTAMP_UTC) -> [2026-05-19T01:42:58.029068Z]
26-06-09 11:27:14.094 [http-nio-8080-exec-4] TRACE org.hibernate.orm.jdbc.extract       - extracted value (8:VARCHAR) -> [admin]
26-06-09 11:27:14.094 [http-nio-8080-exec-4] TRACE org.hibernate.orm.jdbc.extract       - extracted value (1:UUID) -> [9b225b56-7425-4c05-b1bf-33788568891a]
26-06-09 11:27:14.095 [http-nio-8080-exec-4] TRACE org.hibernate.orm.jdbc.extract       - extracted value (5:UUID) -> [null]
26-06-09 11:27:14.095 [http-nio-8080-exec-4] TRACE org.hibernate.orm.jdbc.extract       - extracted value (2:TIMESTAMP_UTC) -> [2026-05-19T01:45:59.984574Z]
26-06-09 11:27:14.095 [http-nio-8080-exec-4] TRACE org.hibernate.orm.jdbc.extract       - extracted value (3:VARCHAR) -> [0519test@test.com]
26-06-09 11:27:14.095 [http-nio-8080-exec-4] TRACE org.hibernate.orm.jdbc.extract       - extracted value (4:VARCHAR) -> [$2a$10$JsQ23gBSJ2bBhdIZ6m0vr.2MRc7yn9LH.2Itp/mVUU64ldpKTIWpC]
26-06-09 11:27:14.095 [http-nio-8080-exec-4] TRACE org.hibernate.orm.jdbc.extract       - extracted value (6:VARCHAR) -> [CHANNEL_MANAGER]
26-06-09 11:27:14.095 [http-nio-8080-exec-4] TRACE org.hibernate.orm.jdbc.extract       - extracted value (7:TIMESTAMP_UTC) -> [2026-05-19T01:46:33.938005Z]
26-06-09 11:27:14.095 [http-nio-8080-exec-4] TRACE org.hibernate.orm.jdbc.extract       - extracted value (8:VARCHAR) -> [0519test]
26-06-09 11:27:14.095 [http-nio-8080-exec-4] TRACE org.hibernate.orm.jdbc.extract       - extracted value (1:UUID) -> [ee16f72c-e2b1-4376-b7a6-88f894f2e7ca]
26-06-09 11:27:14.095 [http-nio-8080-exec-4] TRACE org.hibernate.orm.jdbc.extract       - extracted value (5:UUID) -> [null]
26-06-09 11:27:14.095 [http-nio-8080-exec-4] TRACE org.hibernate.orm.jdbc.extract       - extracted value (2:TIMESTAMP_UTC) -> [2026-05-31T11:35:15.163302Z]
26-06-09 11:27:14.095 [http-nio-8080-exec-4] TRACE org.hibernate.orm.jdbc.extract       - extracted value (3:VARCHAR) -> [test0531@test.com]
26-06-09 11:27:14.095 [http-nio-8080-exec-4] TRACE org.hibernate.orm.jdbc.extract       - extracted value (4:VARCHAR) -> [$2a$10$WEDr70nEl34S5xjdBccHXuF95p.DzORb4zt5904.SLPCzYWnGSpm.]
26-06-09 11:27:14.096 [http-nio-8080-exec-4] TRACE org.hibernate.orm.jdbc.extract       - extracted value (6:VARCHAR) -> [USER]
26-06-09 11:27:14.096 [http-nio-8080-exec-4] TRACE org.hibernate.orm.jdbc.extract       - extracted value (7:TIMESTAMP_UTC) -> [2026-05-31T11:35:15.163302Z]
26-06-09 11:27:14.096 [http-nio-8080-exec-4] TRACE org.hibernate.orm.jdbc.extract       - extracted value (8:VARCHAR) -> [test0531]
26-06-09 11:27:14.096 [http-nio-8080-exec-4] TRACE org.hibernate.orm.jdbc.extract       - extracted value (1:UUID) -> [cff3cfdf-c67a-48ac-a13e-1d3c2346e5cc]
26-06-09 11:27:14.096 [http-nio-8080-exec-4] TRACE org.hibernate.orm.jdbc.extract       - extracted value (5:UUID) -> [null]
26-06-09 11:27:14.096 [http-nio-8080-exec-4] TRACE org.hibernate.orm.jdbc.extract       - extracted value (2:TIMESTAMP_UTC) -> [2026-05-31T11:46:09.335380Z]
26-06-09 11:27:14.096 [http-nio-8080-exec-4] TRACE org.hibernate.orm.jdbc.extract       - extracted value (3:VARCHAR) -> [test05312@test.com]
26-06-09 11:27:14.096 [http-nio-8080-exec-4] TRACE org.hibernate.orm.jdbc.extract       - extracted value (4:VARCHAR) -> [$2a$10$Nsk0AnubLHzO3ukARj5p6.VjUu9evw0ZaLLuQ8pBpQxFjhLQYXxDS]
26-06-09 11:27:14.096 [http-nio-8080-exec-4] TRACE org.hibernate.orm.jdbc.extract       - extracted value (6:VARCHAR) -> [USER]
26-06-09 11:27:14.097 [http-nio-8080-exec-4] TRACE org.hibernate.orm.jdbc.extract       - extracted value (7:TIMESTAMP_UTC) -> [2026-05-31T11:46:09.335380Z]
26-06-09 11:27:14.097 [http-nio-8080-exec-4] TRACE org.hibernate.orm.jdbc.extract       - extracted value (8:VARCHAR) -> [test05312]
26-06-09 11:27:14.097 [http-nio-8080-exec-4] TRACE org.hibernate.orm.jdbc.extract       - extracted value (1:UUID) -> [ceb95c66-eb93-4601-bfc2-a0294d619d77]
26-06-09 11:27:14.097 [http-nio-8080-exec-4] TRACE org.hibernate.orm.jdbc.extract       - extracted value (5:UUID) -> [null]
26-06-09 11:27:14.097 [http-nio-8080-exec-4] TRACE org.hibernate.orm.jdbc.extract       - extracted value (2:TIMESTAMP_UTC) -> [2026-06-05T01:14:38.474247Z]
26-06-09 11:27:14.097 [http-nio-8080-exec-4] TRACE org.hibernate.orm.jdbc.extract       - extracted value (3:VARCHAR) -> [test06051@test.com]
26-06-09 11:27:14.097 [http-nio-8080-exec-4] TRACE org.hibernate.orm.jdbc.extract       - extracted value (4:VARCHAR) -> [$2a$10$4VIasWCJxSBj7dTLTH1ddOISntynjLxU5DGnB3gw5Gizl/YgWjKzG]
26-06-09 11:27:14.097 [http-nio-8080-exec-4] TRACE org.hibernate.orm.jdbc.extract       - extracted value (6:VARCHAR) -> [USER]
26-06-09 11:27:14.097 [http-nio-8080-exec-4] TRACE org.hibernate.orm.jdbc.extract       - extracted value (7:TIMESTAMP_UTC) -> [2026-06-05T01:14:38.474247Z]
26-06-09 11:27:14.097 [http-nio-8080-exec-4] TRACE org.hibernate.orm.jdbc.extract       - extracted value (8:VARCHAR) -> [test06051]
26-06-09 11:27:14.097 [http-nio-8080-exec-4] TRACE org.hibernate.orm.jdbc.extract       - extracted value (1:UUID) -> [16adc8c6-634b-490b-a8fc-1f3946a53424]
26-06-09 11:27:14.097 [http-nio-8080-exec-4] TRACE org.hibernate.orm.jdbc.extract       - extracted value (5:UUID) -> [null]
26-06-09 11:27:14.097 [http-nio-8080-exec-4] TRACE org.hibernate.orm.jdbc.extract       - extracted value (2:TIMESTAMP_UTC) -> [2026-06-05T01:26:48.298603Z]
26-06-09 11:27:14.097 [http-nio-8080-exec-4] TRACE org.hibernate.orm.jdbc.extract       - extracted value (3:VARCHAR) -> [test06052@test.com]
26-06-09 11:27:14.097 [http-nio-8080-exec-4] TRACE org.hibernate.orm.jdbc.extract       - extracted value (4:VARCHAR) -> [$2a$10$WXbaWJIO9AnVf8bZvQleQ.mcDU9LEfns4T0QjXr6PTFgFRkl/HMq.]
26-06-09 11:27:14.098 [http-nio-8080-exec-4] TRACE org.hibernate.orm.jdbc.extract       - extracted value (6:VARCHAR) -> [USER]
26-06-09 11:27:14.098 [http-nio-8080-exec-4] TRACE org.hibernate.orm.jdbc.extract       - extracted value (7:TIMESTAMP_UTC) -> [2026-06-05T01:26:48.298603Z]
26-06-09 11:27:14.098 [http-nio-8080-exec-4] TRACE org.hibernate.orm.jdbc.extract       - extracted value (8:VARCHAR) -> [test06052]
26-06-09 11:27:14.098 [http-nio-8080-exec-4] TRACE org.hibernate.orm.jdbc.extract       - extracted value (1:UUID) -> [1bdf270a-29cc-4700-843b-3075a4f50668]
26-06-09 11:27:14.098 [http-nio-8080-exec-4] TRACE org.hibernate.orm.jdbc.extract       - extracted value (5:UUID) -> [null]
26-06-09 11:27:14.098 [http-nio-8080-exec-4] TRACE org.hibernate.orm.jdbc.extract       - extracted value (2:TIMESTAMP_UTC) -> [2026-06-07T13:46:20.692678Z]
26-06-09 11:27:14.098 [http-nio-8080-exec-4] TRACE org.hibernate.orm.jdbc.extract       - extracted value (3:VARCHAR) -> [test06071@test.com]
26-06-09 11:27:14.098 [http-nio-8080-exec-4] TRACE org.hibernate.orm.jdbc.extract       - extracted value (4:VARCHAR) -> [$2a$10$srOZHA1j6wWo5bDIsgiaquN/mycEHKdNzS8qfA8dl.0yCiaxKEom.]
26-06-09 11:27:14.098 [http-nio-8080-exec-4] TRACE org.hibernate.orm.jdbc.extract       - extracted value (6:VARCHAR) -> [USER]
26-06-09 11:27:14.098 [http-nio-8080-exec-4] TRACE org.hibernate.orm.jdbc.extract       - extracted value (7:TIMESTAMP_UTC) -> [2026-06-07T13:46:20.692678Z]
26-06-09 11:27:14.099 [http-nio-8080-exec-4] TRACE org.hibernate.orm.jdbc.extract       - extracted value (8:VARCHAR) -> [test06071]
26-06-09 11:27:14.099 [http-nio-8080-exec-4] TRACE org.hibernate.orm.jdbc.extract       - extracted value (1:UUID) -> [6b578585-908f-4bd6-9335-1ac5acb94e40]
26-06-09 11:27:14.099 [http-nio-8080-exec-4] TRACE org.hibernate.orm.jdbc.extract       - extracted value (5:UUID) -> [null]
26-06-09 11:27:14.099 [http-nio-8080-exec-4] TRACE org.hibernate.orm.jdbc.extract       - extracted value (2:TIMESTAMP_UTC) -> [2026-06-08T07:39:13.219128Z]
26-06-09 11:27:14.099 [http-nio-8080-exec-4] TRACE org.hibernate.orm.jdbc.extract       - extracted value (3:VARCHAR) -> [test06081@test.com]
26-06-09 11:27:14.099 [http-nio-8080-exec-4] TRACE org.hibernate.orm.jdbc.extract       - extracted value (4:VARCHAR) -> [$2a$10$HE3kHqnEa04j3.4KpTkCMeYioQD/nFni86UlddUOGVFyPZjRgP8qO]
26-06-09 11:27:14.099 [http-nio-8080-exec-4] TRACE org.hibernate.orm.jdbc.extract       - extracted value (6:VARCHAR) -> [USER]
26-06-09 11:27:14.099 [http-nio-8080-exec-4] TRACE org.hibernate.orm.jdbc.extract       - extracted value (7:TIMESTAMP_UTC) -> [2026-06-08T07:39:13.219128Z]
26-06-09 11:27:14.099 [http-nio-8080-exec-4] TRACE org.hibernate.orm.jdbc.extract       - extracted value (8:VARCHAR) -> [test06081]
26-06-09 11:27:14.104 [http-nio-8080-exec-4] DEBUG org.hibernate.SQL                    - 
    select
        bc1_0.id,
        bc1_0.content_type,
        bc1_0.created_at,
        bc1_0.file_name,
        bc1_0.size,
        bc1_0.status 
    from
        binary_contents bc1_0 
    where
        bc1_0.id=?
26-06-09 11:27:14.105 [http-nio-8080-exec-4] TRACE org.hibernate.orm.jdbc.bind          - binding parameter (1:UUID) <- [46746932-09b7-410a-b9bf-3f7cdbf1f402]
26-06-09 11:27:14.108 [http-nio-8080-exec-4] TRACE org.hibernate.orm.jdbc.extract       - extracted value (2:VARCHAR) -> [image/jpeg]
26-06-09 11:27:14.108 [http-nio-8080-exec-4] TRACE org.hibernate.orm.jdbc.extract       - extracted value (3:TIMESTAMP_UTC) -> [2026-03-09T06:17:44.334709Z]
26-06-09 11:27:14.108 [http-nio-8080-exec-4] TRACE org.hibernate.orm.jdbc.extract       - extracted value (4:VARCHAR) -> [다운로드.jpg]
26-06-09 11:27:14.109 [http-nio-8080-exec-4] TRACE org.hibernate.orm.jdbc.extract       - extracted value (5:BIGINT) -> [6118]
26-06-09 11:27:14.109 [http-nio-8080-exec-4] TRACE org.hibernate.orm.jdbc.extract       - extracted value (6:VARCHAR) -> [ACTIVE]
26-06-09 11:27:14.110 [http-nio-8080-exec-4] DEBUG org.hibernate.SQL                    - 
    select
        bc1_0.id,
        bc1_0.content_type,
        bc1_0.created_at,
        bc1_0.file_name,
        bc1_0.size,
        bc1_0.status 
    from
        binary_contents bc1_0 
    where
        bc1_0.id=?
26-06-09 11:27:14.110 [http-nio-8080-exec-4] TRACE org.hibernate.orm.jdbc.bind          - binding parameter (1:UUID) <- [1a4039ff-b856-4639-8a2d-4b4cac93793c]
26-06-09 11:27:14.111 [http-nio-8080-exec-4] TRACE org.hibernate.orm.jdbc.extract       - extracted value (2:VARCHAR) -> [image/jpeg]
26-06-09 11:27:14.111 [http-nio-8080-exec-4] TRACE org.hibernate.orm.jdbc.extract       - extracted value (3:TIMESTAMP_UTC) -> [2026-03-09T06:21:21.946259Z]
26-06-09 11:27:14.111 [http-nio-8080-exec-4] TRACE org.hibernate.orm.jdbc.extract       - extracted value (4:VARCHAR) -> [다운로드.jpg]
26-06-09 11:27:14.111 [http-nio-8080-exec-4] TRACE org.hibernate.orm.jdbc.extract       - extracted value (5:BIGINT) -> [6118]
26-06-09 11:27:14.111 [http-nio-8080-exec-4] TRACE org.hibernate.orm.jdbc.extract       - extracted value (6:VARCHAR) -> [ACTIVE]
26-06-09 11:27:14.112 [http-nio-8080-exec-4] DEBUG org.hibernate.SQL                    - 
    select
        bc1_0.id,
        bc1_0.content_type,
        bc1_0.created_at,
        bc1_0.file_name,
        bc1_0.size,
        bc1_0.status 
    from
        binary_contents bc1_0 
    where
        bc1_0.id=?
26-06-09 11:27:14.112 [http-nio-8080-exec-4] TRACE org.hibernate.orm.jdbc.bind          - binding parameter (1:UUID) <- [317d8fef-86f0-4287-afdd-fcf080c55726]
26-06-09 11:27:14.112 [http-nio-8080-exec-4] TRACE org.hibernate.orm.jdbc.extract       - extracted value (2:VARCHAR) -> [image/jpeg]
26-06-09 11:27:14.112 [http-nio-8080-exec-4] TRACE org.hibernate.orm.jdbc.extract       - extracted value (3:TIMESTAMP_UTC) -> [2026-03-09T06:31:53.022861Z]
26-06-09 11:27:14.112 [http-nio-8080-exec-4] TRACE org.hibernate.orm.jdbc.extract       - extracted value (4:VARCHAR) -> [다운로드.jpg]
26-06-09 11:27:14.112 [http-nio-8080-exec-4] TRACE org.hibernate.orm.jdbc.extract       - extracted value (5:BIGINT) -> [6118]
26-06-09 11:27:14.112 [http-nio-8080-exec-4] TRACE org.hibernate.orm.jdbc.extract       - extracted value (6:VARCHAR) -> [ACTIVE]
26-06-09 11:27:14.119 [http-nio-8080-exec-4] TRACE o.s.s.w.h.writers.HstsHeaderWriter   - Not injecting HSTS header since it did not match request to [Is Secure]
26-06-09 11:27:15.137 [http-nio-8080-exec-5] TRACE o.s.security.web.FilterChainProxy    - Trying to match request against DefaultSecurityFilterChain defined as 'filterChain' in [class path resource [com/sprint/mission/discodeit/common/config/SecurityConfig.class]] matching [any request] and having filters [DisableEncodeUrl, WebAsyncManagerIntegration, SecurityContextHolder, HeaderWriter, Csrf, Logout, JwtAuthentication, UsernamePasswordAuthentication, RequestCacheAware, SecurityContextHolderAwareRequest, AnonymousAuthentication, SessionManagement, ExceptionTranslation, Authorization] (1/1)
26-06-09 11:27:15.137 [http-nio-8080-exec-5] DEBUG o.s.security.web.FilterChainProxy    - Securing GET /api/users
26-06-09 11:27:15.137 [http-nio-8080-exec-5] TRACE o.s.security.web.FilterChainProxy    - Invoking DisableEncodeUrlFilter (1/14)
26-06-09 11:27:15.137 [http-nio-8080-exec-5] TRACE o.s.security.web.FilterChainProxy    - Invoking WebAsyncManagerIntegrationFilter (2/14)
26-06-09 11:27:15.137 [http-nio-8080-exec-5] TRACE o.s.security.web.FilterChainProxy    - Invoking SecurityContextHolderFilter (3/14)
26-06-09 11:27:15.137 [http-nio-8080-exec-5] TRACE o.s.security.web.FilterChainProxy    - Invoking HeaderWriterFilter (4/14)
26-06-09 11:27:15.137 [http-nio-8080-exec-5] TRACE o.s.security.web.FilterChainProxy    - Invoking CsrfFilter (5/14)
26-06-09 11:27:15.137 [http-nio-8080-exec-5] TRACE o.s.security.web.csrf.CsrfFilter     - Did not protect against CSRF since request did not match CsrfNotRequired [TRACE, HEAD, GET, OPTIONS]
26-06-09 11:27:15.137 [http-nio-8080-exec-5] TRACE o.s.security.web.FilterChainProxy    - Invoking LogoutFilter (6/14)
26-06-09 11:27:15.139 [http-nio-8080-exec-5] TRACE o.s.s.w.a.logout.LogoutFilter        - Did not match request to Ant [pattern='/api/auth/logout', POST]
26-06-09 11:27:15.139 [http-nio-8080-exec-5] TRACE o.s.security.web.FilterChainProxy    - Invoking JwtAuthenticationFilter (7/14)
26-06-09 11:27:15.139 [http-nio-8080-exec-5] TRACE o.s.security.web.FilterChainProxy    - Invoking UsernamePasswordAuthenticationFilter (8/14)
26-06-09 11:27:15.139 [http-nio-8080-exec-5] TRACE o.s.s.w.a.UsernamePasswordAuthenticationFilter - Did not match request to Ant [pattern='/api/auth/login', POST]
26-06-09 11:27:15.139 [http-nio-8080-exec-5] TRACE o.s.security.web.FilterChainProxy    - Invoking RequestCacheAwareFilter (9/14)
26-06-09 11:27:15.139 [http-nio-8080-exec-5] TRACE o.s.security.web.FilterChainProxy    - Invoking SecurityContextHolderAwareRequestFilter (10/14)
26-06-09 11:27:15.139 [http-nio-8080-exec-5] TRACE o.s.security.web.FilterChainProxy    - Invoking AnonymousAuthenticationFilter (11/14)
26-06-09 11:27:15.139 [http-nio-8080-exec-5] TRACE o.s.security.web.FilterChainProxy    - Invoking SessionManagementFilter (12/14)
26-06-09 11:27:15.139 [http-nio-8080-exec-5] TRACE o.s.s.w.c.SupplierDeferredSecurityContext - Created SecurityContextImpl [Null authentication]
26-06-09 11:27:15.139 [http-nio-8080-exec-5] TRACE o.s.s.w.a.AnonymousAuthenticationFilter - Set SecurityContextHolder to AnonymousAuthenticationToken [Principal=anonymousUser, Credentials=[PROTECTED], Authenticated=true, Details=WebAuthenticationDetails [RemoteIpAddress=0:0:0:0:0:0:0:1, SessionId=null], Granted Authorities=[ROLE_ANONYMOUS]]
26-06-09 11:27:15.139 [http-nio-8080-exec-5] TRACE o.s.security.web.FilterChainProxy    - Invoking ExceptionTranslationFilter (13/14)
26-06-09 11:27:15.139 [http-nio-8080-exec-5] TRACE o.s.security.web.FilterChainProxy    - Invoking AuthorizationFilter (14/14)
26-06-09 11:27:15.139 [http-nio-8080-exec-5] TRACE o.s.s.w.a.i.RequestMatcherDelegatingAuthorizationManager - Authorizing GET /api/users
26-06-09 11:27:15.140 [http-nio-8080-exec-5] TRACE o.s.s.w.a.i.RequestMatcherDelegatingAuthorizationManager - Checking authorization on GET /api/users using org.springframework.security.config.annotation.web.configurers.AuthorizeHttpRequestsConfigurer$$Lambda$2085/0x0000021d16d3c338@4d397052
26-06-09 11:27:15.140 [http-nio-8080-exec-5] DEBUG o.s.security.web.FilterChainProxy    - Secured GET /api/users
26-06-09 11:27:15.148 [http-nio-8080-exec-5] TRACE o.s.s.w.h.writers.HstsHeaderWriter   - Not injecting HSTS header since it did not match request to [Is Secure]
26-06-09 11:27:20.170 [http-nio-8080-exec-6] TRACE o.s.security.web.FilterChainProxy    - Trying to match request against DefaultSecurityFilterChain defined as 'filterChain' in [class path resource [com/sprint/mission/discodeit/common/config/SecurityConfig.class]] matching [any request] and having filters [DisableEncodeUrl, WebAsyncManagerIntegration, SecurityContextHolder, HeaderWriter, Csrf, Logout, JwtAuthentication, UsernamePasswordAuthentication, RequestCacheAware, SecurityContextHolderAwareRequest, AnonymousAuthentication, SessionManagement, ExceptionTranslation, Authorization] (1/1)
26-06-09 11:27:20.170 [http-nio-8080-exec-6] DEBUG o.s.security.web.FilterChainProxy    - Securing GET /actuator/metrics
26-06-09 11:27:20.170 [http-nio-8080-exec-6] TRACE o.s.security.web.FilterChainProxy    - Invoking DisableEncodeUrlFilter (1/14)
26-06-09 11:27:20.170 [http-nio-8080-exec-6] TRACE o.s.security.web.FilterChainProxy    - Invoking WebAsyncManagerIntegrationFilter (2/14)
26-06-09 11:27:20.170 [http-nio-8080-exec-6] TRACE o.s.security.web.FilterChainProxy    - Invoking SecurityContextHolderFilter (3/14)
26-06-09 11:27:20.170 [http-nio-8080-exec-6] TRACE o.s.security.web.FilterChainProxy    - Invoking HeaderWriterFilter (4/14)
26-06-09 11:27:20.170 [http-nio-8080-exec-6] TRACE o.s.security.web.FilterChainProxy    - Invoking CsrfFilter (5/14)
26-06-09 11:27:20.170 [http-nio-8080-exec-6] TRACE o.s.security.web.csrf.CsrfFilter     - Did not protect against CSRF since request did not match CsrfNotRequired [TRACE, HEAD, GET, OPTIONS]
26-06-09 11:27:20.170 [http-nio-8080-exec-6] TRACE o.s.security.web.FilterChainProxy    - Invoking LogoutFilter (6/14)
26-06-09 11:27:20.170 [http-nio-8080-exec-6] TRACE o.s.s.w.a.logout.LogoutFilter        - Did not match request to Ant [pattern='/api/auth/logout', POST]
26-06-09 11:27:20.171 [http-nio-8080-exec-6] TRACE o.s.security.web.FilterChainProxy    - Invoking JwtAuthenticationFilter (7/14)
26-06-09 11:27:20.171 [http-nio-8080-exec-6] TRACE o.s.security.web.FilterChainProxy    - Invoking UsernamePasswordAuthenticationFilter (8/14)
26-06-09 11:27:20.171 [http-nio-8080-exec-6] TRACE o.s.s.w.a.UsernamePasswordAuthenticationFilter - Did not match request to Ant [pattern='/api/auth/login', POST]
26-06-09 11:27:20.171 [http-nio-8080-exec-6] TRACE o.s.security.web.FilterChainProxy    - Invoking RequestCacheAwareFilter (9/14)
26-06-09 11:27:20.171 [http-nio-8080-exec-6] TRACE o.s.security.web.FilterChainProxy    - Invoking SecurityContextHolderAwareRequestFilter (10/14)
26-06-09 11:27:20.171 [http-nio-8080-exec-6] TRACE o.s.security.web.FilterChainProxy    - Invoking AnonymousAuthenticationFilter (11/14)
26-06-09 11:27:20.171 [http-nio-8080-exec-6] TRACE o.s.security.web.FilterChainProxy    - Invoking SessionManagementFilter (12/14)
26-06-09 11:27:20.171 [http-nio-8080-exec-6] TRACE o.s.s.w.c.SupplierDeferredSecurityContext - Created SecurityContextImpl [Null authentication]
26-06-09 11:27:20.171 [http-nio-8080-exec-6] TRACE o.s.s.w.a.AnonymousAuthenticationFilter - Set SecurityContextHolder to AnonymousAuthenticationToken [Principal=anonymousUser, Credentials=[PROTECTED], Authenticated=true, Details=WebAuthenticationDetails [RemoteIpAddress=0:0:0:0:0:0:0:1, SessionId=null], Granted Authorities=[ROLE_ANONYMOUS]]
26-06-09 11:27:20.171 [http-nio-8080-exec-6] TRACE o.s.security.web.FilterChainProxy    - Invoking ExceptionTranslationFilter (13/14)
26-06-09 11:27:20.171 [http-nio-8080-exec-6] TRACE o.s.security.web.FilterChainProxy    - Invoking AuthorizationFilter (14/14)
26-06-09 11:27:20.171 [http-nio-8080-exec-6] TRACE o.s.s.w.a.i.RequestMatcherDelegatingAuthorizationManager - Authorizing GET /actuator/metrics
26-06-09 11:27:20.171 [http-nio-8080-exec-6] TRACE o.s.s.w.a.i.RequestMatcherDelegatingAuthorizationManager - Checking authorization on GET /actuator/metrics using org.springframework.security.config.annotation.web.configurers.AuthorizeHttpRequestsConfigurer$$Lambda$2085/0x0000021d16d3c338@4d397052
26-06-09 11:27:20.172 [http-nio-8080-exec-6] DEBUG o.s.security.web.FilterChainProxy    - Secured GET /actuator/metrics
26-06-09 11:27:20.182 [http-nio-8080-exec-6] TRACE o.s.s.w.h.writers.HstsHeaderWriter   - Not injecting HSTS header since it did not match request to [Is Secure]
26-06-09 11:28:14.443 [SpringApplicationShutdownHook] INFO  o.s.b.w.e.tomcat.GracefulShutdown    - Commencing graceful shutdown. Waiting for active requests to complete
26-06-09 11:28:14.921 [tomcat-shutdown] INFO  o.s.b.w.e.tomcat.GracefulShutdown    - Graceful shutdown complete
26-06-09 11:28:14.929 [SpringApplicationShutdownHook] INFO  o.s.o.j.LocalContainerEntityManagerFactoryBean - Closing JPA EntityManagerFactory for persistence unit 'default'
26-06-09 11:28:14.931 [SpringApplicationShutdownHook] INFO  com.zaxxer.hikari.HikariDataSource   - HikariPool-1 - Shutdown initiated...
26-06-09 11:28:14.937 [SpringApplicationShutdownHook] INFO  com.zaxxer.hikari.HikariDataSource   - HikariPool-1 - Shutdown completed.
26-06-09 11:28:20.649 [background-preinit] INFO  o.h.validator.internal.util.Version  - HV000001: Hibernate Validator 8.0.1.Final
26-06-09 11:28:20.708 [main] INFO  c.s.m.discodeit.DiscodeitApplication - Starting DiscodeitApplication using Java 17.0.17 with PID 27816 (C:\codeit\sprint_mission_3_base\build\classes\java\main started by HP in C:\codeit\sprint_mission_3_base)
26-06-09 11:28:20.708 [main] DEBUG c.s.m.discodeit.DiscodeitApplication - Running with Spring Boot v3.4.0, Spring v6.2.0
26-06-09 11:28:20.708 [main] INFO  c.s.m.discodeit.DiscodeitApplication - The following 1 profile is active: "dev"
26-06-09 11:28:22.028 [main] INFO  o.s.d.r.c.RepositoryConfigurationDelegate - Bootstrapping Spring Data JPA repositories in DEFAULT mode.
26-06-09 11:28:22.161 [main] INFO  o.s.d.r.c.RepositoryConfigurationDelegate - Finished Spring Data repository scanning in 124 ms. Found 6 JPA repository interfaces.
26-06-09 11:28:23.043 [main] INFO  o.s.b.w.e.tomcat.TomcatWebServer     - Tomcat initialized with port 8080 (http)
26-06-09 11:28:23.053 [main] INFO  o.a.coyote.http11.Http11NioProtocol  - Initializing ProtocolHandler ["http-nio-8080"]
26-06-09 11:28:23.055 [main] INFO  o.a.catalina.core.StandardService    - Starting service [Tomcat]
26-06-09 11:28:23.055 [main] INFO  o.a.catalina.core.StandardEngine     - Starting Servlet engine: [Apache Tomcat/10.1.33]
26-06-09 11:28:23.145 [main] INFO  o.a.c.c.C.[Tomcat].[localhost].[/]   - Initializing Spring embedded WebApplicationContext
26-06-09 11:28:23.146 [main] INFO  o.s.b.w.s.c.ServletWebServerApplicationContext - Root WebApplicationContext: initialization completed in 2374 ms
26-06-09 11:28:23.568 [main] INFO  o.h.jpa.internal.util.LogHelper      - HHH000204: Processing PersistenceUnitInfo [name: default]
26-06-09 11:28:23.644 [main] INFO  org.hibernate.Version                - HHH000412: Hibernate ORM core version 6.6.2.Final
26-06-09 11:28:23.690 [main] INFO  o.h.c.i.RegionFactoryInitiator       - HHH000026: Second-level cache disabled
26-06-09 11:28:24.058 [main] INFO  o.s.o.j.p.SpringPersistenceUnitInfo  - No LoadTimeWeaver setup: ignoring JPA class transformer
26-06-09 11:28:24.094 [main] INFO  com.zaxxer.hikari.HikariDataSource   - HikariPool-1 - Starting...
26-06-09 11:28:24.298 [main] INFO  com.zaxxer.hikari.pool.HikariPool    - HikariPool-1 - Added connection org.postgresql.jdbc.PgConnection@50b2ba2c
26-06-09 11:28:24.300 [main] INFO  com.zaxxer.hikari.HikariDataSource   - HikariPool-1 - Start completed.
26-06-09 11:28:24.334 [main] WARN  org.hibernate.orm.deprecation        - HHH90000025: PostgreSQLDialect does not need to be specified explicitly using 'hibernate.dialect' (remove the property setting and it will be selected by default)
26-06-09 11:28:24.356 [main] INFO  o.hibernate.orm.connections.pooling  - HHH10001005: Database info:
	Database JDBC URL [Connecting through datasource 'HikariDataSource (HikariPool-1)']
	Database driver: undefined/unknown
	Database version: 18.2
	Autocommit mode: undefined/unknown
	Isolation level: undefined/unknown
	Minimum pool size: undefined/unknown
	Maximum pool size: undefined/unknown
26-06-09 11:28:25.525 [main] INFO  o.h.e.t.j.p.i.JtaPlatformInitiator   - HHH000489: No JTA platform available (set 'hibernate.transaction.jta.platform' to enable JTA platform integration)
26-06-09 11:28:25.528 [main] INFO  o.s.o.j.LocalContainerEntityManagerFactoryBean - Initialized JPA EntityManagerFactory for persistence unit 'default'
26-06-09 11:28:25.986 [main] DEBUG c.s.m.discodeit.async.MDCFilter      - Filter 'MDCFilter' configured for use
26-06-09 11:28:25.986 [main] DEBUG c.s.m.d.jwt.JwtAuthenticationFilter  - Filter 'jwtAuthenticationFilter' configured for use
26-06-09 11:28:26.083 [main] DEBUG o.s.s.a.h.RoleHierarchyImpl          - setHierarchy() - The following role hierarchy was set: ROLE_ADMIN > ROLE_CHANNEL_MANAGER
ROLE_CHANNEL_MANAGER > ROLE_USER
26-06-09 11:28:26.084 [main] DEBUG o.s.s.a.h.RoleHierarchyImpl          - buildRolesReachableInOneStepMap() - From role ROLE_ADMIN one can reach role ROLE_CHANNEL_MANAGER in one step.
26-06-09 11:28:26.085 [main] DEBUG o.s.s.a.h.RoleHierarchyImpl          - buildRolesReachableInOneStepMap() - From role ROLE_CHANNEL_MANAGER one can reach role ROLE_USER in one step.
26-06-09 11:28:26.085 [main] DEBUG o.s.s.a.h.RoleHierarchyImpl          - buildRolesReachableInOneOrMoreStepsMap() - From role ROLE_ADMIN one can reach [ROLE_USER, ROLE_CHANNEL_MANAGER] in one or more steps.
26-06-09 11:28:26.085 [main] DEBUG o.s.s.a.h.RoleHierarchyImpl          - buildRolesReachableInOneOrMoreStepsMap() - From role ROLE_CHANNEL_MANAGER one can reach [ROLE_USER] in one or more steps.
26-06-09 11:28:27.010 [main] INFO  o.s.d.j.r.query.QueryEnhancerFactory - Hibernate is in classpath; If applicable, HQL parser will be used.
26-06-09 11:28:28.137 [main] WARN  o.s.b.a.o.j.JpaBaseConfiguration$JpaWebConfiguration - spring.jpa.open-in-view is enabled by default. Therefore, database queries may be performed during view rendering. Explicitly configure spring.jpa.open-in-view to disable this warning
26-06-09 11:28:28.193 [main] TRACE o.s.s.c.a.a.c.AuthenticationConfiguration$EnableGlobalAuthenticationAutowiredConfigurer - Eagerly initializing {securityConfig=com.sprint.mission.discodeit.common.config.SecurityConfig$$SpringCGLIB$$0@464a3430}
26-06-09 11:28:28.199 [main] INFO  o.s.s.c.a.a.c.InitializeUserDetailsBeanManagerConfigurer$InitializeUserDetailsManagerConfigurer - Global AuthenticationManager configured with UserDetailsService bean with name discodeitUserDetailsService
26-06-09 11:28:28.293 [main] INFO  o.s.b.a.w.s.WelcomePageHandlerMapping - Adding welcome page: class path resource [static/index.html]
26-06-09 11:28:28.789 [main] INFO  o.s.b.a.e.web.EndpointLinksResolver  - Exposing 5 endpoints beneath base path '/actuator'
26-06-09 11:28:28.972 [main] DEBUG o.s.s.web.DefaultSecurityFilterChain - Will secure any request with filters: DisableEncodeUrlFilter, WebAsyncManagerIntegrationFilter, SecurityContextHolderFilter, HeaderWriterFilter, CsrfFilter, LogoutFilter, JwtAuthenticationFilter, UsernamePasswordAuthenticationFilter, RequestCacheAwareFilter, SecurityContextHolderAwareRequestFilter, AnonymousAuthenticationFilter, SessionManagementFilter, ExceptionTranslationFilter, AuthorizationFilter
26-06-09 11:28:29.829 [main] INFO  o.a.coyote.http11.Http11NioProtocol  - Starting ProtocolHandler ["http-nio-8080"]
26-06-09 11:28:29.848 [main] INFO  o.s.b.w.e.tomcat.TomcatWebServer     - Tomcat started on port 8080 (http) with context path '/'
26-06-09 11:28:29.865 [main] INFO  c.s.m.discodeit.DiscodeitApplication - Started DiscodeitApplication in 9.797 seconds (process running for 10.714)
26-06-09 11:28:29.968 [main] DEBUG org.hibernate.SQL                    - 
    select
        u1_0.id 
    from
        users u1_0 
    where
        u1_0.role=? 
    fetch
        first ? rows only
26-06-09 11:28:29.977 [main] TRACE org.hibernate.orm.jdbc.bind          - binding parameter (1:VARCHAR) <- [ADMIN]
26-06-09 11:28:29.977 [main] TRACE org.hibernate.orm.jdbc.bind          - binding parameter (2:INTEGER) <- [1]
26-06-09 11:28:30.000 [main] TRACE org.hibernate.orm.jdbc.extract       - extracted value (1:UUID) -> [c9250cab-cae8-4509-8180-0da4b11066e8]
26-06-09 11:28:30.575 [RMI TCP Connection(4)-172.30.1.47] INFO  o.a.c.c.C.[Tomcat].[localhost].[/]   - Initializing Spring DispatcherServlet 'dispatcherServlet'
26-06-09 11:28:30.575 [RMI TCP Connection(4)-172.30.1.47] INFO  o.s.web.servlet.DispatcherServlet    - Initializing Servlet 'dispatcherServlet'
26-06-09 11:28:30.577 [RMI TCP Connection(4)-172.30.1.47] INFO  o.s.web.servlet.DispatcherServlet    - Completed initialization in 1 ms
26-06-09 11:28:37.873 [http-nio-8080-exec-1] TRACE o.s.security.web.FilterChainProxy    - Trying to match request against DefaultSecurityFilterChain defined as 'filterChain' in [class path resource [com/sprint/mission/discodeit/common/config/SecurityConfig.class]] matching [any request] and having filters [DisableEncodeUrl, WebAsyncManagerIntegration, SecurityContextHolder, HeaderWriter, Csrf, Logout, JwtAuthentication, UsernamePasswordAuthentication, RequestCacheAware, SecurityContextHolderAwareRequest, AnonymousAuthentication, SessionManagement, ExceptionTranslation, Authorization] (1/1)
26-06-09 11:28:37.882 [http-nio-8080-exec-1] DEBUG o.s.security.web.FilterChainProxy    - Securing GET /swagger-ui/index.html
26-06-09 11:28:37.887 [http-nio-8080-exec-1] TRACE o.s.security.web.FilterChainProxy    - Invoking DisableEncodeUrlFilter (1/14)
26-06-09 11:28:37.903 [http-nio-8080-exec-1] TRACE o.s.security.web.FilterChainProxy    - Invoking WebAsyncManagerIntegrationFilter (2/14)
26-06-09 11:28:37.911 [http-nio-8080-exec-1] TRACE o.s.security.web.FilterChainProxy    - Invoking SecurityContextHolderFilter (3/14)
26-06-09 11:28:37.914 [http-nio-8080-exec-1] TRACE o.s.security.web.FilterChainProxy    - Invoking HeaderWriterFilter (4/14)
26-06-09 11:28:37.932 [http-nio-8080-exec-1] TRACE o.s.security.web.FilterChainProxy    - Invoking CsrfFilter (5/14)
26-06-09 11:28:37.939 [http-nio-8080-exec-1] TRACE o.s.security.web.csrf.CsrfFilter     - Did not protect against CSRF since request did not match CsrfNotRequired [TRACE, HEAD, GET, OPTIONS]
26-06-09 11:28:37.940 [http-nio-8080-exec-1] TRACE o.s.security.web.FilterChainProxy    - Invoking LogoutFilter (6/14)
26-06-09 11:28:37.940 [http-nio-8080-exec-1] TRACE o.s.s.w.a.logout.LogoutFilter        - Did not match request to Ant [pattern='/api/auth/logout', POST]
26-06-09 11:28:37.940 [http-nio-8080-exec-1] TRACE o.s.security.web.FilterChainProxy    - Invoking JwtAuthenticationFilter (7/14)
26-06-09 11:28:37.941 [http-nio-8080-exec-1] TRACE o.s.security.web.FilterChainProxy    - Invoking UsernamePasswordAuthenticationFilter (8/14)
26-06-09 11:28:37.942 [http-nio-8080-exec-1] TRACE o.s.s.w.a.UsernamePasswordAuthenticationFilter - Did not match request to Ant [pattern='/api/auth/login', POST]
26-06-09 11:28:37.942 [http-nio-8080-exec-1] TRACE o.s.security.web.FilterChainProxy    - Invoking RequestCacheAwareFilter (9/14)
26-06-09 11:28:37.942 [http-nio-8080-exec-1] TRACE o.s.security.web.FilterChainProxy    - Invoking SecurityContextHolderAwareRequestFilter (10/14)
26-06-09 11:28:37.944 [http-nio-8080-exec-1] TRACE o.s.security.web.FilterChainProxy    - Invoking AnonymousAuthenticationFilter (11/14)
26-06-09 11:28:37.945 [http-nio-8080-exec-1] TRACE o.s.security.web.FilterChainProxy    - Invoking SessionManagementFilter (12/14)
26-06-09 11:28:37.946 [http-nio-8080-exec-1] TRACE o.s.s.w.c.SupplierDeferredSecurityContext - Created SecurityContextImpl [Null authentication]
26-06-09 11:28:37.947 [http-nio-8080-exec-1] TRACE o.s.s.w.a.AnonymousAuthenticationFilter - Set SecurityContextHolder to AnonymousAuthenticationToken [Principal=anonymousUser, Credentials=[PROTECTED], Authenticated=true, Details=WebAuthenticationDetails [RemoteIpAddress=0:0:0:0:0:0:0:1, SessionId=null], Granted Authorities=[ROLE_ANONYMOUS]]
26-06-09 11:28:37.947 [http-nio-8080-exec-1] TRACE o.s.security.web.FilterChainProxy    - Invoking ExceptionTranslationFilter (13/14)
26-06-09 11:28:37.947 [http-nio-8080-exec-1] TRACE o.s.security.web.FilterChainProxy    - Invoking AuthorizationFilter (14/14)
26-06-09 11:28:37.950 [http-nio-8080-exec-1] TRACE o.s.s.w.a.i.RequestMatcherDelegatingAuthorizationManager - Authorizing GET /swagger-ui/index.html
26-06-09 11:28:37.952 [http-nio-8080-exec-1] TRACE o.s.s.w.a.i.RequestMatcherDelegatingAuthorizationManager - Checking authorization on GET /swagger-ui/index.html using org.springframework.security.config.annotation.web.configurers.AuthorizeHttpRequestsConfigurer$$Lambda$2081/0x000001acb5d352d8@6420a523
26-06-09 11:28:37.954 [http-nio-8080-exec-1] DEBUG o.s.security.web.FilterChainProxy    - Secured GET /swagger-ui/index.html
26-06-09 11:28:37.986 [http-nio-8080-exec-1] TRACE o.s.s.w.h.writers.HstsHeaderWriter   - Not injecting HSTS header since it did not match request to [Is Secure]
26-06-09 11:28:38.034 [http-nio-8080-exec-3] TRACE o.s.security.web.FilterChainProxy    - Trying to match request against DefaultSecurityFilterChain defined as 'filterChain' in [class path resource [com/sprint/mission/discodeit/common/config/SecurityConfig.class]] matching [any request] and having filters [DisableEncodeUrl, WebAsyncManagerIntegration, SecurityContextHolder, HeaderWriter, Csrf, Logout, JwtAuthentication, UsernamePasswordAuthentication, RequestCacheAware, SecurityContextHolderAwareRequest, AnonymousAuthentication, SessionManagement, ExceptionTranslation, Authorization] (1/1)
26-06-09 11:28:38.034 [http-nio-8080-exec-2] TRACE o.s.security.web.FilterChainProxy    - Trying to match request against DefaultSecurityFilterChain defined as 'filterChain' in [class path resource [com/sprint/mission/discodeit/common/config/SecurityConfig.class]] matching [any request] and having filters [DisableEncodeUrl, WebAsyncManagerIntegration, SecurityContextHolder, HeaderWriter, Csrf, Logout, JwtAuthentication, UsernamePasswordAuthentication, RequestCacheAware, SecurityContextHolderAwareRequest, AnonymousAuthentication, SessionManagement, ExceptionTranslation, Authorization] (1/1)
26-06-09 11:28:38.127 [http-nio-8080-exec-3] DEBUG o.s.security.web.FilterChainProxy    - Securing GET /swagger-ui/index.css
26-06-09 11:28:38.127 [http-nio-8080-exec-2] DEBUG o.s.security.web.FilterChainProxy    - Securing GET /swagger-ui/swagger-ui.css
26-06-09 11:28:38.127 [http-nio-8080-exec-3] TRACE o.s.security.web.FilterChainProxy    - Invoking DisableEncodeUrlFilter (1/14)
26-06-09 11:28:38.127 [http-nio-8080-exec-3] TRACE o.s.security.web.FilterChainProxy    - Invoking WebAsyncManagerIntegrationFilter (2/14)
26-06-09 11:28:38.128 [http-nio-8080-exec-3] TRACE o.s.security.web.FilterChainProxy    - Invoking SecurityContextHolderFilter (3/14)
26-06-09 11:28:38.128 [http-nio-8080-exec-2] TRACE o.s.security.web.FilterChainProxy    - Invoking DisableEncodeUrlFilter (1/14)
26-06-09 11:28:38.128 [http-nio-8080-exec-3] TRACE o.s.security.web.FilterChainProxy    - Invoking HeaderWriterFilter (4/14)
26-06-09 11:28:38.035 [http-nio-8080-exec-4] TRACE o.s.security.web.FilterChainProxy    - Trying to match request against DefaultSecurityFilterChain defined as 'filterChain' in [class path resource [com/sprint/mission/discodeit/common/config/SecurityConfig.class]] matching [any request] and having filters [DisableEncodeUrl, WebAsyncManagerIntegration, SecurityContextHolder, HeaderWriter, Csrf, Logout, JwtAuthentication, UsernamePasswordAuthentication, RequestCacheAware, SecurityContextHolderAwareRequest, AnonymousAuthentication, SessionManagement, ExceptionTranslation, Authorization] (1/1)
26-06-09 11:28:38.035 [http-nio-8080-exec-6] TRACE o.s.security.web.FilterChainProxy    - Trying to match request against DefaultSecurityFilterChain defined as 'filterChain' in [class path resource [com/sprint/mission/discodeit/common/config/SecurityConfig.class]] matching [any request] and having filters [DisableEncodeUrl, WebAsyncManagerIntegration, SecurityContextHolder, HeaderWriter, Csrf, Logout, JwtAuthentication, UsernamePasswordAuthentication, RequestCacheAware, SecurityContextHolderAwareRequest, AnonymousAuthentication, SessionManagement, ExceptionTranslation, Authorization] (1/1)
26-06-09 11:28:38.128 [http-nio-8080-exec-3] TRACE o.s.security.web.FilterChainProxy    - Invoking CsrfFilter (5/14)
26-06-09 11:28:38.035 [http-nio-8080-exec-7] TRACE o.s.security.web.FilterChainProxy    - Trying to match request against DefaultSecurityFilterChain defined as 'filterChain' in [class path resource [com/sprint/mission/discodeit/common/config/SecurityConfig.class]] matching [any request] and having filters [DisableEncodeUrl, WebAsyncManagerIntegration, SecurityContextHolder, HeaderWriter, Csrf, Logout, JwtAuthentication, UsernamePasswordAuthentication, RequestCacheAware, SecurityContextHolderAwareRequest, AnonymousAuthentication, SessionManagement, ExceptionTranslation, Authorization] (1/1)
26-06-09 11:28:38.128 [http-nio-8080-exec-7] DEBUG o.s.security.web.FilterChainProxy    - Securing GET /swagger-ui/swagger-ui-standalone-preset.js
26-06-09 11:28:38.128 [http-nio-8080-exec-3] TRACE o.s.security.web.csrf.CsrfFilter     - Did not protect against CSRF since request did not match CsrfNotRequired [TRACE, HEAD, GET, OPTIONS]
26-06-09 11:28:38.129 [http-nio-8080-exec-7] TRACE o.s.security.web.FilterChainProxy    - Invoking DisableEncodeUrlFilter (1/14)
26-06-09 11:28:38.129 [http-nio-8080-exec-3] TRACE o.s.security.web.FilterChainProxy    - Invoking LogoutFilter (6/14)
26-06-09 11:28:38.129 [http-nio-8080-exec-3] TRACE o.s.s.w.a.logout.LogoutFilter        - Did not match request to Ant [pattern='/api/auth/logout', POST]
26-06-09 11:28:38.128 [http-nio-8080-exec-2] TRACE o.s.security.web.FilterChainProxy    - Invoking WebAsyncManagerIntegrationFilter (2/14)
26-06-09 11:28:38.128 [http-nio-8080-exec-4] DEBUG o.s.security.web.FilterChainProxy    - Securing GET /swagger-ui/swagger-initializer.js
26-06-09 11:28:38.129 [http-nio-8080-exec-7] TRACE o.s.security.web.FilterChainProxy    - Invoking WebAsyncManagerIntegrationFilter (2/14)
26-06-09 11:28:38.128 [http-nio-8080-exec-6] DEBUG o.s.security.web.FilterChainProxy    - Securing GET /swagger-ui/swagger-ui-bundle.js
26-06-09 11:28:38.129 [http-nio-8080-exec-4] TRACE o.s.security.web.FilterChainProxy    - Invoking DisableEncodeUrlFilter (1/14)
26-06-09 11:28:38.129 [http-nio-8080-exec-7] TRACE o.s.security.web.FilterChainProxy    - Invoking SecurityContextHolderFilter (3/14)
26-06-09 11:28:38.129 [http-nio-8080-exec-6] TRACE o.s.security.web.FilterChainProxy    - Invoking DisableEncodeUrlFilter (1/14)
26-06-09 11:28:38.129 [http-nio-8080-exec-7] TRACE o.s.security.web.FilterChainProxy    - Invoking HeaderWriterFilter (4/14)
26-06-09 11:28:38.129 [http-nio-8080-exec-4] TRACE o.s.security.web.FilterChainProxy    - Invoking WebAsyncManagerIntegrationFilter (2/14)
26-06-09 11:28:38.129 [http-nio-8080-exec-7] TRACE o.s.security.web.FilterChainProxy    - Invoking CsrfFilter (5/14)
26-06-09 11:28:38.129 [http-nio-8080-exec-6] TRACE o.s.security.web.FilterChainProxy    - Invoking WebAsyncManagerIntegrationFilter (2/14)
26-06-09 11:28:38.130 [http-nio-8080-exec-4] TRACE o.s.security.web.FilterChainProxy    - Invoking SecurityContextHolderFilter (3/14)
26-06-09 11:28:38.130 [http-nio-8080-exec-7] TRACE o.s.security.web.csrf.CsrfFilter     - Did not protect against CSRF since request did not match CsrfNotRequired [TRACE, HEAD, GET, OPTIONS]
26-06-09 11:28:38.130 [http-nio-8080-exec-6] TRACE o.s.security.web.FilterChainProxy    - Invoking SecurityContextHolderFilter (3/14)
26-06-09 11:28:38.130 [http-nio-8080-exec-4] TRACE o.s.security.web.FilterChainProxy    - Invoking HeaderWriterFilter (4/14)
26-06-09 11:28:38.130 [http-nio-8080-exec-7] TRACE o.s.security.web.FilterChainProxy    - Invoking LogoutFilter (6/14)
26-06-09 11:28:38.130 [http-nio-8080-exec-6] TRACE o.s.security.web.FilterChainProxy    - Invoking HeaderWriterFilter (4/14)
26-06-09 11:28:38.130 [http-nio-8080-exec-4] TRACE o.s.security.web.FilterChainProxy    - Invoking CsrfFilter (5/14)
26-06-09 11:28:38.129 [http-nio-8080-exec-3] TRACE o.s.security.web.FilterChainProxy    - Invoking JwtAuthenticationFilter (7/14)
26-06-09 11:28:38.130 [http-nio-8080-exec-7] TRACE o.s.s.w.a.logout.LogoutFilter        - Did not match request to Ant [pattern='/api/auth/logout', POST]
26-06-09 11:28:38.130 [http-nio-8080-exec-2] TRACE o.s.security.web.FilterChainProxy    - Invoking SecurityContextHolderFilter (3/14)
26-06-09 11:28:38.130 [http-nio-8080-exec-4] TRACE o.s.security.web.csrf.CsrfFilter     - Did not protect against CSRF since request did not match CsrfNotRequired [TRACE, HEAD, GET, OPTIONS]
26-06-09 11:28:38.130 [http-nio-8080-exec-6] TRACE o.s.security.web.FilterChainProxy    - Invoking CsrfFilter (5/14)
26-06-09 11:28:38.130 [http-nio-8080-exec-7] TRACE o.s.security.web.FilterChainProxy    - Invoking JwtAuthenticationFilter (7/14)
26-06-09 11:28:38.130 [http-nio-8080-exec-2] TRACE o.s.security.web.FilterChainProxy    - Invoking HeaderWriterFilter (4/14)
26-06-09 11:28:38.130 [http-nio-8080-exec-4] TRACE o.s.security.web.FilterChainProxy    - Invoking LogoutFilter (6/14)
26-06-09 11:28:38.130 [http-nio-8080-exec-7] TRACE o.s.security.web.FilterChainProxy    - Invoking UsernamePasswordAuthenticationFilter (8/14)
26-06-09 11:28:38.130 [http-nio-8080-exec-3] TRACE o.s.security.web.FilterChainProxy    - Invoking UsernamePasswordAuthenticationFilter (8/14)
26-06-09 11:28:38.130 [http-nio-8080-exec-4] TRACE o.s.s.w.a.logout.LogoutFilter        - Did not match request to Ant [pattern='/api/auth/logout', POST]
26-06-09 11:28:38.130 [http-nio-8080-exec-6] TRACE o.s.security.web.csrf.CsrfFilter     - Did not protect against CSRF since request did not match CsrfNotRequired [TRACE, HEAD, GET, OPTIONS]
26-06-09 11:28:38.130 [http-nio-8080-exec-2] TRACE o.s.security.web.FilterChainProxy    - Invoking CsrfFilter (5/14)
26-06-09 11:28:38.130 [http-nio-8080-exec-4] TRACE o.s.security.web.FilterChainProxy    - Invoking JwtAuthenticationFilter (7/14)
26-06-09 11:28:38.130 [http-nio-8080-exec-7] TRACE o.s.s.w.a.UsernamePasswordAuthenticationFilter - Did not match request to Ant [pattern='/api/auth/login', POST]
26-06-09 11:28:38.130 [http-nio-8080-exec-3] TRACE o.s.s.w.a.UsernamePasswordAuthenticationFilter - Did not match request to Ant [pattern='/api/auth/login', POST]
26-06-09 11:28:38.130 [http-nio-8080-exec-6] TRACE o.s.security.web.FilterChainProxy    - Invoking LogoutFilter (6/14)
26-06-09 11:28:38.131 [http-nio-8080-exec-4] TRACE o.s.security.web.FilterChainProxy    - Invoking UsernamePasswordAuthenticationFilter (8/14)
26-06-09 11:28:38.131 [http-nio-8080-exec-7] TRACE o.s.security.web.FilterChainProxy    - Invoking RequestCacheAwareFilter (9/14)
26-06-09 11:28:38.131 [http-nio-8080-exec-3] TRACE o.s.security.web.FilterChainProxy    - Invoking RequestCacheAwareFilter (9/14)
26-06-09 11:28:38.131 [http-nio-8080-exec-2] TRACE o.s.security.web.csrf.CsrfFilter     - Did not protect against CSRF since request did not match CsrfNotRequired [TRACE, HEAD, GET, OPTIONS]
26-06-09 11:28:38.131 [http-nio-8080-exec-6] TRACE o.s.s.w.a.logout.LogoutFilter        - Did not match request to Ant [pattern='/api/auth/logout', POST]
26-06-09 11:28:38.131 [http-nio-8080-exec-2] TRACE o.s.security.web.FilterChainProxy    - Invoking LogoutFilter (6/14)
26-06-09 11:28:38.131 [http-nio-8080-exec-4] TRACE o.s.s.w.a.UsernamePasswordAuthenticationFilter - Did not match request to Ant [pattern='/api/auth/login', POST]
26-06-09 11:28:38.131 [http-nio-8080-exec-6] TRACE o.s.security.web.FilterChainProxy    - Invoking JwtAuthenticationFilter (7/14)
26-06-09 11:28:38.131 [http-nio-8080-exec-3] TRACE o.s.security.web.FilterChainProxy    - Invoking SecurityContextHolderAwareRequestFilter (10/14)
26-06-09 11:28:38.131 [http-nio-8080-exec-7] TRACE o.s.security.web.FilterChainProxy    - Invoking SecurityContextHolderAwareRequestFilter (10/14)
26-06-09 11:28:38.131 [http-nio-8080-exec-2] TRACE o.s.s.w.a.logout.LogoutFilter        - Did not match request to Ant [pattern='/api/auth/logout', POST]
26-06-09 11:28:38.131 [http-nio-8080-exec-6] TRACE o.s.security.web.FilterChainProxy    - Invoking UsernamePasswordAuthenticationFilter (8/14)
26-06-09 11:28:38.131 [http-nio-8080-exec-3] TRACE o.s.security.web.FilterChainProxy    - Invoking AnonymousAuthenticationFilter (11/14)
26-06-09 11:28:38.131 [http-nio-8080-exec-2] TRACE o.s.security.web.FilterChainProxy    - Invoking JwtAuthenticationFilter (7/14)
26-06-09 11:28:38.131 [http-nio-8080-exec-6] TRACE o.s.s.w.a.UsernamePasswordAuthenticationFilter - Did not match request to Ant [pattern='/api/auth/login', POST]
26-06-09 11:28:38.132 [http-nio-8080-exec-7] TRACE o.s.security.web.FilterChainProxy    - Invoking AnonymousAuthenticationFilter (11/14)
26-06-09 11:28:38.132 [http-nio-8080-exec-4] TRACE o.s.security.web.FilterChainProxy    - Invoking RequestCacheAwareFilter (9/14)
26-06-09 11:28:38.132 [http-nio-8080-exec-6] TRACE o.s.security.web.FilterChainProxy    - Invoking RequestCacheAwareFilter (9/14)
26-06-09 11:28:38.132 [http-nio-8080-exec-3] TRACE o.s.security.web.FilterChainProxy    - Invoking SessionManagementFilter (12/14)
26-06-09 11:28:38.132 [http-nio-8080-exec-7] TRACE o.s.security.web.FilterChainProxy    - Invoking SessionManagementFilter (12/14)
26-06-09 11:28:38.132 [http-nio-8080-exec-4] TRACE o.s.security.web.FilterChainProxy    - Invoking SecurityContextHolderAwareRequestFilter (10/14)
26-06-09 11:28:38.132 [http-nio-8080-exec-2] TRACE o.s.security.web.FilterChainProxy    - Invoking UsernamePasswordAuthenticationFilter (8/14)
26-06-09 11:28:38.132 [http-nio-8080-exec-7] TRACE o.s.s.w.c.SupplierDeferredSecurityContext - Created SecurityContextImpl [Null authentication]
26-06-09 11:28:38.132 [http-nio-8080-exec-6] TRACE o.s.security.web.FilterChainProxy    - Invoking SecurityContextHolderAwareRequestFilter (10/14)
26-06-09 11:28:38.132 [http-nio-8080-exec-2] TRACE o.s.s.w.a.UsernamePasswordAuthenticationFilter - Did not match request to Ant [pattern='/api/auth/login', POST]
26-06-09 11:28:38.132 [http-nio-8080-exec-3] TRACE o.s.s.w.c.SupplierDeferredSecurityContext - Created SecurityContextImpl [Null authentication]
26-06-09 11:28:38.132 [http-nio-8080-exec-4] TRACE o.s.security.web.FilterChainProxy    - Invoking AnonymousAuthenticationFilter (11/14)
26-06-09 11:28:38.132 [http-nio-8080-exec-6] TRACE o.s.security.web.FilterChainProxy    - Invoking AnonymousAuthenticationFilter (11/14)
26-06-09 11:28:38.132 [http-nio-8080-exec-2] TRACE o.s.security.web.FilterChainProxy    - Invoking RequestCacheAwareFilter (9/14)
26-06-09 11:28:38.132 [http-nio-8080-exec-3] TRACE o.s.s.w.a.AnonymousAuthenticationFilter - Set SecurityContextHolder to AnonymousAuthenticationToken [Principal=anonymousUser, Credentials=[PROTECTED], Authenticated=true, Details=WebAuthenticationDetails [RemoteIpAddress=0:0:0:0:0:0:0:1, SessionId=null], Granted Authorities=[ROLE_ANONYMOUS]]
26-06-09 11:28:38.132 [http-nio-8080-exec-6] TRACE o.s.security.web.FilterChainProxy    - Invoking SessionManagementFilter (12/14)
26-06-09 11:28:38.132 [http-nio-8080-exec-7] TRACE o.s.s.w.a.AnonymousAuthenticationFilter - Set SecurityContextHolder to AnonymousAuthenticationToken [Principal=anonymousUser, Credentials=[PROTECTED], Authenticated=true, Details=WebAuthenticationDetails [RemoteIpAddress=0:0:0:0:0:0:0:1, SessionId=null], Granted Authorities=[ROLE_ANONYMOUS]]
26-06-09 11:28:38.132 [http-nio-8080-exec-3] TRACE o.s.security.web.FilterChainProxy    - Invoking ExceptionTranslationFilter (13/14)
26-06-09 11:28:38.132 [http-nio-8080-exec-4] TRACE o.s.security.web.FilterChainProxy    - Invoking SessionManagementFilter (12/14)
26-06-09 11:28:38.132 [http-nio-8080-exec-6] TRACE o.s.s.w.c.SupplierDeferredSecurityContext - Created SecurityContextImpl [Null authentication]
26-06-09 11:28:38.132 [http-nio-8080-exec-3] TRACE o.s.security.web.FilterChainProxy    - Invoking AuthorizationFilter (14/14)
26-06-09 11:28:38.132 [http-nio-8080-exec-2] TRACE o.s.security.web.FilterChainProxy    - Invoking SecurityContextHolderAwareRequestFilter (10/14)
26-06-09 11:28:38.132 [http-nio-8080-exec-7] TRACE o.s.security.web.FilterChainProxy    - Invoking ExceptionTranslationFilter (13/14)
26-06-09 11:28:38.133 [http-nio-8080-exec-6] TRACE o.s.s.w.a.AnonymousAuthenticationFilter - Set SecurityContextHolder to AnonymousAuthenticationToken [Principal=anonymousUser, Credentials=[PROTECTED], Authenticated=true, Details=WebAuthenticationDetails [RemoteIpAddress=0:0:0:0:0:0:0:1, SessionId=null], Granted Authorities=[ROLE_ANONYMOUS]]
26-06-09 11:28:38.133 [http-nio-8080-exec-2] TRACE o.s.security.web.FilterChainProxy    - Invoking AnonymousAuthenticationFilter (11/14)
26-06-09 11:28:38.133 [http-nio-8080-exec-4] TRACE o.s.s.w.c.SupplierDeferredSecurityContext - Created SecurityContextImpl [Null authentication]
26-06-09 11:28:38.133 [http-nio-8080-exec-3] TRACE o.s.s.w.a.i.RequestMatcherDelegatingAuthorizationManager - Authorizing GET /swagger-ui/index.css
26-06-09 11:28:38.133 [http-nio-8080-exec-6] TRACE o.s.security.web.FilterChainProxy    - Invoking ExceptionTranslationFilter (13/14)
26-06-09 11:28:38.133 [http-nio-8080-exec-2] TRACE o.s.security.web.FilterChainProxy    - Invoking SessionManagementFilter (12/14)
26-06-09 11:28:38.133 [http-nio-8080-exec-7] TRACE o.s.security.web.FilterChainProxy    - Invoking AuthorizationFilter (14/14)
26-06-09 11:28:38.133 [http-nio-8080-exec-4] TRACE o.s.s.w.a.AnonymousAuthenticationFilter - Set SecurityContextHolder to AnonymousAuthenticationToken [Principal=anonymousUser, Credentials=[PROTECTED], Authenticated=true, Details=WebAuthenticationDetails [RemoteIpAddress=0:0:0:0:0:0:0:1, SessionId=null], Granted Authorities=[ROLE_ANONYMOUS]]
26-06-09 11:28:38.133 [http-nio-8080-exec-6] TRACE o.s.security.web.FilterChainProxy    - Invoking AuthorizationFilter (14/14)
26-06-09 11:28:38.133 [http-nio-8080-exec-4] TRACE o.s.security.web.FilterChainProxy    - Invoking ExceptionTranslationFilter (13/14)
26-06-09 11:28:38.133 [http-nio-8080-exec-2] TRACE o.s.s.w.c.SupplierDeferredSecurityContext - Created SecurityContextImpl [Null authentication]
26-06-09 11:28:38.133 [http-nio-8080-exec-3] TRACE o.s.s.w.a.i.RequestMatcherDelegatingAuthorizationManager - Checking authorization on GET /swagger-ui/index.css using org.springframework.security.config.annotation.web.configurers.AuthorizeHttpRequestsConfigurer$$Lambda$2081/0x000001acb5d352d8@6420a523
26-06-09 11:28:38.133 [http-nio-8080-exec-4] TRACE o.s.security.web.FilterChainProxy    - Invoking AuthorizationFilter (14/14)
26-06-09 11:28:38.133 [http-nio-8080-exec-2] TRACE o.s.s.w.a.AnonymousAuthenticationFilter - Set SecurityContextHolder to AnonymousAuthenticationToken [Principal=anonymousUser, Credentials=[PROTECTED], Authenticated=true, Details=WebAuthenticationDetails [RemoteIpAddress=0:0:0:0:0:0:0:1, SessionId=null], Granted Authorities=[ROLE_ANONYMOUS]]
26-06-09 11:28:38.133 [http-nio-8080-exec-6] TRACE o.s.s.w.a.i.RequestMatcherDelegatingAuthorizationManager - Authorizing GET /swagger-ui/swagger-ui-bundle.js
26-06-09 11:28:38.133 [http-nio-8080-exec-2] TRACE o.s.security.web.FilterChainProxy    - Invoking ExceptionTranslationFilter (13/14)
26-06-09 11:28:38.134 [http-nio-8080-exec-4] TRACE o.s.s.w.a.i.RequestMatcherDelegatingAuthorizationManager - Authorizing GET /swagger-ui/swagger-initializer.js
26-06-09 11:28:38.134 [http-nio-8080-exec-6] TRACE o.s.s.w.a.i.RequestMatcherDelegatingAuthorizationManager - Checking authorization on GET /swagger-ui/swagger-ui-bundle.js using org.springframework.security.config.annotation.web.configurers.AuthorizeHttpRequestsConfigurer$$Lambda$2081/0x000001acb5d352d8@6420a523
26-06-09 11:28:38.134 [http-nio-8080-exec-2] TRACE o.s.security.web.FilterChainProxy    - Invoking AuthorizationFilter (14/14)
26-06-09 11:28:38.134 [http-nio-8080-exec-4] TRACE o.s.s.w.a.i.RequestMatcherDelegatingAuthorizationManager - Checking authorization on GET /swagger-ui/swagger-initializer.js using org.springframework.security.config.annotation.web.configurers.AuthorizeHttpRequestsConfigurer$$Lambda$2081/0x000001acb5d352d8@6420a523
26-06-09 11:28:38.134 [http-nio-8080-exec-7] TRACE o.s.s.w.a.i.RequestMatcherDelegatingAuthorizationManager - Authorizing GET /swagger-ui/swagger-ui-standalone-preset.js
26-06-09 11:28:38.134 [http-nio-8080-exec-3] DEBUG o.s.security.web.FilterChainProxy    - Secured GET /swagger-ui/index.css
26-06-09 11:28:38.134 [http-nio-8080-exec-2] TRACE o.s.s.w.a.i.RequestMatcherDelegatingAuthorizationManager - Authorizing GET /swagger-ui/swagger-ui.css
26-06-09 11:28:38.134 [http-nio-8080-exec-7] TRACE o.s.s.w.a.i.RequestMatcherDelegatingAuthorizationManager - Checking authorization on GET /swagger-ui/swagger-ui-standalone-preset.js using org.springframework.security.config.annotation.web.configurers.AuthorizeHttpRequestsConfigurer$$Lambda$2081/0x000001acb5d352d8@6420a523
26-06-09 11:28:38.134 [http-nio-8080-exec-4] DEBUG o.s.security.web.FilterChainProxy    - Secured GET /swagger-ui/swagger-initializer.js
26-06-09 11:28:38.134 [http-nio-8080-exec-6] DEBUG o.s.security.web.FilterChainProxy    - Secured GET /swagger-ui/swagger-ui-bundle.js
26-06-09 11:28:38.135 [http-nio-8080-exec-7] DEBUG o.s.security.web.FilterChainProxy    - Secured GET /swagger-ui/swagger-ui-standalone-preset.js
26-06-09 11:28:38.135 [http-nio-8080-exec-2] TRACE o.s.s.w.a.i.RequestMatcherDelegatingAuthorizationManager - Checking authorization on GET /swagger-ui/swagger-ui.css using org.springframework.security.config.annotation.web.configurers.AuthorizeHttpRequestsConfigurer$$Lambda$2081/0x000001acb5d352d8@6420a523
26-06-09 11:28:38.136 [http-nio-8080-exec-2] DEBUG o.s.security.web.FilterChainProxy    - Secured GET /swagger-ui/swagger-ui.css
26-06-09 11:28:38.139 [http-nio-8080-exec-7] TRACE o.s.s.w.h.writers.HstsHeaderWriter   - Not injecting HSTS header since it did not match request to [Is Secure]
26-06-09 11:28:38.139 [http-nio-8080-exec-3] TRACE o.s.s.w.h.writers.HstsHeaderWriter   - Not injecting HSTS header since it did not match request to [Is Secure]
26-06-09 11:28:38.139 [http-nio-8080-exec-6] TRACE o.s.s.w.h.writers.HstsHeaderWriter   - Not injecting HSTS header since it did not match request to [Is Secure]
26-06-09 11:28:38.140 [http-nio-8080-exec-2] TRACE o.s.s.w.h.writers.HstsHeaderWriter   - Not injecting HSTS header since it did not match request to [Is Secure]
26-06-09 11:28:38.172 [http-nio-8080-exec-4] TRACE o.s.s.w.h.writers.HstsHeaderWriter   - Not injecting HSTS header since it did not match request to [Is Secure]
26-06-09 11:28:38.253 [http-nio-8080-exec-5] TRACE o.s.security.web.FilterChainProxy    - Trying to match request against DefaultSecurityFilterChain defined as 'filterChain' in [class path resource [com/sprint/mission/discodeit/common/config/SecurityConfig.class]] matching [any request] and having filters [DisableEncodeUrl, WebAsyncManagerIntegration, SecurityContextHolder, HeaderWriter, Csrf, Logout, JwtAuthentication, UsernamePasswordAuthentication, RequestCacheAware, SecurityContextHolderAwareRequest, AnonymousAuthentication, SessionManagement, ExceptionTranslation, Authorization] (1/1)
26-06-09 11:28:38.253 [http-nio-8080-exec-5] DEBUG o.s.security.web.FilterChainProxy    - Securing GET /v3/api-docs/swagger-config
26-06-09 11:28:38.253 [http-nio-8080-exec-5] TRACE o.s.security.web.FilterChainProxy    - Invoking DisableEncodeUrlFilter (1/14)
26-06-09 11:28:38.253 [http-nio-8080-exec-5] TRACE o.s.security.web.FilterChainProxy    - Invoking WebAsyncManagerIntegrationFilter (2/14)
26-06-09 11:28:38.253 [http-nio-8080-exec-8] TRACE o.s.security.web.FilterChainProxy    - Trying to match request against DefaultSecurityFilterChain defined as 'filterChain' in [class path resource [com/sprint/mission/discodeit/common/config/SecurityConfig.class]] matching [any request] and having filters [DisableEncodeUrl, WebAsyncManagerIntegration, SecurityContextHolder, HeaderWriter, Csrf, Logout, JwtAuthentication, UsernamePasswordAuthentication, RequestCacheAware, SecurityContextHolderAwareRequest, AnonymousAuthentication, SessionManagement, ExceptionTranslation, Authorization] (1/1)
26-06-09 11:28:38.253 [http-nio-8080-exec-5] TRACE o.s.security.web.FilterChainProxy    - Invoking SecurityContextHolderFilter (3/14)
26-06-09 11:28:38.253 [http-nio-8080-exec-8] DEBUG o.s.security.web.FilterChainProxy    - Securing GET /swagger-ui/favicon-32x32.png
26-06-09 11:28:38.253 [http-nio-8080-exec-5] TRACE o.s.security.web.FilterChainProxy    - Invoking HeaderWriterFilter (4/14)
26-06-09 11:28:38.253 [http-nio-8080-exec-8] TRACE o.s.security.web.FilterChainProxy    - Invoking DisableEncodeUrlFilter (1/14)
26-06-09 11:28:38.254 [http-nio-8080-exec-5] TRACE o.s.security.web.FilterChainProxy    - Invoking CsrfFilter (5/14)
26-06-09 11:28:38.254 [http-nio-8080-exec-8] TRACE o.s.security.web.FilterChainProxy    - Invoking WebAsyncManagerIntegrationFilter (2/14)
26-06-09 11:28:38.254 [http-nio-8080-exec-5] TRACE o.s.security.web.csrf.CsrfFilter     - Did not protect against CSRF since request did not match CsrfNotRequired [TRACE, HEAD, GET, OPTIONS]
26-06-09 11:28:38.254 [http-nio-8080-exec-8] TRACE o.s.security.web.FilterChainProxy    - Invoking SecurityContextHolderFilter (3/14)
26-06-09 11:28:38.254 [http-nio-8080-exec-5] TRACE o.s.security.web.FilterChainProxy    - Invoking LogoutFilter (6/14)
26-06-09 11:28:38.254 [http-nio-8080-exec-8] TRACE o.s.security.web.FilterChainProxy    - Invoking HeaderWriterFilter (4/14)
26-06-09 11:28:38.254 [http-nio-8080-exec-5] TRACE o.s.s.w.a.logout.LogoutFilter        - Did not match request to Ant [pattern='/api/auth/logout', POST]
26-06-09 11:28:38.254 [http-nio-8080-exec-5] TRACE o.s.security.web.FilterChainProxy    - Invoking JwtAuthenticationFilter (7/14)
26-06-09 11:28:38.254 [http-nio-8080-exec-8] TRACE o.s.security.web.FilterChainProxy    - Invoking CsrfFilter (5/14)
26-06-09 11:28:38.254 [http-nio-8080-exec-5] TRACE o.s.security.web.FilterChainProxy    - Invoking UsernamePasswordAuthenticationFilter (8/14)
26-06-09 11:28:38.254 [http-nio-8080-exec-5] TRACE o.s.s.w.a.UsernamePasswordAuthenticationFilter - Did not match request to Ant [pattern='/api/auth/login', POST]
26-06-09 11:28:38.254 [http-nio-8080-exec-8] TRACE o.s.security.web.csrf.CsrfFilter     - Did not protect against CSRF since request did not match CsrfNotRequired [TRACE, HEAD, GET, OPTIONS]
26-06-09 11:28:38.254 [http-nio-8080-exec-5] TRACE o.s.security.web.FilterChainProxy    - Invoking RequestCacheAwareFilter (9/14)
26-06-09 11:28:38.254 [http-nio-8080-exec-8] TRACE o.s.security.web.FilterChainProxy    - Invoking LogoutFilter (6/14)
26-06-09 11:28:38.254 [http-nio-8080-exec-5] TRACE o.s.security.web.FilterChainProxy    - Invoking SecurityContextHolderAwareRequestFilter (10/14)
26-06-09 11:28:38.254 [http-nio-8080-exec-8] TRACE o.s.s.w.a.logout.LogoutFilter        - Did not match request to Ant [pattern='/api/auth/logout', POST]
26-06-09 11:28:38.254 [http-nio-8080-exec-5] TRACE o.s.security.web.FilterChainProxy    - Invoking AnonymousAuthenticationFilter (11/14)
26-06-09 11:28:38.254 [http-nio-8080-exec-8] TRACE o.s.security.web.FilterChainProxy    - Invoking JwtAuthenticationFilter (7/14)
26-06-09 11:28:38.255 [http-nio-8080-exec-5] TRACE o.s.security.web.FilterChainProxy    - Invoking SessionManagementFilter (12/14)
26-06-09 11:28:38.255 [http-nio-8080-exec-8] TRACE o.s.security.web.FilterChainProxy    - Invoking UsernamePasswordAuthenticationFilter (8/14)
26-06-09 11:28:38.255 [http-nio-8080-exec-5] TRACE o.s.s.w.c.SupplierDeferredSecurityContext - Created SecurityContextImpl [Null authentication]
26-06-09 11:28:38.255 [http-nio-8080-exec-8] TRACE o.s.s.w.a.UsernamePasswordAuthenticationFilter - Did not match request to Ant [pattern='/api/auth/login', POST]
26-06-09 11:28:38.255 [http-nio-8080-exec-5] TRACE o.s.s.w.a.AnonymousAuthenticationFilter - Set SecurityContextHolder to AnonymousAuthenticationToken [Principal=anonymousUser, Credentials=[PROTECTED], Authenticated=true, Details=WebAuthenticationDetails [RemoteIpAddress=0:0:0:0:0:0:0:1, SessionId=null], Granted Authorities=[ROLE_ANONYMOUS]]
26-06-09 11:28:38.255 [http-nio-8080-exec-8] TRACE o.s.security.web.FilterChainProxy    - Invoking RequestCacheAwareFilter (9/14)
26-06-09 11:28:38.255 [http-nio-8080-exec-5] TRACE o.s.security.web.FilterChainProxy    - Invoking ExceptionTranslationFilter (13/14)
26-06-09 11:28:38.255 [http-nio-8080-exec-8] TRACE o.s.security.web.FilterChainProxy    - Invoking SecurityContextHolderAwareRequestFilter (10/14)
26-06-09 11:28:38.255 [http-nio-8080-exec-5] TRACE o.s.security.web.FilterChainProxy    - Invoking AuthorizationFilter (14/14)
26-06-09 11:28:38.255 [http-nio-8080-exec-8] TRACE o.s.security.web.FilterChainProxy    - Invoking AnonymousAuthenticationFilter (11/14)
26-06-09 11:28:38.255 [http-nio-8080-exec-8] TRACE o.s.security.web.FilterChainProxy    - Invoking SessionManagementFilter (12/14)
26-06-09 11:28:38.255 [http-nio-8080-exec-5] TRACE o.s.s.w.a.i.RequestMatcherDelegatingAuthorizationManager - Authorizing GET /v3/api-docs/swagger-config
26-06-09 11:28:38.255 [http-nio-8080-exec-8] TRACE o.s.s.w.c.SupplierDeferredSecurityContext - Created SecurityContextImpl [Null authentication]
26-06-09 11:28:38.255 [http-nio-8080-exec-8] TRACE o.s.s.w.a.AnonymousAuthenticationFilter - Set SecurityContextHolder to AnonymousAuthenticationToken [Principal=anonymousUser, Credentials=[PROTECTED], Authenticated=true, Details=WebAuthenticationDetails [RemoteIpAddress=0:0:0:0:0:0:0:1, SessionId=null], Granted Authorities=[ROLE_ANONYMOUS]]
26-06-09 11:28:38.255 [http-nio-8080-exec-8] TRACE o.s.security.web.FilterChainProxy    - Invoking ExceptionTranslationFilter (13/14)
26-06-09 11:28:38.255 [http-nio-8080-exec-5] TRACE o.s.s.w.a.i.RequestMatcherDelegatingAuthorizationManager - Checking authorization on GET /v3/api-docs/swagger-config using org.springframework.security.config.annotation.web.configurers.AuthorizeHttpRequestsConfigurer$$Lambda$2081/0x000001acb5d352d8@6420a523
26-06-09 11:28:38.255 [http-nio-8080-exec-8] TRACE o.s.security.web.FilterChainProxy    - Invoking AuthorizationFilter (14/14)
26-06-09 11:28:38.256 [http-nio-8080-exec-8] TRACE o.s.s.w.a.i.RequestMatcherDelegatingAuthorizationManager - Authorizing GET /swagger-ui/favicon-32x32.png
26-06-09 11:28:38.256 [http-nio-8080-exec-5] DEBUG o.s.security.web.FilterChainProxy    - Secured GET /v3/api-docs/swagger-config
26-06-09 11:28:38.256 [http-nio-8080-exec-8] TRACE o.s.s.w.a.i.RequestMatcherDelegatingAuthorizationManager - Checking authorization on GET /swagger-ui/favicon-32x32.png using org.springframework.security.config.annotation.web.configurers.AuthorizeHttpRequestsConfigurer$$Lambda$2081/0x000001acb5d352d8@6420a523
26-06-09 11:28:38.256 [http-nio-8080-exec-8] DEBUG o.s.security.web.FilterChainProxy    - Secured GET /swagger-ui/favicon-32x32.png
26-06-09 11:28:38.259 [http-nio-8080-exec-8] TRACE o.s.s.w.h.writers.HstsHeaderWriter   - Not injecting HSTS header since it did not match request to [Is Secure]
26-06-09 11:28:38.286 [http-nio-8080-exec-5] TRACE o.s.s.w.h.writers.HstsHeaderWriter   - Not injecting HSTS header since it did not match request to [Is Secure]
26-06-09 11:28:38.300 [http-nio-8080-exec-9] TRACE o.s.security.web.FilterChainProxy    - Trying to match request against DefaultSecurityFilterChain defined as 'filterChain' in [class path resource [com/sprint/mission/discodeit/common/config/SecurityConfig.class]] matching [any request] and having filters [DisableEncodeUrl, WebAsyncManagerIntegration, SecurityContextHolder, HeaderWriter, Csrf, Logout, JwtAuthentication, UsernamePasswordAuthentication, RequestCacheAware, SecurityContextHolderAwareRequest, AnonymousAuthentication, SessionManagement, ExceptionTranslation, Authorization] (1/1)
26-06-09 11:28:38.301 [http-nio-8080-exec-9] DEBUG o.s.security.web.FilterChainProxy    - Securing GET /v3/api-docs
26-06-09 11:28:38.301 [http-nio-8080-exec-9] TRACE o.s.security.web.FilterChainProxy    - Invoking DisableEncodeUrlFilter (1/14)
26-06-09 11:28:38.301 [http-nio-8080-exec-9] TRACE o.s.security.web.FilterChainProxy    - Invoking WebAsyncManagerIntegrationFilter (2/14)
26-06-09 11:28:38.301 [http-nio-8080-exec-9] TRACE o.s.security.web.FilterChainProxy    - Invoking SecurityContextHolderFilter (3/14)
26-06-09 11:28:38.302 [http-nio-8080-exec-9] TRACE o.s.security.web.FilterChainProxy    - Invoking HeaderWriterFilter (4/14)
26-06-09 11:28:38.302 [http-nio-8080-exec-9] TRACE o.s.security.web.FilterChainProxy    - Invoking CsrfFilter (5/14)
26-06-09 11:28:38.302 [http-nio-8080-exec-9] TRACE o.s.security.web.csrf.CsrfFilter     - Did not protect against CSRF since request did not match CsrfNotRequired [TRACE, HEAD, GET, OPTIONS]
26-06-09 11:28:38.302 [http-nio-8080-exec-9] TRACE o.s.security.web.FilterChainProxy    - Invoking LogoutFilter (6/14)
26-06-09 11:28:38.302 [http-nio-8080-exec-9] TRACE o.s.s.w.a.logout.LogoutFilter        - Did not match request to Ant [pattern='/api/auth/logout', POST]
26-06-09 11:28:38.302 [http-nio-8080-exec-9] TRACE o.s.security.web.FilterChainProxy    - Invoking JwtAuthenticationFilter (7/14)
26-06-09 11:28:38.302 [http-nio-8080-exec-9] TRACE o.s.security.web.FilterChainProxy    - Invoking UsernamePasswordAuthenticationFilter (8/14)
26-06-09 11:28:38.302 [http-nio-8080-exec-9] TRACE o.s.s.w.a.UsernamePasswordAuthenticationFilter - Did not match request to Ant [pattern='/api/auth/login', POST]
26-06-09 11:28:38.302 [http-nio-8080-exec-9] TRACE o.s.security.web.FilterChainProxy    - Invoking RequestCacheAwareFilter (9/14)
26-06-09 11:28:38.304 [http-nio-8080-exec-9] TRACE o.s.security.web.FilterChainProxy    - Invoking SecurityContextHolderAwareRequestFilter (10/14)
26-06-09 11:28:38.304 [http-nio-8080-exec-9] TRACE o.s.security.web.FilterChainProxy    - Invoking AnonymousAuthenticationFilter (11/14)
26-06-09 11:28:38.304 [http-nio-8080-exec-9] TRACE o.s.security.web.FilterChainProxy    - Invoking SessionManagementFilter (12/14)
26-06-09 11:28:38.304 [http-nio-8080-exec-9] TRACE o.s.s.w.c.SupplierDeferredSecurityContext - Created SecurityContextImpl [Null authentication]
26-06-09 11:28:38.304 [http-nio-8080-exec-9] TRACE o.s.s.w.a.AnonymousAuthenticationFilter - Set SecurityContextHolder to AnonymousAuthenticationToken [Principal=anonymousUser, Credentials=[PROTECTED], Authenticated=true, Details=WebAuthenticationDetails [RemoteIpAddress=0:0:0:0:0:0:0:1, SessionId=null], Granted Authorities=[ROLE_ANONYMOUS]]
26-06-09 11:28:38.304 [http-nio-8080-exec-9] TRACE o.s.security.web.FilterChainProxy    - Invoking ExceptionTranslationFilter (13/14)
26-06-09 11:28:38.304 [http-nio-8080-exec-9] TRACE o.s.security.web.FilterChainProxy    - Invoking AuthorizationFilter (14/14)
26-06-09 11:28:38.305 [http-nio-8080-exec-9] TRACE o.s.s.w.a.i.RequestMatcherDelegatingAuthorizationManager - Authorizing GET /v3/api-docs
26-06-09 11:28:38.305 [http-nio-8080-exec-9] TRACE o.s.s.w.a.i.RequestMatcherDelegatingAuthorizationManager - Checking authorization on GET /v3/api-docs using org.springframework.security.config.annotation.web.configurers.AuthorizeHttpRequestsConfigurer$$Lambda$2081/0x000001acb5d352d8@6420a523
26-06-09 11:28:38.305 [http-nio-8080-exec-9] DEBUG o.s.security.web.FilterChainProxy    - Secured GET /v3/api-docs
26-06-09 11:28:39.101 [http-nio-8080-exec-9] INFO  o.s.api.AbstractOpenApiResource      - Init duration for springdoc-openapi is: 754 ms
26-06-09 11:28:39.123 [http-nio-8080-exec-9] TRACE o.s.s.w.h.writers.HstsHeaderWriter   - Not injecting HSTS header since it did not match request to [Is Secure]
26-06-09 11:28:42.156 [http-nio-8080-exec-10] TRACE o.s.security.web.FilterChainProxy    - Trying to match request against DefaultSecurityFilterChain defined as 'filterChain' in [class path resource [com/sprint/mission/discodeit/common/config/SecurityConfig.class]] matching [any request] and having filters [DisableEncodeUrl, WebAsyncManagerIntegration, SecurityContextHolder, HeaderWriter, Csrf, Logout, JwtAuthentication, UsernamePasswordAuthentication, RequestCacheAware, SecurityContextHolderAwareRequest, AnonymousAuthentication, SessionManagement, ExceptionTranslation, Authorization] (1/1)
26-06-09 11:28:42.156 [http-nio-8080-exec-10] DEBUG o.s.security.web.FilterChainProxy    - Securing GET /api/users
26-06-09 11:28:42.156 [http-nio-8080-exec-10] TRACE o.s.security.web.FilterChainProxy    - Invoking DisableEncodeUrlFilter (1/14)
26-06-09 11:28:42.156 [http-nio-8080-exec-10] TRACE o.s.security.web.FilterChainProxy    - Invoking WebAsyncManagerIntegrationFilter (2/14)
26-06-09 11:28:42.156 [http-nio-8080-exec-10] TRACE o.s.security.web.FilterChainProxy    - Invoking SecurityContextHolderFilter (3/14)
26-06-09 11:28:42.156 [http-nio-8080-exec-10] TRACE o.s.security.web.FilterChainProxy    - Invoking HeaderWriterFilter (4/14)
26-06-09 11:28:42.156 [http-nio-8080-exec-10] TRACE o.s.security.web.FilterChainProxy    - Invoking CsrfFilter (5/14)
26-06-09 11:28:42.157 [http-nio-8080-exec-10] TRACE o.s.security.web.csrf.CsrfFilter     - Did not protect against CSRF since request did not match CsrfNotRequired [TRACE, HEAD, GET, OPTIONS]
26-06-09 11:28:42.157 [http-nio-8080-exec-10] TRACE o.s.security.web.FilterChainProxy    - Invoking LogoutFilter (6/14)
26-06-09 11:28:42.157 [http-nio-8080-exec-10] TRACE o.s.s.w.a.logout.LogoutFilter        - Did not match request to Ant [pattern='/api/auth/logout', POST]
26-06-09 11:28:42.157 [http-nio-8080-exec-10] TRACE o.s.security.web.FilterChainProxy    - Invoking JwtAuthenticationFilter (7/14)
26-06-09 11:28:42.157 [http-nio-8080-exec-10] TRACE o.s.security.web.FilterChainProxy    - Invoking UsernamePasswordAuthenticationFilter (8/14)
26-06-09 11:28:42.157 [http-nio-8080-exec-10] TRACE o.s.s.w.a.UsernamePasswordAuthenticationFilter - Did not match request to Ant [pattern='/api/auth/login', POST]
26-06-09 11:28:42.157 [http-nio-8080-exec-10] TRACE o.s.security.web.FilterChainProxy    - Invoking RequestCacheAwareFilter (9/14)
26-06-09 11:28:42.157 [http-nio-8080-exec-10] TRACE o.s.security.web.FilterChainProxy    - Invoking SecurityContextHolderAwareRequestFilter (10/14)
26-06-09 11:28:42.157 [http-nio-8080-exec-10] TRACE o.s.security.web.FilterChainProxy    - Invoking AnonymousAuthenticationFilter (11/14)
26-06-09 11:28:42.157 [http-nio-8080-exec-10] TRACE o.s.security.web.FilterChainProxy    - Invoking SessionManagementFilter (12/14)
26-06-09 11:28:42.157 [http-nio-8080-exec-10] TRACE o.s.s.w.c.SupplierDeferredSecurityContext - Created SecurityContextImpl [Null authentication]
26-06-09 11:28:42.158 [http-nio-8080-exec-10] TRACE o.s.s.w.a.AnonymousAuthenticationFilter - Set SecurityContextHolder to AnonymousAuthenticationToken [Principal=anonymousUser, Credentials=[PROTECTED], Authenticated=true, Details=WebAuthenticationDetails [RemoteIpAddress=0:0:0:0:0:0:0:1, SessionId=null], Granted Authorities=[ROLE_ANONYMOUS]]
26-06-09 11:28:42.158 [http-nio-8080-exec-10] TRACE o.s.security.web.FilterChainProxy    - Invoking ExceptionTranslationFilter (13/14)
26-06-09 11:28:42.158 [http-nio-8080-exec-10] TRACE o.s.security.web.FilterChainProxy    - Invoking AuthorizationFilter (14/14)
26-06-09 11:28:42.158 [http-nio-8080-exec-10] TRACE o.s.s.w.a.i.RequestMatcherDelegatingAuthorizationManager - Authorizing GET /api/users
26-06-09 11:28:42.158 [http-nio-8080-exec-10] TRACE o.s.s.w.a.i.RequestMatcherDelegatingAuthorizationManager - Checking authorization on GET /api/users using org.springframework.security.config.annotation.web.configurers.AuthorizeHttpRequestsConfigurer$$Lambda$2081/0x000001acb5d352d8@6420a523
26-06-09 11:28:42.158 [http-nio-8080-exec-10] DEBUG o.s.security.web.FilterChainProxy    - Secured GET /api/users
26-06-09 11:28:42.207 [http-nio-8080-exec-10] DEBUG org.hibernate.SQL                    - 
    select
        u1_0.id,
        u1_0.created_at,
        u1_0.email,
        u1_0.password,
        u1_0.profile_id,
        u1_0.role,
        u1_0.updated_at,
        u1_0.username 
    from
        users u1_0
26-06-09 11:28:42.218 [http-nio-8080-exec-10] TRACE org.hibernate.orm.jdbc.extract       - extracted value (1:UUID) -> [27b85a60-4f13-455f-b5a3-7f7d762b2139]
26-06-09 11:28:42.221 [http-nio-8080-exec-10] TRACE org.hibernate.orm.jdbc.extract       - extracted value (5:UUID) -> [46746932-09b7-410a-b9bf-3f7cdbf1f402]
26-06-09 11:28:42.225 [http-nio-8080-exec-10] TRACE org.hibernate.orm.jdbc.extract       - extracted value (2:TIMESTAMP_UTC) -> [2026-03-09T06:17:44.434753Z]
26-06-09 11:28:42.226 [http-nio-8080-exec-10] TRACE org.hibernate.orm.jdbc.extract       - extracted value (3:VARCHAR) -> [test@test.com]
26-06-09 11:28:42.226 [http-nio-8080-exec-10] TRACE org.hibernate.orm.jdbc.extract       - extracted value (4:VARCHAR) -> [$2a$10$7BU..v74ygmDenkiaWKtVeZsZR6G0lVc1NGfkMSRq0iJ.iUl5ZYVq]
26-06-09 11:28:42.226 [http-nio-8080-exec-10] TRACE org.hibernate.orm.jdbc.extract       - extracted value (6:VARCHAR) -> [USER]
26-06-09 11:28:42.226 [http-nio-8080-exec-10] TRACE org.hibernate.orm.jdbc.extract       - extracted value (7:TIMESTAMP_UTC) -> [2026-03-09T06:17:44.434753Z]
26-06-09 11:28:42.226 [http-nio-8080-exec-10] TRACE org.hibernate.orm.jdbc.extract       - extracted value (8:VARCHAR) -> [승리]
26-06-09 11:28:42.234 [http-nio-8080-exec-10] TRACE org.hibernate.orm.jdbc.extract       - extracted value (1:UUID) -> [9d64639e-787a-46cc-9abf-5f8717295f33]
26-06-09 11:28:42.234 [http-nio-8080-exec-10] TRACE org.hibernate.orm.jdbc.extract       - extracted value (5:UUID) -> [1a4039ff-b856-4639-8a2d-4b4cac93793c]
26-06-09 11:28:42.234 [http-nio-8080-exec-10] TRACE org.hibernate.orm.jdbc.extract       - extracted value (2:TIMESTAMP_UTC) -> [2026-03-09T06:21:22.042528Z]
26-06-09 11:28:42.234 [http-nio-8080-exec-10] TRACE org.hibernate.orm.jdbc.extract       - extracted value (3:VARCHAR) -> [test2@test.com]
26-06-09 11:28:42.235 [http-nio-8080-exec-10] TRACE org.hibernate.orm.jdbc.extract       - extracted value (4:VARCHAR) -> [$2a$10$3oTo2dk3/hVlqmBF/B1aEeCazX0ZJNNl8/HJbY.NyNxAaN2NM2ZwK]
26-06-09 11:28:42.235 [http-nio-8080-exec-10] TRACE org.hibernate.orm.jdbc.extract       - extracted value (6:VARCHAR) -> [USER]
26-06-09 11:28:42.235 [http-nio-8080-exec-10] TRACE org.hibernate.orm.jdbc.extract       - extracted value (7:TIMESTAMP_UTC) -> [2026-03-09T06:21:22.042528Z]
26-06-09 11:28:42.235 [http-nio-8080-exec-10] TRACE org.hibernate.orm.jdbc.extract       - extracted value (8:VARCHAR) -> [asr]
26-06-09 11:28:42.235 [http-nio-8080-exec-10] TRACE org.hibernate.orm.jdbc.extract       - extracted value (1:UUID) -> [041397c9-3494-48eb-83dc-3d24cf2f2d19]
26-06-09 11:28:42.235 [http-nio-8080-exec-10] TRACE org.hibernate.orm.jdbc.extract       - extracted value (5:UUID) -> [317d8fef-86f0-4287-afdd-fcf080c55726]
26-06-09 11:28:42.235 [http-nio-8080-exec-10] TRACE org.hibernate.orm.jdbc.extract       - extracted value (2:TIMESTAMP_UTC) -> [2026-03-09T06:31:53.104366Z]
26-06-09 11:28:42.236 [http-nio-8080-exec-10] TRACE org.hibernate.orm.jdbc.extract       - extracted value (3:VARCHAR) -> [test3@test.com]
26-06-09 11:28:42.236 [http-nio-8080-exec-10] TRACE org.hibernate.orm.jdbc.extract       - extracted value (4:VARCHAR) -> [$2a$10$UnGIi/zuHaSenHg7H9beUOciM9N6zkJjWwRQuwbH96Va4Ab6MCFEa]
26-06-09 11:28:42.236 [http-nio-8080-exec-10] TRACE org.hibernate.orm.jdbc.extract       - extracted value (6:VARCHAR) -> [USER]
26-06-09 11:28:42.236 [http-nio-8080-exec-10] TRACE org.hibernate.orm.jdbc.extract       - extracted value (7:TIMESTAMP_UTC) -> [2026-03-09T06:31:53.104366Z]
26-06-09 11:28:42.236 [http-nio-8080-exec-10] TRACE org.hibernate.orm.jdbc.extract       - extracted value (8:VARCHAR) -> [테스트3]
26-06-09 11:28:42.236 [http-nio-8080-exec-10] TRACE org.hibernate.orm.jdbc.extract       - extracted value (1:UUID) -> [f725946c-dfe7-441d-84af-9bfdade76e9a]
26-06-09 11:28:42.236 [http-nio-8080-exec-10] TRACE org.hibernate.orm.jdbc.extract       - extracted value (5:UUID) -> [null]
26-06-09 11:28:42.236 [http-nio-8080-exec-10] TRACE org.hibernate.orm.jdbc.extract       - extracted value (2:TIMESTAMP_UTC) -> [2026-03-09T06:35:16.233568Z]
26-06-09 11:28:42.236 [http-nio-8080-exec-10] TRACE org.hibernate.orm.jdbc.extract       - extracted value (3:VARCHAR) -> [test4@test.com]
26-06-09 11:28:42.236 [http-nio-8080-exec-10] TRACE org.hibernate.orm.jdbc.extract       - extracted value (4:VARCHAR) -> [$2a$10$cMN0GgSpDkktYi82VNwwlu1b7Oq2aFY0i2uxC3R4L9nbgUpCmMKyC]
26-06-09 11:28:42.236 [http-nio-8080-exec-10] TRACE org.hibernate.orm.jdbc.extract       - extracted value (6:VARCHAR) -> [USER]
26-06-09 11:28:42.236 [http-nio-8080-exec-10] TRACE org.hibernate.orm.jdbc.extract       - extracted value (7:TIMESTAMP_UTC) -> [2026-03-09T06:35:16.233568Z]
26-06-09 11:28:42.236 [http-nio-8080-exec-10] TRACE org.hibernate.orm.jdbc.extract       - extracted value (8:VARCHAR) -> [test4]
26-06-09 11:28:42.236 [http-nio-8080-exec-10] TRACE org.hibernate.orm.jdbc.extract       - extracted value (1:UUID) -> [ed60b06a-16d3-4d64-97cf-8963a6ba34e4]
26-06-09 11:28:42.236 [http-nio-8080-exec-10] TRACE org.hibernate.orm.jdbc.extract       - extracted value (5:UUID) -> [null]
26-06-09 11:28:42.237 [http-nio-8080-exec-10] TRACE org.hibernate.orm.jdbc.extract       - extracted value (2:TIMESTAMP_UTC) -> [2026-03-25T07:31:54.266194Z]
26-06-09 11:28:42.237 [http-nio-8080-exec-10] TRACE org.hibernate.orm.jdbc.extract       - extracted value (3:VARCHAR) -> [0325test@test.com]
26-06-09 11:28:42.237 [http-nio-8080-exec-10] TRACE org.hibernate.orm.jdbc.extract       - extracted value (4:VARCHAR) -> [$2a$10$mG/jy9jyb4GmJgNwqOvMO.v4JkCYeUTfpa0YOe9woDusUn4NRHScm]
26-06-09 11:28:42.237 [http-nio-8080-exec-10] TRACE org.hibernate.orm.jdbc.extract       - extracted value (6:VARCHAR) -> [USER]
26-06-09 11:28:42.237 [http-nio-8080-exec-10] TRACE org.hibernate.orm.jdbc.extract       - extracted value (7:TIMESTAMP_UTC) -> [2026-03-25T07:31:54.266194Z]
26-06-09 11:28:42.237 [http-nio-8080-exec-10] TRACE org.hibernate.orm.jdbc.extract       - extracted value (8:VARCHAR) -> [test0325]
26-06-09 11:28:42.237 [http-nio-8080-exec-10] TRACE org.hibernate.orm.jdbc.extract       - extracted value (1:UUID) -> [b1a933b8-5b00-48ca-81e9-0055ba1ff963]
26-06-09 11:28:42.237 [http-nio-8080-exec-10] TRACE org.hibernate.orm.jdbc.extract       - extracted value (5:UUID) -> [null]
26-06-09 11:28:42.237 [http-nio-8080-exec-10] TRACE org.hibernate.orm.jdbc.extract       - extracted value (2:TIMESTAMP_UTC) -> [2026-03-27T05:06:14.779097Z]
26-06-09 11:28:42.237 [http-nio-8080-exec-10] TRACE org.hibernate.orm.jdbc.extract       - extracted value (3:VARCHAR) -> [test0327@test.com]
26-06-09 11:28:42.237 [http-nio-8080-exec-10] TRACE org.hibernate.orm.jdbc.extract       - extracted value (4:VARCHAR) -> [$2a$10$LxGyQsQD7kHjC2llbNvRgedFKJ/SN/rwkoaoyAiSrFljpZWp8xPZG]
26-06-09 11:28:42.237 [http-nio-8080-exec-10] TRACE org.hibernate.orm.jdbc.extract       - extracted value (6:VARCHAR) -> [USER]
26-06-09 11:28:42.237 [http-nio-8080-exec-10] TRACE org.hibernate.orm.jdbc.extract       - extracted value (7:TIMESTAMP_UTC) -> [2026-03-27T05:06:14.779097Z]
26-06-09 11:28:42.237 [http-nio-8080-exec-10] TRACE org.hibernate.orm.jdbc.extract       - extracted value (8:VARCHAR) -> [asd]
26-06-09 11:28:42.237 [http-nio-8080-exec-10] TRACE org.hibernate.orm.jdbc.extract       - extracted value (1:UUID) -> [98ce5813-ebf4-4a0b-9087-2f2c18bbd2a3]
26-06-09 11:28:42.237 [http-nio-8080-exec-10] TRACE org.hibernate.orm.jdbc.extract       - extracted value (5:UUID) -> [null]
26-06-09 11:28:42.237 [http-nio-8080-exec-10] TRACE org.hibernate.orm.jdbc.extract       - extracted value (2:TIMESTAMP_UTC) -> [2026-05-15T07:19:30.272898Z]
26-06-09 11:28:42.237 [http-nio-8080-exec-10] TRACE org.hibernate.orm.jdbc.extract       - extracted value (3:VARCHAR) -> [java@javaspring.com]
26-06-09 11:28:42.237 [http-nio-8080-exec-10] TRACE org.hibernate.orm.jdbc.extract       - extracted value (4:VARCHAR) -> [$2a$10$zhXqDLq.d1aTvZ.Ao2xrs.YBMwsS39OL8mfL9UYpEW4wqfYe0DNx.]
26-06-09 11:28:42.237 [http-nio-8080-exec-10] TRACE org.hibernate.orm.jdbc.extract       - extracted value (6:VARCHAR) -> [USER]
26-06-09 11:28:42.238 [http-nio-8080-exec-10] TRACE org.hibernate.orm.jdbc.extract       - extracted value (7:TIMESTAMP_UTC) -> [2026-05-15T07:19:30.272898Z]
26-06-09 11:28:42.238 [http-nio-8080-exec-10] TRACE org.hibernate.orm.jdbc.extract       - extracted value (8:VARCHAR) -> [스프링프로필친구]
26-06-09 11:28:42.238 [http-nio-8080-exec-10] TRACE org.hibernate.orm.jdbc.extract       - extracted value (1:UUID) -> [c9250cab-cae8-4509-8180-0da4b11066e8]
26-06-09 11:28:42.238 [http-nio-8080-exec-10] TRACE org.hibernate.orm.jdbc.extract       - extracted value (5:UUID) -> [null]
26-06-09 11:28:42.238 [http-nio-8080-exec-10] TRACE org.hibernate.orm.jdbc.extract       - extracted value (2:TIMESTAMP_UTC) -> [2026-05-19T01:42:58.029068Z]
26-06-09 11:28:42.238 [http-nio-8080-exec-10] TRACE org.hibernate.orm.jdbc.extract       - extracted value (3:VARCHAR) -> [admin@admin.com]
26-06-09 11:28:42.238 [http-nio-8080-exec-10] TRACE org.hibernate.orm.jdbc.extract       - extracted value (4:VARCHAR) -> [$2a$10$FwvClmklxVI3h5q/nYuHU.4l9NbtnRQ1GC2Ep4SaOD3SxrBSrlh2i]
26-06-09 11:28:42.238 [http-nio-8080-exec-10] TRACE org.hibernate.orm.jdbc.extract       - extracted value (6:VARCHAR) -> [ADMIN]
26-06-09 11:28:42.238 [http-nio-8080-exec-10] TRACE org.hibernate.orm.jdbc.extract       - extracted value (7:TIMESTAMP_UTC) -> [2026-05-19T01:42:58.029068Z]
26-06-09 11:28:42.238 [http-nio-8080-exec-10] TRACE org.hibernate.orm.jdbc.extract       - extracted value (8:VARCHAR) -> [admin]
26-06-09 11:28:42.238 [http-nio-8080-exec-10] TRACE org.hibernate.orm.jdbc.extract       - extracted value (1:UUID) -> [9b225b56-7425-4c05-b1bf-33788568891a]
26-06-09 11:28:42.239 [http-nio-8080-exec-10] TRACE org.hibernate.orm.jdbc.extract       - extracted value (5:UUID) -> [null]
26-06-09 11:28:42.239 [http-nio-8080-exec-10] TRACE org.hibernate.orm.jdbc.extract       - extracted value (2:TIMESTAMP_UTC) -> [2026-05-19T01:45:59.984574Z]
26-06-09 11:28:42.239 [http-nio-8080-exec-10] TRACE org.hibernate.orm.jdbc.extract       - extracted value (3:VARCHAR) -> [0519test@test.com]
26-06-09 11:28:42.239 [http-nio-8080-exec-10] TRACE org.hibernate.orm.jdbc.extract       - extracted value (4:VARCHAR) -> [$2a$10$JsQ23gBSJ2bBhdIZ6m0vr.2MRc7yn9LH.2Itp/mVUU64ldpKTIWpC]
26-06-09 11:28:42.239 [http-nio-8080-exec-10] TRACE org.hibernate.orm.jdbc.extract       - extracted value (6:VARCHAR) -> [CHANNEL_MANAGER]
26-06-09 11:28:42.239 [http-nio-8080-exec-10] TRACE org.hibernate.orm.jdbc.extract       - extracted value (7:TIMESTAMP_UTC) -> [2026-05-19T01:46:33.938005Z]
26-06-09 11:28:42.239 [http-nio-8080-exec-10] TRACE org.hibernate.orm.jdbc.extract       - extracted value (8:VARCHAR) -> [0519test]
26-06-09 11:28:42.239 [http-nio-8080-exec-10] TRACE org.hibernate.orm.jdbc.extract       - extracted value (1:UUID) -> [ee16f72c-e2b1-4376-b7a6-88f894f2e7ca]
26-06-09 11:28:42.239 [http-nio-8080-exec-10] TRACE org.hibernate.orm.jdbc.extract       - extracted value (5:UUID) -> [null]
26-06-09 11:28:42.239 [http-nio-8080-exec-10] TRACE org.hibernate.orm.jdbc.extract       - extracted value (2:TIMESTAMP_UTC) -> [2026-05-31T11:35:15.163302Z]
26-06-09 11:28:42.239 [http-nio-8080-exec-10] TRACE org.hibernate.orm.jdbc.extract       - extracted value (3:VARCHAR) -> [test0531@test.com]
26-06-09 11:28:42.239 [http-nio-8080-exec-10] TRACE org.hibernate.orm.jdbc.extract       - extracted value (4:VARCHAR) -> [$2a$10$WEDr70nEl34S5xjdBccHXuF95p.DzORb4zt5904.SLPCzYWnGSpm.]
26-06-09 11:28:42.239 [http-nio-8080-exec-10] TRACE org.hibernate.orm.jdbc.extract       - extracted value (6:VARCHAR) -> [USER]
26-06-09 11:28:42.240 [http-nio-8080-exec-10] TRACE org.hibernate.orm.jdbc.extract       - extracted value (7:TIMESTAMP_UTC) -> [2026-05-31T11:35:15.163302Z]
26-06-09 11:28:42.240 [http-nio-8080-exec-10] TRACE org.hibernate.orm.jdbc.extract       - extracted value (8:VARCHAR) -> [test0531]
26-06-09 11:28:42.240 [http-nio-8080-exec-10] TRACE org.hibernate.orm.jdbc.extract       - extracted value (1:UUID) -> [cff3cfdf-c67a-48ac-a13e-1d3c2346e5cc]
26-06-09 11:28:42.240 [http-nio-8080-exec-10] TRACE org.hibernate.orm.jdbc.extract       - extracted value (5:UUID) -> [null]
26-06-09 11:28:42.240 [http-nio-8080-exec-10] TRACE org.hibernate.orm.jdbc.extract       - extracted value (2:TIMESTAMP_UTC) -> [2026-05-31T11:46:09.335380Z]
26-06-09 11:28:42.240 [http-nio-8080-exec-10] TRACE org.hibernate.orm.jdbc.extract       - extracted value (3:VARCHAR) -> [test05312@test.com]
26-06-09 11:28:42.240 [http-nio-8080-exec-10] TRACE org.hibernate.orm.jdbc.extract       - extracted value (4:VARCHAR) -> [$2a$10$Nsk0AnubLHzO3ukARj5p6.VjUu9evw0ZaLLuQ8pBpQxFjhLQYXxDS]
26-06-09 11:28:42.240 [http-nio-8080-exec-10] TRACE org.hibernate.orm.jdbc.extract       - extracted value (6:VARCHAR) -> [USER]
26-06-09 11:28:42.240 [http-nio-8080-exec-10] TRACE org.hibernate.orm.jdbc.extract       - extracted value (7:TIMESTAMP_UTC) -> [2026-05-31T11:46:09.335380Z]
26-06-09 11:28:42.240 [http-nio-8080-exec-10] TRACE org.hibernate.orm.jdbc.extract       - extracted value (8:VARCHAR) -> [test05312]
26-06-09 11:28:42.241 [http-nio-8080-exec-10] TRACE org.hibernate.orm.jdbc.extract       - extracted value (1:UUID) -> [ceb95c66-eb93-4601-bfc2-a0294d619d77]
26-06-09 11:28:42.241 [http-nio-8080-exec-10] TRACE org.hibernate.orm.jdbc.extract       - extracted value (5:UUID) -> [null]
26-06-09 11:28:42.241 [http-nio-8080-exec-10] TRACE org.hibernate.orm.jdbc.extract       - extracted value (2:TIMESTAMP_UTC) -> [2026-06-05T01:14:38.474247Z]
26-06-09 11:28:42.241 [http-nio-8080-exec-10] TRACE org.hibernate.orm.jdbc.extract       - extracted value (3:VARCHAR) -> [test06051@test.com]
26-06-09 11:28:42.241 [http-nio-8080-exec-10] TRACE org.hibernate.orm.jdbc.extract       - extracted value (4:VARCHAR) -> [$2a$10$4VIasWCJxSBj7dTLTH1ddOISntynjLxU5DGnB3gw5Gizl/YgWjKzG]
26-06-09 11:28:42.241 [http-nio-8080-exec-10] TRACE org.hibernate.orm.jdbc.extract       - extracted value (6:VARCHAR) -> [USER]
26-06-09 11:28:42.241 [http-nio-8080-exec-10] TRACE org.hibernate.orm.jdbc.extract       - extracted value (7:TIMESTAMP_UTC) -> [2026-06-05T01:14:38.474247Z]
26-06-09 11:28:42.241 [http-nio-8080-exec-10] TRACE org.hibernate.orm.jdbc.extract       - extracted value (8:VARCHAR) -> [test06051]
26-06-09 11:28:42.241 [http-nio-8080-exec-10] TRACE org.hibernate.orm.jdbc.extract       - extracted value (1:UUID) -> [16adc8c6-634b-490b-a8fc-1f3946a53424]
26-06-09 11:28:42.241 [http-nio-8080-exec-10] TRACE org.hibernate.orm.jdbc.extract       - extracted value (5:UUID) -> [null]
26-06-09 11:28:42.241 [http-nio-8080-exec-10] TRACE org.hibernate.orm.jdbc.extract       - extracted value (2:TIMESTAMP_UTC) -> [2026-06-05T01:26:48.298603Z]
26-06-09 11:28:42.241 [http-nio-8080-exec-10] TRACE org.hibernate.orm.jdbc.extract       - extracted value (3:VARCHAR) -> [test06052@test.com]
26-06-09 11:28:42.242 [http-nio-8080-exec-10] TRACE org.hibernate.orm.jdbc.extract       - extracted value (4:VARCHAR) -> [$2a$10$WXbaWJIO9AnVf8bZvQleQ.mcDU9LEfns4T0QjXr6PTFgFRkl/HMq.]
26-06-09 11:28:42.242 [http-nio-8080-exec-10] TRACE org.hibernate.orm.jdbc.extract       - extracted value (6:VARCHAR) -> [USER]
26-06-09 11:28:42.242 [http-nio-8080-exec-10] TRACE org.hibernate.orm.jdbc.extract       - extracted value (7:TIMESTAMP_UTC) -> [2026-06-05T01:26:48.298603Z]
26-06-09 11:28:42.242 [http-nio-8080-exec-10] TRACE org.hibernate.orm.jdbc.extract       - extracted value (8:VARCHAR) -> [test06052]
26-06-09 11:28:42.242 [http-nio-8080-exec-10] TRACE org.hibernate.orm.jdbc.extract       - extracted value (1:UUID) -> [1bdf270a-29cc-4700-843b-3075a4f50668]
26-06-09 11:28:42.242 [http-nio-8080-exec-10] TRACE org.hibernate.orm.jdbc.extract       - extracted value (5:UUID) -> [null]
26-06-09 11:28:42.242 [http-nio-8080-exec-10] TRACE org.hibernate.orm.jdbc.extract       - extracted value (2:TIMESTAMP_UTC) -> [2026-06-07T13:46:20.692678Z]
26-06-09 11:28:42.242 [http-nio-8080-exec-10] TRACE org.hibernate.orm.jdbc.extract       - extracted value (3:VARCHAR) -> [test06071@test.com]
26-06-09 11:28:42.242 [http-nio-8080-exec-10] TRACE org.hibernate.orm.jdbc.extract       - extracted value (4:VARCHAR) -> [$2a$10$srOZHA1j6wWo5bDIsgiaquN/mycEHKdNzS8qfA8dl.0yCiaxKEom.]
26-06-09 11:28:42.243 [http-nio-8080-exec-10] TRACE org.hibernate.orm.jdbc.extract       - extracted value (6:VARCHAR) -> [USER]
26-06-09 11:28:42.243 [http-nio-8080-exec-10] TRACE org.hibernate.orm.jdbc.extract       - extracted value (7:TIMESTAMP_UTC) -> [2026-06-07T13:46:20.692678Z]
26-06-09 11:28:42.243 [http-nio-8080-exec-10] TRACE org.hibernate.orm.jdbc.extract       - extracted value (8:VARCHAR) -> [test06071]
26-06-09 11:28:42.243 [http-nio-8080-exec-10] TRACE org.hibernate.orm.jdbc.extract       - extracted value (1:UUID) -> [6b578585-908f-4bd6-9335-1ac5acb94e40]
26-06-09 11:28:42.243 [http-nio-8080-exec-10] TRACE org.hibernate.orm.jdbc.extract       - extracted value (5:UUID) -> [null]
26-06-09 11:28:42.243 [http-nio-8080-exec-10] TRACE org.hibernate.orm.jdbc.extract       - extracted value (2:TIMESTAMP_UTC) -> [2026-06-08T07:39:13.219128Z]
26-06-09 11:28:42.243 [http-nio-8080-exec-10] TRACE org.hibernate.orm.jdbc.extract       - extracted value (3:VARCHAR) -> [test06081@test.com]
26-06-09 11:28:42.243 [http-nio-8080-exec-10] TRACE org.hibernate.orm.jdbc.extract       - extracted value (4:VARCHAR) -> [$2a$10$HE3kHqnEa04j3.4KpTkCMeYioQD/nFni86UlddUOGVFyPZjRgP8qO]
26-06-09 11:28:42.243 [http-nio-8080-exec-10] TRACE org.hibernate.orm.jdbc.extract       - extracted value (6:VARCHAR) -> [USER]
26-06-09 11:28:42.243 [http-nio-8080-exec-10] TRACE org.hibernate.orm.jdbc.extract       - extracted value (7:TIMESTAMP_UTC) -> [2026-06-08T07:39:13.219128Z]
26-06-09 11:28:42.243 [http-nio-8080-exec-10] TRACE org.hibernate.orm.jdbc.extract       - extracted value (8:VARCHAR) -> [test06081]
26-06-09 11:28:42.251 [http-nio-8080-exec-10] DEBUG org.hibernate.SQL                    - 
    select
        bc1_0.id,
        bc1_0.content_type,
        bc1_0.created_at,
        bc1_0.file_name,
        bc1_0.size,
        bc1_0.status 
    from
        binary_contents bc1_0 
    where
        bc1_0.id=?
26-06-09 11:28:42.252 [http-nio-8080-exec-10] TRACE org.hibernate.orm.jdbc.bind          - binding parameter (1:UUID) <- [46746932-09b7-410a-b9bf-3f7cdbf1f402]
26-06-09 11:28:42.255 [http-nio-8080-exec-10] TRACE org.hibernate.orm.jdbc.extract       - extracted value (2:VARCHAR) -> [image/jpeg]
26-06-09 11:28:42.256 [http-nio-8080-exec-10] TRACE org.hibernate.orm.jdbc.extract       - extracted value (3:TIMESTAMP_UTC) -> [2026-03-09T06:17:44.334709Z]
26-06-09 11:28:42.256 [http-nio-8080-exec-10] TRACE org.hibernate.orm.jdbc.extract       - extracted value (4:VARCHAR) -> [다운로드.jpg]
26-06-09 11:28:42.257 [http-nio-8080-exec-10] TRACE org.hibernate.orm.jdbc.extract       - extracted value (5:BIGINT) -> [6118]
26-06-09 11:28:42.257 [http-nio-8080-exec-10] TRACE org.hibernate.orm.jdbc.extract       - extracted value (6:VARCHAR) -> [ACTIVE]
26-06-09 11:28:42.257 [http-nio-8080-exec-10] DEBUG org.hibernate.SQL                    - 
    select
        bc1_0.id,
        bc1_0.content_type,
        bc1_0.created_at,
        bc1_0.file_name,
        bc1_0.size,
        bc1_0.status 
    from
        binary_contents bc1_0 
    where
        bc1_0.id=?
26-06-09 11:28:42.257 [http-nio-8080-exec-10] TRACE org.hibernate.orm.jdbc.bind          - binding parameter (1:UUID) <- [1a4039ff-b856-4639-8a2d-4b4cac93793c]
26-06-09 11:28:42.258 [http-nio-8080-exec-10] TRACE org.hibernate.orm.jdbc.extract       - extracted value (2:VARCHAR) -> [image/jpeg]
26-06-09 11:28:42.258 [http-nio-8080-exec-10] TRACE org.hibernate.orm.jdbc.extract       - extracted value (3:TIMESTAMP_UTC) -> [2026-03-09T06:21:21.946259Z]
26-06-09 11:28:42.258 [http-nio-8080-exec-10] TRACE org.hibernate.orm.jdbc.extract       - extracted value (4:VARCHAR) -> [다운로드.jpg]
26-06-09 11:28:42.258 [http-nio-8080-exec-10] TRACE org.hibernate.orm.jdbc.extract       - extracted value (5:BIGINT) -> [6118]
26-06-09 11:28:42.258 [http-nio-8080-exec-10] TRACE org.hibernate.orm.jdbc.extract       - extracted value (6:VARCHAR) -> [ACTIVE]
26-06-09 11:28:42.258 [http-nio-8080-exec-10] DEBUG org.hibernate.SQL                    - 
    select
        bc1_0.id,
        bc1_0.content_type,
        bc1_0.created_at,
        bc1_0.file_name,
        bc1_0.size,
        bc1_0.status 
    from
        binary_contents bc1_0 
    where
        bc1_0.id=?
26-06-09 11:28:42.258 [http-nio-8080-exec-10] TRACE org.hibernate.orm.jdbc.bind          - binding parameter (1:UUID) <- [317d8fef-86f0-4287-afdd-fcf080c55726]
26-06-09 11:28:42.260 [http-nio-8080-exec-10] TRACE org.hibernate.orm.jdbc.extract       - extracted value (2:VARCHAR) -> [image/jpeg]
26-06-09 11:28:42.261 [http-nio-8080-exec-10] TRACE org.hibernate.orm.jdbc.extract       - extracted value (3:TIMESTAMP_UTC) -> [2026-03-09T06:31:53.022861Z]
26-06-09 11:28:42.261 [http-nio-8080-exec-10] TRACE org.hibernate.orm.jdbc.extract       - extracted value (4:VARCHAR) -> [다운로드.jpg]
26-06-09 11:28:42.261 [http-nio-8080-exec-10] TRACE org.hibernate.orm.jdbc.extract       - extracted value (5:BIGINT) -> [6118]
26-06-09 11:28:42.261 [http-nio-8080-exec-10] TRACE org.hibernate.orm.jdbc.extract       - extracted value (6:VARCHAR) -> [ACTIVE]
26-06-09 11:28:42.271 [http-nio-8080-exec-10] TRACE o.s.s.w.h.writers.HstsHeaderWriter   - Not injecting HSTS header since it did not match request to [Is Secure]
26-06-09 11:28:43.696 [http-nio-8080-exec-1] TRACE o.s.security.web.FilterChainProxy    - Trying to match request against DefaultSecurityFilterChain defined as 'filterChain' in [class path resource [com/sprint/mission/discodeit/common/config/SecurityConfig.class]] matching [any request] and having filters [DisableEncodeUrl, WebAsyncManagerIntegration, SecurityContextHolder, HeaderWriter, Csrf, Logout, JwtAuthentication, UsernamePasswordAuthentication, RequestCacheAware, SecurityContextHolderAwareRequest, AnonymousAuthentication, SessionManagement, ExceptionTranslation, Authorization] (1/1)
26-06-09 11:28:43.697 [http-nio-8080-exec-1] DEBUG o.s.security.web.FilterChainProxy    - Securing GET /api/users
26-06-09 11:28:43.697 [http-nio-8080-exec-1] TRACE o.s.security.web.FilterChainProxy    - Invoking DisableEncodeUrlFilter (1/14)
26-06-09 11:28:43.697 [http-nio-8080-exec-1] TRACE o.s.security.web.FilterChainProxy    - Invoking WebAsyncManagerIntegrationFilter (2/14)
26-06-09 11:28:43.697 [http-nio-8080-exec-1] TRACE o.s.security.web.FilterChainProxy    - Invoking SecurityContextHolderFilter (3/14)
26-06-09 11:28:43.697 [http-nio-8080-exec-1] TRACE o.s.security.web.FilterChainProxy    - Invoking HeaderWriterFilter (4/14)
26-06-09 11:28:43.697 [http-nio-8080-exec-1] TRACE o.s.security.web.FilterChainProxy    - Invoking CsrfFilter (5/14)
26-06-09 11:28:43.697 [http-nio-8080-exec-1] TRACE o.s.security.web.csrf.CsrfFilter     - Did not protect against CSRF since request did not match CsrfNotRequired [TRACE, HEAD, GET, OPTIONS]
26-06-09 11:28:43.697 [http-nio-8080-exec-1] TRACE o.s.security.web.FilterChainProxy    - Invoking LogoutFilter (6/14)
26-06-09 11:28:43.697 [http-nio-8080-exec-1] TRACE o.s.s.w.a.logout.LogoutFilter        - Did not match request to Ant [pattern='/api/auth/logout', POST]
26-06-09 11:28:43.697 [http-nio-8080-exec-1] TRACE o.s.security.web.FilterChainProxy    - Invoking JwtAuthenticationFilter (7/14)
26-06-09 11:28:43.697 [http-nio-8080-exec-1] TRACE o.s.security.web.FilterChainProxy    - Invoking UsernamePasswordAuthenticationFilter (8/14)
26-06-09 11:28:43.697 [http-nio-8080-exec-1] TRACE o.s.s.w.a.UsernamePasswordAuthenticationFilter - Did not match request to Ant [pattern='/api/auth/login', POST]
26-06-09 11:28:43.697 [http-nio-8080-exec-1] TRACE o.s.security.web.FilterChainProxy    - Invoking RequestCacheAwareFilter (9/14)
26-06-09 11:28:43.697 [http-nio-8080-exec-1] TRACE o.s.security.web.FilterChainProxy    - Invoking SecurityContextHolderAwareRequestFilter (10/14)
26-06-09 11:28:43.699 [http-nio-8080-exec-1] TRACE o.s.security.web.FilterChainProxy    - Invoking AnonymousAuthenticationFilter (11/14)
26-06-09 11:28:43.699 [http-nio-8080-exec-1] TRACE o.s.security.web.FilterChainProxy    - Invoking SessionManagementFilter (12/14)
26-06-09 11:28:43.699 [http-nio-8080-exec-1] TRACE o.s.s.w.c.SupplierDeferredSecurityContext - Created SecurityContextImpl [Null authentication]
26-06-09 11:28:43.699 [http-nio-8080-exec-1] TRACE o.s.s.w.a.AnonymousAuthenticationFilter - Set SecurityContextHolder to AnonymousAuthenticationToken [Principal=anonymousUser, Credentials=[PROTECTED], Authenticated=true, Details=WebAuthenticationDetails [RemoteIpAddress=0:0:0:0:0:0:0:1, SessionId=null], Granted Authorities=[ROLE_ANONYMOUS]]
26-06-09 11:28:43.699 [http-nio-8080-exec-1] TRACE o.s.security.web.FilterChainProxy    - Invoking ExceptionTranslationFilter (13/14)
26-06-09 11:28:43.699 [http-nio-8080-exec-1] TRACE o.s.security.web.FilterChainProxy    - Invoking AuthorizationFilter (14/14)
26-06-09 11:28:43.699 [http-nio-8080-exec-1] TRACE o.s.s.w.a.i.RequestMatcherDelegatingAuthorizationManager - Authorizing GET /api/users
26-06-09 11:28:43.699 [http-nio-8080-exec-1] TRACE o.s.s.w.a.i.RequestMatcherDelegatingAuthorizationManager - Checking authorization on GET /api/users using org.springframework.security.config.annotation.web.configurers.AuthorizeHttpRequestsConfigurer$$Lambda$2081/0x000001acb5d352d8@6420a523
26-06-09 11:28:43.699 [http-nio-8080-exec-1] DEBUG o.s.security.web.FilterChainProxy    - Secured GET /api/users
26-06-09 11:28:43.707 [http-nio-8080-exec-1] TRACE o.s.s.w.h.writers.HstsHeaderWriter   - Not injecting HSTS header since it did not match request to [Is Secure]
26-06-09 11:28:44.286 [http-nio-8080-exec-3] TRACE o.s.security.web.FilterChainProxy    - Trying to match request against DefaultSecurityFilterChain defined as 'filterChain' in [class path resource [com/sprint/mission/discodeit/common/config/SecurityConfig.class]] matching [any request] and having filters [DisableEncodeUrl, WebAsyncManagerIntegration, SecurityContextHolder, HeaderWriter, Csrf, Logout, JwtAuthentication, UsernamePasswordAuthentication, RequestCacheAware, SecurityContextHolderAwareRequest, AnonymousAuthentication, SessionManagement, ExceptionTranslation, Authorization] (1/1)
26-06-09 11:28:44.286 [http-nio-8080-exec-3] DEBUG o.s.security.web.FilterChainProxy    - Securing GET /api/users
26-06-09 11:28:44.286 [http-nio-8080-exec-3] TRACE o.s.security.web.FilterChainProxy    - Invoking DisableEncodeUrlFilter (1/14)
26-06-09 11:28:44.287 [http-nio-8080-exec-3] TRACE o.s.security.web.FilterChainProxy    - Invoking WebAsyncManagerIntegrationFilter (2/14)
26-06-09 11:28:44.287 [http-nio-8080-exec-3] TRACE o.s.security.web.FilterChainProxy    - Invoking SecurityContextHolderFilter (3/14)
26-06-09 11:28:44.287 [http-nio-8080-exec-3] TRACE o.s.security.web.FilterChainProxy    - Invoking HeaderWriterFilter (4/14)
26-06-09 11:28:44.287 [http-nio-8080-exec-3] TRACE o.s.security.web.FilterChainProxy    - Invoking CsrfFilter (5/14)
26-06-09 11:28:44.287 [http-nio-8080-exec-3] TRACE o.s.security.web.csrf.CsrfFilter     - Did not protect against CSRF since request did not match CsrfNotRequired [TRACE, HEAD, GET, OPTIONS]
26-06-09 11:28:44.287 [http-nio-8080-exec-3] TRACE o.s.security.web.FilterChainProxy    - Invoking LogoutFilter (6/14)
26-06-09 11:28:44.287 [http-nio-8080-exec-3] TRACE o.s.s.w.a.logout.LogoutFilter        - Did not match request to Ant [pattern='/api/auth/logout', POST]
26-06-09 11:28:44.287 [http-nio-8080-exec-3] TRACE o.s.security.web.FilterChainProxy    - Invoking JwtAuthenticationFilter (7/14)
26-06-09 11:28:44.287 [http-nio-8080-exec-3] TRACE o.s.security.web.FilterChainProxy    - Invoking UsernamePasswordAuthenticationFilter (8/14)
26-06-09 11:28:44.287 [http-nio-8080-exec-3] TRACE o.s.s.w.a.UsernamePasswordAuthenticationFilter - Did not match request to Ant [pattern='/api/auth/login', POST]
26-06-09 11:28:44.287 [http-nio-8080-exec-3] TRACE o.s.security.web.FilterChainProxy    - Invoking RequestCacheAwareFilter (9/14)
26-06-09 11:28:44.287 [http-nio-8080-exec-3] TRACE o.s.security.web.FilterChainProxy    - Invoking SecurityContextHolderAwareRequestFilter (10/14)
26-06-09 11:28:44.287 [http-nio-8080-exec-3] TRACE o.s.security.web.FilterChainProxy    - Invoking AnonymousAuthenticationFilter (11/14)
26-06-09 11:28:44.287 [http-nio-8080-exec-3] TRACE o.s.security.web.FilterChainProxy    - Invoking SessionManagementFilter (12/14)
26-06-09 11:28:44.287 [http-nio-8080-exec-3] TRACE o.s.s.w.c.SupplierDeferredSecurityContext - Created SecurityContextImpl [Null authentication]
26-06-09 11:28:44.287 [http-nio-8080-exec-3] TRACE o.s.s.w.a.AnonymousAuthenticationFilter - Set SecurityContextHolder to AnonymousAuthenticationToken [Principal=anonymousUser, Credentials=[PROTECTED], Authenticated=true, Details=WebAuthenticationDetails [RemoteIpAddress=0:0:0:0:0:0:0:1, SessionId=null], Granted Authorities=[ROLE_ANONYMOUS]]
26-06-09 11:28:44.287 [http-nio-8080-exec-3] TRACE o.s.security.web.FilterChainProxy    - Invoking ExceptionTranslationFilter (13/14)
26-06-09 11:28:44.287 [http-nio-8080-exec-3] TRACE o.s.security.web.FilterChainProxy    - Invoking AuthorizationFilter (14/14)
26-06-09 11:28:44.289 [http-nio-8080-exec-3] TRACE o.s.s.w.a.i.RequestMatcherDelegatingAuthorizationManager - Authorizing GET /api/users
26-06-09 11:28:44.289 [http-nio-8080-exec-3] TRACE o.s.s.w.a.i.RequestMatcherDelegatingAuthorizationManager - Checking authorization on GET /api/users using org.springframework.security.config.annotation.web.configurers.AuthorizeHttpRequestsConfigurer$$Lambda$2081/0x000001acb5d352d8@6420a523
26-06-09 11:28:44.289 [http-nio-8080-exec-3] DEBUG o.s.security.web.FilterChainProxy    - Secured GET /api/users
26-06-09 11:28:44.291 [http-nio-8080-exec-3] TRACE o.s.s.w.h.writers.HstsHeaderWriter   - Not injecting HSTS header since it did not match request to [Is Secure]
26-06-09 11:28:49.887 [http-nio-8080-exec-2] TRACE o.s.security.web.FilterChainProxy    - Trying to match request against DefaultSecurityFilterChain defined as 'filterChain' in [class path resource [com/sprint/mission/discodeit/common/config/SecurityConfig.class]] matching [any request] and having filters [DisableEncodeUrl, WebAsyncManagerIntegration, SecurityContextHolder, HeaderWriter, Csrf, Logout, JwtAuthentication, UsernamePasswordAuthentication, RequestCacheAware, SecurityContextHolderAwareRequest, AnonymousAuthentication, SessionManagement, ExceptionTranslation, Authorization] (1/1)
26-06-09 11:28:49.887 [http-nio-8080-exec-2] DEBUG o.s.security.web.FilterChainProxy    - Securing GET /actuator/metrics
26-06-09 11:28:49.887 [http-nio-8080-exec-2] TRACE o.s.security.web.FilterChainProxy    - Invoking DisableEncodeUrlFilter (1/14)
26-06-09 11:28:49.888 [http-nio-8080-exec-2] TRACE o.s.security.web.FilterChainProxy    - Invoking WebAsyncManagerIntegrationFilter (2/14)
26-06-09 11:28:49.888 [http-nio-8080-exec-2] TRACE o.s.security.web.FilterChainProxy    - Invoking SecurityContextHolderFilter (3/14)
26-06-09 11:28:49.888 [http-nio-8080-exec-2] TRACE o.s.security.web.FilterChainProxy    - Invoking HeaderWriterFilter (4/14)
26-06-09 11:28:49.888 [http-nio-8080-exec-2] TRACE o.s.security.web.FilterChainProxy    - Invoking CsrfFilter (5/14)
26-06-09 11:28:49.888 [http-nio-8080-exec-2] TRACE o.s.security.web.csrf.CsrfFilter     - Did not protect against CSRF since request did not match CsrfNotRequired [TRACE, HEAD, GET, OPTIONS]
26-06-09 11:28:49.888 [http-nio-8080-exec-2] TRACE o.s.security.web.FilterChainProxy    - Invoking LogoutFilter (6/14)
26-06-09 11:28:49.888 [http-nio-8080-exec-2] TRACE o.s.s.w.a.logout.LogoutFilter        - Did not match request to Ant [pattern='/api/auth/logout', POST]
26-06-09 11:28:49.888 [http-nio-8080-exec-2] TRACE o.s.security.web.FilterChainProxy    - Invoking JwtAuthenticationFilter (7/14)
26-06-09 11:28:49.888 [http-nio-8080-exec-2] TRACE o.s.security.web.FilterChainProxy    - Invoking UsernamePasswordAuthenticationFilter (8/14)
26-06-09 11:28:49.888 [http-nio-8080-exec-2] TRACE o.s.s.w.a.UsernamePasswordAuthenticationFilter - Did not match request to Ant [pattern='/api/auth/login', POST]
26-06-09 11:28:49.888 [http-nio-8080-exec-2] TRACE o.s.security.web.FilterChainProxy    - Invoking RequestCacheAwareFilter (9/14)
26-06-09 11:28:49.888 [http-nio-8080-exec-2] TRACE o.s.security.web.FilterChainProxy    - Invoking SecurityContextHolderAwareRequestFilter (10/14)
26-06-09 11:28:49.888 [http-nio-8080-exec-2] TRACE o.s.security.web.FilterChainProxy    - Invoking AnonymousAuthenticationFilter (11/14)
26-06-09 11:28:49.888 [http-nio-8080-exec-2] TRACE o.s.security.web.FilterChainProxy    - Invoking SessionManagementFilter (12/14)
26-06-09 11:28:49.889 [http-nio-8080-exec-2] TRACE o.s.s.w.c.SupplierDeferredSecurityContext - Created SecurityContextImpl [Null authentication]
26-06-09 11:28:49.889 [http-nio-8080-exec-2] TRACE o.s.s.w.a.AnonymousAuthenticationFilter - Set SecurityContextHolder to AnonymousAuthenticationToken [Principal=anonymousUser, Credentials=[PROTECTED], Authenticated=true, Details=WebAuthenticationDetails [RemoteIpAddress=0:0:0:0:0:0:0:1, SessionId=null], Granted Authorities=[ROLE_ANONYMOUS]]
26-06-09 11:28:49.889 [http-nio-8080-exec-2] TRACE o.s.security.web.FilterChainProxy    - Invoking ExceptionTranslationFilter (13/14)
26-06-09 11:28:49.889 [http-nio-8080-exec-2] TRACE o.s.security.web.FilterChainProxy    - Invoking AuthorizationFilter (14/14)
26-06-09 11:28:49.889 [http-nio-8080-exec-2] TRACE o.s.s.w.a.i.RequestMatcherDelegatingAuthorizationManager - Authorizing GET /actuator/metrics
26-06-09 11:28:49.889 [http-nio-8080-exec-2] TRACE o.s.s.w.a.i.RequestMatcherDelegatingAuthorizationManager - Checking authorization on GET /actuator/metrics using org.springframework.security.config.annotation.web.configurers.AuthorizeHttpRequestsConfigurer$$Lambda$2081/0x000001acb5d352d8@6420a523
26-06-09 11:28:49.889 [http-nio-8080-exec-2] DEBUG o.s.security.web.FilterChainProxy    - Secured GET /actuator/metrics
26-06-09 11:28:49.901 [http-nio-8080-exec-2] TRACE o.s.s.w.h.writers.HstsHeaderWriter   - Not injecting HSTS header since it did not match request to [Is Secure]
26-06-09 11:28:49.926 [http-nio-8080-exec-7] TRACE o.s.security.web.FilterChainProxy    - Trying to match request against DefaultSecurityFilterChain defined as 'filterChain' in [class path resource [com/sprint/mission/discodeit/common/config/SecurityConfig.class]] matching [any request] and having filters [DisableEncodeUrl, WebAsyncManagerIntegration, SecurityContextHolder, HeaderWriter, Csrf, Logout, JwtAuthentication, UsernamePasswordAuthentication, RequestCacheAware, SecurityContextHolderAwareRequest, AnonymousAuthentication, SessionManagement, ExceptionTranslation, Authorization] (1/1)
26-06-09 11:28:49.926 [http-nio-8080-exec-7] DEBUG o.s.security.web.FilterChainProxy    - Securing GET /favicon.ico
26-06-09 11:28:49.926 [http-nio-8080-exec-7] TRACE o.s.security.web.FilterChainProxy    - Invoking DisableEncodeUrlFilter (1/14)
26-06-09 11:28:49.926 [http-nio-8080-exec-7] TRACE o.s.security.web.FilterChainProxy    - Invoking WebAsyncManagerIntegrationFilter (2/14)
26-06-09 11:28:49.926 [http-nio-8080-exec-7] TRACE o.s.security.web.FilterChainProxy    - Invoking SecurityContextHolderFilter (3/14)
26-06-09 11:28:49.926 [http-nio-8080-exec-7] TRACE o.s.security.web.FilterChainProxy    - Invoking HeaderWriterFilter (4/14)
26-06-09 11:28:49.926 [http-nio-8080-exec-7] TRACE o.s.security.web.FilterChainProxy    - Invoking CsrfFilter (5/14)
26-06-09 11:28:49.926 [http-nio-8080-exec-7] TRACE o.s.security.web.csrf.CsrfFilter     - Did not protect against CSRF since request did not match CsrfNotRequired [TRACE, HEAD, GET, OPTIONS]
26-06-09 11:28:49.927 [http-nio-8080-exec-7] TRACE o.s.security.web.FilterChainProxy    - Invoking LogoutFilter (6/14)
26-06-09 11:28:49.927 [http-nio-8080-exec-7] TRACE o.s.s.w.a.logout.LogoutFilter        - Did not match request to Ant [pattern='/api/auth/logout', POST]
26-06-09 11:28:49.927 [http-nio-8080-exec-7] TRACE o.s.security.web.FilterChainProxy    - Invoking JwtAuthenticationFilter (7/14)
26-06-09 11:28:49.927 [http-nio-8080-exec-7] TRACE o.s.security.web.FilterChainProxy    - Invoking UsernamePasswordAuthenticationFilter (8/14)
26-06-09 11:28:49.927 [http-nio-8080-exec-7] TRACE o.s.s.w.a.UsernamePasswordAuthenticationFilter - Did not match request to Ant [pattern='/api/auth/login', POST]
26-06-09 11:28:49.927 [http-nio-8080-exec-7] TRACE o.s.security.web.FilterChainProxy    - Invoking RequestCacheAwareFilter (9/14)
26-06-09 11:28:49.927 [http-nio-8080-exec-7] TRACE o.s.security.web.FilterChainProxy    - Invoking SecurityContextHolderAwareRequestFilter (10/14)
26-06-09 11:28:49.927 [http-nio-8080-exec-7] TRACE o.s.security.web.FilterChainProxy    - Invoking AnonymousAuthenticationFilter (11/14)
26-06-09 11:28:49.927 [http-nio-8080-exec-7] TRACE o.s.security.web.FilterChainProxy    - Invoking SessionManagementFilter (12/14)
26-06-09 11:28:49.927 [http-nio-8080-exec-7] TRACE o.s.s.w.c.SupplierDeferredSecurityContext - Created SecurityContextImpl [Null authentication]
26-06-09 11:28:49.927 [http-nio-8080-exec-7] TRACE o.s.s.w.a.AnonymousAuthenticationFilter - Set SecurityContextHolder to AnonymousAuthenticationToken [Principal=anonymousUser, Credentials=[PROTECTED], Authenticated=true, Details=WebAuthenticationDetails [RemoteIpAddress=0:0:0:0:0:0:0:1, SessionId=null], Granted Authorities=[ROLE_ANONYMOUS]]
26-06-09 11:28:49.927 [http-nio-8080-exec-7] TRACE o.s.security.web.FilterChainProxy    - Invoking ExceptionTranslationFilter (13/14)
26-06-09 11:28:49.928 [http-nio-8080-exec-7] TRACE o.s.security.web.FilterChainProxy    - Invoking AuthorizationFilter (14/14)
26-06-09 11:28:49.928 [http-nio-8080-exec-7] TRACE o.s.s.w.a.i.RequestMatcherDelegatingAuthorizationManager - Authorizing GET /favicon.ico
26-06-09 11:28:49.928 [http-nio-8080-exec-7] TRACE o.s.s.w.a.i.RequestMatcherDelegatingAuthorizationManager - Checking authorization on GET /favicon.ico using org.springframework.security.config.annotation.web.configurers.AuthorizeHttpRequestsConfigurer$$Lambda$2081/0x000001acb5d352d8@6420a523
26-06-09 11:28:49.928 [http-nio-8080-exec-7] DEBUG o.s.security.web.FilterChainProxy    - Secured GET /favicon.ico
26-06-09 11:28:49.937 [http-nio-8080-exec-7] TRACE o.s.s.w.h.writers.HstsHeaderWriter   - Not injecting HSTS header since it did not match request to [Is Secure]
26-06-09 11:29:43.566 [http-nio-8080-exec-9] TRACE o.s.security.web.FilterChainProxy    - Trying to match request against DefaultSecurityFilterChain defined as 'filterChain' in [class path resource [com/sprint/mission/discodeit/common/config/SecurityConfig.class]] matching [any request] and having filters [DisableEncodeUrl, WebAsyncManagerIntegration, SecurityContextHolder, HeaderWriter, Csrf, Logout, JwtAuthentication, UsernamePasswordAuthentication, RequestCacheAware, SecurityContextHolderAwareRequest, AnonymousAuthentication, SessionManagement, ExceptionTranslation, Authorization] (1/1)
26-06-09 11:29:43.567 [http-nio-8080-exec-9] DEBUG o.s.security.web.FilterChainProxy    - Securing GET /actuator/metrics/cache.gets
26-06-09 11:29:43.567 [http-nio-8080-exec-9] TRACE o.s.security.web.FilterChainProxy    - Invoking DisableEncodeUrlFilter (1/14)
26-06-09 11:29:43.567 [http-nio-8080-exec-9] TRACE o.s.security.web.FilterChainProxy    - Invoking WebAsyncManagerIntegrationFilter (2/14)
26-06-09 11:29:43.567 [http-nio-8080-exec-9] TRACE o.s.security.web.FilterChainProxy    - Invoking SecurityContextHolderFilter (3/14)
26-06-09 11:29:43.567 [http-nio-8080-exec-9] TRACE o.s.security.web.FilterChainProxy    - Invoking HeaderWriterFilter (4/14)
26-06-09 11:29:43.567 [http-nio-8080-exec-9] TRACE o.s.security.web.FilterChainProxy    - Invoking CsrfFilter (5/14)
26-06-09 11:29:43.567 [http-nio-8080-exec-9] TRACE o.s.security.web.csrf.CsrfFilter     - Did not protect against CSRF since request did not match CsrfNotRequired [TRACE, HEAD, GET, OPTIONS]
26-06-09 11:29:43.567 [http-nio-8080-exec-9] TRACE o.s.security.web.FilterChainProxy    - Invoking LogoutFilter (6/14)
26-06-09 11:29:43.567 [http-nio-8080-exec-9] TRACE o.s.s.w.a.logout.LogoutFilter        - Did not match request to Ant [pattern='/api/auth/logout', POST]
26-06-09 11:29:43.567 [http-nio-8080-exec-9] TRACE o.s.security.web.FilterChainProxy    - Invoking JwtAuthenticationFilter (7/14)
26-06-09 11:29:43.567 [http-nio-8080-exec-9] TRACE o.s.security.web.FilterChainProxy    - Invoking UsernamePasswordAuthenticationFilter (8/14)
26-06-09 11:29:43.567 [http-nio-8080-exec-9] TRACE o.s.s.w.a.UsernamePasswordAuthenticationFilter - Did not match request to Ant [pattern='/api/auth/login', POST]
26-06-09 11:29:43.567 [http-nio-8080-exec-9] TRACE o.s.security.web.FilterChainProxy    - Invoking RequestCacheAwareFilter (9/14)
26-06-09 11:29:43.567 [http-nio-8080-exec-9] TRACE o.s.security.web.FilterChainProxy    - Invoking SecurityContextHolderAwareRequestFilter (10/14)
26-06-09 11:29:43.567 [http-nio-8080-exec-9] TRACE o.s.security.web.FilterChainProxy    - Invoking AnonymousAuthenticationFilter (11/14)
26-06-09 11:29:43.567 [http-nio-8080-exec-9] TRACE o.s.security.web.FilterChainProxy    - Invoking SessionManagementFilter (12/14)
26-06-09 11:29:43.569 [http-nio-8080-exec-9] TRACE o.s.s.w.c.SupplierDeferredSecurityContext - Created SecurityContextImpl [Null authentication]
26-06-09 11:29:43.569 [http-nio-8080-exec-9] TRACE o.s.s.w.a.AnonymousAuthenticationFilter - Set SecurityContextHolder to AnonymousAuthenticationToken [Principal=anonymousUser, Credentials=[PROTECTED], Authenticated=true, Details=WebAuthenticationDetails [RemoteIpAddress=0:0:0:0:0:0:0:1, SessionId=null], Granted Authorities=[ROLE_ANONYMOUS]]
26-06-09 11:29:43.569 [http-nio-8080-exec-9] TRACE o.s.security.web.FilterChainProxy    - Invoking ExceptionTranslationFilter (13/14)
26-06-09 11:29:43.569 [http-nio-8080-exec-9] TRACE o.s.security.web.FilterChainProxy    - Invoking AuthorizationFilter (14/14)
26-06-09 11:29:43.569 [http-nio-8080-exec-9] TRACE o.s.s.w.a.i.RequestMatcherDelegatingAuthorizationManager - Authorizing GET /actuator/metrics/cache.gets
26-06-09 11:29:43.569 [http-nio-8080-exec-9] TRACE o.s.s.w.a.i.RequestMatcherDelegatingAuthorizationManager - Checking authorization on GET /actuator/metrics/cache.gets using org.springframework.security.config.annotation.web.configurers.AuthorizeHttpRequestsConfigurer$$Lambda$2081/0x000001acb5d352d8@6420a523
26-06-09 11:29:43.569 [http-nio-8080-exec-9] DEBUG o.s.security.web.FilterChainProxy    - Secured GET /actuator/metrics/cache.gets
26-06-09 11:29:43.573 [http-nio-8080-exec-9] TRACE o.s.s.w.h.writers.HstsHeaderWriter   - Not injecting HSTS header since it did not match request to [Is Secure]
26-06-09 11:30:19.360 [http-nio-8080-exec-10] TRACE o.s.security.web.FilterChainProxy    - Trying to match request against DefaultSecurityFilterChain defined as 'filterChain' in [class path resource [com/sprint/mission/discodeit/common/config/SecurityConfig.class]] matching [any request] and having filters [DisableEncodeUrl, WebAsyncManagerIntegration, SecurityContextHolder, HeaderWriter, Csrf, Logout, JwtAuthentication, UsernamePasswordAuthentication, RequestCacheAware, SecurityContextHolderAwareRequest, AnonymousAuthentication, SessionManagement, ExceptionTranslation, Authorization] (1/1)
26-06-09 11:30:19.360 [http-nio-8080-exec-10] DEBUG o.s.security.web.FilterChainProxy    - Securing GET /actuator/metrics/cache.gets
26-06-09 11:30:19.360 [http-nio-8080-exec-10] TRACE o.s.security.web.FilterChainProxy    - Invoking DisableEncodeUrlFilter (1/14)
26-06-09 11:30:19.361 [http-nio-8080-exec-10] TRACE o.s.security.web.FilterChainProxy    - Invoking WebAsyncManagerIntegrationFilter (2/14)
26-06-09 11:30:19.361 [http-nio-8080-exec-10] TRACE o.s.security.web.FilterChainProxy    - Invoking SecurityContextHolderFilter (3/14)
26-06-09 11:30:19.361 [http-nio-8080-exec-10] TRACE o.s.security.web.FilterChainProxy    - Invoking HeaderWriterFilter (4/14)
26-06-09 11:30:19.361 [http-nio-8080-exec-10] TRACE o.s.security.web.FilterChainProxy    - Invoking CsrfFilter (5/14)
26-06-09 11:30:19.361 [http-nio-8080-exec-10] TRACE o.s.security.web.csrf.CsrfFilter     - Did not protect against CSRF since request did not match CsrfNotRequired [TRACE, HEAD, GET, OPTIONS]
26-06-09 11:30:19.361 [http-nio-8080-exec-10] TRACE o.s.security.web.FilterChainProxy    - Invoking LogoutFilter (6/14)
26-06-09 11:30:19.361 [http-nio-8080-exec-10] TRACE o.s.s.w.a.logout.LogoutFilter        - Did not match request to Ant [pattern='/api/auth/logout', POST]
26-06-09 11:30:19.361 [http-nio-8080-exec-10] TRACE o.s.security.web.FilterChainProxy    - Invoking JwtAuthenticationFilter (7/14)
26-06-09 11:30:19.361 [http-nio-8080-exec-10] TRACE o.s.security.web.FilterChainProxy    - Invoking UsernamePasswordAuthenticationFilter (8/14)
26-06-09 11:30:19.361 [http-nio-8080-exec-10] TRACE o.s.s.w.a.UsernamePasswordAuthenticationFilter - Did not match request to Ant [pattern='/api/auth/login', POST]
26-06-09 11:30:19.361 [http-nio-8080-exec-10] TRACE o.s.security.web.FilterChainProxy    - Invoking RequestCacheAwareFilter (9/14)
26-06-09 11:30:19.361 [http-nio-8080-exec-10] TRACE o.s.security.web.FilterChainProxy    - Invoking SecurityContextHolderAwareRequestFilter (10/14)
26-06-09 11:30:19.361 [http-nio-8080-exec-10] TRACE o.s.security.web.FilterChainProxy    - Invoking AnonymousAuthenticationFilter (11/14)
26-06-09 11:30:19.361 [http-nio-8080-exec-10] TRACE o.s.security.web.FilterChainProxy    - Invoking SessionManagementFilter (12/14)
26-06-09 11:30:19.361 [http-nio-8080-exec-10] TRACE o.s.s.w.c.SupplierDeferredSecurityContext - Created SecurityContextImpl [Null authentication]
26-06-09 11:30:19.361 [http-nio-8080-exec-10] TRACE o.s.s.w.a.AnonymousAuthenticationFilter - Set SecurityContextHolder to AnonymousAuthenticationToken [Principal=anonymousUser, Credentials=[PROTECTED], Authenticated=true, Details=WebAuthenticationDetails [RemoteIpAddress=0:0:0:0:0:0:0:1, SessionId=null], Granted Authorities=[ROLE_ANONYMOUS]]
26-06-09 11:30:19.361 [http-nio-8080-exec-10] TRACE o.s.security.web.FilterChainProxy    - Invoking ExceptionTranslationFilter (13/14)
26-06-09 11:30:19.361 [http-nio-8080-exec-10] TRACE o.s.security.web.FilterChainProxy    - Invoking AuthorizationFilter (14/14)
26-06-09 11:30:19.361 [http-nio-8080-exec-10] TRACE o.s.s.w.a.i.RequestMatcherDelegatingAuthorizationManager - Authorizing GET /actuator/metrics/cache.gets
26-06-09 11:30:19.361 [http-nio-8080-exec-10] TRACE o.s.s.w.a.i.RequestMatcherDelegatingAuthorizationManager - Checking authorization on GET /actuator/metrics/cache.gets using org.springframework.security.config.annotation.web.configurers.AuthorizeHttpRequestsConfigurer$$Lambda$2081/0x000001acb5d352d8@6420a523
26-06-09 11:30:19.362 [http-nio-8080-exec-10] DEBUG o.s.security.web.FilterChainProxy    - Secured GET /actuator/metrics/cache.gets
26-06-09 11:30:19.364 [http-nio-8080-exec-10] TRACE o.s.s.w.h.writers.HstsHeaderWriter   - Not injecting HSTS header since it did not match request to [Is Secure]
26-06-09 11:33:00.243 [SpringApplicationShutdownHook] INFO  o.s.b.w.e.tomcat.GracefulShutdown    - Commencing graceful shutdown. Waiting for active requests to complete
26-06-09 11:33:00.725 [tomcat-shutdown] INFO  o.s.b.w.e.tomcat.GracefulShutdown    - Graceful shutdown complete
26-06-09 11:33:00.733 [SpringApplicationShutdownHook] INFO  o.s.o.j.LocalContainerEntityManagerFactoryBean - Closing JPA EntityManagerFactory for persistence unit 'default'
26-06-09 11:33:00.735 [SpringApplicationShutdownHook] INFO  com.zaxxer.hikari.HikariDataSource   - HikariPool-1 - Shutdown initiated...
26-06-09 11:33:00.739 [SpringApplicationShutdownHook] INFO  com.zaxxer.hikari.HikariDataSource   - HikariPool-1 - Shutdown completed.
26-06-09 11:33:06.587 [background-preinit] INFO  o.h.validator.internal.util.Version  - HV000001: Hibernate Validator 8.0.1.Final
26-06-09 11:33:06.651 [main] INFO  c.s.m.discodeit.DiscodeitApplication - Starting DiscodeitApplication using Java 17.0.17 with PID 13300 (C:\codeit\sprint_mission_3_base\build\classes\java\main started by HP in C:\codeit\sprint_mission_3_base)
26-06-09 11:33:06.653 [main] DEBUG c.s.m.discodeit.DiscodeitApplication - Running with Spring Boot v3.4.0, Spring v6.2.0
26-06-09 11:33:06.654 [main] INFO  c.s.m.discodeit.DiscodeitApplication - The following 1 profile is active: "dev"
26-06-09 11:33:08.422 [main] INFO  o.s.d.r.c.RepositoryConfigurationDelegate - Bootstrapping Spring Data JPA repositories in DEFAULT mode.
26-06-09 11:33:08.618 [main] INFO  o.s.d.r.c.RepositoryConfigurationDelegate - Finished Spring Data repository scanning in 183 ms. Found 6 JPA repository interfaces.
26-06-09 11:33:09.838 [main] INFO  o.s.b.w.e.tomcat.TomcatWebServer     - Tomcat initialized with port 8080 (http)
26-06-09 11:33:09.850 [main] INFO  o.a.coyote.http11.Http11NioProtocol  - Initializing ProtocolHandler ["http-nio-8080"]
26-06-09 11:33:09.852 [main] INFO  o.a.catalina.core.StandardService    - Starting service [Tomcat]
26-06-09 11:33:09.852 [main] INFO  o.a.catalina.core.StandardEngine     - Starting Servlet engine: [Apache Tomcat/10.1.33]
26-06-09 11:33:09.964 [main] INFO  o.a.c.c.C.[Tomcat].[localhost].[/]   - Initializing Spring embedded WebApplicationContext
26-06-09 11:33:09.964 [main] INFO  o.s.b.w.s.c.ServletWebServerApplicationContext - Root WebApplicationContext: initialization completed in 3238 ms
26-06-09 11:33:10.436 [main] INFO  o.h.jpa.internal.util.LogHelper      - HHH000204: Processing PersistenceUnitInfo [name: default]
26-06-09 11:33:10.501 [main] INFO  org.hibernate.Version                - HHH000412: Hibernate ORM core version 6.6.2.Final
26-06-09 11:33:10.540 [main] INFO  o.h.c.i.RegionFactoryInitiator       - HHH000026: Second-level cache disabled
26-06-09 11:33:10.862 [main] INFO  o.s.o.j.p.SpringPersistenceUnitInfo  - No LoadTimeWeaver setup: ignoring JPA class transformer
26-06-09 11:33:10.896 [main] INFO  com.zaxxer.hikari.HikariDataSource   - HikariPool-1 - Starting...
26-06-09 11:33:11.090 [main] INFO  com.zaxxer.hikari.pool.HikariPool    - HikariPool-1 - Added connection org.postgresql.jdbc.PgConnection@421d7900
26-06-09 11:33:11.092 [main] INFO  com.zaxxer.hikari.HikariDataSource   - HikariPool-1 - Start completed.
26-06-09 11:33:11.127 [main] WARN  org.hibernate.orm.deprecation        - HHH90000025: PostgreSQLDialect does not need to be specified explicitly using 'hibernate.dialect' (remove the property setting and it will be selected by default)
26-06-09 11:33:11.145 [main] INFO  o.hibernate.orm.connections.pooling  - HHH10001005: Database info:
	Database JDBC URL [Connecting through datasource 'HikariDataSource (HikariPool-1)']
	Database driver: undefined/unknown
	Database version: 18.2
	Autocommit mode: undefined/unknown
	Isolation level: undefined/unknown
	Minimum pool size: undefined/unknown
	Maximum pool size: undefined/unknown
26-06-09 11:33:12.306 [main] INFO  o.h.e.t.j.p.i.JtaPlatformInitiator   - HHH000489: No JTA platform available (set 'hibernate.transaction.jta.platform' to enable JTA platform integration)
26-06-09 11:33:12.309 [main] INFO  o.s.o.j.LocalContainerEntityManagerFactoryBean - Initialized JPA EntityManagerFactory for persistence unit 'default'
26-06-09 11:33:12.749 [main] DEBUG c.s.m.discodeit.async.MDCFilter      - Filter 'MDCFilter' configured for use
26-06-09 11:33:12.750 [main] DEBUG c.s.m.d.jwt.JwtAuthenticationFilter  - Filter 'jwtAuthenticationFilter' configured for use
26-06-09 11:33:12.835 [main] DEBUG o.s.s.a.h.RoleHierarchyImpl          - setHierarchy() - The following role hierarchy was set: ROLE_ADMIN > ROLE_CHANNEL_MANAGER
ROLE_CHANNEL_MANAGER > ROLE_USER
26-06-09 11:33:12.835 [main] DEBUG o.s.s.a.h.RoleHierarchyImpl          - buildRolesReachableInOneStepMap() - From role ROLE_ADMIN one can reach role ROLE_CHANNEL_MANAGER in one step.
26-06-09 11:33:12.836 [main] DEBUG o.s.s.a.h.RoleHierarchyImpl          - buildRolesReachableInOneStepMap() - From role ROLE_CHANNEL_MANAGER one can reach role ROLE_USER in one step.
26-06-09 11:33:12.836 [main] DEBUG o.s.s.a.h.RoleHierarchyImpl          - buildRolesReachableInOneOrMoreStepsMap() - From role ROLE_ADMIN one can reach [ROLE_USER, ROLE_CHANNEL_MANAGER] in one or more steps.
26-06-09 11:33:12.836 [main] DEBUG o.s.s.a.h.RoleHierarchyImpl          - buildRolesReachableInOneOrMoreStepsMap() - From role ROLE_CHANNEL_MANAGER one can reach [ROLE_USER] in one or more steps.
26-06-09 11:33:13.748 [main] INFO  o.s.d.j.r.query.QueryEnhancerFactory - Hibernate is in classpath; If applicable, HQL parser will be used.
26-06-09 11:33:14.823 [main] WARN  o.s.b.a.o.j.JpaBaseConfiguration$JpaWebConfiguration - spring.jpa.open-in-view is enabled by default. Therefore, database queries may be performed during view rendering. Explicitly configure spring.jpa.open-in-view to disable this warning
26-06-09 11:33:14.872 [main] TRACE o.s.s.c.a.a.c.AuthenticationConfiguration$EnableGlobalAuthenticationAutowiredConfigurer - Eagerly initializing {securityConfig=com.sprint.mission.discodeit.common.config.SecurityConfig$$SpringCGLIB$$0@58b3eb1}
26-06-09 11:33:14.880 [main] INFO  o.s.s.c.a.a.c.InitializeUserDetailsBeanManagerConfigurer$InitializeUserDetailsManagerConfigurer - Global AuthenticationManager configured with UserDetailsService bean with name discodeitUserDetailsService
26-06-09 11:33:14.992 [main] INFO  o.s.b.a.w.s.WelcomePageHandlerMapping - Adding welcome page: class path resource [static/index.html]
26-06-09 11:33:15.457 [main] INFO  o.s.b.a.e.web.EndpointLinksResolver  - Exposing 5 endpoints beneath base path '/actuator'
26-06-09 11:33:15.633 [main] DEBUG o.s.s.web.DefaultSecurityFilterChain - Will secure any request with filters: DisableEncodeUrlFilter, WebAsyncManagerIntegrationFilter, SecurityContextHolderFilter, HeaderWriterFilter, CsrfFilter, LogoutFilter, JwtAuthenticationFilter, UsernamePasswordAuthenticationFilter, RequestCacheAwareFilter, SecurityContextHolderAwareRequestFilter, AnonymousAuthenticationFilter, SessionManagementFilter, ExceptionTranslationFilter, AuthorizationFilter
26-06-09 11:33:16.497 [main] INFO  o.a.coyote.http11.Http11NioProtocol  - Starting ProtocolHandler ["http-nio-8080"]
26-06-09 11:33:16.518 [main] INFO  o.s.b.w.e.tomcat.TomcatWebServer     - Tomcat started on port 8080 (http) with context path '/'
26-06-09 11:33:16.535 [main] INFO  c.s.m.discodeit.DiscodeitApplication - Started DiscodeitApplication in 10.585 seconds (process running for 11.374)
26-06-09 11:33:16.628 [main] DEBUG org.hibernate.SQL                    - 
    select
        u1_0.id 
    from
        users u1_0 
    where
        u1_0.role=? 
    fetch
        first ? rows only
26-06-09 11:33:16.635 [main] TRACE org.hibernate.orm.jdbc.bind          - binding parameter (1:VARCHAR) <- [ADMIN]
26-06-09 11:33:16.635 [main] TRACE org.hibernate.orm.jdbc.bind          - binding parameter (2:INTEGER) <- [1]
26-06-09 11:33:16.653 [main] TRACE org.hibernate.orm.jdbc.extract       - extracted value (1:UUID) -> [c9250cab-cae8-4509-8180-0da4b11066e8]
26-06-09 11:33:17.124 [RMI TCP Connection(4)-172.30.1.47] INFO  o.a.c.c.C.[Tomcat].[localhost].[/]   - Initializing Spring DispatcherServlet 'dispatcherServlet'
26-06-09 11:33:17.124 [RMI TCP Connection(4)-172.30.1.47] INFO  o.s.web.servlet.DispatcherServlet    - Initializing Servlet 'dispatcherServlet'
26-06-09 11:33:17.127 [RMI TCP Connection(4)-172.30.1.47] INFO  o.s.web.servlet.DispatcherServlet    - Completed initialization in 3 ms
26-06-09 11:33:20.611 [http-nio-8080-exec-1] TRACE o.s.security.web.FilterChainProxy    - Trying to match request against DefaultSecurityFilterChain defined as 'filterChain' in [class path resource [com/sprint/mission/discodeit/common/config/SecurityConfig.class]] matching [any request] and having filters [DisableEncodeUrl, WebAsyncManagerIntegration, SecurityContextHolder, HeaderWriter, Csrf, Logout, JwtAuthentication, UsernamePasswordAuthentication, RequestCacheAware, SecurityContextHolderAwareRequest, AnonymousAuthentication, SessionManagement, ExceptionTranslation, Authorization] (1/1)
26-06-09 11:33:20.612 [http-nio-8080-exec-1] DEBUG o.s.security.web.FilterChainProxy    - Securing GET /
26-06-09 11:33:20.615 [http-nio-8080-exec-1] TRACE o.s.security.web.FilterChainProxy    - Invoking DisableEncodeUrlFilter (1/14)
26-06-09 11:33:20.619 [http-nio-8080-exec-1] TRACE o.s.security.web.FilterChainProxy    - Invoking WebAsyncManagerIntegrationFilter (2/14)
26-06-09 11:33:20.621 [http-nio-8080-exec-1] TRACE o.s.security.web.FilterChainProxy    - Invoking SecurityContextHolderFilter (3/14)
26-06-09 11:33:20.622 [http-nio-8080-exec-1] TRACE o.s.security.web.FilterChainProxy    - Invoking HeaderWriterFilter (4/14)
26-06-09 11:33:20.623 [http-nio-8080-exec-1] TRACE o.s.security.web.FilterChainProxy    - Invoking CsrfFilter (5/14)
26-06-09 11:33:20.627 [http-nio-8080-exec-1] TRACE o.s.security.web.csrf.CsrfFilter     - Did not protect against CSRF since request did not match CsrfNotRequired [TRACE, HEAD, GET, OPTIONS]
26-06-09 11:33:20.627 [http-nio-8080-exec-1] TRACE o.s.security.web.FilterChainProxy    - Invoking LogoutFilter (6/14)
26-06-09 11:33:20.627 [http-nio-8080-exec-1] TRACE o.s.s.w.a.logout.LogoutFilter        - Did not match request to Ant [pattern='/api/auth/logout', POST]
26-06-09 11:33:20.627 [http-nio-8080-exec-1] TRACE o.s.security.web.FilterChainProxy    - Invoking JwtAuthenticationFilter (7/14)
26-06-09 11:33:20.628 [http-nio-8080-exec-1] TRACE o.s.security.web.FilterChainProxy    - Invoking UsernamePasswordAuthenticationFilter (8/14)
26-06-09 11:33:20.628 [http-nio-8080-exec-1] TRACE o.s.s.w.a.UsernamePasswordAuthenticationFilter - Did not match request to Ant [pattern='/api/auth/login', POST]
26-06-09 11:33:20.628 [http-nio-8080-exec-1] TRACE o.s.security.web.FilterChainProxy    - Invoking RequestCacheAwareFilter (9/14)
26-06-09 11:33:20.628 [http-nio-8080-exec-1] TRACE o.s.security.web.FilterChainProxy    - Invoking SecurityContextHolderAwareRequestFilter (10/14)
26-06-09 11:33:20.629 [http-nio-8080-exec-1] TRACE o.s.security.web.FilterChainProxy    - Invoking AnonymousAuthenticationFilter (11/14)
26-06-09 11:33:20.630 [http-nio-8080-exec-1] TRACE o.s.security.web.FilterChainProxy    - Invoking SessionManagementFilter (12/14)
26-06-09 11:33:20.630 [http-nio-8080-exec-1] TRACE o.s.s.w.c.SupplierDeferredSecurityContext - Created SecurityContextImpl [Null authentication]
26-06-09 11:33:20.631 [http-nio-8080-exec-1] TRACE o.s.s.w.a.AnonymousAuthenticationFilter - Set SecurityContextHolder to AnonymousAuthenticationToken [Principal=anonymousUser, Credentials=[PROTECTED], Authenticated=true, Details=WebAuthenticationDetails [RemoteIpAddress=0:0:0:0:0:0:0:1, SessionId=null], Granted Authorities=[ROLE_ANONYMOUS]]
26-06-09 11:33:20.631 [http-nio-8080-exec-1] TRACE o.s.security.web.FilterChainProxy    - Invoking ExceptionTranslationFilter (13/14)
26-06-09 11:33:20.631 [http-nio-8080-exec-1] TRACE o.s.security.web.FilterChainProxy    - Invoking AuthorizationFilter (14/14)
26-06-09 11:33:20.633 [http-nio-8080-exec-1] TRACE o.s.s.w.a.i.RequestMatcherDelegatingAuthorizationManager - Authorizing GET /
26-06-09 11:33:20.634 [http-nio-8080-exec-1] TRACE o.s.s.w.a.i.RequestMatcherDelegatingAuthorizationManager - Checking authorization on GET / using org.springframework.security.config.annotation.web.configurers.AuthorizeHttpRequestsConfigurer$$Lambda$2081/0x00000272cfd0c580@779cb1f1
26-06-09 11:33:20.636 [http-nio-8080-exec-1] DEBUG o.s.security.web.FilterChainProxy    - Secured GET /
26-06-09 11:33:20.665 [http-nio-8080-exec-1] TRACE o.s.security.web.FilterChainProxy    - Trying to match request against DefaultSecurityFilterChain defined as 'filterChain' in [class path resource [com/sprint/mission/discodeit/common/config/SecurityConfig.class]] matching [any request] and having filters [DisableEncodeUrl, WebAsyncManagerIntegration, SecurityContextHolder, HeaderWriter, Csrf, Logout, JwtAuthentication, UsernamePasswordAuthentication, RequestCacheAware, SecurityContextHolderAwareRequest, AnonymousAuthentication, SessionManagement, ExceptionTranslation, Authorization] (1/1)
26-06-09 11:33:20.665 [http-nio-8080-exec-1] DEBUG o.s.security.web.FilterChainProxy    - Securing GET /index.html
26-06-09 11:33:20.665 [http-nio-8080-exec-1] TRACE o.s.security.web.FilterChainProxy    - Invoking DisableEncodeUrlFilter (1/14)
26-06-09 11:33:20.665 [http-nio-8080-exec-1] TRACE o.s.security.web.FilterChainProxy    - Invoking WebAsyncManagerIntegrationFilter (2/14)
26-06-09 11:33:20.666 [http-nio-8080-exec-1] TRACE o.s.security.web.FilterChainProxy    - Invoking SecurityContextHolderFilter (3/14)
26-06-09 11:33:20.666 [http-nio-8080-exec-1] TRACE o.s.security.web.FilterChainProxy    - Invoking HeaderWriterFilter (4/14)
26-06-09 11:33:20.666 [http-nio-8080-exec-1] TRACE o.s.security.web.FilterChainProxy    - Invoking CsrfFilter (5/14)
26-06-09 11:33:20.666 [http-nio-8080-exec-1] TRACE o.s.security.web.FilterChainProxy    - Invoking LogoutFilter (6/14)
26-06-09 11:33:20.667 [http-nio-8080-exec-1] TRACE o.s.s.w.a.logout.LogoutFilter        - Did not match request to Ant [pattern='/api/auth/logout', POST]
26-06-09 11:33:20.667 [http-nio-8080-exec-1] TRACE o.s.security.web.FilterChainProxy    - Invoking JwtAuthenticationFilter (7/14)
26-06-09 11:33:20.667 [http-nio-8080-exec-1] TRACE o.s.security.web.FilterChainProxy    - Invoking UsernamePasswordAuthenticationFilter (8/14)
26-06-09 11:33:20.667 [http-nio-8080-exec-1] TRACE o.s.s.w.a.UsernamePasswordAuthenticationFilter - Did not match request to Ant [pattern='/api/auth/login', POST]
26-06-09 11:33:20.667 [http-nio-8080-exec-1] TRACE o.s.security.web.FilterChainProxy    - Invoking RequestCacheAwareFilter (9/14)
26-06-09 11:33:20.667 [http-nio-8080-exec-1] TRACE o.s.security.web.FilterChainProxy    - Invoking SecurityContextHolderAwareRequestFilter (10/14)
26-06-09 11:33:20.667 [http-nio-8080-exec-1] TRACE o.s.security.web.FilterChainProxy    - Invoking AnonymousAuthenticationFilter (11/14)
26-06-09 11:33:20.667 [http-nio-8080-exec-1] TRACE o.s.security.web.FilterChainProxy    - Invoking SessionManagementFilter (12/14)
26-06-09 11:33:20.667 [http-nio-8080-exec-1] TRACE o.s.security.web.FilterChainProxy    - Invoking ExceptionTranslationFilter (13/14)
26-06-09 11:33:20.667 [http-nio-8080-exec-1] TRACE o.s.security.web.FilterChainProxy    - Invoking AuthorizationFilter (14/14)
26-06-09 11:33:20.667 [http-nio-8080-exec-1] TRACE o.s.s.w.a.i.RequestMatcherDelegatingAuthorizationManager - Authorizing GET /index.html
26-06-09 11:33:20.668 [http-nio-8080-exec-1] TRACE o.s.s.w.a.i.RequestMatcherDelegatingAuthorizationManager - Checking authorization on GET /index.html using org.springframework.security.config.annotation.web.configurers.AuthorizeHttpRequestsConfigurer$$Lambda$2081/0x00000272cfd0c580@779cb1f1
26-06-09 11:33:20.668 [http-nio-8080-exec-1] DEBUG o.s.security.web.FilterChainProxy    - Secured GET /index.html
26-06-09 11:33:20.679 [http-nio-8080-exec-1] TRACE o.s.s.w.h.writers.HstsHeaderWriter   - Not injecting HSTS header since it did not match request to [Is Secure]
26-06-09 11:33:20.681 [http-nio-8080-exec-1] TRACE o.s.s.w.a.AnonymousAuthenticationFilter - Did not set SecurityContextHolder since already authenticated AnonymousAuthenticationToken [Principal=anonymousUser, Credentials=[PROTECTED], Authenticated=true, Details=WebAuthenticationDetails [RemoteIpAddress=0:0:0:0:0:0:0:1, SessionId=null], Granted Authorities=[ROLE_ANONYMOUS]]
26-06-09 11:33:20.687 [http-nio-8080-exec-2] TRACE o.s.security.web.FilterChainProxy    - Trying to match request against DefaultSecurityFilterChain defined as 'filterChain' in [class path resource [com/sprint/mission/discodeit/common/config/SecurityConfig.class]] matching [any request] and having filters [DisableEncodeUrl, WebAsyncManagerIntegration, SecurityContextHolder, HeaderWriter, Csrf, Logout, JwtAuthentication, UsernamePasswordAuthentication, RequestCacheAware, SecurityContextHolderAwareRequest, AnonymousAuthentication, SessionManagement, ExceptionTranslation, Authorization] (1/1)
26-06-09 11:33:20.688 [http-nio-8080-exec-2] DEBUG o.s.security.web.FilterChainProxy    - Securing GET /assets/index-DB4IjbRs.js
26-06-09 11:33:20.688 [http-nio-8080-exec-3] TRACE o.s.security.web.FilterChainProxy    - Trying to match request against DefaultSecurityFilterChain defined as 'filterChain' in [class path resource [com/sprint/mission/discodeit/common/config/SecurityConfig.class]] matching [any request] and having filters [DisableEncodeUrl, WebAsyncManagerIntegration, SecurityContextHolder, HeaderWriter, Csrf, Logout, JwtAuthentication, UsernamePasswordAuthentication, RequestCacheAware, SecurityContextHolderAwareRequest, AnonymousAuthentication, SessionManagement, ExceptionTranslation, Authorization] (1/1)
26-06-09 11:33:20.688 [http-nio-8080-exec-3] DEBUG o.s.security.web.FilterChainProxy    - Securing GET /assets/index-kQJbKSsj.css
26-06-09 11:33:20.688 [http-nio-8080-exec-2] TRACE o.s.security.web.FilterChainProxy    - Invoking DisableEncodeUrlFilter (1/14)
26-06-09 11:33:20.688 [http-nio-8080-exec-3] TRACE o.s.security.web.FilterChainProxy    - Invoking DisableEncodeUrlFilter (1/14)
26-06-09 11:33:20.688 [http-nio-8080-exec-2] TRACE o.s.security.web.FilterChainProxy    - Invoking WebAsyncManagerIntegrationFilter (2/14)
26-06-09 11:33:20.688 [http-nio-8080-exec-3] TRACE o.s.security.web.FilterChainProxy    - Invoking WebAsyncManagerIntegrationFilter (2/14)
26-06-09 11:33:20.688 [http-nio-8080-exec-2] TRACE o.s.security.web.FilterChainProxy    - Invoking SecurityContextHolderFilter (3/14)
26-06-09 11:33:20.688 [http-nio-8080-exec-3] TRACE o.s.security.web.FilterChainProxy    - Invoking SecurityContextHolderFilter (3/14)
26-06-09 11:33:20.689 [http-nio-8080-exec-3] TRACE o.s.security.web.FilterChainProxy    - Invoking HeaderWriterFilter (4/14)
26-06-09 11:33:20.689 [http-nio-8080-exec-2] TRACE o.s.security.web.FilterChainProxy    - Invoking HeaderWriterFilter (4/14)
26-06-09 11:33:20.689 [http-nio-8080-exec-3] TRACE o.s.security.web.FilterChainProxy    - Invoking CsrfFilter (5/14)
26-06-09 11:33:20.689 [http-nio-8080-exec-2] TRACE o.s.security.web.FilterChainProxy    - Invoking CsrfFilter (5/14)
26-06-09 11:33:20.689 [http-nio-8080-exec-2] TRACE o.s.security.web.csrf.CsrfFilter     - Did not protect against CSRF since request did not match CsrfNotRequired [TRACE, HEAD, GET, OPTIONS]
26-06-09 11:33:20.689 [http-nio-8080-exec-3] TRACE o.s.security.web.csrf.CsrfFilter     - Did not protect against CSRF since request did not match CsrfNotRequired [TRACE, HEAD, GET, OPTIONS]
26-06-09 11:33:20.689 [http-nio-8080-exec-2] TRACE o.s.security.web.FilterChainProxy    - Invoking LogoutFilter (6/14)
26-06-09 11:33:20.689 [http-nio-8080-exec-3] TRACE o.s.security.web.FilterChainProxy    - Invoking LogoutFilter (6/14)
26-06-09 11:33:20.689 [http-nio-8080-exec-2] TRACE o.s.s.w.a.logout.LogoutFilter        - Did not match request to Ant [pattern='/api/auth/logout', POST]
26-06-09 11:33:20.689 [http-nio-8080-exec-3] TRACE o.s.s.w.a.logout.LogoutFilter        - Did not match request to Ant [pattern='/api/auth/logout', POST]
26-06-09 11:33:20.689 [http-nio-8080-exec-2] TRACE o.s.security.web.FilterChainProxy    - Invoking JwtAuthenticationFilter (7/14)
26-06-09 11:33:20.689 [http-nio-8080-exec-3] TRACE o.s.security.web.FilterChainProxy    - Invoking JwtAuthenticationFilter (7/14)
26-06-09 11:33:20.689 [http-nio-8080-exec-2] TRACE o.s.security.web.FilterChainProxy    - Invoking UsernamePasswordAuthenticationFilter (8/14)
26-06-09 11:33:20.689 [http-nio-8080-exec-2] TRACE o.s.s.w.a.UsernamePasswordAuthenticationFilter - Did not match request to Ant [pattern='/api/auth/login', POST]
26-06-09 11:33:20.689 [http-nio-8080-exec-3] TRACE o.s.security.web.FilterChainProxy    - Invoking UsernamePasswordAuthenticationFilter (8/14)
26-06-09 11:33:20.689 [http-nio-8080-exec-2] TRACE o.s.security.web.FilterChainProxy    - Invoking RequestCacheAwareFilter (9/14)
26-06-09 11:33:20.690 [http-nio-8080-exec-3] TRACE o.s.s.w.a.UsernamePasswordAuthenticationFilter - Did not match request to Ant [pattern='/api/auth/login', POST]
26-06-09 11:33:20.690 [http-nio-8080-exec-2] TRACE o.s.security.web.FilterChainProxy    - Invoking SecurityContextHolderAwareRequestFilter (10/14)
26-06-09 11:33:20.690 [http-nio-8080-exec-3] TRACE o.s.security.web.FilterChainProxy    - Invoking RequestCacheAwareFilter (9/14)
26-06-09 11:33:20.690 [http-nio-8080-exec-2] TRACE o.s.security.web.FilterChainProxy    - Invoking AnonymousAuthenticationFilter (11/14)
26-06-09 11:33:20.690 [http-nio-8080-exec-3] TRACE o.s.security.web.FilterChainProxy    - Invoking SecurityContextHolderAwareRequestFilter (10/14)
26-06-09 11:33:20.690 [http-nio-8080-exec-2] TRACE o.s.security.web.FilterChainProxy    - Invoking SessionManagementFilter (12/14)
26-06-09 11:33:20.690 [http-nio-8080-exec-3] TRACE o.s.security.web.FilterChainProxy    - Invoking AnonymousAuthenticationFilter (11/14)
26-06-09 11:33:20.690 [http-nio-8080-exec-2] TRACE o.s.s.w.c.SupplierDeferredSecurityContext - Created SecurityContextImpl [Null authentication]
26-06-09 11:33:20.690 [http-nio-8080-exec-3] TRACE o.s.security.web.FilterChainProxy    - Invoking SessionManagementFilter (12/14)
26-06-09 11:33:20.690 [http-nio-8080-exec-2] TRACE o.s.s.w.a.AnonymousAuthenticationFilter - Set SecurityContextHolder to AnonymousAuthenticationToken [Principal=anonymousUser, Credentials=[PROTECTED], Authenticated=true, Details=WebAuthenticationDetails [RemoteIpAddress=0:0:0:0:0:0:0:1, SessionId=null], Granted Authorities=[ROLE_ANONYMOUS]]
26-06-09 11:33:20.690 [http-nio-8080-exec-3] TRACE o.s.s.w.c.SupplierDeferredSecurityContext - Created SecurityContextImpl [Null authentication]
26-06-09 11:33:20.690 [http-nio-8080-exec-2] TRACE o.s.security.web.FilterChainProxy    - Invoking ExceptionTranslationFilter (13/14)
26-06-09 11:33:20.690 [http-nio-8080-exec-3] TRACE o.s.s.w.a.AnonymousAuthenticationFilter - Set SecurityContextHolder to AnonymousAuthenticationToken [Principal=anonymousUser, Credentials=[PROTECTED], Authenticated=true, Details=WebAuthenticationDetails [RemoteIpAddress=0:0:0:0:0:0:0:1, SessionId=null], Granted Authorities=[ROLE_ANONYMOUS]]
26-06-09 11:33:20.690 [http-nio-8080-exec-3] TRACE o.s.security.web.FilterChainProxy    - Invoking ExceptionTranslationFilter (13/14)
26-06-09 11:33:20.690 [http-nio-8080-exec-2] TRACE o.s.security.web.FilterChainProxy    - Invoking AuthorizationFilter (14/14)
26-06-09 11:33:20.690 [http-nio-8080-exec-3] TRACE o.s.security.web.FilterChainProxy    - Invoking AuthorizationFilter (14/14)
26-06-09 11:33:20.691 [http-nio-8080-exec-3] TRACE o.s.s.w.a.i.RequestMatcherDelegatingAuthorizationManager - Authorizing GET /assets/index-kQJbKSsj.css
26-06-09 11:33:20.691 [http-nio-8080-exec-2] TRACE o.s.s.w.a.i.RequestMatcherDelegatingAuthorizationManager - Authorizing GET /assets/index-DB4IjbRs.js
26-06-09 11:33:20.691 [http-nio-8080-exec-3] TRACE o.s.s.w.a.i.RequestMatcherDelegatingAuthorizationManager - Checking authorization on GET /assets/index-kQJbKSsj.css using org.springframework.security.config.annotation.web.configurers.AuthorizeHttpRequestsConfigurer$$Lambda$2081/0x00000272cfd0c580@779cb1f1
26-06-09 11:33:20.691 [http-nio-8080-exec-2] TRACE o.s.s.w.a.i.RequestMatcherDelegatingAuthorizationManager - Checking authorization on GET /assets/index-DB4IjbRs.js using org.springframework.security.config.annotation.web.configurers.AuthorizeHttpRequestsConfigurer$$Lambda$2081/0x00000272cfd0c580@779cb1f1
26-06-09 11:33:20.691 [http-nio-8080-exec-3] DEBUG o.s.security.web.FilterChainProxy    - Secured GET /assets/index-kQJbKSsj.css
26-06-09 11:33:20.691 [http-nio-8080-exec-2] DEBUG o.s.security.web.FilterChainProxy    - Secured GET /assets/index-DB4IjbRs.js
26-06-09 11:33:20.708 [http-nio-8080-exec-2] TRACE o.s.s.w.h.writers.HstsHeaderWriter   - Not injecting HSTS header since it did not match request to [Is Secure]
26-06-09 11:33:20.708 [http-nio-8080-exec-3] TRACE o.s.s.w.h.writers.HstsHeaderWriter   - Not injecting HSTS header since it did not match request to [Is Secure]
26-06-09 11:33:20.745 [http-nio-8080-exec-4] TRACE o.s.security.web.FilterChainProxy    - Trying to match request against DefaultSecurityFilterChain defined as 'filterChain' in [class path resource [com/sprint/mission/discodeit/common/config/SecurityConfig.class]] matching [any request] and having filters [DisableEncodeUrl, WebAsyncManagerIntegration, SecurityContextHolder, HeaderWriter, Csrf, Logout, JwtAuthentication, UsernamePasswordAuthentication, RequestCacheAware, SecurityContextHolderAwareRequest, AnonymousAuthentication, SessionManagement, ExceptionTranslation, Authorization] (1/1)
26-06-09 11:33:20.745 [http-nio-8080-exec-5] TRACE o.s.security.web.FilterChainProxy    - Trying to match request against DefaultSecurityFilterChain defined as 'filterChain' in [class path resource [com/sprint/mission/discodeit/common/config/SecurityConfig.class]] matching [any request] and having filters [DisableEncodeUrl, WebAsyncManagerIntegration, SecurityContextHolder, HeaderWriter, Csrf, Logout, JwtAuthentication, UsernamePasswordAuthentication, RequestCacheAware, SecurityContextHolderAwareRequest, AnonymousAuthentication, SessionManagement, ExceptionTranslation, Authorization] (1/1)
26-06-09 11:33:20.745 [http-nio-8080-exec-4] DEBUG o.s.security.web.FilterChainProxy    - Securing GET /api/auth/csrf-token
26-06-09 11:33:20.746 [http-nio-8080-exec-5] DEBUG o.s.security.web.FilterChainProxy    - Securing POST /api/auth/refresh
26-06-09 11:33:20.746 [http-nio-8080-exec-4] TRACE o.s.security.web.FilterChainProxy    - Invoking DisableEncodeUrlFilter (1/14)
26-06-09 11:33:20.746 [http-nio-8080-exec-5] TRACE o.s.security.web.FilterChainProxy    - Invoking DisableEncodeUrlFilter (1/14)
26-06-09 11:33:20.746 [http-nio-8080-exec-4] TRACE o.s.security.web.FilterChainProxy    - Invoking WebAsyncManagerIntegrationFilter (2/14)
26-06-09 11:33:20.746 [http-nio-8080-exec-5] TRACE o.s.security.web.FilterChainProxy    - Invoking WebAsyncManagerIntegrationFilter (2/14)
26-06-09 11:33:20.747 [http-nio-8080-exec-4] TRACE o.s.security.web.FilterChainProxy    - Invoking SecurityContextHolderFilter (3/14)
26-06-09 11:33:20.747 [http-nio-8080-exec-5] TRACE o.s.security.web.FilterChainProxy    - Invoking SecurityContextHolderFilter (3/14)
26-06-09 11:33:20.747 [http-nio-8080-exec-4] TRACE o.s.security.web.FilterChainProxy    - Invoking HeaderWriterFilter (4/14)
26-06-09 11:33:20.747 [http-nio-8080-exec-4] TRACE o.s.security.web.FilterChainProxy    - Invoking CsrfFilter (5/14)
26-06-09 11:33:20.747 [http-nio-8080-exec-5] TRACE o.s.security.web.FilterChainProxy    - Invoking HeaderWriterFilter (4/14)
26-06-09 11:33:20.747 [http-nio-8080-exec-4] TRACE o.s.security.web.csrf.CsrfFilter     - Did not protect against CSRF since request did not match CsrfNotRequired [TRACE, HEAD, GET, OPTIONS]
26-06-09 11:33:20.747 [http-nio-8080-exec-5] TRACE o.s.security.web.FilterChainProxy    - Invoking CsrfFilter (5/14)
26-06-09 11:33:20.747 [http-nio-8080-exec-4] TRACE o.s.security.web.FilterChainProxy    - Invoking LogoutFilter (6/14)
26-06-09 11:33:20.747 [http-nio-8080-exec-4] TRACE o.s.s.w.a.logout.LogoutFilter        - Did not match request to Ant [pattern='/api/auth/logout', POST]
26-06-09 11:33:20.747 [http-nio-8080-exec-4] TRACE o.s.security.web.FilterChainProxy    - Invoking JwtAuthenticationFilter (7/14)
26-06-09 11:33:20.748 [http-nio-8080-exec-4] TRACE o.s.security.web.FilterChainProxy    - Invoking UsernamePasswordAuthenticationFilter (8/14)
26-06-09 11:33:20.748 [http-nio-8080-exec-4] TRACE o.s.s.w.a.UsernamePasswordAuthenticationFilter - Did not match request to Ant [pattern='/api/auth/login', POST]
26-06-09 11:33:20.748 [http-nio-8080-exec-4] TRACE o.s.security.web.FilterChainProxy    - Invoking RequestCacheAwareFilter (9/14)
26-06-09 11:33:20.748 [http-nio-8080-exec-4] TRACE o.s.security.web.FilterChainProxy    - Invoking SecurityContextHolderAwareRequestFilter (10/14)
26-06-09 11:33:20.748 [http-nio-8080-exec-4] TRACE o.s.security.web.FilterChainProxy    - Invoking AnonymousAuthenticationFilter (11/14)
26-06-09 11:33:20.748 [http-nio-8080-exec-4] TRACE o.s.security.web.FilterChainProxy    - Invoking SessionManagementFilter (12/14)
26-06-09 11:33:20.748 [http-nio-8080-exec-4] TRACE o.s.s.w.c.SupplierDeferredSecurityContext - Created SecurityContextImpl [Null authentication]
26-06-09 11:33:20.748 [http-nio-8080-exec-4] TRACE o.s.s.w.a.AnonymousAuthenticationFilter - Set SecurityContextHolder to AnonymousAuthenticationToken [Principal=anonymousUser, Credentials=[PROTECTED], Authenticated=true, Details=WebAuthenticationDetails [RemoteIpAddress=0:0:0:0:0:0:0:1, SessionId=null], Granted Authorities=[ROLE_ANONYMOUS]]
26-06-09 11:33:20.748 [http-nio-8080-exec-4] TRACE o.s.security.web.FilterChainProxy    - Invoking ExceptionTranslationFilter (13/14)
26-06-09 11:33:20.748 [http-nio-8080-exec-5] TRACE o.s.security.web.FilterChainProxy    - Invoking LogoutFilter (6/14)
26-06-09 11:33:20.748 [http-nio-8080-exec-4] TRACE o.s.security.web.FilterChainProxy    - Invoking AuthorizationFilter (14/14)
26-06-09 11:33:20.748 [http-nio-8080-exec-5] TRACE o.s.s.w.a.logout.LogoutFilter        - Did not match request to Ant [pattern='/api/auth/logout', POST]
26-06-09 11:33:20.748 [http-nio-8080-exec-5] TRACE o.s.security.web.FilterChainProxy    - Invoking JwtAuthenticationFilter (7/14)
26-06-09 11:33:20.748 [http-nio-8080-exec-4] TRACE o.s.s.w.a.i.RequestMatcherDelegatingAuthorizationManager - Authorizing GET /api/auth/csrf-token
26-06-09 11:33:20.748 [http-nio-8080-exec-5] TRACE o.s.security.web.FilterChainProxy    - Invoking UsernamePasswordAuthenticationFilter (8/14)
26-06-09 11:33:20.748 [http-nio-8080-exec-4] TRACE o.s.s.w.a.i.RequestMatcherDelegatingAuthorizationManager - Checking authorization on GET /api/auth/csrf-token using org.springframework.security.config.annotation.web.configurers.AuthorizeHttpRequestsConfigurer$$Lambda$2081/0x00000272cfd0c580@779cb1f1
26-06-09 11:33:20.748 [http-nio-8080-exec-5] TRACE o.s.s.w.a.UsernamePasswordAuthenticationFilter - Did not match request to Ant [pattern='/api/auth/login', POST]
26-06-09 11:33:20.750 [http-nio-8080-exec-5] TRACE o.s.security.web.FilterChainProxy    - Invoking RequestCacheAwareFilter (9/14)
26-06-09 11:33:20.750 [http-nio-8080-exec-4] DEBUG o.s.security.web.FilterChainProxy    - Secured GET /api/auth/csrf-token
26-06-09 11:33:20.750 [http-nio-8080-exec-5] TRACE o.s.security.web.FilterChainProxy    - Invoking SecurityContextHolderAwareRequestFilter (10/14)
26-06-09 11:33:20.750 [http-nio-8080-exec-5] TRACE o.s.security.web.FilterChainProxy    - Invoking AnonymousAuthenticationFilter (11/14)
26-06-09 11:33:20.750 [http-nio-8080-exec-5] TRACE o.s.security.web.FilterChainProxy    - Invoking SessionManagementFilter (12/14)
26-06-09 11:33:20.750 [http-nio-8080-exec-5] TRACE o.s.s.w.c.SupplierDeferredSecurityContext - Created SecurityContextImpl [Null authentication]
26-06-09 11:33:20.750 [http-nio-8080-exec-5] TRACE o.s.s.w.a.AnonymousAuthenticationFilter - Set SecurityContextHolder to AnonymousAuthenticationToken [Principal=anonymousUser, Credentials=[PROTECTED], Authenticated=true, Details=WebAuthenticationDetails [RemoteIpAddress=0:0:0:0:0:0:0:1, SessionId=null], Granted Authorities=[ROLE_ANONYMOUS]]
26-06-09 11:33:20.750 [http-nio-8080-exec-5] TRACE o.s.security.web.FilterChainProxy    - Invoking ExceptionTranslationFilter (13/14)
26-06-09 11:33:20.750 [http-nio-8080-exec-5] TRACE o.s.security.web.FilterChainProxy    - Invoking AuthorizationFilter (14/14)
26-06-09 11:33:20.750 [http-nio-8080-exec-5] TRACE o.s.s.w.a.i.RequestMatcherDelegatingAuthorizationManager - Authorizing POST /api/auth/refresh
26-06-09 11:33:20.750 [http-nio-8080-exec-5] TRACE o.s.s.w.a.i.RequestMatcherDelegatingAuthorizationManager - Checking authorization on POST /api/auth/refresh using org.springframework.security.config.annotation.web.configurers.AuthorizeHttpRequestsConfigurer$$Lambda$2081/0x00000272cfd0c580@779cb1f1
26-06-09 11:33:20.751 [http-nio-8080-exec-5] DEBUG o.s.security.web.FilterChainProxy    - Secured POST /api/auth/refresh
26-06-09 11:33:20.763 [http-nio-8080-exec-4] DEBUG c.s.m.d.a.controller.AuthController  - CSRF 토큰 요청: NOBUStD4jD9KgV1RBuLjovfghUvYyxOohAeEqCAZZBYZwkwoVYJtKbLKuwxnsz9iNs_XwcfRqHO8qCuFszSxmEJ9VSMr-i4b
26-06-09 11:33:20.771 [http-nio-8080-exec-5] WARN  c.s.m.d.c.e.GlobalExceptionHandler   - 토큰 오류: 유효하지 않은 토큰입니다.
26-06-09 11:33:20.772 [http-nio-8080-exec-4] TRACE o.s.s.w.h.writers.HstsHeaderWriter   - Not injecting HSTS header since it did not match request to [Is Secure]
26-06-09 11:33:20.788 [http-nio-8080-exec-5] TRACE o.s.s.w.h.writers.HstsHeaderWriter   - Not injecting HSTS header since it did not match request to [Is Secure]
26-06-09 11:33:22.598 [http-nio-8080-exec-6] TRACE o.s.security.web.FilterChainProxy    - Trying to match request against DefaultSecurityFilterChain defined as 'filterChain' in [class path resource [com/sprint/mission/discodeit/common/config/SecurityConfig.class]] matching [any request] and having filters [DisableEncodeUrl, WebAsyncManagerIntegration, SecurityContextHolder, HeaderWriter, Csrf, Logout, JwtAuthentication, UsernamePasswordAuthentication, RequestCacheAware, SecurityContextHolderAwareRequest, AnonymousAuthentication, SessionManagement, ExceptionTranslation, Authorization] (1/1)
26-06-09 11:33:22.599 [http-nio-8080-exec-6] DEBUG o.s.security.web.FilterChainProxy    - Securing GET /swagger-ui/index.html
26-06-09 11:33:22.599 [http-nio-8080-exec-6] TRACE o.s.security.web.FilterChainProxy    - Invoking DisableEncodeUrlFilter (1/14)
26-06-09 11:33:22.599 [http-nio-8080-exec-6] TRACE o.s.security.web.FilterChainProxy    - Invoking WebAsyncManagerIntegrationFilter (2/14)
26-06-09 11:33:22.599 [http-nio-8080-exec-6] TRACE o.s.security.web.FilterChainProxy    - Invoking SecurityContextHolderFilter (3/14)
26-06-09 11:33:22.599 [http-nio-8080-exec-6] TRACE o.s.security.web.FilterChainProxy    - Invoking HeaderWriterFilter (4/14)
26-06-09 11:33:22.599 [http-nio-8080-exec-6] TRACE o.s.security.web.FilterChainProxy    - Invoking CsrfFilter (5/14)
26-06-09 11:33:22.599 [http-nio-8080-exec-6] TRACE o.s.security.web.csrf.CsrfFilter     - Did not protect against CSRF since request did not match CsrfNotRequired [TRACE, HEAD, GET, OPTIONS]
26-06-09 11:33:22.599 [http-nio-8080-exec-6] TRACE o.s.security.web.FilterChainProxy    - Invoking LogoutFilter (6/14)
26-06-09 11:33:22.599 [http-nio-8080-exec-6] TRACE o.s.s.w.a.logout.LogoutFilter        - Did not match request to Ant [pattern='/api/auth/logout', POST]
26-06-09 11:33:22.600 [http-nio-8080-exec-6] TRACE o.s.security.web.FilterChainProxy    - Invoking JwtAuthenticationFilter (7/14)
26-06-09 11:33:22.600 [http-nio-8080-exec-6] TRACE o.s.security.web.FilterChainProxy    - Invoking UsernamePasswordAuthenticationFilter (8/14)
26-06-09 11:33:22.600 [http-nio-8080-exec-6] TRACE o.s.s.w.a.UsernamePasswordAuthenticationFilter - Did not match request to Ant [pattern='/api/auth/login', POST]
26-06-09 11:33:22.600 [http-nio-8080-exec-6] TRACE o.s.security.web.FilterChainProxy    - Invoking RequestCacheAwareFilter (9/14)
26-06-09 11:33:22.600 [http-nio-8080-exec-6] TRACE o.s.security.web.FilterChainProxy    - Invoking SecurityContextHolderAwareRequestFilter (10/14)
26-06-09 11:33:22.600 [http-nio-8080-exec-6] TRACE o.s.security.web.FilterChainProxy    - Invoking AnonymousAuthenticationFilter (11/14)
26-06-09 11:33:22.600 [http-nio-8080-exec-6] TRACE o.s.security.web.FilterChainProxy    - Invoking SessionManagementFilter (12/14)
26-06-09 11:33:22.600 [http-nio-8080-exec-6] TRACE o.s.s.w.c.SupplierDeferredSecurityContext - Created SecurityContextImpl [Null authentication]
26-06-09 11:33:22.602 [http-nio-8080-exec-6] TRACE o.s.s.w.a.AnonymousAuthenticationFilter - Set SecurityContextHolder to AnonymousAuthenticationToken [Principal=anonymousUser, Credentials=[PROTECTED], Authenticated=true, Details=WebAuthenticationDetails [RemoteIpAddress=0:0:0:0:0:0:0:1, SessionId=null], Granted Authorities=[ROLE_ANONYMOUS]]
26-06-09 11:33:22.602 [http-nio-8080-exec-6] TRACE o.s.security.web.FilterChainProxy    - Invoking ExceptionTranslationFilter (13/14)
26-06-09 11:33:22.602 [http-nio-8080-exec-6] TRACE o.s.security.web.FilterChainProxy    - Invoking AuthorizationFilter (14/14)
26-06-09 11:33:22.602 [http-nio-8080-exec-6] TRACE o.s.s.w.a.i.RequestMatcherDelegatingAuthorizationManager - Authorizing GET /swagger-ui/index.html
26-06-09 11:33:22.602 [http-nio-8080-exec-6] TRACE o.s.s.w.a.i.RequestMatcherDelegatingAuthorizationManager - Checking authorization on GET /swagger-ui/index.html using org.springframework.security.config.annotation.web.configurers.AuthorizeHttpRequestsConfigurer$$Lambda$2081/0x00000272cfd0c580@779cb1f1
26-06-09 11:33:22.602 [http-nio-8080-exec-6] DEBUG o.s.security.web.FilterChainProxy    - Secured GET /swagger-ui/index.html
26-06-09 11:33:22.617 [http-nio-8080-exec-6] TRACE o.s.s.w.h.writers.HstsHeaderWriter   - Not injecting HSTS header since it did not match request to [Is Secure]
26-06-09 11:33:22.648 [http-nio-8080-exec-7] TRACE o.s.security.web.FilterChainProxy    - Trying to match request against DefaultSecurityFilterChain defined as 'filterChain' in [class path resource [com/sprint/mission/discodeit/common/config/SecurityConfig.class]] matching [any request] and having filters [DisableEncodeUrl, WebAsyncManagerIntegration, SecurityContextHolder, HeaderWriter, Csrf, Logout, JwtAuthentication, UsernamePasswordAuthentication, RequestCacheAware, SecurityContextHolderAwareRequest, AnonymousAuthentication, SessionManagement, ExceptionTranslation, Authorization] (1/1)
26-06-09 11:33:22.648 [http-nio-8080-exec-7] DEBUG o.s.security.web.FilterChainProxy    - Securing GET /swagger-ui/swagger-ui.css
26-06-09 11:33:22.648 [http-nio-8080-exec-7] TRACE o.s.security.web.FilterChainProxy    - Invoking DisableEncodeUrlFilter (1/14)
26-06-09 11:33:22.648 [http-nio-8080-exec-7] TRACE o.s.security.web.FilterChainProxy    - Invoking WebAsyncManagerIntegrationFilter (2/14)
26-06-09 11:33:22.648 [http-nio-8080-exec-7] TRACE o.s.security.web.FilterChainProxy    - Invoking SecurityContextHolderFilter (3/14)
26-06-09 11:33:22.649 [http-nio-8080-exec-7] TRACE o.s.security.web.FilterChainProxy    - Invoking HeaderWriterFilter (4/14)
26-06-09 11:33:22.649 [http-nio-8080-exec-7] TRACE o.s.security.web.FilterChainProxy    - Invoking CsrfFilter (5/14)
26-06-09 11:33:22.649 [http-nio-8080-exec-7] TRACE o.s.security.web.csrf.CsrfFilter     - Did not protect against CSRF since request did not match CsrfNotRequired [TRACE, HEAD, GET, OPTIONS]
26-06-09 11:33:22.649 [http-nio-8080-exec-7] TRACE o.s.security.web.FilterChainProxy    - Invoking LogoutFilter (6/14)
26-06-09 11:33:22.649 [http-nio-8080-exec-7] TRACE o.s.s.w.a.logout.LogoutFilter        - Did not match request to Ant [pattern='/api/auth/logout', POST]
26-06-09 11:33:22.649 [http-nio-8080-exec-7] TRACE o.s.security.web.FilterChainProxy    - Invoking JwtAuthenticationFilter (7/14)
26-06-09 11:33:22.649 [http-nio-8080-exec-7] TRACE o.s.security.web.FilterChainProxy    - Invoking UsernamePasswordAuthenticationFilter (8/14)
26-06-09 11:33:22.650 [http-nio-8080-exec-7] TRACE o.s.s.w.a.UsernamePasswordAuthenticationFilter - Did not match request to Ant [pattern='/api/auth/login', POST]
26-06-09 11:33:22.650 [http-nio-8080-exec-7] TRACE o.s.security.web.FilterChainProxy    - Invoking RequestCacheAwareFilter (9/14)
26-06-09 11:33:22.650 [http-nio-8080-exec-7] TRACE o.s.security.web.FilterChainProxy    - Invoking SecurityContextHolderAwareRequestFilter (10/14)
26-06-09 11:33:22.650 [http-nio-8080-exec-7] TRACE o.s.security.web.FilterChainProxy    - Invoking AnonymousAuthenticationFilter (11/14)
26-06-09 11:33:22.650 [http-nio-8080-exec-7] TRACE o.s.security.web.FilterChainProxy    - Invoking SessionManagementFilter (12/14)
26-06-09 11:33:22.650 [http-nio-8080-exec-7] TRACE o.s.s.w.c.SupplierDeferredSecurityContext - Created SecurityContextImpl [Null authentication]
26-06-09 11:33:22.651 [http-nio-8080-exec-7] TRACE o.s.s.w.a.AnonymousAuthenticationFilter - Set SecurityContextHolder to AnonymousAuthenticationToken [Principal=anonymousUser, Credentials=[PROTECTED], Authenticated=true, Details=WebAuthenticationDetails [RemoteIpAddress=0:0:0:0:0:0:0:1, SessionId=null], Granted Authorities=[ROLE_ANONYMOUS]]
26-06-09 11:33:22.651 [http-nio-8080-exec-7] TRACE o.s.security.web.FilterChainProxy    - Invoking ExceptionTranslationFilter (13/14)
26-06-09 11:33:22.651 [http-nio-8080-exec-7] TRACE o.s.security.web.FilterChainProxy    - Invoking AuthorizationFilter (14/14)
26-06-09 11:33:22.651 [http-nio-8080-exec-7] TRACE o.s.s.w.a.i.RequestMatcherDelegatingAuthorizationManager - Authorizing GET /swagger-ui/swagger-ui.css
26-06-09 11:33:22.651 [http-nio-8080-exec-7] TRACE o.s.s.w.a.i.RequestMatcherDelegatingAuthorizationManager - Checking authorization on GET /swagger-ui/swagger-ui.css using org.springframework.security.config.annotation.web.configurers.AuthorizeHttpRequestsConfigurer$$Lambda$2081/0x00000272cfd0c580@779cb1f1
26-06-09 11:33:22.651 [http-nio-8080-exec-7] DEBUG o.s.security.web.FilterChainProxy    - Secured GET /swagger-ui/swagger-ui.css
26-06-09 11:33:22.652 [http-nio-8080-exec-8] TRACE o.s.security.web.FilterChainProxy    - Trying to match request against DefaultSecurityFilterChain defined as 'filterChain' in [class path resource [com/sprint/mission/discodeit/common/config/SecurityConfig.class]] matching [any request] and having filters [DisableEncodeUrl, WebAsyncManagerIntegration, SecurityContextHolder, HeaderWriter, Csrf, Logout, JwtAuthentication, UsernamePasswordAuthentication, RequestCacheAware, SecurityContextHolderAwareRequest, AnonymousAuthentication, SessionManagement, ExceptionTranslation, Authorization] (1/1)
26-06-09 11:33:22.652 [http-nio-8080-exec-8] DEBUG o.s.security.web.FilterChainProxy    - Securing GET /swagger-ui/index.css
26-06-09 11:33:22.652 [http-nio-8080-exec-8] TRACE o.s.security.web.FilterChainProxy    - Invoking DisableEncodeUrlFilter (1/14)
26-06-09 11:33:22.654 [http-nio-8080-exec-8] TRACE o.s.security.web.FilterChainProxy    - Invoking WebAsyncManagerIntegrationFilter (2/14)
26-06-09 11:33:22.655 [http-nio-8080-exec-8] TRACE o.s.security.web.FilterChainProxy    - Invoking SecurityContextHolderFilter (3/14)
26-06-09 11:33:22.655 [http-nio-8080-exec-1] TRACE o.s.security.web.FilterChainProxy    - Trying to match request against DefaultSecurityFilterChain defined as 'filterChain' in [class path resource [com/sprint/mission/discodeit/common/config/SecurityConfig.class]] matching [any request] and having filters [DisableEncodeUrl, WebAsyncManagerIntegration, SecurityContextHolder, HeaderWriter, Csrf, Logout, JwtAuthentication, UsernamePasswordAuthentication, RequestCacheAware, SecurityContextHolderAwareRequest, AnonymousAuthentication, SessionManagement, ExceptionTranslation, Authorization] (1/1)
26-06-09 11:33:22.655 [http-nio-8080-exec-9] TRACE o.s.security.web.FilterChainProxy    - Trying to match request against DefaultSecurityFilterChain defined as 'filterChain' in [class path resource [com/sprint/mission/discodeit/common/config/SecurityConfig.class]] matching [any request] and having filters [DisableEncodeUrl, WebAsyncManagerIntegration, SecurityContextHolder, HeaderWriter, Csrf, Logout, JwtAuthentication, UsernamePasswordAuthentication, RequestCacheAware, SecurityContextHolderAwareRequest, AnonymousAuthentication, SessionManagement, ExceptionTranslation, Authorization] (1/1)
26-06-09 11:33:22.655 [http-nio-8080-exec-1] DEBUG o.s.security.web.FilterChainProxy    - Securing GET /swagger-ui/swagger-initializer.js
26-06-09 11:33:22.655 [http-nio-8080-exec-9] DEBUG o.s.security.web.FilterChainProxy    - Securing GET /swagger-ui/swagger-ui-standalone-preset.js
26-06-09 11:33:22.655 [http-nio-8080-exec-1] TRACE o.s.security.web.FilterChainProxy    - Invoking DisableEncodeUrlFilter (1/14)
26-06-09 11:33:22.655 [http-nio-8080-exec-8] TRACE o.s.security.web.FilterChainProxy    - Invoking HeaderWriterFilter (4/14)
26-06-09 11:33:22.655 [http-nio-8080-exec-9] TRACE o.s.security.web.FilterChainProxy    - Invoking DisableEncodeUrlFilter (1/14)
26-06-09 11:33:22.655 [http-nio-8080-exec-1] TRACE o.s.security.web.FilterChainProxy    - Invoking WebAsyncManagerIntegrationFilter (2/14)
26-06-09 11:33:22.655 [http-nio-8080-exec-8] TRACE o.s.security.web.FilterChainProxy    - Invoking CsrfFilter (5/14)
26-06-09 11:33:22.655 [http-nio-8080-exec-1] TRACE o.s.security.web.FilterChainProxy    - Invoking SecurityContextHolderFilter (3/14)
26-06-09 11:33:22.655 [http-nio-8080-exec-9] TRACE o.s.security.web.FilterChainProxy    - Invoking WebAsyncManagerIntegrationFilter (2/14)
26-06-09 11:33:22.655 [http-nio-8080-exec-8] TRACE o.s.security.web.csrf.CsrfFilter     - Did not protect against CSRF since request did not match CsrfNotRequired [TRACE, HEAD, GET, OPTIONS]
26-06-09 11:33:22.655 [http-nio-8080-exec-9] TRACE o.s.security.web.FilterChainProxy    - Invoking SecurityContextHolderFilter (3/14)
26-06-09 11:33:22.655 [http-nio-8080-exec-8] TRACE o.s.security.web.FilterChainProxy    - Invoking LogoutFilter (6/14)
26-06-09 11:33:22.655 [http-nio-8080-exec-9] TRACE o.s.security.web.FilterChainProxy    - Invoking HeaderWriterFilter (4/14)
26-06-09 11:33:22.655 [http-nio-8080-exec-1] TRACE o.s.security.web.FilterChainProxy    - Invoking HeaderWriterFilter (4/14)
26-06-09 11:33:22.655 [http-nio-8080-exec-8] TRACE o.s.s.w.a.logout.LogoutFilter        - Did not match request to Ant [pattern='/api/auth/logout', POST]
26-06-09 11:33:22.655 [http-nio-8080-exec-9] TRACE o.s.security.web.FilterChainProxy    - Invoking CsrfFilter (5/14)
26-06-09 11:33:22.655 [http-nio-8080-exec-8] TRACE o.s.security.web.FilterChainProxy    - Invoking JwtAuthenticationFilter (7/14)
26-06-09 11:33:22.655 [http-nio-8080-exec-1] TRACE o.s.security.web.FilterChainProxy    - Invoking CsrfFilter (5/14)
26-06-09 11:33:22.655 [http-nio-8080-exec-9] TRACE o.s.security.web.csrf.CsrfFilter     - Did not protect against CSRF since request did not match CsrfNotRequired [TRACE, HEAD, GET, OPTIONS]
26-06-09 11:33:22.655 [http-nio-8080-exec-8] TRACE o.s.security.web.FilterChainProxy    - Invoking UsernamePasswordAuthenticationFilter (8/14)
26-06-09 11:33:22.655 [http-nio-8080-exec-1] TRACE o.s.security.web.csrf.CsrfFilter     - Did not protect against CSRF since request did not match CsrfNotRequired [TRACE, HEAD, GET, OPTIONS]
26-06-09 11:33:22.655 [http-nio-8080-exec-8] TRACE o.s.s.w.a.UsernamePasswordAuthenticationFilter - Did not match request to Ant [pattern='/api/auth/login', POST]
26-06-09 11:33:22.655 [http-nio-8080-exec-10] TRACE o.s.security.web.FilterChainProxy    - Trying to match request against DefaultSecurityFilterChain defined as 'filterChain' in [class path resource [com/sprint/mission/discodeit/common/config/SecurityConfig.class]] matching [any request] and having filters [DisableEncodeUrl, WebAsyncManagerIntegration, SecurityContextHolder, HeaderWriter, Csrf, Logout, JwtAuthentication, UsernamePasswordAuthentication, RequestCacheAware, SecurityContextHolderAwareRequest, AnonymousAuthentication, SessionManagement, ExceptionTranslation, Authorization] (1/1)
26-06-09 11:33:22.655 [http-nio-8080-exec-1] TRACE o.s.security.web.FilterChainProxy    - Invoking LogoutFilter (6/14)
26-06-09 11:33:22.655 [http-nio-8080-exec-9] TRACE o.s.security.web.FilterChainProxy    - Invoking LogoutFilter (6/14)
26-06-09 11:33:22.655 [http-nio-8080-exec-10] DEBUG o.s.security.web.FilterChainProxy    - Securing GET /swagger-ui/swagger-ui-bundle.js
26-06-09 11:33:22.656 [http-nio-8080-exec-9] TRACE o.s.s.w.a.logout.LogoutFilter        - Did not match request to Ant [pattern='/api/auth/logout', POST]
26-06-09 11:33:22.655 [http-nio-8080-exec-8] TRACE o.s.security.web.FilterChainProxy    - Invoking RequestCacheAwareFilter (9/14)
26-06-09 11:33:22.656 [http-nio-8080-exec-10] TRACE o.s.security.web.FilterChainProxy    - Invoking DisableEncodeUrlFilter (1/14)
26-06-09 11:33:22.656 [http-nio-8080-exec-1] TRACE o.s.s.w.a.logout.LogoutFilter        - Did not match request to Ant [pattern='/api/auth/logout', POST]
26-06-09 11:33:22.656 [http-nio-8080-exec-9] TRACE o.s.security.web.FilterChainProxy    - Invoking JwtAuthenticationFilter (7/14)
26-06-09 11:33:22.656 [http-nio-8080-exec-1] TRACE o.s.security.web.FilterChainProxy    - Invoking JwtAuthenticationFilter (7/14)
26-06-09 11:33:22.656 [http-nio-8080-exec-10] TRACE o.s.security.web.FilterChainProxy    - Invoking WebAsyncManagerIntegrationFilter (2/14)
26-06-09 11:33:22.656 [http-nio-8080-exec-8] TRACE o.s.security.web.FilterChainProxy    - Invoking SecurityContextHolderAwareRequestFilter (10/14)
26-06-09 11:33:22.656 [http-nio-8080-exec-1] TRACE o.s.security.web.FilterChainProxy    - Invoking UsernamePasswordAuthenticationFilter (8/14)
26-06-09 11:33:22.656 [http-nio-8080-exec-10] TRACE o.s.security.web.FilterChainProxy    - Invoking SecurityContextHolderFilter (3/14)
26-06-09 11:33:22.656 [http-nio-8080-exec-1] TRACE o.s.s.w.a.UsernamePasswordAuthenticationFilter - Did not match request to Ant [pattern='/api/auth/login', POST]
26-06-09 11:33:22.656 [http-nio-8080-exec-8] TRACE o.s.security.web.FilterChainProxy    - Invoking AnonymousAuthenticationFilter (11/14)
26-06-09 11:33:22.656 [http-nio-8080-exec-1] TRACE o.s.security.web.FilterChainProxy    - Invoking RequestCacheAwareFilter (9/14)
26-06-09 11:33:22.656 [http-nio-8080-exec-8] TRACE o.s.security.web.FilterChainProxy    - Invoking SessionManagementFilter (12/14)
26-06-09 11:33:22.656 [http-nio-8080-exec-9] TRACE o.s.security.web.FilterChainProxy    - Invoking UsernamePasswordAuthenticationFilter (8/14)
26-06-09 11:33:22.656 [http-nio-8080-exec-10] TRACE o.s.security.web.FilterChainProxy    - Invoking HeaderWriterFilter (4/14)
26-06-09 11:33:22.656 [http-nio-8080-exec-1] TRACE o.s.security.web.FilterChainProxy    - Invoking SecurityContextHolderAwareRequestFilter (10/14)
26-06-09 11:33:22.656 [http-nio-8080-exec-8] TRACE o.s.s.w.c.SupplierDeferredSecurityContext - Created SecurityContextImpl [Null authentication]
26-06-09 11:33:22.656 [http-nio-8080-exec-9] TRACE o.s.s.w.a.UsernamePasswordAuthenticationFilter - Did not match request to Ant [pattern='/api/auth/login', POST]
26-06-09 11:33:22.657 [http-nio-8080-exec-10] TRACE o.s.security.web.FilterChainProxy    - Invoking CsrfFilter (5/14)
26-06-09 11:33:22.657 [http-nio-8080-exec-9] TRACE o.s.security.web.FilterChainProxy    - Invoking RequestCacheAwareFilter (9/14)
26-06-09 11:33:22.657 [http-nio-8080-exec-1] TRACE o.s.security.web.FilterChainProxy    - Invoking AnonymousAuthenticationFilter (11/14)
26-06-09 11:33:22.657 [http-nio-8080-exec-8] TRACE o.s.s.w.a.AnonymousAuthenticationFilter - Set SecurityContextHolder to AnonymousAuthenticationToken [Principal=anonymousUser, Credentials=[PROTECTED], Authenticated=true, Details=WebAuthenticationDetails [RemoteIpAddress=0:0:0:0:0:0:0:1, SessionId=null], Granted Authorities=[ROLE_ANONYMOUS]]
26-06-09 11:33:22.657 [http-nio-8080-exec-7] TRACE o.s.s.w.h.writers.HstsHeaderWriter   - Not injecting HSTS header since it did not match request to [Is Secure]
26-06-09 11:33:22.657 [http-nio-8080-exec-1] TRACE o.s.security.web.FilterChainProxy    - Invoking SessionManagementFilter (12/14)
26-06-09 11:33:22.657 [http-nio-8080-exec-9] TRACE o.s.security.web.FilterChainProxy    - Invoking SecurityContextHolderAwareRequestFilter (10/14)
26-06-09 11:33:22.657 [http-nio-8080-exec-8] TRACE o.s.security.web.FilterChainProxy    - Invoking ExceptionTranslationFilter (13/14)
26-06-09 11:33:22.657 [http-nio-8080-exec-10] TRACE o.s.security.web.csrf.CsrfFilter     - Did not protect against CSRF since request did not match CsrfNotRequired [TRACE, HEAD, GET, OPTIONS]
26-06-09 11:33:22.657 [http-nio-8080-exec-1] TRACE o.s.s.w.c.SupplierDeferredSecurityContext - Created SecurityContextImpl [Null authentication]
26-06-09 11:33:22.657 [http-nio-8080-exec-10] TRACE o.s.security.web.FilterChainProxy    - Invoking LogoutFilter (6/14)
26-06-09 11:33:22.657 [http-nio-8080-exec-9] TRACE o.s.security.web.FilterChainProxy    - Invoking AnonymousAuthenticationFilter (11/14)
26-06-09 11:33:22.657 [http-nio-8080-exec-8] TRACE o.s.security.web.FilterChainProxy    - Invoking AuthorizationFilter (14/14)
26-06-09 11:33:22.657 [http-nio-8080-exec-1] TRACE o.s.s.w.a.AnonymousAuthenticationFilter - Set SecurityContextHolder to AnonymousAuthenticationToken [Principal=anonymousUser, Credentials=[PROTECTED], Authenticated=true, Details=WebAuthenticationDetails [RemoteIpAddress=0:0:0:0:0:0:0:1, SessionId=null], Granted Authorities=[ROLE_ANONYMOUS]]
26-06-09 11:33:22.657 [http-nio-8080-exec-1] TRACE o.s.security.web.FilterChainProxy    - Invoking ExceptionTranslationFilter (13/14)
26-06-09 11:33:22.657 [http-nio-8080-exec-10] TRACE o.s.s.w.a.logout.LogoutFilter        - Did not match request to Ant [pattern='/api/auth/logout', POST]
26-06-09 11:33:22.657 [http-nio-8080-exec-9] TRACE o.s.security.web.FilterChainProxy    - Invoking SessionManagementFilter (12/14)
26-06-09 11:33:22.658 [http-nio-8080-exec-10] TRACE o.s.security.web.FilterChainProxy    - Invoking JwtAuthenticationFilter (7/14)
26-06-09 11:33:22.658 [http-nio-8080-exec-8] TRACE o.s.s.w.a.i.RequestMatcherDelegatingAuthorizationManager - Authorizing GET /swagger-ui/index.css
26-06-09 11:33:22.658 [http-nio-8080-exec-9] TRACE o.s.s.w.c.SupplierDeferredSecurityContext - Created SecurityContextImpl [Null authentication]
26-06-09 11:33:22.658 [http-nio-8080-exec-8] TRACE o.s.s.w.a.i.RequestMatcherDelegatingAuthorizationManager - Checking authorization on GET /swagger-ui/index.css using org.springframework.security.config.annotation.web.configurers.AuthorizeHttpRequestsConfigurer$$Lambda$2081/0x00000272cfd0c580@779cb1f1
26-06-09 11:33:22.658 [http-nio-8080-exec-9] TRACE o.s.s.w.a.AnonymousAuthenticationFilter - Set SecurityContextHolder to AnonymousAuthenticationToken [Principal=anonymousUser, Credentials=[PROTECTED], Authenticated=true, Details=WebAuthenticationDetails [RemoteIpAddress=0:0:0:0:0:0:0:1, SessionId=null], Granted Authorities=[ROLE_ANONYMOUS]]
26-06-09 11:33:22.658 [http-nio-8080-exec-1] TRACE o.s.security.web.FilterChainProxy    - Invoking AuthorizationFilter (14/14)
26-06-09 11:33:22.658 [http-nio-8080-exec-9] TRACE o.s.security.web.FilterChainProxy    - Invoking ExceptionTranslationFilter (13/14)
26-06-09 11:33:22.658 [http-nio-8080-exec-10] TRACE o.s.security.web.FilterChainProxy    - Invoking UsernamePasswordAuthenticationFilter (8/14)
26-06-09 11:33:22.658 [http-nio-8080-exec-8] DEBUG o.s.security.web.FilterChainProxy    - Secured GET /swagger-ui/index.css
26-06-09 11:33:22.659 [http-nio-8080-exec-9] TRACE o.s.security.web.FilterChainProxy    - Invoking AuthorizationFilter (14/14)
26-06-09 11:33:22.659 [http-nio-8080-exec-1] TRACE o.s.s.w.a.i.RequestMatcherDelegatingAuthorizationManager - Authorizing GET /swagger-ui/swagger-initializer.js
26-06-09 11:33:22.659 [http-nio-8080-exec-10] TRACE o.s.s.w.a.UsernamePasswordAuthenticationFilter - Did not match request to Ant [pattern='/api/auth/login', POST]
26-06-09 11:33:22.659 [http-nio-8080-exec-9] TRACE o.s.s.w.a.i.RequestMatcherDelegatingAuthorizationManager - Authorizing GET /swagger-ui/swagger-ui-standalone-preset.js
26-06-09 11:33:22.659 [http-nio-8080-exec-10] TRACE o.s.security.web.FilterChainProxy    - Invoking RequestCacheAwareFilter (9/14)
26-06-09 11:33:22.659 [http-nio-8080-exec-1] TRACE o.s.s.w.a.i.RequestMatcherDelegatingAuthorizationManager - Checking authorization on GET /swagger-ui/swagger-initializer.js using org.springframework.security.config.annotation.web.configurers.AuthorizeHttpRequestsConfigurer$$Lambda$2081/0x00000272cfd0c580@779cb1f1
26-06-09 11:33:22.659 [http-nio-8080-exec-10] TRACE o.s.security.web.FilterChainProxy    - Invoking SecurityContextHolderAwareRequestFilter (10/14)
26-06-09 11:33:22.659 [http-nio-8080-exec-10] TRACE o.s.security.web.FilterChainProxy    - Invoking AnonymousAuthenticationFilter (11/14)
26-06-09 11:33:22.659 [http-nio-8080-exec-10] TRACE o.s.security.web.FilterChainProxy    - Invoking SessionManagementFilter (12/14)
26-06-09 11:33:22.659 [http-nio-8080-exec-9] TRACE o.s.s.w.a.i.RequestMatcherDelegatingAuthorizationManager - Checking authorization on GET /swagger-ui/swagger-ui-standalone-preset.js using org.springframework.security.config.annotation.web.configurers.AuthorizeHttpRequestsConfigurer$$Lambda$2081/0x00000272cfd0c580@779cb1f1
26-06-09 11:33:22.659 [http-nio-8080-exec-1] DEBUG o.s.security.web.FilterChainProxy    - Secured GET /swagger-ui/swagger-initializer.js
26-06-09 11:33:22.659 [http-nio-8080-exec-10] TRACE o.s.s.w.c.SupplierDeferredSecurityContext - Created SecurityContextImpl [Null authentication]
26-06-09 11:33:22.659 [http-nio-8080-exec-9] DEBUG o.s.security.web.FilterChainProxy    - Secured GET /swagger-ui/swagger-ui-standalone-preset.js
26-06-09 11:33:22.659 [http-nio-8080-exec-10] TRACE o.s.s.w.a.AnonymousAuthenticationFilter - Set SecurityContextHolder to AnonymousAuthenticationToken [Principal=anonymousUser, Credentials=[PROTECTED], Authenticated=true, Details=WebAuthenticationDetails [RemoteIpAddress=0:0:0:0:0:0:0:1, SessionId=null], Granted Authorities=[ROLE_ANONYMOUS]]
26-06-09 11:33:22.660 [http-nio-8080-exec-10] TRACE o.s.security.web.FilterChainProxy    - Invoking ExceptionTranslationFilter (13/14)
26-06-09 11:33:22.660 [http-nio-8080-exec-10] TRACE o.s.security.web.FilterChainProxy    - Invoking AuthorizationFilter (14/14)
26-06-09 11:33:22.660 [http-nio-8080-exec-10] TRACE o.s.s.w.a.i.RequestMatcherDelegatingAuthorizationManager - Authorizing GET /swagger-ui/swagger-ui-bundle.js
26-06-09 11:33:22.661 [http-nio-8080-exec-10] TRACE o.s.s.w.a.i.RequestMatcherDelegatingAuthorizationManager - Checking authorization on GET /swagger-ui/swagger-ui-bundle.js using org.springframework.security.config.annotation.web.configurers.AuthorizeHttpRequestsConfigurer$$Lambda$2081/0x00000272cfd0c580@779cb1f1
26-06-09 11:33:22.661 [http-nio-8080-exec-10] DEBUG o.s.security.web.FilterChainProxy    - Secured GET /swagger-ui/swagger-ui-bundle.js
26-06-09 11:33:22.663 [http-nio-8080-exec-8] TRACE o.s.s.w.h.writers.HstsHeaderWriter   - Not injecting HSTS header since it did not match request to [Is Secure]
26-06-09 11:33:22.663 [http-nio-8080-exec-9] TRACE o.s.s.w.h.writers.HstsHeaderWriter   - Not injecting HSTS header since it did not match request to [Is Secure]
26-06-09 11:33:22.664 [http-nio-8080-exec-10] TRACE o.s.s.w.h.writers.HstsHeaderWriter   - Not injecting HSTS header since it did not match request to [Is Secure]
26-06-09 11:33:22.673 [http-nio-8080-exec-1] TRACE o.s.s.w.h.writers.HstsHeaderWriter   - Not injecting HSTS header since it did not match request to [Is Secure]
26-06-09 11:33:22.811 [http-nio-8080-exec-3] TRACE o.s.security.web.FilterChainProxy    - Trying to match request against DefaultSecurityFilterChain defined as 'filterChain' in [class path resource [com/sprint/mission/discodeit/common/config/SecurityConfig.class]] matching [any request] and having filters [DisableEncodeUrl, WebAsyncManagerIntegration, SecurityContextHolder, HeaderWriter, Csrf, Logout, JwtAuthentication, UsernamePasswordAuthentication, RequestCacheAware, SecurityContextHolderAwareRequest, AnonymousAuthentication, SessionManagement, ExceptionTranslation, Authorization] (1/1)
26-06-09 11:33:22.812 [http-nio-8080-exec-3] DEBUG o.s.security.web.FilterChainProxy    - Securing GET /v3/api-docs/swagger-config
26-06-09 11:33:22.812 [http-nio-8080-exec-3] TRACE o.s.security.web.FilterChainProxy    - Invoking DisableEncodeUrlFilter (1/14)
26-06-09 11:33:22.812 [http-nio-8080-exec-3] TRACE o.s.security.web.FilterChainProxy    - Invoking WebAsyncManagerIntegrationFilter (2/14)
26-06-09 11:33:22.812 [http-nio-8080-exec-3] TRACE o.s.security.web.FilterChainProxy    - Invoking SecurityContextHolderFilter (3/14)
26-06-09 11:33:22.812 [http-nio-8080-exec-3] TRACE o.s.security.web.FilterChainProxy    - Invoking HeaderWriterFilter (4/14)
26-06-09 11:33:22.812 [http-nio-8080-exec-3] TRACE o.s.security.web.FilterChainProxy    - Invoking CsrfFilter (5/14)
26-06-09 11:33:22.812 [http-nio-8080-exec-3] TRACE o.s.security.web.csrf.CsrfFilter     - Did not protect against CSRF since request did not match CsrfNotRequired [TRACE, HEAD, GET, OPTIONS]
26-06-09 11:33:22.812 [http-nio-8080-exec-3] TRACE o.s.security.web.FilterChainProxy    - Invoking LogoutFilter (6/14)
26-06-09 11:33:22.812 [http-nio-8080-exec-3] TRACE o.s.s.w.a.logout.LogoutFilter        - Did not match request to Ant [pattern='/api/auth/logout', POST]
26-06-09 11:33:22.813 [http-nio-8080-exec-3] TRACE o.s.security.web.FilterChainProxy    - Invoking JwtAuthenticationFilter (7/14)
26-06-09 11:33:22.813 [http-nio-8080-exec-3] TRACE o.s.security.web.FilterChainProxy    - Invoking UsernamePasswordAuthenticationFilter (8/14)
26-06-09 11:33:22.813 [http-nio-8080-exec-3] TRACE o.s.s.w.a.UsernamePasswordAuthenticationFilter - Did not match request to Ant [pattern='/api/auth/login', POST]
26-06-09 11:33:22.813 [http-nio-8080-exec-3] TRACE o.s.security.web.FilterChainProxy    - Invoking RequestCacheAwareFilter (9/14)
26-06-09 11:33:22.813 [http-nio-8080-exec-3] TRACE o.s.security.web.FilterChainProxy    - Invoking SecurityContextHolderAwareRequestFilter (10/14)
26-06-09 11:33:22.813 [http-nio-8080-exec-3] TRACE o.s.security.web.FilterChainProxy    - Invoking AnonymousAuthenticationFilter (11/14)
26-06-09 11:33:22.813 [http-nio-8080-exec-3] TRACE o.s.security.web.FilterChainProxy    - Invoking SessionManagementFilter (12/14)
26-06-09 11:33:22.813 [http-nio-8080-exec-3] TRACE o.s.s.w.c.SupplierDeferredSecurityContext - Created SecurityContextImpl [Null authentication]
26-06-09 11:33:22.813 [http-nio-8080-exec-3] TRACE o.s.s.w.a.AnonymousAuthenticationFilter - Set SecurityContextHolder to AnonymousAuthenticationToken [Principal=anonymousUser, Credentials=[PROTECTED], Authenticated=true, Details=WebAuthenticationDetails [RemoteIpAddress=0:0:0:0:0:0:0:1, SessionId=null], Granted Authorities=[ROLE_ANONYMOUS]]
26-06-09 11:33:22.813 [http-nio-8080-exec-3] TRACE o.s.security.web.FilterChainProxy    - Invoking ExceptionTranslationFilter (13/14)
26-06-09 11:33:22.813 [http-nio-8080-exec-3] TRACE o.s.security.web.FilterChainProxy    - Invoking AuthorizationFilter (14/14)
26-06-09 11:33:22.814 [http-nio-8080-exec-3] TRACE o.s.s.w.a.i.RequestMatcherDelegatingAuthorizationManager - Authorizing GET /v3/api-docs/swagger-config
26-06-09 11:33:22.814 [http-nio-8080-exec-3] TRACE o.s.s.w.a.i.RequestMatcherDelegatingAuthorizationManager - Checking authorization on GET /v3/api-docs/swagger-config using org.springframework.security.config.annotation.web.configurers.AuthorizeHttpRequestsConfigurer$$Lambda$2081/0x00000272cfd0c580@779cb1f1
26-06-09 11:33:22.814 [http-nio-8080-exec-3] DEBUG o.s.security.web.FilterChainProxy    - Secured GET /v3/api-docs/swagger-config
26-06-09 11:33:22.820 [http-nio-8080-exec-3] TRACE o.s.s.w.h.writers.HstsHeaderWriter   - Not injecting HSTS header since it did not match request to [Is Secure]
26-06-09 11:33:22.830 [http-nio-8080-exec-2] TRACE o.s.security.web.FilterChainProxy    - Trying to match request against DefaultSecurityFilterChain defined as 'filterChain' in [class path resource [com/sprint/mission/discodeit/common/config/SecurityConfig.class]] matching [any request] and having filters [DisableEncodeUrl, WebAsyncManagerIntegration, SecurityContextHolder, HeaderWriter, Csrf, Logout, JwtAuthentication, UsernamePasswordAuthentication, RequestCacheAware, SecurityContextHolderAwareRequest, AnonymousAuthentication, SessionManagement, ExceptionTranslation, Authorization] (1/1)
26-06-09 11:33:22.830 [http-nio-8080-exec-2] DEBUG o.s.security.web.FilterChainProxy    - Securing GET /v3/api-docs
26-06-09 11:33:22.830 [http-nio-8080-exec-2] TRACE o.s.security.web.FilterChainProxy    - Invoking DisableEncodeUrlFilter (1/14)
26-06-09 11:33:22.831 [http-nio-8080-exec-2] TRACE o.s.security.web.FilterChainProxy    - Invoking WebAsyncManagerIntegrationFilter (2/14)
26-06-09 11:33:22.831 [http-nio-8080-exec-2] TRACE o.s.security.web.FilterChainProxy    - Invoking SecurityContextHolderFilter (3/14)
26-06-09 11:33:22.831 [http-nio-8080-exec-2] TRACE o.s.security.web.FilterChainProxy    - Invoking HeaderWriterFilter (4/14)
26-06-09 11:33:22.831 [http-nio-8080-exec-2] TRACE o.s.security.web.FilterChainProxy    - Invoking CsrfFilter (5/14)
26-06-09 11:33:22.831 [http-nio-8080-exec-2] TRACE o.s.security.web.csrf.CsrfFilter     - Did not protect against CSRF since request did not match CsrfNotRequired [TRACE, HEAD, GET, OPTIONS]
26-06-09 11:33:22.831 [http-nio-8080-exec-2] TRACE o.s.security.web.FilterChainProxy    - Invoking LogoutFilter (6/14)
26-06-09 11:33:22.831 [http-nio-8080-exec-2] TRACE o.s.s.w.a.logout.LogoutFilter        - Did not match request to Ant [pattern='/api/auth/logout', POST]
26-06-09 11:33:22.832 [http-nio-8080-exec-2] TRACE o.s.security.web.FilterChainProxy    - Invoking JwtAuthenticationFilter (7/14)
26-06-09 11:33:22.832 [http-nio-8080-exec-2] TRACE o.s.security.web.FilterChainProxy    - Invoking UsernamePasswordAuthenticationFilter (8/14)
26-06-09 11:33:22.832 [http-nio-8080-exec-2] TRACE o.s.s.w.a.UsernamePasswordAuthenticationFilter - Did not match request to Ant [pattern='/api/auth/login', POST]
26-06-09 11:33:22.832 [http-nio-8080-exec-2] TRACE o.s.security.web.FilterChainProxy    - Invoking RequestCacheAwareFilter (9/14)
26-06-09 11:33:22.832 [http-nio-8080-exec-2] TRACE o.s.security.web.FilterChainProxy    - Invoking SecurityContextHolderAwareRequestFilter (10/14)
26-06-09 11:33:22.832 [http-nio-8080-exec-2] TRACE o.s.security.web.FilterChainProxy    - Invoking AnonymousAuthenticationFilter (11/14)
26-06-09 11:33:22.832 [http-nio-8080-exec-2] TRACE o.s.security.web.FilterChainProxy    - Invoking SessionManagementFilter (12/14)
26-06-09 11:33:22.832 [http-nio-8080-exec-2] TRACE o.s.s.w.c.SupplierDeferredSecurityContext - Created SecurityContextImpl [Null authentication]
26-06-09 11:33:22.832 [http-nio-8080-exec-2] TRACE o.s.s.w.a.AnonymousAuthenticationFilter - Set SecurityContextHolder to AnonymousAuthenticationToken [Principal=anonymousUser, Credentials=[PROTECTED], Authenticated=true, Details=WebAuthenticationDetails [RemoteIpAddress=0:0:0:0:0:0:0:1, SessionId=null], Granted Authorities=[ROLE_ANONYMOUS]]
26-06-09 11:33:22.832 [http-nio-8080-exec-2] TRACE o.s.security.web.FilterChainProxy    - Invoking ExceptionTranslationFilter (13/14)
26-06-09 11:33:22.832 [http-nio-8080-exec-2] TRACE o.s.security.web.FilterChainProxy    - Invoking AuthorizationFilter (14/14)
26-06-09 11:33:22.833 [http-nio-8080-exec-2] TRACE o.s.s.w.a.i.RequestMatcherDelegatingAuthorizationManager - Authorizing GET /v3/api-docs
26-06-09 11:33:22.833 [http-nio-8080-exec-2] TRACE o.s.s.w.a.i.RequestMatcherDelegatingAuthorizationManager - Checking authorization on GET /v3/api-docs using org.springframework.security.config.annotation.web.configurers.AuthorizeHttpRequestsConfigurer$$Lambda$2081/0x00000272cfd0c580@779cb1f1
26-06-09 11:33:22.833 [http-nio-8080-exec-2] DEBUG o.s.security.web.FilterChainProxy    - Secured GET /v3/api-docs
26-06-09 11:33:23.633 [http-nio-8080-exec-2] INFO  o.s.api.AbstractOpenApiResource      - Init duration for springdoc-openapi is: 788 ms
26-06-09 11:33:23.657 [http-nio-8080-exec-2] TRACE o.s.s.w.h.writers.HstsHeaderWriter   - Not injecting HSTS header since it did not match request to [Is Secure]
26-06-09 11:33:27.931 [http-nio-8080-exec-4] TRACE o.s.security.web.FilterChainProxy    - Trying to match request against DefaultSecurityFilterChain defined as 'filterChain' in [class path resource [com/sprint/mission/discodeit/common/config/SecurityConfig.class]] matching [any request] and having filters [DisableEncodeUrl, WebAsyncManagerIntegration, SecurityContextHolder, HeaderWriter, Csrf, Logout, JwtAuthentication, UsernamePasswordAuthentication, RequestCacheAware, SecurityContextHolderAwareRequest, AnonymousAuthentication, SessionManagement, ExceptionTranslation, Authorization] (1/1)
26-06-09 11:33:27.931 [http-nio-8080-exec-4] DEBUG o.s.security.web.FilterChainProxy    - Securing GET /api/users
26-06-09 11:33:27.931 [http-nio-8080-exec-4] TRACE o.s.security.web.FilterChainProxy    - Invoking DisableEncodeUrlFilter (1/14)
26-06-09 11:33:27.932 [http-nio-8080-exec-4] TRACE o.s.security.web.FilterChainProxy    - Invoking WebAsyncManagerIntegrationFilter (2/14)
26-06-09 11:33:27.932 [http-nio-8080-exec-4] TRACE o.s.security.web.FilterChainProxy    - Invoking SecurityContextHolderFilter (3/14)
26-06-09 11:33:27.932 [http-nio-8080-exec-4] TRACE o.s.security.web.FilterChainProxy    - Invoking HeaderWriterFilter (4/14)
26-06-09 11:33:27.932 [http-nio-8080-exec-4] TRACE o.s.security.web.FilterChainProxy    - Invoking CsrfFilter (5/14)
26-06-09 11:33:27.932 [http-nio-8080-exec-4] TRACE o.s.security.web.csrf.CsrfFilter     - Did not protect against CSRF since request did not match CsrfNotRequired [TRACE, HEAD, GET, OPTIONS]
26-06-09 11:33:27.932 [http-nio-8080-exec-4] TRACE o.s.security.web.FilterChainProxy    - Invoking LogoutFilter (6/14)
26-06-09 11:33:27.932 [http-nio-8080-exec-4] TRACE o.s.s.w.a.logout.LogoutFilter        - Did not match request to Ant [pattern='/api/auth/logout', POST]
26-06-09 11:33:27.932 [http-nio-8080-exec-4] TRACE o.s.security.web.FilterChainProxy    - Invoking JwtAuthenticationFilter (7/14)
26-06-09 11:33:27.932 [http-nio-8080-exec-4] TRACE o.s.security.web.FilterChainProxy    - Invoking UsernamePasswordAuthenticationFilter (8/14)
26-06-09 11:33:27.932 [http-nio-8080-exec-4] TRACE o.s.s.w.a.UsernamePasswordAuthenticationFilter - Did not match request to Ant [pattern='/api/auth/login', POST]
26-06-09 11:33:27.932 [http-nio-8080-exec-4] TRACE o.s.security.web.FilterChainProxy    - Invoking RequestCacheAwareFilter (9/14)
26-06-09 11:33:27.932 [http-nio-8080-exec-4] TRACE o.s.security.web.FilterChainProxy    - Invoking SecurityContextHolderAwareRequestFilter (10/14)
26-06-09 11:33:27.933 [http-nio-8080-exec-4] TRACE o.s.security.web.FilterChainProxy    - Invoking AnonymousAuthenticationFilter (11/14)
26-06-09 11:33:27.933 [http-nio-8080-exec-4] TRACE o.s.security.web.FilterChainProxy    - Invoking SessionManagementFilter (12/14)
26-06-09 11:33:27.933 [http-nio-8080-exec-4] TRACE o.s.s.w.c.SupplierDeferredSecurityContext - Created SecurityContextImpl [Null authentication]
26-06-09 11:33:27.933 [http-nio-8080-exec-4] TRACE o.s.s.w.a.AnonymousAuthenticationFilter - Set SecurityContextHolder to AnonymousAuthenticationToken [Principal=anonymousUser, Credentials=[PROTECTED], Authenticated=true, Details=WebAuthenticationDetails [RemoteIpAddress=0:0:0:0:0:0:0:1, SessionId=null], Granted Authorities=[ROLE_ANONYMOUS]]
26-06-09 11:33:27.933 [http-nio-8080-exec-4] TRACE o.s.security.web.FilterChainProxy    - Invoking ExceptionTranslationFilter (13/14)
26-06-09 11:33:27.933 [http-nio-8080-exec-4] TRACE o.s.security.web.FilterChainProxy    - Invoking AuthorizationFilter (14/14)
26-06-09 11:33:27.933 [http-nio-8080-exec-4] TRACE o.s.s.w.a.i.RequestMatcherDelegatingAuthorizationManager - Authorizing GET /api/users
26-06-09 11:33:27.933 [http-nio-8080-exec-4] TRACE o.s.s.w.a.i.RequestMatcherDelegatingAuthorizationManager - Checking authorization on GET /api/users using org.springframework.security.config.annotation.web.configurers.AuthorizeHttpRequestsConfigurer$$Lambda$2081/0x00000272cfd0c580@779cb1f1
26-06-09 11:33:27.933 [http-nio-8080-exec-4] DEBUG o.s.security.web.FilterChainProxy    - Secured GET /api/users
26-06-09 11:33:27.992 [http-nio-8080-exec-4] DEBUG org.hibernate.SQL                    - 
    select
        u1_0.id,
        u1_0.created_at,
        u1_0.email,
        u1_0.password,
        u1_0.profile_id,
        u1_0.role,
        u1_0.updated_at,
        u1_0.username 
    from
        users u1_0
26-06-09 11:33:28.004 [http-nio-8080-exec-4] TRACE org.hibernate.orm.jdbc.extract       - extracted value (1:UUID) -> [27b85a60-4f13-455f-b5a3-7f7d762b2139]
26-06-09 11:33:28.008 [http-nio-8080-exec-4] TRACE org.hibernate.orm.jdbc.extract       - extracted value (5:UUID) -> [46746932-09b7-410a-b9bf-3f7cdbf1f402]
26-06-09 11:33:28.014 [http-nio-8080-exec-4] TRACE org.hibernate.orm.jdbc.extract       - extracted value (2:TIMESTAMP_UTC) -> [2026-03-09T06:17:44.434753Z]
26-06-09 11:33:28.014 [http-nio-8080-exec-4] TRACE org.hibernate.orm.jdbc.extract       - extracted value (3:VARCHAR) -> [test@test.com]
26-06-09 11:33:28.014 [http-nio-8080-exec-4] TRACE org.hibernate.orm.jdbc.extract       - extracted value (4:VARCHAR) -> [$2a$10$7BU..v74ygmDenkiaWKtVeZsZR6G0lVc1NGfkMSRq0iJ.iUl5ZYVq]
26-06-09 11:33:28.014 [http-nio-8080-exec-4] TRACE org.hibernate.orm.jdbc.extract       - extracted value (6:VARCHAR) -> [USER]
26-06-09 11:33:28.014 [http-nio-8080-exec-4] TRACE org.hibernate.orm.jdbc.extract       - extracted value (7:TIMESTAMP_UTC) -> [2026-03-09T06:17:44.434753Z]
26-06-09 11:33:28.014 [http-nio-8080-exec-4] TRACE org.hibernate.orm.jdbc.extract       - extracted value (8:VARCHAR) -> [승리]
26-06-09 11:33:28.022 [http-nio-8080-exec-4] TRACE org.hibernate.orm.jdbc.extract       - extracted value (1:UUID) -> [9d64639e-787a-46cc-9abf-5f8717295f33]
26-06-09 11:33:28.022 [http-nio-8080-exec-4] TRACE org.hibernate.orm.jdbc.extract       - extracted value (5:UUID) -> [1a4039ff-b856-4639-8a2d-4b4cac93793c]
26-06-09 11:33:28.022 [http-nio-8080-exec-4] TRACE org.hibernate.orm.jdbc.extract       - extracted value (2:TIMESTAMP_UTC) -> [2026-03-09T06:21:22.042528Z]
26-06-09 11:33:28.022 [http-nio-8080-exec-4] TRACE org.hibernate.orm.jdbc.extract       - extracted value (3:VARCHAR) -> [test2@test.com]
26-06-09 11:33:28.022 [http-nio-8080-exec-4] TRACE org.hibernate.orm.jdbc.extract       - extracted value (4:VARCHAR) -> [$2a$10$3oTo2dk3/hVlqmBF/B1aEeCazX0ZJNNl8/HJbY.NyNxAaN2NM2ZwK]
26-06-09 11:33:28.022 [http-nio-8080-exec-4] TRACE org.hibernate.orm.jdbc.extract       - extracted value (6:VARCHAR) -> [USER]
26-06-09 11:33:28.022 [http-nio-8080-exec-4] TRACE org.hibernate.orm.jdbc.extract       - extracted value (7:TIMESTAMP_UTC) -> [2026-03-09T06:21:22.042528Z]
26-06-09 11:33:28.022 [http-nio-8080-exec-4] TRACE org.hibernate.orm.jdbc.extract       - extracted value (8:VARCHAR) -> [asr]
26-06-09 11:33:28.022 [http-nio-8080-exec-4] TRACE org.hibernate.orm.jdbc.extract       - extracted value (1:UUID) -> [041397c9-3494-48eb-83dc-3d24cf2f2d19]
26-06-09 11:33:28.023 [http-nio-8080-exec-4] TRACE org.hibernate.orm.jdbc.extract       - extracted value (5:UUID) -> [317d8fef-86f0-4287-afdd-fcf080c55726]
26-06-09 11:33:28.023 [http-nio-8080-exec-4] TRACE org.hibernate.orm.jdbc.extract       - extracted value (2:TIMESTAMP_UTC) -> [2026-03-09T06:31:53.104366Z]
26-06-09 11:33:28.023 [http-nio-8080-exec-4] TRACE org.hibernate.orm.jdbc.extract       - extracted value (3:VARCHAR) -> [test3@test.com]
26-06-09 11:33:28.023 [http-nio-8080-exec-4] TRACE org.hibernate.orm.jdbc.extract       - extracted value (4:VARCHAR) -> [$2a$10$UnGIi/zuHaSenHg7H9beUOciM9N6zkJjWwRQuwbH96Va4Ab6MCFEa]
26-06-09 11:33:28.023 [http-nio-8080-exec-4] TRACE org.hibernate.orm.jdbc.extract       - extracted value (6:VARCHAR) -> [USER]
26-06-09 11:33:28.023 [http-nio-8080-exec-4] TRACE org.hibernate.orm.jdbc.extract       - extracted value (7:TIMESTAMP_UTC) -> [2026-03-09T06:31:53.104366Z]
26-06-09 11:33:28.023 [http-nio-8080-exec-4] TRACE org.hibernate.orm.jdbc.extract       - extracted value (8:VARCHAR) -> [테스트3]
26-06-09 11:33:28.023 [http-nio-8080-exec-4] TRACE org.hibernate.orm.jdbc.extract       - extracted value (1:UUID) -> [f725946c-dfe7-441d-84af-9bfdade76e9a]
26-06-09 11:33:28.023 [http-nio-8080-exec-4] TRACE org.hibernate.orm.jdbc.extract       - extracted value (5:UUID) -> [null]
26-06-09 11:33:28.023 [http-nio-8080-exec-4] TRACE org.hibernate.orm.jdbc.extract       - extracted value (2:TIMESTAMP_UTC) -> [2026-03-09T06:35:16.233568Z]
26-06-09 11:33:28.023 [http-nio-8080-exec-4] TRACE org.hibernate.orm.jdbc.extract       - extracted value (3:VARCHAR) -> [test4@test.com]
26-06-09 11:33:28.023 [http-nio-8080-exec-4] TRACE org.hibernate.orm.jdbc.extract       - extracted value (4:VARCHAR) -> [$2a$10$cMN0GgSpDkktYi82VNwwlu1b7Oq2aFY0i2uxC3R4L9nbgUpCmMKyC]
26-06-09 11:33:28.024 [http-nio-8080-exec-4] TRACE org.hibernate.orm.jdbc.extract       - extracted value (6:VARCHAR) -> [USER]
26-06-09 11:33:28.024 [http-nio-8080-exec-4] TRACE org.hibernate.orm.jdbc.extract       - extracted value (7:TIMESTAMP_UTC) -> [2026-03-09T06:35:16.233568Z]
26-06-09 11:33:28.024 [http-nio-8080-exec-4] TRACE org.hibernate.orm.jdbc.extract       - extracted value (8:VARCHAR) -> [test4]
26-06-09 11:33:28.024 [http-nio-8080-exec-4] TRACE org.hibernate.orm.jdbc.extract       - extracted value (1:UUID) -> [ed60b06a-16d3-4d64-97cf-8963a6ba34e4]
26-06-09 11:33:28.024 [http-nio-8080-exec-4] TRACE org.hibernate.orm.jdbc.extract       - extracted value (5:UUID) -> [null]
26-06-09 11:33:28.024 [http-nio-8080-exec-4] TRACE org.hibernate.orm.jdbc.extract       - extracted value (2:TIMESTAMP_UTC) -> [2026-03-25T07:31:54.266194Z]
26-06-09 11:33:28.024 [http-nio-8080-exec-4] TRACE org.hibernate.orm.jdbc.extract       - extracted value (3:VARCHAR) -> [0325test@test.com]
26-06-09 11:33:28.024 [http-nio-8080-exec-4] TRACE org.hibernate.orm.jdbc.extract       - extracted value (4:VARCHAR) -> [$2a$10$mG/jy9jyb4GmJgNwqOvMO.v4JkCYeUTfpa0YOe9woDusUn4NRHScm]
26-06-09 11:33:28.024 [http-nio-8080-exec-4] TRACE org.hibernate.orm.jdbc.extract       - extracted value (6:VARCHAR) -> [USER]
26-06-09 11:33:28.024 [http-nio-8080-exec-4] TRACE org.hibernate.orm.jdbc.extract       - extracted value (7:TIMESTAMP_UTC) -> [2026-03-25T07:31:54.266194Z]
26-06-09 11:33:28.024 [http-nio-8080-exec-4] TRACE org.hibernate.orm.jdbc.extract       - extracted value (8:VARCHAR) -> [test0325]
26-06-09 11:33:28.024 [http-nio-8080-exec-4] TRACE org.hibernate.orm.jdbc.extract       - extracted value (1:UUID) -> [b1a933b8-5b00-48ca-81e9-0055ba1ff963]
26-06-09 11:33:28.025 [http-nio-8080-exec-4] TRACE org.hibernate.orm.jdbc.extract       - extracted value (5:UUID) -> [null]
26-06-09 11:33:28.025 [http-nio-8080-exec-4] TRACE org.hibernate.orm.jdbc.extract       - extracted value (2:TIMESTAMP_UTC) -> [2026-03-27T05:06:14.779097Z]
26-06-09 11:33:28.025 [http-nio-8080-exec-4] TRACE org.hibernate.orm.jdbc.extract       - extracted value (3:VARCHAR) -> [test0327@test.com]
26-06-09 11:33:28.025 [http-nio-8080-exec-4] TRACE org.hibernate.orm.jdbc.extract       - extracted value (4:VARCHAR) -> [$2a$10$LxGyQsQD7kHjC2llbNvRgedFKJ/SN/rwkoaoyAiSrFljpZWp8xPZG]
26-06-09 11:33:28.025 [http-nio-8080-exec-4] TRACE org.hibernate.orm.jdbc.extract       - extracted value (6:VARCHAR) -> [USER]
26-06-09 11:33:28.025 [http-nio-8080-exec-4] TRACE org.hibernate.orm.jdbc.extract       - extracted value (7:TIMESTAMP_UTC) -> [2026-03-27T05:06:14.779097Z]
26-06-09 11:33:28.025 [http-nio-8080-exec-4] TRACE org.hibernate.orm.jdbc.extract       - extracted value (8:VARCHAR) -> [asd]
26-06-09 11:33:28.025 [http-nio-8080-exec-4] TRACE org.hibernate.orm.jdbc.extract       - extracted value (1:UUID) -> [98ce5813-ebf4-4a0b-9087-2f2c18bbd2a3]
26-06-09 11:33:28.025 [http-nio-8080-exec-4] TRACE org.hibernate.orm.jdbc.extract       - extracted value (5:UUID) -> [null]
26-06-09 11:33:28.025 [http-nio-8080-exec-4] TRACE org.hibernate.orm.jdbc.extract       - extracted value (2:TIMESTAMP_UTC) -> [2026-05-15T07:19:30.272898Z]
26-06-09 11:33:28.025 [http-nio-8080-exec-4] TRACE org.hibernate.orm.jdbc.extract       - extracted value (3:VARCHAR) -> [java@javaspring.com]
26-06-09 11:33:28.025 [http-nio-8080-exec-4] TRACE org.hibernate.orm.jdbc.extract       - extracted value (4:VARCHAR) -> [$2a$10$zhXqDLq.d1aTvZ.Ao2xrs.YBMwsS39OL8mfL9UYpEW4wqfYe0DNx.]
26-06-09 11:33:28.025 [http-nio-8080-exec-4] TRACE org.hibernate.orm.jdbc.extract       - extracted value (6:VARCHAR) -> [USER]
26-06-09 11:33:28.025 [http-nio-8080-exec-4] TRACE org.hibernate.orm.jdbc.extract       - extracted value (7:TIMESTAMP_UTC) -> [2026-05-15T07:19:30.272898Z]
26-06-09 11:33:28.026 [http-nio-8080-exec-4] TRACE org.hibernate.orm.jdbc.extract       - extracted value (8:VARCHAR) -> [스프링프로필친구]
26-06-09 11:33:28.026 [http-nio-8080-exec-4] TRACE org.hibernate.orm.jdbc.extract       - extracted value (1:UUID) -> [c9250cab-cae8-4509-8180-0da4b11066e8]
26-06-09 11:33:28.026 [http-nio-8080-exec-4] TRACE org.hibernate.orm.jdbc.extract       - extracted value (5:UUID) -> [null]
26-06-09 11:33:28.026 [http-nio-8080-exec-4] TRACE org.hibernate.orm.jdbc.extract       - extracted value (2:TIMESTAMP_UTC) -> [2026-05-19T01:42:58.029068Z]
26-06-09 11:33:28.026 [http-nio-8080-exec-4] TRACE org.hibernate.orm.jdbc.extract       - extracted value (3:VARCHAR) -> [admin@admin.com]
26-06-09 11:33:28.027 [http-nio-8080-exec-4] TRACE org.hibernate.orm.jdbc.extract       - extracted value (4:VARCHAR) -> [$2a$10$FwvClmklxVI3h5q/nYuHU.4l9NbtnRQ1GC2Ep4SaOD3SxrBSrlh2i]
26-06-09 11:33:28.027 [http-nio-8080-exec-4] TRACE org.hibernate.orm.jdbc.extract       - extracted value (6:VARCHAR) -> [ADMIN]
26-06-09 11:33:28.027 [http-nio-8080-exec-4] TRACE org.hibernate.orm.jdbc.extract       - extracted value (7:TIMESTAMP_UTC) -> [2026-05-19T01:42:58.029068Z]
26-06-09 11:33:28.027 [http-nio-8080-exec-4] TRACE org.hibernate.orm.jdbc.extract       - extracted value (8:VARCHAR) -> [admin]
26-06-09 11:33:28.027 [http-nio-8080-exec-4] TRACE org.hibernate.orm.jdbc.extract       - extracted value (1:UUID) -> [9b225b56-7425-4c05-b1bf-33788568891a]
26-06-09 11:33:28.027 [http-nio-8080-exec-4] TRACE org.hibernate.orm.jdbc.extract       - extracted value (5:UUID) -> [null]
26-06-09 11:33:28.027 [http-nio-8080-exec-4] TRACE org.hibernate.orm.jdbc.extract       - extracted value (2:TIMESTAMP_UTC) -> [2026-05-19T01:45:59.984574Z]
26-06-09 11:33:28.027 [http-nio-8080-exec-4] TRACE org.hibernate.orm.jdbc.extract       - extracted value (3:VARCHAR) -> [0519test@test.com]
26-06-09 11:33:28.027 [http-nio-8080-exec-4] TRACE org.hibernate.orm.jdbc.extract       - extracted value (4:VARCHAR) -> [$2a$10$JsQ23gBSJ2bBhdIZ6m0vr.2MRc7yn9LH.2Itp/mVUU64ldpKTIWpC]
26-06-09 11:33:28.027 [http-nio-8080-exec-4] TRACE org.hibernate.orm.jdbc.extract       - extracted value (6:VARCHAR) -> [CHANNEL_MANAGER]
26-06-09 11:33:28.027 [http-nio-8080-exec-4] TRACE org.hibernate.orm.jdbc.extract       - extracted value (7:TIMESTAMP_UTC) -> [2026-05-19T01:46:33.938005Z]
26-06-09 11:33:28.027 [http-nio-8080-exec-4] TRACE org.hibernate.orm.jdbc.extract       - extracted value (8:VARCHAR) -> [0519test]
26-06-09 11:33:28.027 [http-nio-8080-exec-4] TRACE org.hibernate.orm.jdbc.extract       - extracted value (1:UUID) -> [ee16f72c-e2b1-4376-b7a6-88f894f2e7ca]
26-06-09 11:33:28.027 [http-nio-8080-exec-4] TRACE org.hibernate.orm.jdbc.extract       - extracted value (5:UUID) -> [null]
26-06-09 11:33:28.027 [http-nio-8080-exec-4] TRACE org.hibernate.orm.jdbc.extract       - extracted value (2:TIMESTAMP_UTC) -> [2026-05-31T11:35:15.163302Z]
26-06-09 11:33:28.027 [http-nio-8080-exec-4] TRACE org.hibernate.orm.jdbc.extract       - extracted value (3:VARCHAR) -> [test0531@test.com]
26-06-09 11:33:28.027 [http-nio-8080-exec-4] TRACE org.hibernate.orm.jdbc.extract       - extracted value (4:VARCHAR) -> [$2a$10$WEDr70nEl34S5xjdBccHXuF95p.DzORb4zt5904.SLPCzYWnGSpm.]
26-06-09 11:33:28.028 [http-nio-8080-exec-4] TRACE org.hibernate.orm.jdbc.extract       - extracted value (6:VARCHAR) -> [USER]
26-06-09 11:33:28.028 [http-nio-8080-exec-4] TRACE org.hibernate.orm.jdbc.extract       - extracted value (7:TIMESTAMP_UTC) -> [2026-05-31T11:35:15.163302Z]
26-06-09 11:33:28.028 [http-nio-8080-exec-4] TRACE org.hibernate.orm.jdbc.extract       - extracted value (8:VARCHAR) -> [test0531]
26-06-09 11:33:28.028 [http-nio-8080-exec-4] TRACE org.hibernate.orm.jdbc.extract       - extracted value (1:UUID) -> [cff3cfdf-c67a-48ac-a13e-1d3c2346e5cc]
26-06-09 11:33:28.028 [http-nio-8080-exec-4] TRACE org.hibernate.orm.jdbc.extract       - extracted value (5:UUID) -> [null]
26-06-09 11:33:28.028 [http-nio-8080-exec-4] TRACE org.hibernate.orm.jdbc.extract       - extracted value (2:TIMESTAMP_UTC) -> [2026-05-31T11:46:09.335380Z]
26-06-09 11:33:28.028 [http-nio-8080-exec-4] TRACE org.hibernate.orm.jdbc.extract       - extracted value (3:VARCHAR) -> [test05312@test.com]
26-06-09 11:33:28.028 [http-nio-8080-exec-4] TRACE org.hibernate.orm.jdbc.extract       - extracted value (4:VARCHAR) -> [$2a$10$Nsk0AnubLHzO3ukARj5p6.VjUu9evw0ZaLLuQ8pBpQxFjhLQYXxDS]
26-06-09 11:33:28.028 [http-nio-8080-exec-4] TRACE org.hibernate.orm.jdbc.extract       - extracted value (6:VARCHAR) -> [USER]
26-06-09 11:33:28.028 [http-nio-8080-exec-4] TRACE org.hibernate.orm.jdbc.extract       - extracted value (7:TIMESTAMP_UTC) -> [2026-05-31T11:46:09.335380Z]
26-06-09 11:33:28.028 [http-nio-8080-exec-4] TRACE org.hibernate.orm.jdbc.extract       - extracted value (8:VARCHAR) -> [test05312]
26-06-09 11:33:28.028 [http-nio-8080-exec-4] TRACE org.hibernate.orm.jdbc.extract       - extracted value (1:UUID) -> [ceb95c66-eb93-4601-bfc2-a0294d619d77]
26-06-09 11:33:28.028 [http-nio-8080-exec-4] TRACE org.hibernate.orm.jdbc.extract       - extracted value (5:UUID) -> [null]
26-06-09 11:33:28.028 [http-nio-8080-exec-4] TRACE org.hibernate.orm.jdbc.extract       - extracted value (2:TIMESTAMP_UTC) -> [2026-06-05T01:14:38.474247Z]
26-06-09 11:33:28.028 [http-nio-8080-exec-4] TRACE org.hibernate.orm.jdbc.extract       - extracted value (3:VARCHAR) -> [test06051@test.com]
26-06-09 11:33:28.029 [http-nio-8080-exec-4] TRACE org.hibernate.orm.jdbc.extract       - extracted value (4:VARCHAR) -> [$2a$10$4VIasWCJxSBj7dTLTH1ddOISntynjLxU5DGnB3gw5Gizl/YgWjKzG]
26-06-09 11:33:28.029 [http-nio-8080-exec-4] TRACE org.hibernate.orm.jdbc.extract       - extracted value (6:VARCHAR) -> [USER]
26-06-09 11:33:28.029 [http-nio-8080-exec-4] TRACE org.hibernate.orm.jdbc.extract       - extracted value (7:TIMESTAMP_UTC) -> [2026-06-05T01:14:38.474247Z]
26-06-09 11:33:28.029 [http-nio-8080-exec-4] TRACE org.hibernate.orm.jdbc.extract       - extracted value (8:VARCHAR) -> [test06051]
26-06-09 11:33:28.029 [http-nio-8080-exec-4] TRACE org.hibernate.orm.jdbc.extract       - extracted value (1:UUID) -> [16adc8c6-634b-490b-a8fc-1f3946a53424]
26-06-09 11:33:28.029 [http-nio-8080-exec-4] TRACE org.hibernate.orm.jdbc.extract       - extracted value (5:UUID) -> [null]
26-06-09 11:33:28.029 [http-nio-8080-exec-4] TRACE org.hibernate.orm.jdbc.extract       - extracted value (2:TIMESTAMP_UTC) -> [2026-06-05T01:26:48.298603Z]
26-06-09 11:33:28.029 [http-nio-8080-exec-4] TRACE org.hibernate.orm.jdbc.extract       - extracted value (3:VARCHAR) -> [test06052@test.com]
26-06-09 11:33:28.029 [http-nio-8080-exec-4] TRACE org.hibernate.orm.jdbc.extract       - extracted value (4:VARCHAR) -> [$2a$10$WXbaWJIO9AnVf8bZvQleQ.mcDU9LEfns4T0QjXr6PTFgFRkl/HMq.]
26-06-09 11:33:28.029 [http-nio-8080-exec-4] TRACE org.hibernate.orm.jdbc.extract       - extracted value (6:VARCHAR) -> [USER]
26-06-09 11:33:28.029 [http-nio-8080-exec-4] TRACE org.hibernate.orm.jdbc.extract       - extracted value (7:TIMESTAMP_UTC) -> [2026-06-05T01:26:48.298603Z]
26-06-09 11:33:28.029 [http-nio-8080-exec-4] TRACE org.hibernate.orm.jdbc.extract       - extracted value (8:VARCHAR) -> [test06052]
26-06-09 11:33:28.029 [http-nio-8080-exec-4] TRACE org.hibernate.orm.jdbc.extract       - extracted value (1:UUID) -> [1bdf270a-29cc-4700-843b-3075a4f50668]
26-06-09 11:33:28.029 [http-nio-8080-exec-4] TRACE org.hibernate.orm.jdbc.extract       - extracted value (5:UUID) -> [null]
26-06-09 11:33:28.029 [http-nio-8080-exec-4] TRACE org.hibernate.orm.jdbc.extract       - extracted value (2:TIMESTAMP_UTC) -> [2026-06-07T13:46:20.692678Z]
26-06-09 11:33:28.029 [http-nio-8080-exec-4] TRACE org.hibernate.orm.jdbc.extract       - extracted value (3:VARCHAR) -> [test06071@test.com]
26-06-09 11:33:28.030 [http-nio-8080-exec-4] TRACE org.hibernate.orm.jdbc.extract       - extracted value (4:VARCHAR) -> [$2a$10$srOZHA1j6wWo5bDIsgiaquN/mycEHKdNzS8qfA8dl.0yCiaxKEom.]
26-06-09 11:33:28.030 [http-nio-8080-exec-4] TRACE org.hibernate.orm.jdbc.extract       - extracted value (6:VARCHAR) -> [USER]
26-06-09 11:33:28.030 [http-nio-8080-exec-4] TRACE org.hibernate.orm.jdbc.extract       - extracted value (7:TIMESTAMP_UTC) -> [2026-06-07T13:46:20.692678Z]
26-06-09 11:33:28.030 [http-nio-8080-exec-4] TRACE org.hibernate.orm.jdbc.extract       - extracted value (8:VARCHAR) -> [test06071]
26-06-09 11:33:28.030 [http-nio-8080-exec-4] TRACE org.hibernate.orm.jdbc.extract       - extracted value (1:UUID) -> [6b578585-908f-4bd6-9335-1ac5acb94e40]
26-06-09 11:33:28.030 [http-nio-8080-exec-4] TRACE org.hibernate.orm.jdbc.extract       - extracted value (5:UUID) -> [null]
26-06-09 11:33:28.030 [http-nio-8080-exec-4] TRACE org.hibernate.orm.jdbc.extract       - extracted value (2:TIMESTAMP_UTC) -> [2026-06-08T07:39:13.219128Z]
26-06-09 11:33:28.030 [http-nio-8080-exec-4] TRACE org.hibernate.orm.jdbc.extract       - extracted value (3:VARCHAR) -> [test06081@test.com]
26-06-09 11:33:28.030 [http-nio-8080-exec-4] TRACE org.hibernate.orm.jdbc.extract       - extracted value (4:VARCHAR) -> [$2a$10$HE3kHqnEa04j3.4KpTkCMeYioQD/nFni86UlddUOGVFyPZjRgP8qO]
26-06-09 11:33:28.030 [http-nio-8080-exec-4] TRACE org.hibernate.orm.jdbc.extract       - extracted value (6:VARCHAR) -> [USER]
26-06-09 11:33:28.030 [http-nio-8080-exec-4] TRACE org.hibernate.orm.jdbc.extract       - extracted value (7:TIMESTAMP_UTC) -> [2026-06-08T07:39:13.219128Z]
26-06-09 11:33:28.030 [http-nio-8080-exec-4] TRACE org.hibernate.orm.jdbc.extract       - extracted value (8:VARCHAR) -> [test06081]
26-06-09 11:33:28.036 [http-nio-8080-exec-4] DEBUG org.hibernate.SQL                    - 
    select
        bc1_0.id,
        bc1_0.content_type,
        bc1_0.created_at,
        bc1_0.file_name,
        bc1_0.size,
        bc1_0.status 
    from
        binary_contents bc1_0 
    where
        bc1_0.id=?
26-06-09 11:33:28.037 [http-nio-8080-exec-4] TRACE org.hibernate.orm.jdbc.bind          - binding parameter (1:UUID) <- [46746932-09b7-410a-b9bf-3f7cdbf1f402]
26-06-09 11:33:28.040 [http-nio-8080-exec-4] TRACE org.hibernate.orm.jdbc.extract       - extracted value (2:VARCHAR) -> [image/jpeg]
26-06-09 11:33:28.040 [http-nio-8080-exec-4] TRACE org.hibernate.orm.jdbc.extract       - extracted value (3:TIMESTAMP_UTC) -> [2026-03-09T06:17:44.334709Z]
26-06-09 11:33:28.041 [http-nio-8080-exec-4] TRACE org.hibernate.orm.jdbc.extract       - extracted value (4:VARCHAR) -> [다운로드.jpg]
26-06-09 11:33:28.041 [http-nio-8080-exec-4] TRACE org.hibernate.orm.jdbc.extract       - extracted value (5:BIGINT) -> [6118]
26-06-09 11:33:28.041 [http-nio-8080-exec-4] TRACE org.hibernate.orm.jdbc.extract       - extracted value (6:VARCHAR) -> [ACTIVE]
26-06-09 11:33:28.043 [http-nio-8080-exec-4] DEBUG org.hibernate.SQL                    - 
    select
        bc1_0.id,
        bc1_0.content_type,
        bc1_0.created_at,
        bc1_0.file_name,
        bc1_0.size,
        bc1_0.status 
    from
        binary_contents bc1_0 
    where
        bc1_0.id=?
26-06-09 11:33:28.043 [http-nio-8080-exec-4] TRACE org.hibernate.orm.jdbc.bind          - binding parameter (1:UUID) <- [1a4039ff-b856-4639-8a2d-4b4cac93793c]
26-06-09 11:33:28.043 [http-nio-8080-exec-4] TRACE org.hibernate.orm.jdbc.extract       - extracted value (2:VARCHAR) -> [image/jpeg]
26-06-09 11:33:28.043 [http-nio-8080-exec-4] TRACE org.hibernate.orm.jdbc.extract       - extracted value (3:TIMESTAMP_UTC) -> [2026-03-09T06:21:21.946259Z]
26-06-09 11:33:28.043 [http-nio-8080-exec-4] TRACE org.hibernate.orm.jdbc.extract       - extracted value (4:VARCHAR) -> [다운로드.jpg]
26-06-09 11:33:28.044 [http-nio-8080-exec-4] TRACE org.hibernate.orm.jdbc.extract       - extracted value (5:BIGINT) -> [6118]
26-06-09 11:33:28.044 [http-nio-8080-exec-4] TRACE org.hibernate.orm.jdbc.extract       - extracted value (6:VARCHAR) -> [ACTIVE]
26-06-09 11:33:28.044 [http-nio-8080-exec-4] DEBUG org.hibernate.SQL                    - 
    select
        bc1_0.id,
        bc1_0.content_type,
        bc1_0.created_at,
        bc1_0.file_name,
        bc1_0.size,
        bc1_0.status 
    from
        binary_contents bc1_0 
    where
        bc1_0.id=?
26-06-09 11:33:28.044 [http-nio-8080-exec-4] TRACE org.hibernate.orm.jdbc.bind          - binding parameter (1:UUID) <- [317d8fef-86f0-4287-afdd-fcf080c55726]
26-06-09 11:33:28.044 [http-nio-8080-exec-4] TRACE org.hibernate.orm.jdbc.extract       - extracted value (2:VARCHAR) -> [image/jpeg]
26-06-09 11:33:28.044 [http-nio-8080-exec-4] TRACE org.hibernate.orm.jdbc.extract       - extracted value (3:TIMESTAMP_UTC) -> [2026-03-09T06:31:53.022861Z]
26-06-09 11:33:28.044 [http-nio-8080-exec-4] TRACE org.hibernate.orm.jdbc.extract       - extracted value (4:VARCHAR) -> [다운로드.jpg]
26-06-09 11:33:28.044 [http-nio-8080-exec-4] TRACE org.hibernate.orm.jdbc.extract       - extracted value (5:BIGINT) -> [6118]
26-06-09 11:33:28.044 [http-nio-8080-exec-4] TRACE org.hibernate.orm.jdbc.extract       - extracted value (6:VARCHAR) -> [ACTIVE]
26-06-09 11:33:28.051 [http-nio-8080-exec-4] TRACE o.s.s.w.h.writers.HstsHeaderWriter   - Not injecting HSTS header since it did not match request to [Is Secure]
26-06-09 11:33:29.296 [http-nio-8080-exec-5] TRACE o.s.security.web.FilterChainProxy    - Trying to match request against DefaultSecurityFilterChain defined as 'filterChain' in [class path resource [com/sprint/mission/discodeit/common/config/SecurityConfig.class]] matching [any request] and having filters [DisableEncodeUrl, WebAsyncManagerIntegration, SecurityContextHolder, HeaderWriter, Csrf, Logout, JwtAuthentication, UsernamePasswordAuthentication, RequestCacheAware, SecurityContextHolderAwareRequest, AnonymousAuthentication, SessionManagement, ExceptionTranslation, Authorization] (1/1)
26-06-09 11:33:29.296 [http-nio-8080-exec-5] DEBUG o.s.security.web.FilterChainProxy    - Securing GET /api/users
26-06-09 11:33:29.296 [http-nio-8080-exec-5] TRACE o.s.security.web.FilterChainProxy    - Invoking DisableEncodeUrlFilter (1/14)
26-06-09 11:33:29.296 [http-nio-8080-exec-5] TRACE o.s.security.web.FilterChainProxy    - Invoking WebAsyncManagerIntegrationFilter (2/14)
26-06-09 11:33:29.296 [http-nio-8080-exec-5] TRACE o.s.security.web.FilterChainProxy    - Invoking SecurityContextHolderFilter (3/14)
26-06-09 11:33:29.296 [http-nio-8080-exec-5] TRACE o.s.security.web.FilterChainProxy    - Invoking HeaderWriterFilter (4/14)
26-06-09 11:33:29.297 [http-nio-8080-exec-5] TRACE o.s.security.web.FilterChainProxy    - Invoking CsrfFilter (5/14)
26-06-09 11:33:29.297 [http-nio-8080-exec-5] TRACE o.s.security.web.csrf.CsrfFilter     - Did not protect against CSRF since request did not match CsrfNotRequired [TRACE, HEAD, GET, OPTIONS]
26-06-09 11:33:29.297 [http-nio-8080-exec-5] TRACE o.s.security.web.FilterChainProxy    - Invoking LogoutFilter (6/14)
26-06-09 11:33:29.297 [http-nio-8080-exec-5] TRACE o.s.s.w.a.logout.LogoutFilter        - Did not match request to Ant [pattern='/api/auth/logout', POST]
26-06-09 11:33:29.297 [http-nio-8080-exec-5] TRACE o.s.security.web.FilterChainProxy    - Invoking JwtAuthenticationFilter (7/14)
26-06-09 11:33:29.297 [http-nio-8080-exec-5] TRACE o.s.security.web.FilterChainProxy    - Invoking UsernamePasswordAuthenticationFilter (8/14)
26-06-09 11:33:29.297 [http-nio-8080-exec-5] TRACE o.s.s.w.a.UsernamePasswordAuthenticationFilter - Did not match request to Ant [pattern='/api/auth/login', POST]
26-06-09 11:33:29.297 [http-nio-8080-exec-5] TRACE o.s.security.web.FilterChainProxy    - Invoking RequestCacheAwareFilter (9/14)
26-06-09 11:33:29.297 [http-nio-8080-exec-5] TRACE o.s.security.web.FilterChainProxy    - Invoking SecurityContextHolderAwareRequestFilter (10/14)
26-06-09 11:33:29.297 [http-nio-8080-exec-5] TRACE o.s.security.web.FilterChainProxy    - Invoking AnonymousAuthenticationFilter (11/14)
26-06-09 11:33:29.297 [http-nio-8080-exec-5] TRACE o.s.security.web.FilterChainProxy    - Invoking SessionManagementFilter (12/14)
26-06-09 11:33:29.297 [http-nio-8080-exec-5] TRACE o.s.s.w.c.SupplierDeferredSecurityContext - Created SecurityContextImpl [Null authentication]
26-06-09 11:33:29.297 [http-nio-8080-exec-5] TRACE o.s.s.w.a.AnonymousAuthenticationFilter - Set SecurityContextHolder to AnonymousAuthenticationToken [Principal=anonymousUser, Credentials=[PROTECTED], Authenticated=true, Details=WebAuthenticationDetails [RemoteIpAddress=0:0:0:0:0:0:0:1, SessionId=null], Granted Authorities=[ROLE_ANONYMOUS]]
26-06-09 11:33:29.297 [http-nio-8080-exec-5] TRACE o.s.security.web.FilterChainProxy    - Invoking ExceptionTranslationFilter (13/14)
26-06-09 11:33:29.297 [http-nio-8080-exec-5] TRACE o.s.security.web.FilterChainProxy    - Invoking AuthorizationFilter (14/14)
26-06-09 11:33:29.297 [http-nio-8080-exec-5] TRACE o.s.s.w.a.i.RequestMatcherDelegatingAuthorizationManager - Authorizing GET /api/users
26-06-09 11:33:29.297 [http-nio-8080-exec-5] TRACE o.s.s.w.a.i.RequestMatcherDelegatingAuthorizationManager - Checking authorization on GET /api/users using org.springframework.security.config.annotation.web.configurers.AuthorizeHttpRequestsConfigurer$$Lambda$2081/0x00000272cfd0c580@779cb1f1
26-06-09 11:33:29.297 [http-nio-8080-exec-5] DEBUG o.s.security.web.FilterChainProxy    - Secured GET /api/users
26-06-09 11:33:29.304 [http-nio-8080-exec-5] TRACE o.s.s.w.h.writers.HstsHeaderWriter   - Not injecting HSTS header since it did not match request to [Is Secure]
26-06-09 11:33:29.862 [http-nio-8080-exec-6] TRACE o.s.security.web.FilterChainProxy    - Trying to match request against DefaultSecurityFilterChain defined as 'filterChain' in [class path resource [com/sprint/mission/discodeit/common/config/SecurityConfig.class]] matching [any request] and having filters [DisableEncodeUrl, WebAsyncManagerIntegration, SecurityContextHolder, HeaderWriter, Csrf, Logout, JwtAuthentication, UsernamePasswordAuthentication, RequestCacheAware, SecurityContextHolderAwareRequest, AnonymousAuthentication, SessionManagement, ExceptionTranslation, Authorization] (1/1)
26-06-09 11:33:29.862 [http-nio-8080-exec-6] DEBUG o.s.security.web.FilterChainProxy    - Securing GET /api/users
26-06-09 11:33:29.862 [http-nio-8080-exec-6] TRACE o.s.security.web.FilterChainProxy    - Invoking DisableEncodeUrlFilter (1/14)
26-06-09 11:33:29.862 [http-nio-8080-exec-6] TRACE o.s.security.web.FilterChainProxy    - Invoking WebAsyncManagerIntegrationFilter (2/14)
26-06-09 11:33:29.862 [http-nio-8080-exec-6] TRACE o.s.security.web.FilterChainProxy    - Invoking SecurityContextHolderFilter (3/14)
26-06-09 11:33:29.862 [http-nio-8080-exec-6] TRACE o.s.security.web.FilterChainProxy    - Invoking HeaderWriterFilter (4/14)
26-06-09 11:33:29.862 [http-nio-8080-exec-6] TRACE o.s.security.web.FilterChainProxy    - Invoking CsrfFilter (5/14)
26-06-09 11:33:29.863 [http-nio-8080-exec-6] TRACE o.s.security.web.csrf.CsrfFilter     - Did not protect against CSRF since request did not match CsrfNotRequired [TRACE, HEAD, GET, OPTIONS]
26-06-09 11:33:29.863 [http-nio-8080-exec-6] TRACE o.s.security.web.FilterChainProxy    - Invoking LogoutFilter (6/14)
26-06-09 11:33:29.863 [http-nio-8080-exec-6] TRACE o.s.s.w.a.logout.LogoutFilter        - Did not match request to Ant [pattern='/api/auth/logout', POST]
26-06-09 11:33:29.863 [http-nio-8080-exec-6] TRACE o.s.security.web.FilterChainProxy    - Invoking JwtAuthenticationFilter (7/14)
26-06-09 11:33:29.863 [http-nio-8080-exec-6] TRACE o.s.security.web.FilterChainProxy    - Invoking UsernamePasswordAuthenticationFilter (8/14)
26-06-09 11:33:29.863 [http-nio-8080-exec-6] TRACE o.s.s.w.a.UsernamePasswordAuthenticationFilter - Did not match request to Ant [pattern='/api/auth/login', POST]
26-06-09 11:33:29.863 [http-nio-8080-exec-6] TRACE o.s.security.web.FilterChainProxy    - Invoking RequestCacheAwareFilter (9/14)
26-06-09 11:33:29.863 [http-nio-8080-exec-6] TRACE o.s.security.web.FilterChainProxy    - Invoking SecurityContextHolderAwareRequestFilter (10/14)
26-06-09 11:33:29.863 [http-nio-8080-exec-6] TRACE o.s.security.web.FilterChainProxy    - Invoking AnonymousAuthenticationFilter (11/14)
26-06-09 11:33:29.863 [http-nio-8080-exec-6] TRACE o.s.security.web.FilterChainProxy    - Invoking SessionManagementFilter (12/14)
26-06-09 11:33:29.863 [http-nio-8080-exec-6] TRACE o.s.s.w.c.SupplierDeferredSecurityContext - Created SecurityContextImpl [Null authentication]
26-06-09 11:33:29.863 [http-nio-8080-exec-6] TRACE o.s.s.w.a.AnonymousAuthenticationFilter - Set SecurityContextHolder to AnonymousAuthenticationToken [Principal=anonymousUser, Credentials=[PROTECTED], Authenticated=true, Details=WebAuthenticationDetails [RemoteIpAddress=0:0:0:0:0:0:0:1, SessionId=null], Granted Authorities=[ROLE_ANONYMOUS]]
26-06-09 11:33:29.863 [http-nio-8080-exec-6] TRACE o.s.security.web.FilterChainProxy    - Invoking ExceptionTranslationFilter (13/14)
26-06-09 11:33:29.863 [http-nio-8080-exec-6] TRACE o.s.security.web.FilterChainProxy    - Invoking AuthorizationFilter (14/14)
26-06-09 11:33:29.864 [http-nio-8080-exec-6] TRACE o.s.s.w.a.i.RequestMatcherDelegatingAuthorizationManager - Authorizing GET /api/users
26-06-09 11:33:29.864 [http-nio-8080-exec-6] TRACE o.s.s.w.a.i.RequestMatcherDelegatingAuthorizationManager - Checking authorization on GET /api/users using org.springframework.security.config.annotation.web.configurers.AuthorizeHttpRequestsConfigurer$$Lambda$2081/0x00000272cfd0c580@779cb1f1
26-06-09 11:33:29.864 [http-nio-8080-exec-6] DEBUG o.s.security.web.FilterChainProxy    - Secured GET /api/users
26-06-09 11:33:29.867 [http-nio-8080-exec-6] TRACE o.s.s.w.h.writers.HstsHeaderWriter   - Not injecting HSTS header since it did not match request to [Is Secure]
26-06-09 11:34:00.327 [http-nio-8080-exec-3] TRACE o.s.security.web.FilterChainProxy    - Trying to match request against DefaultSecurityFilterChain defined as 'filterChain' in [class path resource [com/sprint/mission/discodeit/common/config/SecurityConfig.class]] matching [any request] and having filters [DisableEncodeUrl, WebAsyncManagerIntegration, SecurityContextHolder, HeaderWriter, Csrf, Logout, JwtAuthentication, UsernamePasswordAuthentication, RequestCacheAware, SecurityContextHolderAwareRequest, AnonymousAuthentication, SessionManagement, ExceptionTranslation, Authorization] (1/1)
26-06-09 11:34:00.327 [http-nio-8080-exec-3] DEBUG o.s.security.web.FilterChainProxy    - Securing GET /actuator/metrics
26-06-09 11:34:00.327 [http-nio-8080-exec-3] TRACE o.s.security.web.FilterChainProxy    - Invoking DisableEncodeUrlFilter (1/14)
26-06-09 11:34:00.327 [http-nio-8080-exec-3] TRACE o.s.security.web.FilterChainProxy    - Invoking WebAsyncManagerIntegrationFilter (2/14)
26-06-09 11:34:00.327 [http-nio-8080-exec-3] TRACE o.s.security.web.FilterChainProxy    - Invoking SecurityContextHolderFilter (3/14)
26-06-09 11:34:00.328 [http-nio-8080-exec-3] TRACE o.s.security.web.FilterChainProxy    - Invoking HeaderWriterFilter (4/14)
26-06-09 11:34:00.328 [http-nio-8080-exec-3] TRACE o.s.security.web.FilterChainProxy    - Invoking CsrfFilter (5/14)
26-06-09 11:34:00.328 [http-nio-8080-exec-3] TRACE o.s.security.web.csrf.CsrfFilter     - Did not protect against CSRF since request did not match CsrfNotRequired [TRACE, HEAD, GET, OPTIONS]
26-06-09 11:34:00.328 [http-nio-8080-exec-3] TRACE o.s.security.web.FilterChainProxy    - Invoking LogoutFilter (6/14)
26-06-09 11:34:00.328 [http-nio-8080-exec-3] TRACE o.s.s.w.a.logout.LogoutFilter        - Did not match request to Ant [pattern='/api/auth/logout', POST]
26-06-09 11:34:00.328 [http-nio-8080-exec-3] TRACE o.s.security.web.FilterChainProxy    - Invoking JwtAuthenticationFilter (7/14)
26-06-09 11:34:00.328 [http-nio-8080-exec-3] TRACE o.s.security.web.FilterChainProxy    - Invoking UsernamePasswordAuthenticationFilter (8/14)
26-06-09 11:34:00.328 [http-nio-8080-exec-3] TRACE o.s.s.w.a.UsernamePasswordAuthenticationFilter - Did not match request to Ant [pattern='/api/auth/login', POST]
26-06-09 11:34:00.328 [http-nio-8080-exec-3] TRACE o.s.security.web.FilterChainProxy    - Invoking RequestCacheAwareFilter (9/14)
26-06-09 11:34:00.328 [http-nio-8080-exec-3] TRACE o.s.security.web.FilterChainProxy    - Invoking SecurityContextHolderAwareRequestFilter (10/14)
26-06-09 11:34:00.328 [http-nio-8080-exec-3] TRACE o.s.security.web.FilterChainProxy    - Invoking AnonymousAuthenticationFilter (11/14)
26-06-09 11:34:00.328 [http-nio-8080-exec-3] TRACE o.s.security.web.FilterChainProxy    - Invoking SessionManagementFilter (12/14)
26-06-09 11:34:00.329 [http-nio-8080-exec-3] TRACE o.s.s.w.c.SupplierDeferredSecurityContext - Created SecurityContextImpl [Null authentication]
26-06-09 11:34:00.329 [http-nio-8080-exec-3] TRACE o.s.s.w.a.AnonymousAuthenticationFilter - Set SecurityContextHolder to AnonymousAuthenticationToken [Principal=anonymousUser, Credentials=[PROTECTED], Authenticated=true, Details=WebAuthenticationDetails [RemoteIpAddress=0:0:0:0:0:0:0:1, SessionId=null], Granted Authorities=[ROLE_ANONYMOUS]]
26-06-09 11:34:00.329 [http-nio-8080-exec-3] TRACE o.s.security.web.FilterChainProxy    - Invoking ExceptionTranslationFilter (13/14)
26-06-09 11:34:00.329 [http-nio-8080-exec-3] TRACE o.s.security.web.FilterChainProxy    - Invoking AuthorizationFilter (14/14)
26-06-09 11:34:00.329 [http-nio-8080-exec-3] TRACE o.s.s.w.a.i.RequestMatcherDelegatingAuthorizationManager - Authorizing GET /actuator/metrics
26-06-09 11:34:00.329 [http-nio-8080-exec-3] TRACE o.s.s.w.a.i.RequestMatcherDelegatingAuthorizationManager - Checking authorization on GET /actuator/metrics using org.springframework.security.config.annotation.web.configurers.AuthorizeHttpRequestsConfigurer$$Lambda$2081/0x00000272cfd0c580@779cb1f1
26-06-09 11:34:00.331 [http-nio-8080-exec-3] DEBUG o.s.security.web.FilterChainProxy    - Secured GET /actuator/metrics
26-06-09 11:34:00.342 [http-nio-8080-exec-3] TRACE o.s.s.w.h.writers.HstsHeaderWriter   - Not injecting HSTS header since it did not match request to [Is Secure]
26-06-09 11:35:17.433 [SpringApplicationShutdownHook] INFO  o.s.b.w.e.tomcat.GracefulShutdown    - Commencing graceful shutdown. Waiting for active requests to complete
26-06-09 11:35:17.871 [tomcat-shutdown] INFO  o.s.b.w.e.tomcat.GracefulShutdown    - Graceful shutdown complete
26-06-09 11:35:17.878 [SpringApplicationShutdownHook] INFO  o.s.o.j.LocalContainerEntityManagerFactoryBean - Closing JPA EntityManagerFactory for persistence unit 'default'
26-06-09 11:35:17.880 [SpringApplicationShutdownHook] INFO  com.zaxxer.hikari.HikariDataSource   - HikariPool-1 - Shutdown initiated...
26-06-09 11:35:17.885 [SpringApplicationShutdownHook] INFO  com.zaxxer.hikari.HikariDataSource   - HikariPool-1 - Shutdown completed.
26-06-09 11:35:23.948 [background-preinit] INFO  o.h.validator.internal.util.Version  - HV000001: Hibernate Validator 8.0.1.Final
26-06-09 11:35:24.032 [main] INFO  c.s.m.discodeit.DiscodeitApplication - Starting DiscodeitApplication using Java 17.0.17 with PID 3528 (C:\codeit\sprint_mission_3_base\build\classes\java\main started by HP in C:\codeit\sprint_mission_3_base)
26-06-09 11:35:24.033 [main] DEBUG c.s.m.discodeit.DiscodeitApplication - Running with Spring Boot v3.4.0, Spring v6.2.0
26-06-09 11:35:24.035 [main] INFO  c.s.m.discodeit.DiscodeitApplication - The following 1 profile is active: "dev"
26-06-09 11:35:26.043 [main] INFO  o.s.d.r.c.RepositoryConfigurationDelegate - Bootstrapping Spring Data JPA repositories in DEFAULT mode.
26-06-09 11:35:26.227 [main] INFO  o.s.d.r.c.RepositoryConfigurationDelegate - Finished Spring Data repository scanning in 172 ms. Found 6 JPA repository interfaces.
26-06-09 11:35:27.489 [main] INFO  o.s.b.w.e.tomcat.TomcatWebServer     - Tomcat initialized with port 8080 (http)
26-06-09 11:35:27.507 [main] INFO  o.a.coyote.http11.Http11NioProtocol  - Initializing ProtocolHandler ["http-nio-8080"]
26-06-09 11:35:27.510 [main] INFO  o.a.catalina.core.StandardService    - Starting service [Tomcat]
26-06-09 11:35:27.510 [main] INFO  o.a.catalina.core.StandardEngine     - Starting Servlet engine: [Apache Tomcat/10.1.33]
26-06-09 11:35:27.622 [main] INFO  o.a.c.c.C.[Tomcat].[localhost].[/]   - Initializing Spring embedded WebApplicationContext
26-06-09 11:35:27.622 [main] INFO  o.s.b.w.s.c.ServletWebServerApplicationContext - Root WebApplicationContext: initialization completed in 3498 ms
26-06-09 11:35:28.115 [main] INFO  o.h.jpa.internal.util.LogHelper      - HHH000204: Processing PersistenceUnitInfo [name: default]
26-06-09 11:35:28.186 [main] INFO  org.hibernate.Version                - HHH000412: Hibernate ORM core version 6.6.2.Final
26-06-09 11:35:28.232 [main] INFO  o.h.c.i.RegionFactoryInitiator       - HHH000026: Second-level cache disabled
26-06-09 11:35:28.580 [main] INFO  o.s.o.j.p.SpringPersistenceUnitInfo  - No LoadTimeWeaver setup: ignoring JPA class transformer
26-06-09 11:35:28.617 [main] INFO  com.zaxxer.hikari.HikariDataSource   - HikariPool-1 - Starting...
26-06-09 11:35:28.836 [main] INFO  com.zaxxer.hikari.pool.HikariPool    - HikariPool-1 - Added connection org.postgresql.jdbc.PgConnection@9a74a93
26-06-09 11:35:28.839 [main] INFO  com.zaxxer.hikari.HikariDataSource   - HikariPool-1 - Start completed.
26-06-09 11:35:28.883 [main] WARN  org.hibernate.orm.deprecation        - HHH90000025: PostgreSQLDialect does not need to be specified explicitly using 'hibernate.dialect' (remove the property setting and it will be selected by default)
26-06-09 11:35:28.908 [main] INFO  o.hibernate.orm.connections.pooling  - HHH10001005: Database info:
	Database JDBC URL [Connecting through datasource 'HikariDataSource (HikariPool-1)']
	Database driver: undefined/unknown
	Database version: 18.2
	Autocommit mode: undefined/unknown
	Isolation level: undefined/unknown
	Minimum pool size: undefined/unknown
	Maximum pool size: undefined/unknown
26-06-09 11:35:30.315 [main] INFO  o.h.e.t.j.p.i.JtaPlatformInitiator   - HHH000489: No JTA platform available (set 'hibernate.transaction.jta.platform' to enable JTA platform integration)
26-06-09 11:35:30.320 [main] INFO  o.s.o.j.LocalContainerEntityManagerFactoryBean - Initialized JPA EntityManagerFactory for persistence unit 'default'
26-06-09 11:35:30.826 [main] DEBUG c.s.m.discodeit.async.MDCFilter      - Filter 'MDCFilter' configured for use
26-06-09 11:35:30.827 [main] DEBUG c.s.m.d.jwt.JwtAuthenticationFilter  - Filter 'jwtAuthenticationFilter' configured for use
26-06-09 11:35:30.928 [main] DEBUG o.s.s.a.h.RoleHierarchyImpl          - setHierarchy() - The following role hierarchy was set: ROLE_ADMIN > ROLE_CHANNEL_MANAGER
ROLE_CHANNEL_MANAGER > ROLE_USER
26-06-09 11:35:30.929 [main] DEBUG o.s.s.a.h.RoleHierarchyImpl          - buildRolesReachableInOneStepMap() - From role ROLE_ADMIN one can reach role ROLE_CHANNEL_MANAGER in one step.
26-06-09 11:35:30.929 [main] DEBUG o.s.s.a.h.RoleHierarchyImpl          - buildRolesReachableInOneStepMap() - From role ROLE_CHANNEL_MANAGER one can reach role ROLE_USER in one step.
26-06-09 11:35:30.929 [main] DEBUG o.s.s.a.h.RoleHierarchyImpl          - buildRolesReachableInOneOrMoreStepsMap() - From role ROLE_ADMIN one can reach [ROLE_USER, ROLE_CHANNEL_MANAGER] in one or more steps.
26-06-09 11:35:30.929 [main] DEBUG o.s.s.a.h.RoleHierarchyImpl          - buildRolesReachableInOneOrMoreStepsMap() - From role ROLE_CHANNEL_MANAGER one can reach [ROLE_USER] in one or more steps.
26-06-09 11:35:31.949 [main] INFO  o.s.d.j.r.query.QueryEnhancerFactory - Hibernate is in classpath; If applicable, HQL parser will be used.
26-06-09 11:35:33.079 [main] WARN  o.s.b.a.o.j.JpaBaseConfiguration$JpaWebConfiguration - spring.jpa.open-in-view is enabled by default. Therefore, database queries may be performed during view rendering. Explicitly configure spring.jpa.open-in-view to disable this warning
26-06-09 11:35:33.138 [main] TRACE o.s.s.c.a.a.c.AuthenticationConfiguration$EnableGlobalAuthenticationAutowiredConfigurer - Eagerly initializing {securityConfig=com.sprint.mission.discodeit.common.config.SecurityConfig$$SpringCGLIB$$0@50d666a2}
26-06-09 11:35:33.145 [main] INFO  o.s.s.c.a.a.c.InitializeUserDetailsBeanManagerConfigurer$InitializeUserDetailsManagerConfigurer - Global AuthenticationManager configured with UserDetailsService bean with name discodeitUserDetailsService
26-06-09 11:35:33.247 [main] INFO  o.s.b.a.w.s.WelcomePageHandlerMapping - Adding welcome page: class path resource [static/index.html]
26-06-09 11:35:33.760 [main] INFO  o.s.b.a.e.web.EndpointLinksResolver  - Exposing 5 endpoints beneath base path '/actuator'
26-06-09 11:35:33.942 [main] DEBUG o.s.s.web.DefaultSecurityFilterChain - Will secure any request with filters: DisableEncodeUrlFilter, WebAsyncManagerIntegrationFilter, SecurityContextHolderFilter, HeaderWriterFilter, CsrfFilter, LogoutFilter, JwtAuthenticationFilter, UsernamePasswordAuthenticationFilter, RequestCacheAwareFilter, SecurityContextHolderAwareRequestFilter, AnonymousAuthenticationFilter, SessionManagementFilter, ExceptionTranslationFilter, AuthorizationFilter
26-06-09 11:35:34.915 [main] INFO  o.a.coyote.http11.Http11NioProtocol  - Starting ProtocolHandler ["http-nio-8080"]
26-06-09 11:35:34.939 [main] INFO  o.s.b.w.e.tomcat.TomcatWebServer     - Tomcat started on port 8080 (http) with context path '/'
26-06-09 11:35:34.957 [main] INFO  c.s.m.discodeit.DiscodeitApplication - Started DiscodeitApplication in 11.726 seconds (process running for 13.058)
26-06-09 11:35:35.058 [main] DEBUG org.hibernate.SQL                    - 
    select
        u1_0.id 
    from
        users u1_0 
    where
        u1_0.role=? 
    fetch
        first ? rows only
26-06-09 11:35:35.066 [main] TRACE org.hibernate.orm.jdbc.bind          - binding parameter (1:VARCHAR) <- [ADMIN]
26-06-09 11:35:35.066 [main] TRACE org.hibernate.orm.jdbc.bind          - binding parameter (2:INTEGER) <- [1]
26-06-09 11:35:35.085 [main] TRACE org.hibernate.orm.jdbc.extract       - extracted value (1:UUID) -> [c9250cab-cae8-4509-8180-0da4b11066e8]
26-06-09 11:35:35.288 [RMI TCP Connection(3)-172.30.1.47] INFO  o.a.c.c.C.[Tomcat].[localhost].[/]   - Initializing Spring DispatcherServlet 'dispatcherServlet'
26-06-09 11:35:35.289 [RMI TCP Connection(3)-172.30.1.47] INFO  o.s.web.servlet.DispatcherServlet    - Initializing Servlet 'dispatcherServlet'
26-06-09 11:35:35.290 [RMI TCP Connection(3)-172.30.1.47] INFO  o.s.web.servlet.DispatcherServlet    - Completed initialization in 1 ms
26-06-09 11:35:39.749 [http-nio-8080-exec-1] TRACE o.s.security.web.FilterChainProxy    - Trying to match request against DefaultSecurityFilterChain defined as 'filterChain' in [class path resource [com/sprint/mission/discodeit/common/config/SecurityConfig.class]] matching [any request] and having filters [DisableEncodeUrl, WebAsyncManagerIntegration, SecurityContextHolder, HeaderWriter, Csrf, Logout, JwtAuthentication, UsernamePasswordAuthentication, RequestCacheAware, SecurityContextHolderAwareRequest, AnonymousAuthentication, SessionManagement, ExceptionTranslation, Authorization] (1/1)
26-06-09 11:35:39.750 [http-nio-8080-exec-1] DEBUG o.s.security.web.FilterChainProxy    - Securing GET /swagger-ui/index.html
26-06-09 11:35:39.753 [http-nio-8080-exec-1] TRACE o.s.security.web.FilterChainProxy    - Invoking DisableEncodeUrlFilter (1/14)
26-06-09 11:35:39.758 [http-nio-8080-exec-1] TRACE o.s.security.web.FilterChainProxy    - Invoking WebAsyncManagerIntegrationFilter (2/14)
26-06-09 11:35:39.762 [http-nio-8080-exec-1] TRACE o.s.security.web.FilterChainProxy    - Invoking SecurityContextHolderFilter (3/14)
26-06-09 11:35:39.764 [http-nio-8080-exec-1] TRACE o.s.security.web.FilterChainProxy    - Invoking HeaderWriterFilter (4/14)
26-06-09 11:35:39.765 [http-nio-8080-exec-1] TRACE o.s.security.web.FilterChainProxy    - Invoking CsrfFilter (5/14)
26-06-09 11:35:39.770 [http-nio-8080-exec-1] TRACE o.s.security.web.csrf.CsrfFilter     - Did not protect against CSRF since request did not match CsrfNotRequired [TRACE, HEAD, GET, OPTIONS]
26-06-09 11:35:39.770 [http-nio-8080-exec-1] TRACE o.s.security.web.FilterChainProxy    - Invoking LogoutFilter (6/14)
26-06-09 11:35:39.772 [http-nio-8080-exec-1] TRACE o.s.s.w.a.logout.LogoutFilter        - Did not match request to Ant [pattern='/api/auth/logout', POST]
26-06-09 11:35:39.772 [http-nio-8080-exec-1] TRACE o.s.security.web.FilterChainProxy    - Invoking JwtAuthenticationFilter (7/14)
26-06-09 11:35:39.772 [http-nio-8080-exec-1] TRACE o.s.security.web.FilterChainProxy    - Invoking UsernamePasswordAuthenticationFilter (8/14)
26-06-09 11:35:39.772 [http-nio-8080-exec-1] TRACE o.s.s.w.a.UsernamePasswordAuthenticationFilter - Did not match request to Ant [pattern='/api/auth/login', POST]
26-06-09 11:35:39.772 [http-nio-8080-exec-1] TRACE o.s.security.web.FilterChainProxy    - Invoking RequestCacheAwareFilter (9/14)
26-06-09 11:35:39.772 [http-nio-8080-exec-1] TRACE o.s.security.web.FilterChainProxy    - Invoking SecurityContextHolderAwareRequestFilter (10/14)
26-06-09 11:35:39.774 [http-nio-8080-exec-1] TRACE o.s.security.web.FilterChainProxy    - Invoking AnonymousAuthenticationFilter (11/14)
26-06-09 11:35:39.774 [http-nio-8080-exec-1] TRACE o.s.security.web.FilterChainProxy    - Invoking SessionManagementFilter (12/14)
26-06-09 11:35:39.775 [http-nio-8080-exec-1] TRACE o.s.s.w.c.SupplierDeferredSecurityContext - Created SecurityContextImpl [Null authentication]
26-06-09 11:35:39.776 [http-nio-8080-exec-1] TRACE o.s.s.w.a.AnonymousAuthenticationFilter - Set SecurityContextHolder to AnonymousAuthenticationToken [Principal=anonymousUser, Credentials=[PROTECTED], Authenticated=true, Details=WebAuthenticationDetails [RemoteIpAddress=0:0:0:0:0:0:0:1, SessionId=null], Granted Authorities=[ROLE_ANONYMOUS]]
26-06-09 11:35:39.776 [http-nio-8080-exec-1] TRACE o.s.security.web.FilterChainProxy    - Invoking ExceptionTranslationFilter (13/14)
26-06-09 11:35:39.777 [http-nio-8080-exec-1] TRACE o.s.security.web.FilterChainProxy    - Invoking AuthorizationFilter (14/14)
26-06-09 11:35:39.779 [http-nio-8080-exec-1] TRACE o.s.s.w.a.i.RequestMatcherDelegatingAuthorizationManager - Authorizing GET /swagger-ui/index.html
26-06-09 11:35:39.781 [http-nio-8080-exec-1] TRACE o.s.s.w.a.i.RequestMatcherDelegatingAuthorizationManager - Checking authorization on GET /swagger-ui/index.html using org.springframework.security.config.annotation.web.configurers.AuthorizeHttpRequestsConfigurer$$Lambda$2085/0x000002383dd7d2d8@657eb03b
26-06-09 11:35:39.783 [http-nio-8080-exec-1] DEBUG o.s.security.web.FilterChainProxy    - Secured GET /swagger-ui/index.html
26-06-09 11:35:39.818 [http-nio-8080-exec-1] TRACE o.s.s.w.h.writers.HstsHeaderWriter   - Not injecting HSTS header since it did not match request to [Is Secure]
26-06-09 11:35:39.843 [http-nio-8080-exec-2] TRACE o.s.security.web.FilterChainProxy    - Trying to match request against DefaultSecurityFilterChain defined as 'filterChain' in [class path resource [com/sprint/mission/discodeit/common/config/SecurityConfig.class]] matching [any request] and having filters [DisableEncodeUrl, WebAsyncManagerIntegration, SecurityContextHolder, HeaderWriter, Csrf, Logout, JwtAuthentication, UsernamePasswordAuthentication, RequestCacheAware, SecurityContextHolderAwareRequest, AnonymousAuthentication, SessionManagement, ExceptionTranslation, Authorization] (1/1)
26-06-09 11:35:39.845 [http-nio-8080-exec-3] TRACE o.s.security.web.FilterChainProxy    - Trying to match request against DefaultSecurityFilterChain defined as 'filterChain' in [class path resource [com/sprint/mission/discodeit/common/config/SecurityConfig.class]] matching [any request] and having filters [DisableEncodeUrl, WebAsyncManagerIntegration, SecurityContextHolder, HeaderWriter, Csrf, Logout, JwtAuthentication, UsernamePasswordAuthentication, RequestCacheAware, SecurityContextHolderAwareRequest, AnonymousAuthentication, SessionManagement, ExceptionTranslation, Authorization] (1/1)
26-06-09 11:35:39.845 [http-nio-8080-exec-5] TRACE o.s.security.web.FilterChainProxy    - Trying to match request against DefaultSecurityFilterChain defined as 'filterChain' in [class path resource [com/sprint/mission/discodeit/common/config/SecurityConfig.class]] matching [any request] and having filters [DisableEncodeUrl, WebAsyncManagerIntegration, SecurityContextHolder, HeaderWriter, Csrf, Logout, JwtAuthentication, UsernamePasswordAuthentication, RequestCacheAware, SecurityContextHolderAwareRequest, AnonymousAuthentication, SessionManagement, ExceptionTranslation, Authorization] (1/1)
26-06-09 11:35:39.845 [http-nio-8080-exec-3] DEBUG o.s.security.web.FilterChainProxy    - Securing GET /swagger-ui/index.css
26-06-09 11:35:39.845 [http-nio-8080-exec-5] DEBUG o.s.security.web.FilterChainProxy    - Securing GET /swagger-ui/swagger-ui-bundle.js
26-06-09 11:35:39.845 [http-nio-8080-exec-3] TRACE o.s.security.web.FilterChainProxy    - Invoking DisableEncodeUrlFilter (1/14)
26-06-09 11:35:39.845 [http-nio-8080-exec-5] TRACE o.s.security.web.FilterChainProxy    - Invoking DisableEncodeUrlFilter (1/14)
26-06-09 11:35:39.845 [http-nio-8080-exec-3] TRACE o.s.security.web.FilterChainProxy    - Invoking WebAsyncManagerIntegrationFilter (2/14)
26-06-09 11:35:39.845 [http-nio-8080-exec-5] TRACE o.s.security.web.FilterChainProxy    - Invoking WebAsyncManagerIntegrationFilter (2/14)
26-06-09 11:35:39.846 [http-nio-8080-exec-3] TRACE o.s.security.web.FilterChainProxy    - Invoking SecurityContextHolderFilter (3/14)
26-06-09 11:35:39.846 [http-nio-8080-exec-5] TRACE o.s.security.web.FilterChainProxy    - Invoking SecurityContextHolderFilter (3/14)
26-06-09 11:35:39.846 [http-nio-8080-exec-2] DEBUG o.s.security.web.FilterChainProxy    - Securing GET /swagger-ui/swagger-ui.css
26-06-09 11:35:39.846 [http-nio-8080-exec-3] TRACE o.s.security.web.FilterChainProxy    - Invoking HeaderWriterFilter (4/14)
26-06-09 11:35:39.846 [http-nio-8080-exec-5] TRACE o.s.security.web.FilterChainProxy    - Invoking HeaderWriterFilter (4/14)
26-06-09 11:35:39.846 [http-nio-8080-exec-6] TRACE o.s.security.web.FilterChainProxy    - Trying to match request against DefaultSecurityFilterChain defined as 'filterChain' in [class path resource [com/sprint/mission/discodeit/common/config/SecurityConfig.class]] matching [any request] and having filters [DisableEncodeUrl, WebAsyncManagerIntegration, SecurityContextHolder, HeaderWriter, Csrf, Logout, JwtAuthentication, UsernamePasswordAuthentication, RequestCacheAware, SecurityContextHolderAwareRequest, AnonymousAuthentication, SessionManagement, ExceptionTranslation, Authorization] (1/1)
26-06-09 11:35:39.846 [http-nio-8080-exec-2] TRACE o.s.security.web.FilterChainProxy    - Invoking DisableEncodeUrlFilter (1/14)
26-06-09 11:35:39.846 [http-nio-8080-exec-6] DEBUG o.s.security.web.FilterChainProxy    - Securing GET /swagger-ui/swagger-ui-standalone-preset.js
26-06-09 11:35:39.846 [http-nio-8080-exec-4] TRACE o.s.security.web.FilterChainProxy    - Trying to match request against DefaultSecurityFilterChain defined as 'filterChain' in [class path resource [com/sprint/mission/discodeit/common/config/SecurityConfig.class]] matching [any request] and having filters [DisableEncodeUrl, WebAsyncManagerIntegration, SecurityContextHolder, HeaderWriter, Csrf, Logout, JwtAuthentication, UsernamePasswordAuthentication, RequestCacheAware, SecurityContextHolderAwareRequest, AnonymousAuthentication, SessionManagement, ExceptionTranslation, Authorization] (1/1)
26-06-09 11:35:39.846 [http-nio-8080-exec-5] TRACE o.s.security.web.FilterChainProxy    - Invoking CsrfFilter (5/14)
26-06-09 11:35:39.846 [http-nio-8080-exec-3] TRACE o.s.security.web.FilterChainProxy    - Invoking CsrfFilter (5/14)
26-06-09 11:35:39.846 [http-nio-8080-exec-4] DEBUG o.s.security.web.FilterChainProxy    - Securing GET /swagger-ui/swagger-initializer.js
26-06-09 11:35:39.846 [http-nio-8080-exec-2] TRACE o.s.security.web.FilterChainProxy    - Invoking WebAsyncManagerIntegrationFilter (2/14)
26-06-09 11:35:39.846 [http-nio-8080-exec-3] TRACE o.s.security.web.csrf.CsrfFilter     - Did not protect against CSRF since request did not match CsrfNotRequired [TRACE, HEAD, GET, OPTIONS]
26-06-09 11:35:39.846 [http-nio-8080-exec-6] TRACE o.s.security.web.FilterChainProxy    - Invoking DisableEncodeUrlFilter (1/14)
26-06-09 11:35:39.846 [http-nio-8080-exec-4] TRACE o.s.security.web.FilterChainProxy    - Invoking DisableEncodeUrlFilter (1/14)
26-06-09 11:35:39.846 [http-nio-8080-exec-5] TRACE o.s.security.web.csrf.CsrfFilter     - Did not protect against CSRF since request did not match CsrfNotRequired [TRACE, HEAD, GET, OPTIONS]
26-06-09 11:35:39.846 [http-nio-8080-exec-3] TRACE o.s.security.web.FilterChainProxy    - Invoking LogoutFilter (6/14)
26-06-09 11:35:39.846 [http-nio-8080-exec-2] TRACE o.s.security.web.FilterChainProxy    - Invoking SecurityContextHolderFilter (3/14)
26-06-09 11:35:39.846 [http-nio-8080-exec-5] TRACE o.s.security.web.FilterChainProxy    - Invoking LogoutFilter (6/14)
26-06-09 11:35:39.846 [http-nio-8080-exec-6] TRACE o.s.security.web.FilterChainProxy    - Invoking WebAsyncManagerIntegrationFilter (2/14)
26-06-09 11:35:39.847 [http-nio-8080-exec-3] TRACE o.s.s.w.a.logout.LogoutFilter        - Did not match request to Ant [pattern='/api/auth/logout', POST]
26-06-09 11:35:39.847 [http-nio-8080-exec-5] TRACE o.s.s.w.a.logout.LogoutFilter        - Did not match request to Ant [pattern='/api/auth/logout', POST]
26-06-09 11:35:39.847 [http-nio-8080-exec-4] TRACE o.s.security.web.FilterChainProxy    - Invoking WebAsyncManagerIntegrationFilter (2/14)
26-06-09 11:35:39.847 [http-nio-8080-exec-2] TRACE o.s.security.web.FilterChainProxy    - Invoking HeaderWriterFilter (4/14)
26-06-09 11:35:39.847 [http-nio-8080-exec-6] TRACE o.s.security.web.FilterChainProxy    - Invoking SecurityContextHolderFilter (3/14)
26-06-09 11:35:39.847 [http-nio-8080-exec-3] TRACE o.s.security.web.FilterChainProxy    - Invoking JwtAuthenticationFilter (7/14)
26-06-09 11:35:39.847 [http-nio-8080-exec-4] TRACE o.s.security.web.FilterChainProxy    - Invoking SecurityContextHolderFilter (3/14)
26-06-09 11:35:39.847 [http-nio-8080-exec-5] TRACE o.s.security.web.FilterChainProxy    - Invoking JwtAuthenticationFilter (7/14)
26-06-09 11:35:39.847 [http-nio-8080-exec-2] TRACE o.s.security.web.FilterChainProxy    - Invoking CsrfFilter (5/14)
26-06-09 11:35:39.847 [http-nio-8080-exec-3] TRACE o.s.security.web.FilterChainProxy    - Invoking UsernamePasswordAuthenticationFilter (8/14)
26-06-09 11:35:39.847 [http-nio-8080-exec-6] TRACE o.s.security.web.FilterChainProxy    - Invoking HeaderWriterFilter (4/14)
26-06-09 11:35:39.847 [http-nio-8080-exec-4] TRACE o.s.security.web.FilterChainProxy    - Invoking HeaderWriterFilter (4/14)
26-06-09 11:35:39.847 [http-nio-8080-exec-2] TRACE o.s.security.web.csrf.CsrfFilter     - Did not protect against CSRF since request did not match CsrfNotRequired [TRACE, HEAD, GET, OPTIONS]
26-06-09 11:35:39.847 [http-nio-8080-exec-3] TRACE o.s.s.w.a.UsernamePasswordAuthenticationFilter - Did not match request to Ant [pattern='/api/auth/login', POST]
26-06-09 11:35:39.847 [http-nio-8080-exec-5] TRACE o.s.security.web.FilterChainProxy    - Invoking UsernamePasswordAuthenticationFilter (8/14)
26-06-09 11:35:39.847 [http-nio-8080-exec-2] TRACE o.s.security.web.FilterChainProxy    - Invoking LogoutFilter (6/14)
26-06-09 11:35:39.847 [http-nio-8080-exec-6] TRACE o.s.security.web.FilterChainProxy    - Invoking CsrfFilter (5/14)
26-06-09 11:35:39.847 [http-nio-8080-exec-4] TRACE o.s.security.web.FilterChainProxy    - Invoking CsrfFilter (5/14)
26-06-09 11:35:39.847 [http-nio-8080-exec-3] TRACE o.s.security.web.FilterChainProxy    - Invoking RequestCacheAwareFilter (9/14)
26-06-09 11:35:39.847 [http-nio-8080-exec-2] TRACE o.s.s.w.a.logout.LogoutFilter        - Did not match request to Ant [pattern='/api/auth/logout', POST]
26-06-09 11:35:39.847 [http-nio-8080-exec-5] TRACE o.s.s.w.a.UsernamePasswordAuthenticationFilter - Did not match request to Ant [pattern='/api/auth/login', POST]
26-06-09 11:35:39.847 [http-nio-8080-exec-4] TRACE o.s.security.web.csrf.CsrfFilter     - Did not protect against CSRF since request did not match CsrfNotRequired [TRACE, HEAD, GET, OPTIONS]
26-06-09 11:35:39.847 [http-nio-8080-exec-2] TRACE o.s.security.web.FilterChainProxy    - Invoking JwtAuthenticationFilter (7/14)
26-06-09 11:35:39.847 [http-nio-8080-exec-3] TRACE o.s.security.web.FilterChainProxy    - Invoking SecurityContextHolderAwareRequestFilter (10/14)
26-06-09 11:35:39.847 [http-nio-8080-exec-6] TRACE o.s.security.web.csrf.CsrfFilter     - Did not protect against CSRF since request did not match CsrfNotRequired [TRACE, HEAD, GET, OPTIONS]
26-06-09 11:35:39.847 [http-nio-8080-exec-2] TRACE o.s.security.web.FilterChainProxy    - Invoking UsernamePasswordAuthenticationFilter (8/14)
26-06-09 11:35:39.847 [http-nio-8080-exec-5] TRACE o.s.security.web.FilterChainProxy    - Invoking RequestCacheAwareFilter (9/14)
26-06-09 11:35:39.847 [http-nio-8080-exec-6] TRACE o.s.security.web.FilterChainProxy    - Invoking LogoutFilter (6/14)
26-06-09 11:35:39.847 [http-nio-8080-exec-2] TRACE o.s.s.w.a.UsernamePasswordAuthenticationFilter - Did not match request to Ant [pattern='/api/auth/login', POST]
26-06-09 11:35:39.847 [http-nio-8080-exec-4] TRACE o.s.security.web.FilterChainProxy    - Invoking LogoutFilter (6/14)
26-06-09 11:35:39.847 [http-nio-8080-exec-3] TRACE o.s.security.web.FilterChainProxy    - Invoking AnonymousAuthenticationFilter (11/14)
26-06-09 11:35:39.849 [http-nio-8080-exec-5] TRACE o.s.security.web.FilterChainProxy    - Invoking SecurityContextHolderAwareRequestFilter (10/14)
26-06-09 11:35:39.849 [http-nio-8080-exec-2] TRACE o.s.security.web.FilterChainProxy    - Invoking RequestCacheAwareFilter (9/14)
26-06-09 11:35:39.849 [http-nio-8080-exec-6] TRACE o.s.s.w.a.logout.LogoutFilter        - Did not match request to Ant [pattern='/api/auth/logout', POST]
26-06-09 11:35:39.849 [http-nio-8080-exec-5] TRACE o.s.security.web.FilterChainProxy    - Invoking AnonymousAuthenticationFilter (11/14)
26-06-09 11:35:39.849 [http-nio-8080-exec-4] TRACE o.s.s.w.a.logout.LogoutFilter        - Did not match request to Ant [pattern='/api/auth/logout', POST]
26-06-09 11:35:39.849 [http-nio-8080-exec-3] TRACE o.s.security.web.FilterChainProxy    - Invoking SessionManagementFilter (12/14)
26-06-09 11:35:39.849 [http-nio-8080-exec-6] TRACE o.s.security.web.FilterChainProxy    - Invoking JwtAuthenticationFilter (7/14)
26-06-09 11:35:39.849 [http-nio-8080-exec-2] TRACE o.s.security.web.FilterChainProxy    - Invoking SecurityContextHolderAwareRequestFilter (10/14)
26-06-09 11:35:39.849 [http-nio-8080-exec-5] TRACE o.s.security.web.FilterChainProxy    - Invoking SessionManagementFilter (12/14)
26-06-09 11:35:39.849 [http-nio-8080-exec-4] TRACE o.s.security.web.FilterChainProxy    - Invoking JwtAuthenticationFilter (7/14)
26-06-09 11:35:39.849 [http-nio-8080-exec-6] TRACE o.s.security.web.FilterChainProxy    - Invoking UsernamePasswordAuthenticationFilter (8/14)
26-06-09 11:35:39.849 [http-nio-8080-exec-2] TRACE o.s.security.web.FilterChainProxy    - Invoking AnonymousAuthenticationFilter (11/14)
26-06-09 11:35:39.849 [http-nio-8080-exec-3] TRACE o.s.s.w.c.SupplierDeferredSecurityContext - Created SecurityContextImpl [Null authentication]
26-06-09 11:35:39.849 [http-nio-8080-exec-6] TRACE o.s.s.w.a.UsernamePasswordAuthenticationFilter - Did not match request to Ant [pattern='/api/auth/login', POST]
26-06-09 11:35:39.849 [http-nio-8080-exec-5] TRACE o.s.s.w.c.SupplierDeferredSecurityContext - Created SecurityContextImpl [Null authentication]
26-06-09 11:35:39.849 [http-nio-8080-exec-4] TRACE o.s.security.web.FilterChainProxy    - Invoking UsernamePasswordAuthenticationFilter (8/14)
26-06-09 11:35:39.849 [http-nio-8080-exec-3] TRACE o.s.s.w.a.AnonymousAuthenticationFilter - Set SecurityContextHolder to AnonymousAuthenticationToken [Principal=anonymousUser, Credentials=[PROTECTED], Authenticated=true, Details=WebAuthenticationDetails [RemoteIpAddress=0:0:0:0:0:0:0:1, SessionId=null], Granted Authorities=[ROLE_ANONYMOUS]]
26-06-09 11:35:39.849 [http-nio-8080-exec-2] TRACE o.s.security.web.FilterChainProxy    - Invoking SessionManagementFilter (12/14)
26-06-09 11:35:39.849 [http-nio-8080-exec-5] TRACE o.s.s.w.a.AnonymousAuthenticationFilter - Set SecurityContextHolder to AnonymousAuthenticationToken [Principal=anonymousUser, Credentials=[PROTECTED], Authenticated=true, Details=WebAuthenticationDetails [RemoteIpAddress=0:0:0:0:0:0:0:1, SessionId=null], Granted Authorities=[ROLE_ANONYMOUS]]
26-06-09 11:35:39.849 [http-nio-8080-exec-6] TRACE o.s.security.web.FilterChainProxy    - Invoking RequestCacheAwareFilter (9/14)
26-06-09 11:35:39.849 [http-nio-8080-exec-4] TRACE o.s.s.w.a.UsernamePasswordAuthenticationFilter - Did not match request to Ant [pattern='/api/auth/login', POST]
26-06-09 11:35:39.849 [http-nio-8080-exec-5] TRACE o.s.security.web.FilterChainProxy    - Invoking ExceptionTranslationFilter (13/14)
26-06-09 11:35:39.849 [http-nio-8080-exec-3] TRACE o.s.security.web.FilterChainProxy    - Invoking ExceptionTranslationFilter (13/14)
26-06-09 11:35:39.849 [http-nio-8080-exec-6] TRACE o.s.security.web.FilterChainProxy    - Invoking SecurityContextHolderAwareRequestFilter (10/14)
26-06-09 11:35:39.849 [http-nio-8080-exec-2] TRACE o.s.s.w.c.SupplierDeferredSecurityContext - Created SecurityContextImpl [Null authentication]
26-06-09 11:35:39.849 [http-nio-8080-exec-4] TRACE o.s.security.web.FilterChainProxy    - Invoking RequestCacheAwareFilter (9/14)
26-06-09 11:35:39.849 [http-nio-8080-exec-5] TRACE o.s.security.web.FilterChainProxy    - Invoking AuthorizationFilter (14/14)
26-06-09 11:35:39.849 [http-nio-8080-exec-2] TRACE o.s.s.w.a.AnonymousAuthenticationFilter - Set SecurityContextHolder to AnonymousAuthenticationToken [Principal=anonymousUser, Credentials=[PROTECTED], Authenticated=true, Details=WebAuthenticationDetails [RemoteIpAddress=0:0:0:0:0:0:0:1, SessionId=null], Granted Authorities=[ROLE_ANONYMOUS]]
26-06-09 11:35:39.849 [http-nio-8080-exec-3] TRACE o.s.security.web.FilterChainProxy    - Invoking AuthorizationFilter (14/14)
26-06-09 11:35:39.849 [http-nio-8080-exec-6] TRACE o.s.security.web.FilterChainProxy    - Invoking AnonymousAuthenticationFilter (11/14)
26-06-09 11:35:39.849 [http-nio-8080-exec-4] TRACE o.s.security.web.FilterChainProxy    - Invoking SecurityContextHolderAwareRequestFilter (10/14)
26-06-09 11:35:39.849 [http-nio-8080-exec-2] TRACE o.s.security.web.FilterChainProxy    - Invoking ExceptionTranslationFilter (13/14)
26-06-09 11:35:39.849 [http-nio-8080-exec-6] TRACE o.s.security.web.FilterChainProxy    - Invoking SessionManagementFilter (12/14)
26-06-09 11:35:39.849 [http-nio-8080-exec-4] TRACE o.s.security.web.FilterChainProxy    - Invoking AnonymousAuthenticationFilter (11/14)
26-06-09 11:35:39.849 [http-nio-8080-exec-5] TRACE o.s.s.w.a.i.RequestMatcherDelegatingAuthorizationManager - Authorizing GET /swagger-ui/swagger-ui-bundle.js
26-06-09 11:35:39.849 [http-nio-8080-exec-2] TRACE o.s.security.web.FilterChainProxy    - Invoking AuthorizationFilter (14/14)
26-06-09 11:35:39.849 [http-nio-8080-exec-3] TRACE o.s.s.w.a.i.RequestMatcherDelegatingAuthorizationManager - Authorizing GET /swagger-ui/index.css
26-06-09 11:35:39.849 [http-nio-8080-exec-6] TRACE o.s.s.w.c.SupplierDeferredSecurityContext - Created SecurityContextImpl [Null authentication]
26-06-09 11:35:39.850 [http-nio-8080-exec-4] TRACE o.s.security.web.FilterChainProxy    - Invoking SessionManagementFilter (12/14)
26-06-09 11:35:39.850 [http-nio-8080-exec-6] TRACE o.s.s.w.a.AnonymousAuthenticationFilter - Set SecurityContextHolder to AnonymousAuthenticationToken [Principal=anonymousUser, Credentials=[PROTECTED], Authenticated=true, Details=WebAuthenticationDetails [RemoteIpAddress=0:0:0:0:0:0:0:1, SessionId=null], Granted Authorities=[ROLE_ANONYMOUS]]
26-06-09 11:35:39.850 [http-nio-8080-exec-2] TRACE o.s.s.w.a.i.RequestMatcherDelegatingAuthorizationManager - Authorizing GET /swagger-ui/swagger-ui.css
26-06-09 11:35:39.850 [http-nio-8080-exec-4] TRACE o.s.s.w.c.SupplierDeferredSecurityContext - Created SecurityContextImpl [Null authentication]
26-06-09 11:35:39.850 [http-nio-8080-exec-6] TRACE o.s.security.web.FilterChainProxy    - Invoking ExceptionTranslationFilter (13/14)
26-06-09 11:35:39.850 [http-nio-8080-exec-3] TRACE o.s.s.w.a.i.RequestMatcherDelegatingAuthorizationManager - Checking authorization on GET /swagger-ui/index.css using org.springframework.security.config.annotation.web.configurers.AuthorizeHttpRequestsConfigurer$$Lambda$2085/0x000002383dd7d2d8@657eb03b
26-06-09 11:35:39.850 [http-nio-8080-exec-4] TRACE o.s.s.w.a.AnonymousAuthenticationFilter - Set SecurityContextHolder to AnonymousAuthenticationToken [Principal=anonymousUser, Credentials=[PROTECTED], Authenticated=true, Details=WebAuthenticationDetails [RemoteIpAddress=0:0:0:0:0:0:0:1, SessionId=null], Granted Authorities=[ROLE_ANONYMOUS]]
26-06-09 11:35:39.850 [http-nio-8080-exec-2] TRACE o.s.s.w.a.i.RequestMatcherDelegatingAuthorizationManager - Checking authorization on GET /swagger-ui/swagger-ui.css using org.springframework.security.config.annotation.web.configurers.AuthorizeHttpRequestsConfigurer$$Lambda$2085/0x000002383dd7d2d8@657eb03b
26-06-09 11:35:39.850 [http-nio-8080-exec-4] TRACE o.s.security.web.FilterChainProxy    - Invoking ExceptionTranslationFilter (13/14)
26-06-09 11:35:39.850 [http-nio-8080-exec-6] TRACE o.s.security.web.FilterChainProxy    - Invoking AuthorizationFilter (14/14)
26-06-09 11:35:39.850 [http-nio-8080-exec-5] TRACE o.s.s.w.a.i.RequestMatcherDelegatingAuthorizationManager - Checking authorization on GET /swagger-ui/swagger-ui-bundle.js using org.springframework.security.config.annotation.web.configurers.AuthorizeHttpRequestsConfigurer$$Lambda$2085/0x000002383dd7d2d8@657eb03b
26-06-09 11:35:39.850 [http-nio-8080-exec-4] TRACE o.s.security.web.FilterChainProxy    - Invoking AuthorizationFilter (14/14)
26-06-09 11:35:39.850 [http-nio-8080-exec-6] TRACE o.s.s.w.a.i.RequestMatcherDelegatingAuthorizationManager - Authorizing GET /swagger-ui/swagger-ui-standalone-preset.js
26-06-09 11:35:39.850 [http-nio-8080-exec-3] DEBUG o.s.security.web.FilterChainProxy    - Secured GET /swagger-ui/index.css
26-06-09 11:35:39.850 [http-nio-8080-exec-2] DEBUG o.s.security.web.FilterChainProxy    - Secured GET /swagger-ui/swagger-ui.css
26-06-09 11:35:39.850 [http-nio-8080-exec-4] TRACE o.s.s.w.a.i.RequestMatcherDelegatingAuthorizationManager - Authorizing GET /swagger-ui/swagger-initializer.js
26-06-09 11:35:39.851 [http-nio-8080-exec-6] TRACE o.s.s.w.a.i.RequestMatcherDelegatingAuthorizationManager - Checking authorization on GET /swagger-ui/swagger-ui-standalone-preset.js using org.springframework.security.config.annotation.web.configurers.AuthorizeHttpRequestsConfigurer$$Lambda$2085/0x000002383dd7d2d8@657eb03b
26-06-09 11:35:39.851 [http-nio-8080-exec-5] DEBUG o.s.security.web.FilterChainProxy    - Secured GET /swagger-ui/swagger-ui-bundle.js
26-06-09 11:35:39.851 [http-nio-8080-exec-4] TRACE o.s.s.w.a.i.RequestMatcherDelegatingAuthorizationManager - Checking authorization on GET /swagger-ui/swagger-initializer.js using org.springframework.security.config.annotation.web.configurers.AuthorizeHttpRequestsConfigurer$$Lambda$2085/0x000002383dd7d2d8@657eb03b
26-06-09 11:35:39.851 [http-nio-8080-exec-6] DEBUG o.s.security.web.FilterChainProxy    - Secured GET /swagger-ui/swagger-ui-standalone-preset.js
26-06-09 11:35:39.851 [http-nio-8080-exec-4] DEBUG o.s.security.web.FilterChainProxy    - Secured GET /swagger-ui/swagger-initializer.js
26-06-09 11:35:39.855 [http-nio-8080-exec-3] TRACE o.s.s.w.h.writers.HstsHeaderWriter   - Not injecting HSTS header since it did not match request to [Is Secure]
26-06-09 11:35:39.855 [http-nio-8080-exec-6] TRACE o.s.s.w.h.writers.HstsHeaderWriter   - Not injecting HSTS header since it did not match request to [Is Secure]
26-06-09 11:35:39.855 [http-nio-8080-exec-5] TRACE o.s.s.w.h.writers.HstsHeaderWriter   - Not injecting HSTS header since it did not match request to [Is Secure]
26-06-09 11:35:39.855 [http-nio-8080-exec-2] TRACE o.s.s.w.h.writers.HstsHeaderWriter   - Not injecting HSTS header since it did not match request to [Is Secure]
26-06-09 11:35:39.881 [http-nio-8080-exec-4] TRACE o.s.s.w.h.writers.HstsHeaderWriter   - Not injecting HSTS header since it did not match request to [Is Secure]
26-06-09 11:35:39.961 [http-nio-8080-exec-8] TRACE o.s.security.web.FilterChainProxy    - Trying to match request against DefaultSecurityFilterChain defined as 'filterChain' in [class path resource [com/sprint/mission/discodeit/common/config/SecurityConfig.class]] matching [any request] and having filters [DisableEncodeUrl, WebAsyncManagerIntegration, SecurityContextHolder, HeaderWriter, Csrf, Logout, JwtAuthentication, UsernamePasswordAuthentication, RequestCacheAware, SecurityContextHolderAwareRequest, AnonymousAuthentication, SessionManagement, ExceptionTranslation, Authorization] (1/1)
26-06-09 11:35:39.961 [http-nio-8080-exec-8] DEBUG o.s.security.web.FilterChainProxy    - Securing GET /swagger-ui/favicon-32x32.png
26-06-09 11:35:39.961 [http-nio-8080-exec-8] TRACE o.s.security.web.FilterChainProxy    - Invoking DisableEncodeUrlFilter (1/14)
26-06-09 11:35:39.963 [http-nio-8080-exec-7] TRACE o.s.security.web.FilterChainProxy    - Trying to match request against DefaultSecurityFilterChain defined as 'filterChain' in [class path resource [com/sprint/mission/discodeit/common/config/SecurityConfig.class]] matching [any request] and having filters [DisableEncodeUrl, WebAsyncManagerIntegration, SecurityContextHolder, HeaderWriter, Csrf, Logout, JwtAuthentication, UsernamePasswordAuthentication, RequestCacheAware, SecurityContextHolderAwareRequest, AnonymousAuthentication, SessionManagement, ExceptionTranslation, Authorization] (1/1)
26-06-09 11:35:39.963 [http-nio-8080-exec-8] TRACE o.s.security.web.FilterChainProxy    - Invoking WebAsyncManagerIntegrationFilter (2/14)
26-06-09 11:35:39.963 [http-nio-8080-exec-7] DEBUG o.s.security.web.FilterChainProxy    - Securing GET /v3/api-docs/swagger-config
26-06-09 11:35:39.963 [http-nio-8080-exec-8] TRACE o.s.security.web.FilterChainProxy    - Invoking SecurityContextHolderFilter (3/14)
26-06-09 11:35:39.963 [http-nio-8080-exec-7] TRACE o.s.security.web.FilterChainProxy    - Invoking DisableEncodeUrlFilter (1/14)
26-06-09 11:35:39.963 [http-nio-8080-exec-8] TRACE o.s.security.web.FilterChainProxy    - Invoking HeaderWriterFilter (4/14)
26-06-09 11:35:39.963 [http-nio-8080-exec-7] TRACE o.s.security.web.FilterChainProxy    - Invoking WebAsyncManagerIntegrationFilter (2/14)
26-06-09 11:35:39.963 [http-nio-8080-exec-8] TRACE o.s.security.web.FilterChainProxy    - Invoking CsrfFilter (5/14)
26-06-09 11:35:39.963 [http-nio-8080-exec-7] TRACE o.s.security.web.FilterChainProxy    - Invoking SecurityContextHolderFilter (3/14)
26-06-09 11:35:39.964 [http-nio-8080-exec-7] TRACE o.s.security.web.FilterChainProxy    - Invoking HeaderWriterFilter (4/14)
26-06-09 11:35:39.964 [http-nio-8080-exec-8] TRACE o.s.security.web.csrf.CsrfFilter     - Did not protect against CSRF since request did not match CsrfNotRequired [TRACE, HEAD, GET, OPTIONS]
26-06-09 11:35:39.964 [http-nio-8080-exec-7] TRACE o.s.security.web.FilterChainProxy    - Invoking CsrfFilter (5/14)
26-06-09 11:35:39.964 [http-nio-8080-exec-8] TRACE o.s.security.web.FilterChainProxy    - Invoking LogoutFilter (6/14)
26-06-09 11:35:39.964 [http-nio-8080-exec-7] TRACE o.s.security.web.csrf.CsrfFilter     - Did not protect against CSRF since request did not match CsrfNotRequired [TRACE, HEAD, GET, OPTIONS]
26-06-09 11:35:39.964 [http-nio-8080-exec-8] TRACE o.s.s.w.a.logout.LogoutFilter        - Did not match request to Ant [pattern='/api/auth/logout', POST]
26-06-09 11:35:39.964 [http-nio-8080-exec-7] TRACE o.s.security.web.FilterChainProxy    - Invoking LogoutFilter (6/14)
26-06-09 11:35:39.964 [http-nio-8080-exec-8] TRACE o.s.security.web.FilterChainProxy    - Invoking JwtAuthenticationFilter (7/14)
26-06-09 11:35:39.964 [http-nio-8080-exec-7] TRACE o.s.s.w.a.logout.LogoutFilter        - Did not match request to Ant [pattern='/api/auth/logout', POST]
26-06-09 11:35:39.964 [http-nio-8080-exec-8] TRACE o.s.security.web.FilterChainProxy    - Invoking UsernamePasswordAuthenticationFilter (8/14)
26-06-09 11:35:39.964 [http-nio-8080-exec-7] TRACE o.s.security.web.FilterChainProxy    - Invoking JwtAuthenticationFilter (7/14)
26-06-09 11:35:39.964 [http-nio-8080-exec-8] TRACE o.s.s.w.a.UsernamePasswordAuthenticationFilter - Did not match request to Ant [pattern='/api/auth/login', POST]
26-06-09 11:35:39.964 [http-nio-8080-exec-7] TRACE o.s.security.web.FilterChainProxy    - Invoking UsernamePasswordAuthenticationFilter (8/14)
26-06-09 11:35:39.964 [http-nio-8080-exec-8] TRACE o.s.security.web.FilterChainProxy    - Invoking RequestCacheAwareFilter (9/14)
26-06-09 11:35:39.964 [http-nio-8080-exec-7] TRACE o.s.s.w.a.UsernamePasswordAuthenticationFilter - Did not match request to Ant [pattern='/api/auth/login', POST]
26-06-09 11:35:39.964 [http-nio-8080-exec-7] TRACE o.s.security.web.FilterChainProxy    - Invoking RequestCacheAwareFilter (9/14)
26-06-09 11:35:39.964 [http-nio-8080-exec-8] TRACE o.s.security.web.FilterChainProxy    - Invoking SecurityContextHolderAwareRequestFilter (10/14)
26-06-09 11:35:39.965 [http-nio-8080-exec-8] TRACE o.s.security.web.FilterChainProxy    - Invoking AnonymousAuthenticationFilter (11/14)
26-06-09 11:35:39.965 [http-nio-8080-exec-7] TRACE o.s.security.web.FilterChainProxy    - Invoking SecurityContextHolderAwareRequestFilter (10/14)
26-06-09 11:35:39.965 [http-nio-8080-exec-8] TRACE o.s.security.web.FilterChainProxy    - Invoking SessionManagementFilter (12/14)
26-06-09 11:35:39.965 [http-nio-8080-exec-7] TRACE o.s.security.web.FilterChainProxy    - Invoking AnonymousAuthenticationFilter (11/14)
26-06-09 11:35:39.965 [http-nio-8080-exec-8] TRACE o.s.s.w.c.SupplierDeferredSecurityContext - Created SecurityContextImpl [Null authentication]
26-06-09 11:35:39.965 [http-nio-8080-exec-7] TRACE o.s.security.web.FilterChainProxy    - Invoking SessionManagementFilter (12/14)
26-06-09 11:35:39.965 [http-nio-8080-exec-7] TRACE o.s.s.w.c.SupplierDeferredSecurityContext - Created SecurityContextImpl [Null authentication]
26-06-09 11:35:39.965 [http-nio-8080-exec-8] TRACE o.s.s.w.a.AnonymousAuthenticationFilter - Set SecurityContextHolder to AnonymousAuthenticationToken [Principal=anonymousUser, Credentials=[PROTECTED], Authenticated=true, Details=WebAuthenticationDetails [RemoteIpAddress=0:0:0:0:0:0:0:1, SessionId=null], Granted Authorities=[ROLE_ANONYMOUS]]
26-06-09 11:35:39.965 [http-nio-8080-exec-8] TRACE o.s.security.web.FilterChainProxy    - Invoking ExceptionTranslationFilter (13/14)
26-06-09 11:35:39.965 [http-nio-8080-exec-7] TRACE o.s.s.w.a.AnonymousAuthenticationFilter - Set SecurityContextHolder to AnonymousAuthenticationToken [Principal=anonymousUser, Credentials=[PROTECTED], Authenticated=true, Details=WebAuthenticationDetails [RemoteIpAddress=0:0:0:0:0:0:0:1, SessionId=null], Granted Authorities=[ROLE_ANONYMOUS]]
26-06-09 11:35:39.965 [http-nio-8080-exec-8] TRACE o.s.security.web.FilterChainProxy    - Invoking AuthorizationFilter (14/14)
26-06-09 11:35:39.965 [http-nio-8080-exec-7] TRACE o.s.security.web.FilterChainProxy    - Invoking ExceptionTranslationFilter (13/14)
26-06-09 11:35:39.965 [http-nio-8080-exec-7] TRACE o.s.security.web.FilterChainProxy    - Invoking AuthorizationFilter (14/14)
26-06-09 11:35:39.965 [http-nio-8080-exec-8] TRACE o.s.s.w.a.i.RequestMatcherDelegatingAuthorizationManager - Authorizing GET /swagger-ui/favicon-32x32.png
26-06-09 11:35:39.965 [http-nio-8080-exec-7] TRACE o.s.s.w.a.i.RequestMatcherDelegatingAuthorizationManager - Authorizing GET /v3/api-docs/swagger-config
26-06-09 11:35:39.966 [http-nio-8080-exec-7] TRACE o.s.s.w.a.i.RequestMatcherDelegatingAuthorizationManager - Checking authorization on GET /v3/api-docs/swagger-config using org.springframework.security.config.annotation.web.configurers.AuthorizeHttpRequestsConfigurer$$Lambda$2085/0x000002383dd7d2d8@657eb03b
26-06-09 11:35:39.966 [http-nio-8080-exec-8] TRACE o.s.s.w.a.i.RequestMatcherDelegatingAuthorizationManager - Checking authorization on GET /swagger-ui/favicon-32x32.png using org.springframework.security.config.annotation.web.configurers.AuthorizeHttpRequestsConfigurer$$Lambda$2085/0x000002383dd7d2d8@657eb03b
26-06-09 11:35:39.966 [http-nio-8080-exec-8] DEBUG o.s.security.web.FilterChainProxy    - Secured GET /swagger-ui/favicon-32x32.png
26-06-09 11:35:39.966 [http-nio-8080-exec-7] DEBUG o.s.security.web.FilterChainProxy    - Secured GET /v3/api-docs/swagger-config
26-06-09 11:35:39.973 [http-nio-8080-exec-8] TRACE o.s.s.w.h.writers.HstsHeaderWriter   - Not injecting HSTS header since it did not match request to [Is Secure]
26-06-09 11:35:40.007 [http-nio-8080-exec-7] TRACE o.s.s.w.h.writers.HstsHeaderWriter   - Not injecting HSTS header since it did not match request to [Is Secure]
26-06-09 11:35:40.026 [http-nio-8080-exec-9] TRACE o.s.security.web.FilterChainProxy    - Trying to match request against DefaultSecurityFilterChain defined as 'filterChain' in [class path resource [com/sprint/mission/discodeit/common/config/SecurityConfig.class]] matching [any request] and having filters [DisableEncodeUrl, WebAsyncManagerIntegration, SecurityContextHolder, HeaderWriter, Csrf, Logout, JwtAuthentication, UsernamePasswordAuthentication, RequestCacheAware, SecurityContextHolderAwareRequest, AnonymousAuthentication, SessionManagement, ExceptionTranslation, Authorization] (1/1)
26-06-09 11:35:40.026 [http-nio-8080-exec-9] DEBUG o.s.security.web.FilterChainProxy    - Securing GET /v3/api-docs
26-06-09 11:35:40.026 [http-nio-8080-exec-9] TRACE o.s.security.web.FilterChainProxy    - Invoking DisableEncodeUrlFilter (1/14)
26-06-09 11:35:40.026 [http-nio-8080-exec-9] TRACE o.s.security.web.FilterChainProxy    - Invoking WebAsyncManagerIntegrationFilter (2/14)
26-06-09 11:35:40.026 [http-nio-8080-exec-9] TRACE o.s.security.web.FilterChainProxy    - Invoking SecurityContextHolderFilter (3/14)
26-06-09 11:35:40.026 [http-nio-8080-exec-9] TRACE o.s.security.web.FilterChainProxy    - Invoking HeaderWriterFilter (4/14)
26-06-09 11:35:40.027 [http-nio-8080-exec-9] TRACE o.s.security.web.FilterChainProxy    - Invoking CsrfFilter (5/14)
26-06-09 11:35:40.027 [http-nio-8080-exec-9] TRACE o.s.security.web.csrf.CsrfFilter     - Did not protect against CSRF since request did not match CsrfNotRequired [TRACE, HEAD, GET, OPTIONS]
26-06-09 11:35:40.027 [http-nio-8080-exec-9] TRACE o.s.security.web.FilterChainProxy    - Invoking LogoutFilter (6/14)
26-06-09 11:35:40.027 [http-nio-8080-exec-9] TRACE o.s.s.w.a.logout.LogoutFilter        - Did not match request to Ant [pattern='/api/auth/logout', POST]
26-06-09 11:35:40.027 [http-nio-8080-exec-9] TRACE o.s.security.web.FilterChainProxy    - Invoking JwtAuthenticationFilter (7/14)
26-06-09 11:35:40.027 [http-nio-8080-exec-9] TRACE o.s.security.web.FilterChainProxy    - Invoking UsernamePasswordAuthenticationFilter (8/14)
26-06-09 11:35:40.027 [http-nio-8080-exec-9] TRACE o.s.s.w.a.UsernamePasswordAuthenticationFilter - Did not match request to Ant [pattern='/api/auth/login', POST]
26-06-09 11:35:40.027 [http-nio-8080-exec-9] TRACE o.s.security.web.FilterChainProxy    - Invoking RequestCacheAwareFilter (9/14)
26-06-09 11:35:40.027 [http-nio-8080-exec-9] TRACE o.s.security.web.FilterChainProxy    - Invoking SecurityContextHolderAwareRequestFilter (10/14)
26-06-09 11:35:40.028 [http-nio-8080-exec-9] TRACE o.s.security.web.FilterChainProxy    - Invoking AnonymousAuthenticationFilter (11/14)
26-06-09 11:35:40.028 [http-nio-8080-exec-9] TRACE o.s.security.web.FilterChainProxy    - Invoking SessionManagementFilter (12/14)
26-06-09 11:35:40.028 [http-nio-8080-exec-9] TRACE o.s.s.w.c.SupplierDeferredSecurityContext - Created SecurityContextImpl [Null authentication]
26-06-09 11:35:40.028 [http-nio-8080-exec-9] TRACE o.s.s.w.a.AnonymousAuthenticationFilter - Set SecurityContextHolder to AnonymousAuthenticationToken [Principal=anonymousUser, Credentials=[PROTECTED], Authenticated=true, Details=WebAuthenticationDetails [RemoteIpAddress=0:0:0:0:0:0:0:1, SessionId=null], Granted Authorities=[ROLE_ANONYMOUS]]
26-06-09 11:35:40.028 [http-nio-8080-exec-9] TRACE o.s.security.web.FilterChainProxy    - Invoking ExceptionTranslationFilter (13/14)
26-06-09 11:35:40.028 [http-nio-8080-exec-9] TRACE o.s.security.web.FilterChainProxy    - Invoking AuthorizationFilter (14/14)
26-06-09 11:35:40.028 [http-nio-8080-exec-9] TRACE o.s.s.w.a.i.RequestMatcherDelegatingAuthorizationManager - Authorizing GET /v3/api-docs
26-06-09 11:35:40.028 [http-nio-8080-exec-9] TRACE o.s.s.w.a.i.RequestMatcherDelegatingAuthorizationManager - Checking authorization on GET /v3/api-docs using org.springframework.security.config.annotation.web.configurers.AuthorizeHttpRequestsConfigurer$$Lambda$2085/0x000002383dd7d2d8@657eb03b
26-06-09 11:35:40.030 [http-nio-8080-exec-9] DEBUG o.s.security.web.FilterChainProxy    - Secured GET /v3/api-docs
26-06-09 11:35:40.874 [http-nio-8080-exec-9] INFO  o.s.api.AbstractOpenApiResource      - Init duration for springdoc-openapi is: 824 ms
26-06-09 11:35:40.908 [http-nio-8080-exec-9] TRACE o.s.s.w.h.writers.HstsHeaderWriter   - Not injecting HSTS header since it did not match request to [Is Secure]
26-06-09 11:35:43.248 [http-nio-8080-exec-10] TRACE o.s.security.web.FilterChainProxy    - Trying to match request against DefaultSecurityFilterChain defined as 'filterChain' in [class path resource [com/sprint/mission/discodeit/common/config/SecurityConfig.class]] matching [any request] and having filters [DisableEncodeUrl, WebAsyncManagerIntegration, SecurityContextHolder, HeaderWriter, Csrf, Logout, JwtAuthentication, UsernamePasswordAuthentication, RequestCacheAware, SecurityContextHolderAwareRequest, AnonymousAuthentication, SessionManagement, ExceptionTranslation, Authorization] (1/1)
26-06-09 11:35:43.248 [http-nio-8080-exec-10] DEBUG o.s.security.web.FilterChainProxy    - Securing GET /api/users
26-06-09 11:35:43.248 [http-nio-8080-exec-10] TRACE o.s.security.web.FilterChainProxy    - Invoking DisableEncodeUrlFilter (1/14)
26-06-09 11:35:43.248 [http-nio-8080-exec-10] TRACE o.s.security.web.FilterChainProxy    - Invoking WebAsyncManagerIntegrationFilter (2/14)
26-06-09 11:35:43.249 [http-nio-8080-exec-10] TRACE o.s.security.web.FilterChainProxy    - Invoking SecurityContextHolderFilter (3/14)
26-06-09 11:35:43.249 [http-nio-8080-exec-10] TRACE o.s.security.web.FilterChainProxy    - Invoking HeaderWriterFilter (4/14)
26-06-09 11:35:43.249 [http-nio-8080-exec-10] TRACE o.s.security.web.FilterChainProxy    - Invoking CsrfFilter (5/14)
26-06-09 11:35:43.249 [http-nio-8080-exec-10] TRACE o.s.security.web.csrf.CsrfFilter     - Did not protect against CSRF since request did not match CsrfNotRequired [TRACE, HEAD, GET, OPTIONS]
26-06-09 11:35:43.249 [http-nio-8080-exec-10] TRACE o.s.security.web.FilterChainProxy    - Invoking LogoutFilter (6/14)
26-06-09 11:35:43.249 [http-nio-8080-exec-10] TRACE o.s.s.w.a.logout.LogoutFilter        - Did not match request to Ant [pattern='/api/auth/logout', POST]
26-06-09 11:35:43.249 [http-nio-8080-exec-10] TRACE o.s.security.web.FilterChainProxy    - Invoking JwtAuthenticationFilter (7/14)
26-06-09 11:35:43.249 [http-nio-8080-exec-10] TRACE o.s.security.web.FilterChainProxy    - Invoking UsernamePasswordAuthenticationFilter (8/14)
26-06-09 11:35:43.249 [http-nio-8080-exec-10] TRACE o.s.s.w.a.UsernamePasswordAuthenticationFilter - Did not match request to Ant [pattern='/api/auth/login', POST]
26-06-09 11:35:43.250 [http-nio-8080-exec-10] TRACE o.s.security.web.FilterChainProxy    - Invoking RequestCacheAwareFilter (9/14)
26-06-09 11:35:43.250 [http-nio-8080-exec-10] TRACE o.s.security.web.FilterChainProxy    - Invoking SecurityContextHolderAwareRequestFilter (10/14)
26-06-09 11:35:43.250 [http-nio-8080-exec-10] TRACE o.s.security.web.FilterChainProxy    - Invoking AnonymousAuthenticationFilter (11/14)
26-06-09 11:35:43.250 [http-nio-8080-exec-10] TRACE o.s.security.web.FilterChainProxy    - Invoking SessionManagementFilter (12/14)
26-06-09 11:35:43.250 [http-nio-8080-exec-10] TRACE o.s.s.w.c.SupplierDeferredSecurityContext - Created SecurityContextImpl [Null authentication]
26-06-09 11:35:43.250 [http-nio-8080-exec-10] TRACE o.s.s.w.a.AnonymousAuthenticationFilter - Set SecurityContextHolder to AnonymousAuthenticationToken [Principal=anonymousUser, Credentials=[PROTECTED], Authenticated=true, Details=WebAuthenticationDetails [RemoteIpAddress=0:0:0:0:0:0:0:1, SessionId=null], Granted Authorities=[ROLE_ANONYMOUS]]
26-06-09 11:35:43.250 [http-nio-8080-exec-10] TRACE o.s.security.web.FilterChainProxy    - Invoking ExceptionTranslationFilter (13/14)
26-06-09 11:35:43.251 [http-nio-8080-exec-10] TRACE o.s.security.web.FilterChainProxy    - Invoking AuthorizationFilter (14/14)
26-06-09 11:35:43.251 [http-nio-8080-exec-10] TRACE o.s.s.w.a.i.RequestMatcherDelegatingAuthorizationManager - Authorizing GET /api/users
26-06-09 11:35:43.251 [http-nio-8080-exec-10] TRACE o.s.s.w.a.i.RequestMatcherDelegatingAuthorizationManager - Checking authorization on GET /api/users using org.springframework.security.config.annotation.web.configurers.AuthorizeHttpRequestsConfigurer$$Lambda$2085/0x000002383dd7d2d8@657eb03b
26-06-09 11:35:43.251 [http-nio-8080-exec-10] DEBUG o.s.security.web.FilterChainProxy    - Secured GET /api/users
26-06-09 11:35:43.307 [http-nio-8080-exec-10] DEBUG org.hibernate.SQL                    - 
    select
        u1_0.id,
        u1_0.created_at,
        u1_0.email,
        u1_0.password,
        u1_0.profile_id,
        u1_0.role,
        u1_0.updated_at,
        u1_0.username 
    from
        users u1_0
26-06-09 11:35:43.320 [http-nio-8080-exec-10] TRACE org.hibernate.orm.jdbc.extract       - extracted value (1:UUID) -> [27b85a60-4f13-455f-b5a3-7f7d762b2139]
26-06-09 11:35:43.324 [http-nio-8080-exec-10] TRACE org.hibernate.orm.jdbc.extract       - extracted value (5:UUID) -> [46746932-09b7-410a-b9bf-3f7cdbf1f402]
26-06-09 11:35:43.331 [http-nio-8080-exec-10] TRACE org.hibernate.orm.jdbc.extract       - extracted value (2:TIMESTAMP_UTC) -> [2026-03-09T06:17:44.434753Z]
26-06-09 11:35:43.332 [http-nio-8080-exec-10] TRACE org.hibernate.orm.jdbc.extract       - extracted value (3:VARCHAR) -> [test@test.com]
26-06-09 11:35:43.332 [http-nio-8080-exec-10] TRACE org.hibernate.orm.jdbc.extract       - extracted value (4:VARCHAR) -> [$2a$10$7BU..v74ygmDenkiaWKtVeZsZR6G0lVc1NGfkMSRq0iJ.iUl5ZYVq]
26-06-09 11:35:43.332 [http-nio-8080-exec-10] TRACE org.hibernate.orm.jdbc.extract       - extracted value (6:VARCHAR) -> [USER]
26-06-09 11:35:43.332 [http-nio-8080-exec-10] TRACE org.hibernate.orm.jdbc.extract       - extracted value (7:TIMESTAMP_UTC) -> [2026-03-09T06:17:44.434753Z]
26-06-09 11:35:43.332 [http-nio-8080-exec-10] TRACE org.hibernate.orm.jdbc.extract       - extracted value (8:VARCHAR) -> [승리]
26-06-09 11:35:43.340 [http-nio-8080-exec-10] TRACE org.hibernate.orm.jdbc.extract       - extracted value (1:UUID) -> [9d64639e-787a-46cc-9abf-5f8717295f33]
26-06-09 11:35:43.341 [http-nio-8080-exec-10] TRACE org.hibernate.orm.jdbc.extract       - extracted value (5:UUID) -> [1a4039ff-b856-4639-8a2d-4b4cac93793c]
26-06-09 11:35:43.341 [http-nio-8080-exec-10] TRACE org.hibernate.orm.jdbc.extract       - extracted value (2:TIMESTAMP_UTC) -> [2026-03-09T06:21:22.042528Z]
26-06-09 11:35:43.341 [http-nio-8080-exec-10] TRACE org.hibernate.orm.jdbc.extract       - extracted value (3:VARCHAR) -> [test2@test.com]
26-06-09 11:35:43.341 [http-nio-8080-exec-10] TRACE org.hibernate.orm.jdbc.extract       - extracted value (4:VARCHAR) -> [$2a$10$3oTo2dk3/hVlqmBF/B1aEeCazX0ZJNNl8/HJbY.NyNxAaN2NM2ZwK]
26-06-09 11:35:43.341 [http-nio-8080-exec-10] TRACE org.hibernate.orm.jdbc.extract       - extracted value (6:VARCHAR) -> [USER]
26-06-09 11:35:43.341 [http-nio-8080-exec-10] TRACE org.hibernate.orm.jdbc.extract       - extracted value (7:TIMESTAMP_UTC) -> [2026-03-09T06:21:22.042528Z]
26-06-09 11:35:43.341 [http-nio-8080-exec-10] TRACE org.hibernate.orm.jdbc.extract       - extracted value (8:VARCHAR) -> [asr]
26-06-09 11:35:43.341 [http-nio-8080-exec-10] TRACE org.hibernate.orm.jdbc.extract       - extracted value (1:UUID) -> [041397c9-3494-48eb-83dc-3d24cf2f2d19]
26-06-09 11:35:43.341 [http-nio-8080-exec-10] TRACE org.hibernate.orm.jdbc.extract       - extracted value (5:UUID) -> [317d8fef-86f0-4287-afdd-fcf080c55726]
26-06-09 11:35:43.343 [http-nio-8080-exec-10] TRACE org.hibernate.orm.jdbc.extract       - extracted value (2:TIMESTAMP_UTC) -> [2026-03-09T06:31:53.104366Z]
26-06-09 11:35:43.343 [http-nio-8080-exec-10] TRACE org.hibernate.orm.jdbc.extract       - extracted value (3:VARCHAR) -> [test3@test.com]
26-06-09 11:35:43.343 [http-nio-8080-exec-10] TRACE org.hibernate.orm.jdbc.extract       - extracted value (4:VARCHAR) -> [$2a$10$UnGIi/zuHaSenHg7H9beUOciM9N6zkJjWwRQuwbH96Va4Ab6MCFEa]
26-06-09 11:35:43.343 [http-nio-8080-exec-10] TRACE org.hibernate.orm.jdbc.extract       - extracted value (6:VARCHAR) -> [USER]
26-06-09 11:35:43.343 [http-nio-8080-exec-10] TRACE org.hibernate.orm.jdbc.extract       - extracted value (7:TIMESTAMP_UTC) -> [2026-03-09T06:31:53.104366Z]
26-06-09 11:35:43.343 [http-nio-8080-exec-10] TRACE org.hibernate.orm.jdbc.extract       - extracted value (8:VARCHAR) -> [테스트3]
26-06-09 11:35:43.343 [http-nio-8080-exec-10] TRACE org.hibernate.orm.jdbc.extract       - extracted value (1:UUID) -> [f725946c-dfe7-441d-84af-9bfdade76e9a]
26-06-09 11:35:43.343 [http-nio-8080-exec-10] TRACE org.hibernate.orm.jdbc.extract       - extracted value (5:UUID) -> [null]
26-06-09 11:35:43.343 [http-nio-8080-exec-10] TRACE org.hibernate.orm.jdbc.extract       - extracted value (2:TIMESTAMP_UTC) -> [2026-03-09T06:35:16.233568Z]
26-06-09 11:35:43.343 [http-nio-8080-exec-10] TRACE org.hibernate.orm.jdbc.extract       - extracted value (3:VARCHAR) -> [test4@test.com]
26-06-09 11:35:43.343 [http-nio-8080-exec-10] TRACE org.hibernate.orm.jdbc.extract       - extracted value (4:VARCHAR) -> [$2a$10$cMN0GgSpDkktYi82VNwwlu1b7Oq2aFY0i2uxC3R4L9nbgUpCmMKyC]
26-06-09 11:35:43.343 [http-nio-8080-exec-10] TRACE org.hibernate.orm.jdbc.extract       - extracted value (6:VARCHAR) -> [USER]
26-06-09 11:35:43.344 [http-nio-8080-exec-10] TRACE org.hibernate.orm.jdbc.extract       - extracted value (7:TIMESTAMP_UTC) -> [2026-03-09T06:35:16.233568Z]
26-06-09 11:35:43.344 [http-nio-8080-exec-10] TRACE org.hibernate.orm.jdbc.extract       - extracted value (8:VARCHAR) -> [test4]
26-06-09 11:35:43.344 [http-nio-8080-exec-10] TRACE org.hibernate.orm.jdbc.extract       - extracted value (1:UUID) -> [ed60b06a-16d3-4d64-97cf-8963a6ba34e4]
26-06-09 11:35:43.344 [http-nio-8080-exec-10] TRACE org.hibernate.orm.jdbc.extract       - extracted value (5:UUID) -> [null]
26-06-09 11:35:43.344 [http-nio-8080-exec-10] TRACE org.hibernate.orm.jdbc.extract       - extracted value (2:TIMESTAMP_UTC) -> [2026-03-25T07:31:54.266194Z]
26-06-09 11:35:43.344 [http-nio-8080-exec-10] TRACE org.hibernate.orm.jdbc.extract       - extracted value (3:VARCHAR) -> [0325test@test.com]
26-06-09 11:35:43.344 [http-nio-8080-exec-10] TRACE org.hibernate.orm.jdbc.extract       - extracted value (4:VARCHAR) -> [$2a$10$mG/jy9jyb4GmJgNwqOvMO.v4JkCYeUTfpa0YOe9woDusUn4NRHScm]
26-06-09 11:35:43.344 [http-nio-8080-exec-10] TRACE org.hibernate.orm.jdbc.extract       - extracted value (6:VARCHAR) -> [USER]
26-06-09 11:35:43.344 [http-nio-8080-exec-10] TRACE org.hibernate.orm.jdbc.extract       - extracted value (7:TIMESTAMP_UTC) -> [2026-03-25T07:31:54.266194Z]
26-06-09 11:35:43.344 [http-nio-8080-exec-10] TRACE org.hibernate.orm.jdbc.extract       - extracted value (8:VARCHAR) -> [test0325]
26-06-09 11:35:43.344 [http-nio-8080-exec-10] TRACE org.hibernate.orm.jdbc.extract       - extracted value (1:UUID) -> [b1a933b8-5b00-48ca-81e9-0055ba1ff963]
26-06-09 11:35:43.344 [http-nio-8080-exec-10] TRACE org.hibernate.orm.jdbc.extract       - extracted value (5:UUID) -> [null]
26-06-09 11:35:43.344 [http-nio-8080-exec-10] TRACE org.hibernate.orm.jdbc.extract       - extracted value (2:TIMESTAMP_UTC) -> [2026-03-27T05:06:14.779097Z]
26-06-09 11:35:43.344 [http-nio-8080-exec-10] TRACE org.hibernate.orm.jdbc.extract       - extracted value (3:VARCHAR) -> [test0327@test.com]
26-06-09 11:35:43.344 [http-nio-8080-exec-10] TRACE org.hibernate.orm.jdbc.extract       - extracted value (4:VARCHAR) -> [$2a$10$LxGyQsQD7kHjC2llbNvRgedFKJ/SN/rwkoaoyAiSrFljpZWp8xPZG]
26-06-09 11:35:43.344 [http-nio-8080-exec-10] TRACE org.hibernate.orm.jdbc.extract       - extracted value (6:VARCHAR) -> [USER]
26-06-09 11:35:43.345 [http-nio-8080-exec-10] TRACE org.hibernate.orm.jdbc.extract       - extracted value (7:TIMESTAMP_UTC) -> [2026-03-27T05:06:14.779097Z]
26-06-09 11:35:43.345 [http-nio-8080-exec-10] TRACE org.hibernate.orm.jdbc.extract       - extracted value (8:VARCHAR) -> [asd]
26-06-09 11:35:43.345 [http-nio-8080-exec-10] TRACE org.hibernate.orm.jdbc.extract       - extracted value (1:UUID) -> [98ce5813-ebf4-4a0b-9087-2f2c18bbd2a3]
26-06-09 11:35:43.345 [http-nio-8080-exec-10] TRACE org.hibernate.orm.jdbc.extract       - extracted value (5:UUID) -> [null]
26-06-09 11:35:43.345 [http-nio-8080-exec-10] TRACE org.hibernate.orm.jdbc.extract       - extracted value (2:TIMESTAMP_UTC) -> [2026-05-15T07:19:30.272898Z]
26-06-09 11:35:43.345 [http-nio-8080-exec-10] TRACE org.hibernate.orm.jdbc.extract       - extracted value (3:VARCHAR) -> [java@javaspring.com]
26-06-09 11:35:43.345 [http-nio-8080-exec-10] TRACE org.hibernate.orm.jdbc.extract       - extracted value (4:VARCHAR) -> [$2a$10$zhXqDLq.d1aTvZ.Ao2xrs.YBMwsS39OL8mfL9UYpEW4wqfYe0DNx.]
26-06-09 11:35:43.345 [http-nio-8080-exec-10] TRACE org.hibernate.orm.jdbc.extract       - extracted value (6:VARCHAR) -> [USER]
26-06-09 11:35:43.345 [http-nio-8080-exec-10] TRACE org.hibernate.orm.jdbc.extract       - extracted value (7:TIMESTAMP_UTC) -> [2026-05-15T07:19:30.272898Z]
26-06-09 11:35:43.345 [http-nio-8080-exec-10] TRACE org.hibernate.orm.jdbc.extract       - extracted value (8:VARCHAR) -> [스프링프로필친구]
26-06-09 11:35:43.345 [http-nio-8080-exec-10] TRACE org.hibernate.orm.jdbc.extract       - extracted value (1:UUID) -> [c9250cab-cae8-4509-8180-0da4b11066e8]
26-06-09 11:35:43.345 [http-nio-8080-exec-10] TRACE org.hibernate.orm.jdbc.extract       - extracted value (5:UUID) -> [null]
26-06-09 11:35:43.346 [http-nio-8080-exec-10] TRACE org.hibernate.orm.jdbc.extract       - extracted value (2:TIMESTAMP_UTC) -> [2026-05-19T01:42:58.029068Z]
26-06-09 11:35:43.346 [http-nio-8080-exec-10] TRACE org.hibernate.orm.jdbc.extract       - extracted value (3:VARCHAR) -> [admin@admin.com]
26-06-09 11:35:43.346 [http-nio-8080-exec-10] TRACE org.hibernate.orm.jdbc.extract       - extracted value (4:VARCHAR) -> [$2a$10$FwvClmklxVI3h5q/nYuHU.4l9NbtnRQ1GC2Ep4SaOD3SxrBSrlh2i]
26-06-09 11:35:43.346 [http-nio-8080-exec-10] TRACE org.hibernate.orm.jdbc.extract       - extracted value (6:VARCHAR) -> [ADMIN]
26-06-09 11:35:43.346 [http-nio-8080-exec-10] TRACE org.hibernate.orm.jdbc.extract       - extracted value (7:TIMESTAMP_UTC) -> [2026-05-19T01:42:58.029068Z]
26-06-09 11:35:43.346 [http-nio-8080-exec-10] TRACE org.hibernate.orm.jdbc.extract       - extracted value (8:VARCHAR) -> [admin]
26-06-09 11:35:43.346 [http-nio-8080-exec-10] TRACE org.hibernate.orm.jdbc.extract       - extracted value (1:UUID) -> [9b225b56-7425-4c05-b1bf-33788568891a]
26-06-09 11:35:43.346 [http-nio-8080-exec-10] TRACE org.hibernate.orm.jdbc.extract       - extracted value (5:UUID) -> [null]
26-06-09 11:35:43.346 [http-nio-8080-exec-10] TRACE org.hibernate.orm.jdbc.extract       - extracted value (2:TIMESTAMP_UTC) -> [2026-05-19T01:45:59.984574Z]
26-06-09 11:35:43.347 [http-nio-8080-exec-10] TRACE org.hibernate.orm.jdbc.extract       - extracted value (3:VARCHAR) -> [0519test@test.com]
26-06-09 11:35:43.347 [http-nio-8080-exec-10] TRACE org.hibernate.orm.jdbc.extract       - extracted value (4:VARCHAR) -> [$2a$10$JsQ23gBSJ2bBhdIZ6m0vr.2MRc7yn9LH.2Itp/mVUU64ldpKTIWpC]
26-06-09 11:35:43.347 [http-nio-8080-exec-10] TRACE org.hibernate.orm.jdbc.extract       - extracted value (6:VARCHAR) -> [CHANNEL_MANAGER]
26-06-09 11:35:43.347 [http-nio-8080-exec-10] TRACE org.hibernate.orm.jdbc.extract       - extracted value (7:TIMESTAMP_UTC) -> [2026-05-19T01:46:33.938005Z]
26-06-09 11:35:43.347 [http-nio-8080-exec-10] TRACE org.hibernate.orm.jdbc.extract       - extracted value (8:VARCHAR) -> [0519test]
26-06-09 11:35:43.347 [http-nio-8080-exec-10] TRACE org.hibernate.orm.jdbc.extract       - extracted value (1:UUID) -> [ee16f72c-e2b1-4376-b7a6-88f894f2e7ca]
26-06-09 11:35:43.347 [http-nio-8080-exec-10] TRACE org.hibernate.orm.jdbc.extract       - extracted value (5:UUID) -> [null]
26-06-09 11:35:43.347 [http-nio-8080-exec-10] TRACE org.hibernate.orm.jdbc.extract       - extracted value (2:TIMESTAMP_UTC) -> [2026-05-31T11:35:15.163302Z]
26-06-09 11:35:43.347 [http-nio-8080-exec-10] TRACE org.hibernate.orm.jdbc.extract       - extracted value (3:VARCHAR) -> [test0531@test.com]
26-06-09 11:35:43.347 [http-nio-8080-exec-10] TRACE org.hibernate.orm.jdbc.extract       - extracted value (4:VARCHAR) -> [$2a$10$WEDr70nEl34S5xjdBccHXuF95p.DzORb4zt5904.SLPCzYWnGSpm.]
26-06-09 11:35:43.348 [http-nio-8080-exec-10] TRACE org.hibernate.orm.jdbc.extract       - extracted value (6:VARCHAR) -> [USER]
26-06-09 11:35:43.348 [http-nio-8080-exec-10] TRACE org.hibernate.orm.jdbc.extract       - extracted value (7:TIMESTAMP_UTC) -> [2026-05-31T11:35:15.163302Z]
26-06-09 11:35:43.348 [http-nio-8080-exec-10] TRACE org.hibernate.orm.jdbc.extract       - extracted value (8:VARCHAR) -> [test0531]
26-06-09 11:35:43.348 [http-nio-8080-exec-10] TRACE org.hibernate.orm.jdbc.extract       - extracted value (1:UUID) -> [cff3cfdf-c67a-48ac-a13e-1d3c2346e5cc]
26-06-09 11:35:43.348 [http-nio-8080-exec-10] TRACE org.hibernate.orm.jdbc.extract       - extracted value (5:UUID) -> [null]
26-06-09 11:35:43.348 [http-nio-8080-exec-10] TRACE org.hibernate.orm.jdbc.extract       - extracted value (2:TIMESTAMP_UTC) -> [2026-05-31T11:46:09.335380Z]
26-06-09 11:35:43.348 [http-nio-8080-exec-10] TRACE org.hibernate.orm.jdbc.extract       - extracted value (3:VARCHAR) -> [test05312@test.com]
26-06-09 11:35:43.348 [http-nio-8080-exec-10] TRACE org.hibernate.orm.jdbc.extract       - extracted value (4:VARCHAR) -> [$2a$10$Nsk0AnubLHzO3ukARj5p6.VjUu9evw0ZaLLuQ8pBpQxFjhLQYXxDS]
26-06-09 11:35:43.348 [http-nio-8080-exec-10] TRACE org.hibernate.orm.jdbc.extract       - extracted value (6:VARCHAR) -> [USER]
26-06-09 11:35:43.348 [http-nio-8080-exec-10] TRACE org.hibernate.orm.jdbc.extract       - extracted value (7:TIMESTAMP_UTC) -> [2026-05-31T11:46:09.335380Z]
26-06-09 11:35:43.348 [http-nio-8080-exec-10] TRACE org.hibernate.orm.jdbc.extract       - extracted value (8:VARCHAR) -> [test05312]
26-06-09 11:35:43.349 [http-nio-8080-exec-10] TRACE org.hibernate.orm.jdbc.extract       - extracted value (1:UUID) -> [ceb95c66-eb93-4601-bfc2-a0294d619d77]
26-06-09 11:35:43.349 [http-nio-8080-exec-10] TRACE org.hibernate.orm.jdbc.extract       - extracted value (5:UUID) -> [null]
26-06-09 11:35:43.349 [http-nio-8080-exec-10] TRACE org.hibernate.orm.jdbc.extract       - extracted value (2:TIMESTAMP_UTC) -> [2026-06-05T01:14:38.474247Z]
26-06-09 11:35:43.349 [http-nio-8080-exec-10] TRACE org.hibernate.orm.jdbc.extract       - extracted value (3:VARCHAR) -> [test06051@test.com]
26-06-09 11:35:43.349 [http-nio-8080-exec-10] TRACE org.hibernate.orm.jdbc.extract       - extracted value (4:VARCHAR) -> [$2a$10$4VIasWCJxSBj7dTLTH1ddOISntynjLxU5DGnB3gw5Gizl/YgWjKzG]
26-06-09 11:35:43.349 [http-nio-8080-exec-10] TRACE org.hibernate.orm.jdbc.extract       - extracted value (6:VARCHAR) -> [USER]
26-06-09 11:35:43.349 [http-nio-8080-exec-10] TRACE org.hibernate.orm.jdbc.extract       - extracted value (7:TIMESTAMP_UTC) -> [2026-06-05T01:14:38.474247Z]
26-06-09 11:35:43.349 [http-nio-8080-exec-10] TRACE org.hibernate.orm.jdbc.extract       - extracted value (8:VARCHAR) -> [test06051]
26-06-09 11:35:43.349 [http-nio-8080-exec-10] TRACE org.hibernate.orm.jdbc.extract       - extracted value (1:UUID) -> [16adc8c6-634b-490b-a8fc-1f3946a53424]
26-06-09 11:35:43.349 [http-nio-8080-exec-10] TRACE org.hibernate.orm.jdbc.extract       - extracted value (5:UUID) -> [null]
26-06-09 11:35:43.350 [http-nio-8080-exec-10] TRACE org.hibernate.orm.jdbc.extract       - extracted value (2:TIMESTAMP_UTC) -> [2026-06-05T01:26:48.298603Z]
26-06-09 11:35:43.350 [http-nio-8080-exec-10] TRACE org.hibernate.orm.jdbc.extract       - extracted value (3:VARCHAR) -> [test06052@test.com]
26-06-09 11:35:43.350 [http-nio-8080-exec-10] TRACE org.hibernate.orm.jdbc.extract       - extracted value (4:VARCHAR) -> [$2a$10$WXbaWJIO9AnVf8bZvQleQ.mcDU9LEfns4T0QjXr6PTFgFRkl/HMq.]
26-06-09 11:35:43.350 [http-nio-8080-exec-10] TRACE org.hibernate.orm.jdbc.extract       - extracted value (6:VARCHAR) -> [USER]
26-06-09 11:35:43.350 [http-nio-8080-exec-10] TRACE org.hibernate.orm.jdbc.extract       - extracted value (7:TIMESTAMP_UTC) -> [2026-06-05T01:26:48.298603Z]
26-06-09 11:35:43.350 [http-nio-8080-exec-10] TRACE org.hibernate.orm.jdbc.extract       - extracted value (8:VARCHAR) -> [test06052]
26-06-09 11:35:43.351 [http-nio-8080-exec-10] TRACE org.hibernate.orm.jdbc.extract       - extracted value (1:UUID) -> [1bdf270a-29cc-4700-843b-3075a4f50668]
26-06-09 11:35:43.351 [http-nio-8080-exec-10] TRACE org.hibernate.orm.jdbc.extract       - extracted value (5:UUID) -> [null]
26-06-09 11:35:43.351 [http-nio-8080-exec-10] TRACE org.hibernate.orm.jdbc.extract       - extracted value (2:TIMESTAMP_UTC) -> [2026-06-07T13:46:20.692678Z]
26-06-09 11:35:43.351 [http-nio-8080-exec-10] TRACE org.hibernate.orm.jdbc.extract       - extracted value (3:VARCHAR) -> [test06071@test.com]
26-06-09 11:35:43.351 [http-nio-8080-exec-10] TRACE org.hibernate.orm.jdbc.extract       - extracted value (4:VARCHAR) -> [$2a$10$srOZHA1j6wWo5bDIsgiaquN/mycEHKdNzS8qfA8dl.0yCiaxKEom.]
26-06-09 11:35:43.351 [http-nio-8080-exec-10] TRACE org.hibernate.orm.jdbc.extract       - extracted value (6:VARCHAR) -> [USER]
26-06-09 11:35:43.351 [http-nio-8080-exec-10] TRACE org.hibernate.orm.jdbc.extract       - extracted value (7:TIMESTAMP_UTC) -> [2026-06-07T13:46:20.692678Z]
26-06-09 11:35:43.351 [http-nio-8080-exec-10] TRACE org.hibernate.orm.jdbc.extract       - extracted value (8:VARCHAR) -> [test06071]
26-06-09 11:35:43.351 [http-nio-8080-exec-10] TRACE org.hibernate.orm.jdbc.extract       - extracted value (1:UUID) -> [6b578585-908f-4bd6-9335-1ac5acb94e40]
26-06-09 11:35:43.352 [http-nio-8080-exec-10] TRACE org.hibernate.orm.jdbc.extract       - extracted value (5:UUID) -> [null]
26-06-09 11:35:43.352 [http-nio-8080-exec-10] TRACE org.hibernate.orm.jdbc.extract       - extracted value (2:TIMESTAMP_UTC) -> [2026-06-08T07:39:13.219128Z]
26-06-09 11:35:43.352 [http-nio-8080-exec-10] TRACE org.hibernate.orm.jdbc.extract       - extracted value (3:VARCHAR) -> [test06081@test.com]
26-06-09 11:35:43.352 [http-nio-8080-exec-10] TRACE org.hibernate.orm.jdbc.extract       - extracted value (4:VARCHAR) -> [$2a$10$HE3kHqnEa04j3.4KpTkCMeYioQD/nFni86UlddUOGVFyPZjRgP8qO]
26-06-09 11:35:43.352 [http-nio-8080-exec-10] TRACE org.hibernate.orm.jdbc.extract       - extracted value (6:VARCHAR) -> [USER]
26-06-09 11:35:43.352 [http-nio-8080-exec-10] TRACE org.hibernate.orm.jdbc.extract       - extracted value (7:TIMESTAMP_UTC) -> [2026-06-08T07:39:13.219128Z]
26-06-09 11:35:43.352 [http-nio-8080-exec-10] TRACE org.hibernate.orm.jdbc.extract       - extracted value (8:VARCHAR) -> [test06081]
26-06-09 11:35:43.358 [http-nio-8080-exec-10] DEBUG org.hibernate.SQL                    - 
    select
        bc1_0.id,
        bc1_0.content_type,
        bc1_0.created_at,
        bc1_0.file_name,
        bc1_0.size,
        bc1_0.status 
    from
        binary_contents bc1_0 
    where
        bc1_0.id=?
26-06-09 11:35:43.358 [http-nio-8080-exec-10] TRACE org.hibernate.orm.jdbc.bind          - binding parameter (1:UUID) <- [46746932-09b7-410a-b9bf-3f7cdbf1f402]
26-06-09 11:35:43.363 [http-nio-8080-exec-10] TRACE org.hibernate.orm.jdbc.extract       - extracted value (2:VARCHAR) -> [image/jpeg]
26-06-09 11:35:43.364 [http-nio-8080-exec-10] TRACE org.hibernate.orm.jdbc.extract       - extracted value (3:TIMESTAMP_UTC) -> [2026-03-09T06:17:44.334709Z]
26-06-09 11:35:43.364 [http-nio-8080-exec-10] TRACE org.hibernate.orm.jdbc.extract       - extracted value (4:VARCHAR) -> [다운로드.jpg]
26-06-09 11:35:43.365 [http-nio-8080-exec-10] TRACE org.hibernate.orm.jdbc.extract       - extracted value (5:BIGINT) -> [6118]
26-06-09 11:35:43.365 [http-nio-8080-exec-10] TRACE org.hibernate.orm.jdbc.extract       - extracted value (6:VARCHAR) -> [ACTIVE]
26-06-09 11:35:43.365 [http-nio-8080-exec-10] DEBUG org.hibernate.SQL                    - 
    select
        bc1_0.id,
        bc1_0.content_type,
        bc1_0.created_at,
        bc1_0.file_name,
        bc1_0.size,
        bc1_0.status 
    from
        binary_contents bc1_0 
    where
        bc1_0.id=?
26-06-09 11:35:43.367 [http-nio-8080-exec-10] TRACE org.hibernate.orm.jdbc.bind          - binding parameter (1:UUID) <- [1a4039ff-b856-4639-8a2d-4b4cac93793c]
26-06-09 11:35:43.367 [http-nio-8080-exec-10] TRACE org.hibernate.orm.jdbc.extract       - extracted value (2:VARCHAR) -> [image/jpeg]
26-06-09 11:35:43.368 [http-nio-8080-exec-10] TRACE org.hibernate.orm.jdbc.extract       - extracted value (3:TIMESTAMP_UTC) -> [2026-03-09T06:21:21.946259Z]
26-06-09 11:35:43.368 [http-nio-8080-exec-10] TRACE org.hibernate.orm.jdbc.extract       - extracted value (4:VARCHAR) -> [다운로드.jpg]
26-06-09 11:35:43.368 [http-nio-8080-exec-10] TRACE org.hibernate.orm.jdbc.extract       - extracted value (5:BIGINT) -> [6118]
26-06-09 11:35:43.368 [http-nio-8080-exec-10] TRACE org.hibernate.orm.jdbc.extract       - extracted value (6:VARCHAR) -> [ACTIVE]
26-06-09 11:35:43.368 [http-nio-8080-exec-10] DEBUG org.hibernate.SQL                    - 
    select
        bc1_0.id,
        bc1_0.content_type,
        bc1_0.created_at,
        bc1_0.file_name,
        bc1_0.size,
        bc1_0.status 
    from
        binary_contents bc1_0 
    where
        bc1_0.id=?
26-06-09 11:35:43.368 [http-nio-8080-exec-10] TRACE org.hibernate.orm.jdbc.bind          - binding parameter (1:UUID) <- [317d8fef-86f0-4287-afdd-fcf080c55726]
26-06-09 11:35:43.369 [http-nio-8080-exec-10] TRACE org.hibernate.orm.jdbc.extract       - extracted value (2:VARCHAR) -> [image/jpeg]
26-06-09 11:35:43.369 [http-nio-8080-exec-10] TRACE org.hibernate.orm.jdbc.extract       - extracted value (3:TIMESTAMP_UTC) -> [2026-03-09T06:31:53.022861Z]
26-06-09 11:35:43.369 [http-nio-8080-exec-10] TRACE org.hibernate.orm.jdbc.extract       - extracted value (4:VARCHAR) -> [다운로드.jpg]
26-06-09 11:35:43.369 [http-nio-8080-exec-10] TRACE org.hibernate.orm.jdbc.extract       - extracted value (5:BIGINT) -> [6118]
26-06-09 11:35:43.369 [http-nio-8080-exec-10] TRACE org.hibernate.orm.jdbc.extract       - extracted value (6:VARCHAR) -> [ACTIVE]
26-06-09 11:35:43.379 [http-nio-8080-exec-10] TRACE o.s.s.w.h.writers.HstsHeaderWriter   - Not injecting HSTS header since it did not match request to [Is Secure]
26-06-09 11:35:44.167 [http-nio-8080-exec-1] TRACE o.s.security.web.FilterChainProxy    - Trying to match request against DefaultSecurityFilterChain defined as 'filterChain' in [class path resource [com/sprint/mission/discodeit/common/config/SecurityConfig.class]] matching [any request] and having filters [DisableEncodeUrl, WebAsyncManagerIntegration, SecurityContextHolder, HeaderWriter, Csrf, Logout, JwtAuthentication, UsernamePasswordAuthentication, RequestCacheAware, SecurityContextHolderAwareRequest, AnonymousAuthentication, SessionManagement, ExceptionTranslation, Authorization] (1/1)
26-06-09 11:35:44.167 [http-nio-8080-exec-1] DEBUG o.s.security.web.FilterChainProxy    - Securing GET /api/users
26-06-09 11:35:44.167 [http-nio-8080-exec-1] TRACE o.s.security.web.FilterChainProxy    - Invoking DisableEncodeUrlFilter (1/14)
26-06-09 11:35:44.168 [http-nio-8080-exec-1] TRACE o.s.security.web.FilterChainProxy    - Invoking WebAsyncManagerIntegrationFilter (2/14)
26-06-09 11:35:44.168 [http-nio-8080-exec-1] TRACE o.s.security.web.FilterChainProxy    - Invoking SecurityContextHolderFilter (3/14)
26-06-09 11:35:44.168 [http-nio-8080-exec-1] TRACE o.s.security.web.FilterChainProxy    - Invoking HeaderWriterFilter (4/14)
26-06-09 11:35:44.168 [http-nio-8080-exec-1] TRACE o.s.security.web.FilterChainProxy    - Invoking CsrfFilter (5/14)
26-06-09 11:35:44.168 [http-nio-8080-exec-1] TRACE o.s.security.web.csrf.CsrfFilter     - Did not protect against CSRF since request did not match CsrfNotRequired [TRACE, HEAD, GET, OPTIONS]
26-06-09 11:35:44.168 [http-nio-8080-exec-1] TRACE o.s.security.web.FilterChainProxy    - Invoking LogoutFilter (6/14)
26-06-09 11:35:44.168 [http-nio-8080-exec-1] TRACE o.s.s.w.a.logout.LogoutFilter        - Did not match request to Ant [pattern='/api/auth/logout', POST]
26-06-09 11:35:44.168 [http-nio-8080-exec-1] TRACE o.s.security.web.FilterChainProxy    - Invoking JwtAuthenticationFilter (7/14)
26-06-09 11:35:44.168 [http-nio-8080-exec-1] TRACE o.s.security.web.FilterChainProxy    - Invoking UsernamePasswordAuthenticationFilter (8/14)
26-06-09 11:35:44.168 [http-nio-8080-exec-1] TRACE o.s.s.w.a.UsernamePasswordAuthenticationFilter - Did not match request to Ant [pattern='/api/auth/login', POST]
26-06-09 11:35:44.168 [http-nio-8080-exec-1] TRACE o.s.security.web.FilterChainProxy    - Invoking RequestCacheAwareFilter (9/14)
26-06-09 11:35:44.168 [http-nio-8080-exec-1] TRACE o.s.security.web.FilterChainProxy    - Invoking SecurityContextHolderAwareRequestFilter (10/14)
26-06-09 11:35:44.168 [http-nio-8080-exec-1] TRACE o.s.security.web.FilterChainProxy    - Invoking AnonymousAuthenticationFilter (11/14)
26-06-09 11:35:44.168 [http-nio-8080-exec-1] TRACE o.s.security.web.FilterChainProxy    - Invoking SessionManagementFilter (12/14)
26-06-09 11:35:44.168 [http-nio-8080-exec-1] TRACE o.s.s.w.c.SupplierDeferredSecurityContext - Created SecurityContextImpl [Null authentication]
26-06-09 11:35:44.170 [http-nio-8080-exec-1] TRACE o.s.s.w.a.AnonymousAuthenticationFilter - Set SecurityContextHolder to AnonymousAuthenticationToken [Principal=anonymousUser, Credentials=[PROTECTED], Authenticated=true, Details=WebAuthenticationDetails [RemoteIpAddress=0:0:0:0:0:0:0:1, SessionId=null], Granted Authorities=[ROLE_ANONYMOUS]]
26-06-09 11:35:44.170 [http-nio-8080-exec-1] TRACE o.s.security.web.FilterChainProxy    - Invoking ExceptionTranslationFilter (13/14)
26-06-09 11:35:44.170 [http-nio-8080-exec-1] TRACE o.s.security.web.FilterChainProxy    - Invoking AuthorizationFilter (14/14)
26-06-09 11:35:44.170 [http-nio-8080-exec-1] TRACE o.s.s.w.a.i.RequestMatcherDelegatingAuthorizationManager - Authorizing GET /api/users
26-06-09 11:35:44.170 [http-nio-8080-exec-1] TRACE o.s.s.w.a.i.RequestMatcherDelegatingAuthorizationManager - Checking authorization on GET /api/users using org.springframework.security.config.annotation.web.configurers.AuthorizeHttpRequestsConfigurer$$Lambda$2085/0x000002383dd7d2d8@657eb03b
26-06-09 11:35:44.170 [http-nio-8080-exec-1] DEBUG o.s.security.web.FilterChainProxy    - Secured GET /api/users
26-06-09 11:35:44.179 [http-nio-8080-exec-1] TRACE o.s.s.w.h.writers.HstsHeaderWriter   - Not injecting HSTS header since it did not match request to [Is Secure]
26-06-09 11:35:44.607 [http-nio-8080-exec-3] TRACE o.s.security.web.FilterChainProxy    - Trying to match request against DefaultSecurityFilterChain defined as 'filterChain' in [class path resource [com/sprint/mission/discodeit/common/config/SecurityConfig.class]] matching [any request] and having filters [DisableEncodeUrl, WebAsyncManagerIntegration, SecurityContextHolder, HeaderWriter, Csrf, Logout, JwtAuthentication, UsernamePasswordAuthentication, RequestCacheAware, SecurityContextHolderAwareRequest, AnonymousAuthentication, SessionManagement, ExceptionTranslation, Authorization] (1/1)
26-06-09 11:35:44.607 [http-nio-8080-exec-3] DEBUG o.s.security.web.FilterChainProxy    - Securing GET /api/users
26-06-09 11:35:44.608 [http-nio-8080-exec-3] TRACE o.s.security.web.FilterChainProxy    - Invoking DisableEncodeUrlFilter (1/14)
26-06-09 11:35:44.608 [http-nio-8080-exec-3] TRACE o.s.security.web.FilterChainProxy    - Invoking WebAsyncManagerIntegrationFilter (2/14)
26-06-09 11:35:44.608 [http-nio-8080-exec-3] TRACE o.s.security.web.FilterChainProxy    - Invoking SecurityContextHolderFilter (3/14)
26-06-09 11:35:44.608 [http-nio-8080-exec-3] TRACE o.s.security.web.FilterChainProxy    - Invoking HeaderWriterFilter (4/14)
26-06-09 11:35:44.608 [http-nio-8080-exec-3] TRACE o.s.security.web.FilterChainProxy    - Invoking CsrfFilter (5/14)
26-06-09 11:35:44.608 [http-nio-8080-exec-3] TRACE o.s.security.web.csrf.CsrfFilter     - Did not protect against CSRF since request did not match CsrfNotRequired [TRACE, HEAD, GET, OPTIONS]
26-06-09 11:35:44.608 [http-nio-8080-exec-3] TRACE o.s.security.web.FilterChainProxy    - Invoking LogoutFilter (6/14)
26-06-09 11:35:44.608 [http-nio-8080-exec-3] TRACE o.s.s.w.a.logout.LogoutFilter        - Did not match request to Ant [pattern='/api/auth/logout', POST]
26-06-09 11:35:44.608 [http-nio-8080-exec-3] TRACE o.s.security.web.FilterChainProxy    - Invoking JwtAuthenticationFilter (7/14)
26-06-09 11:35:44.608 [http-nio-8080-exec-3] TRACE o.s.security.web.FilterChainProxy    - Invoking UsernamePasswordAuthenticationFilter (8/14)
26-06-09 11:35:44.608 [http-nio-8080-exec-3] TRACE o.s.s.w.a.UsernamePasswordAuthenticationFilter - Did not match request to Ant [pattern='/api/auth/login', POST]
26-06-09 11:35:44.608 [http-nio-8080-exec-3] TRACE o.s.security.web.FilterChainProxy    - Invoking RequestCacheAwareFilter (9/14)
26-06-09 11:35:44.608 [http-nio-8080-exec-3] TRACE o.s.security.web.FilterChainProxy    - Invoking SecurityContextHolderAwareRequestFilter (10/14)
26-06-09 11:35:44.608 [http-nio-8080-exec-3] TRACE o.s.security.web.FilterChainProxy    - Invoking AnonymousAuthenticationFilter (11/14)
26-06-09 11:35:44.608 [http-nio-8080-exec-3] TRACE o.s.security.web.FilterChainProxy    - Invoking SessionManagementFilter (12/14)
26-06-09 11:35:44.608 [http-nio-8080-exec-3] TRACE o.s.s.w.c.SupplierDeferredSecurityContext - Created SecurityContextImpl [Null authentication]
26-06-09 11:35:44.608 [http-nio-8080-exec-3] TRACE o.s.s.w.a.AnonymousAuthenticationFilter - Set SecurityContextHolder to AnonymousAuthenticationToken [Principal=anonymousUser, Credentials=[PROTECTED], Authenticated=true, Details=WebAuthenticationDetails [RemoteIpAddress=0:0:0:0:0:0:0:1, SessionId=null], Granted Authorities=[ROLE_ANONYMOUS]]
26-06-09 11:35:44.608 [http-nio-8080-exec-3] TRACE o.s.security.web.FilterChainProxy    - Invoking ExceptionTranslationFilter (13/14)
26-06-09 11:35:44.608 [http-nio-8080-exec-3] TRACE o.s.security.web.FilterChainProxy    - Invoking AuthorizationFilter (14/14)
26-06-09 11:35:44.610 [http-nio-8080-exec-3] TRACE o.s.s.w.a.i.RequestMatcherDelegatingAuthorizationManager - Authorizing GET /api/users
26-06-09 11:35:44.610 [http-nio-8080-exec-3] TRACE o.s.s.w.a.i.RequestMatcherDelegatingAuthorizationManager - Checking authorization on GET /api/users using org.springframework.security.config.annotation.web.configurers.AuthorizeHttpRequestsConfigurer$$Lambda$2085/0x000002383dd7d2d8@657eb03b
26-06-09 11:35:44.610 [http-nio-8080-exec-3] DEBUG o.s.security.web.FilterChainProxy    - Secured GET /api/users
26-06-09 11:35:44.612 [http-nio-8080-exec-3] TRACE o.s.s.w.h.writers.HstsHeaderWriter   - Not injecting HSTS header since it did not match request to [Is Secure]
26-06-09 11:35:46.573 [http-nio-8080-exec-2] TRACE o.s.security.web.FilterChainProxy    - Trying to match request against DefaultSecurityFilterChain defined as 'filterChain' in [class path resource [com/sprint/mission/discodeit/common/config/SecurityConfig.class]] matching [any request] and having filters [DisableEncodeUrl, WebAsyncManagerIntegration, SecurityContextHolder, HeaderWriter, Csrf, Logout, JwtAuthentication, UsernamePasswordAuthentication, RequestCacheAware, SecurityContextHolderAwareRequest, AnonymousAuthentication, SessionManagement, ExceptionTranslation, Authorization] (1/1)
26-06-09 11:35:46.573 [http-nio-8080-exec-2] DEBUG o.s.security.web.FilterChainProxy    - Securing GET /actuator/metrics
26-06-09 11:35:46.573 [http-nio-8080-exec-2] TRACE o.s.security.web.FilterChainProxy    - Invoking DisableEncodeUrlFilter (1/14)
26-06-09 11:35:46.574 [http-nio-8080-exec-2] TRACE o.s.security.web.FilterChainProxy    - Invoking WebAsyncManagerIntegrationFilter (2/14)
26-06-09 11:35:46.574 [http-nio-8080-exec-2] TRACE o.s.security.web.FilterChainProxy    - Invoking SecurityContextHolderFilter (3/14)
26-06-09 11:35:46.574 [http-nio-8080-exec-2] TRACE o.s.security.web.FilterChainProxy    - Invoking HeaderWriterFilter (4/14)
26-06-09 11:35:46.574 [http-nio-8080-exec-2] TRACE o.s.security.web.FilterChainProxy    - Invoking CsrfFilter (5/14)
26-06-09 11:35:46.575 [http-nio-8080-exec-2] TRACE o.s.security.web.csrf.CsrfFilter     - Did not protect against CSRF since request did not match CsrfNotRequired [TRACE, HEAD, GET, OPTIONS]
26-06-09 11:35:46.575 [http-nio-8080-exec-2] TRACE o.s.security.web.FilterChainProxy    - Invoking LogoutFilter (6/14)
26-06-09 11:35:46.575 [http-nio-8080-exec-2] TRACE o.s.s.w.a.logout.LogoutFilter        - Did not match request to Ant [pattern='/api/auth/logout', POST]
26-06-09 11:35:46.575 [http-nio-8080-exec-2] TRACE o.s.security.web.FilterChainProxy    - Invoking JwtAuthenticationFilter (7/14)
26-06-09 11:35:46.575 [http-nio-8080-exec-2] TRACE o.s.security.web.FilterChainProxy    - Invoking UsernamePasswordAuthenticationFilter (8/14)
26-06-09 11:35:46.575 [http-nio-8080-exec-2] TRACE o.s.s.w.a.UsernamePasswordAuthenticationFilter - Did not match request to Ant [pattern='/api/auth/login', POST]
26-06-09 11:35:46.575 [http-nio-8080-exec-2] TRACE o.s.security.web.FilterChainProxy    - Invoking RequestCacheAwareFilter (9/14)
26-06-09 11:35:46.575 [http-nio-8080-exec-2] TRACE o.s.security.web.FilterChainProxy    - Invoking SecurityContextHolderAwareRequestFilter (10/14)
26-06-09 11:35:46.575 [http-nio-8080-exec-2] TRACE o.s.security.web.FilterChainProxy    - Invoking AnonymousAuthenticationFilter (11/14)
26-06-09 11:35:46.575 [http-nio-8080-exec-2] TRACE o.s.security.web.FilterChainProxy    - Invoking SessionManagementFilter (12/14)
26-06-09 11:35:46.575 [http-nio-8080-exec-2] TRACE o.s.s.w.c.SupplierDeferredSecurityContext - Created SecurityContextImpl [Null authentication]
26-06-09 11:35:46.577 [http-nio-8080-exec-2] TRACE o.s.s.w.a.AnonymousAuthenticationFilter - Set SecurityContextHolder to AnonymousAuthenticationToken [Principal=anonymousUser, Credentials=[PROTECTED], Authenticated=true, Details=WebAuthenticationDetails [RemoteIpAddress=0:0:0:0:0:0:0:1, SessionId=null], Granted Authorities=[ROLE_ANONYMOUS]]
26-06-09 11:35:46.577 [http-nio-8080-exec-2] TRACE o.s.security.web.FilterChainProxy    - Invoking ExceptionTranslationFilter (13/14)
26-06-09 11:35:46.577 [http-nio-8080-exec-2] TRACE o.s.security.web.FilterChainProxy    - Invoking AuthorizationFilter (14/14)
26-06-09 11:35:46.577 [http-nio-8080-exec-2] TRACE o.s.s.w.a.i.RequestMatcherDelegatingAuthorizationManager - Authorizing GET /actuator/metrics
26-06-09 11:35:46.578 [http-nio-8080-exec-2] TRACE o.s.s.w.a.i.RequestMatcherDelegatingAuthorizationManager - Checking authorization on GET /actuator/metrics using org.springframework.security.config.annotation.web.configurers.AuthorizeHttpRequestsConfigurer$$Lambda$2085/0x000002383dd7d2d8@657eb03b
26-06-09 11:35:46.578 [http-nio-8080-exec-2] DEBUG o.s.security.web.FilterChainProxy    - Secured GET /actuator/metrics
26-06-09 11:35:46.590 [http-nio-8080-exec-2] TRACE o.s.s.w.h.writers.HstsHeaderWriter   - Not injecting HSTS header since it did not match request to [Is Secure]
26-06-09 11:36:37.178 [SpringApplicationShutdownHook] INFO  o.s.b.w.e.tomcat.GracefulShutdown    - Commencing graceful shutdown. Waiting for active requests to complete
26-06-09 11:36:37.617 [tomcat-shutdown] INFO  o.s.b.w.e.tomcat.GracefulShutdown    - Graceful shutdown complete
26-06-09 11:36:37.627 [SpringApplicationShutdownHook] INFO  o.s.o.j.LocalContainerEntityManagerFactoryBean - Closing JPA EntityManagerFactory for persistence unit 'default'
26-06-09 11:36:37.629 [SpringApplicationShutdownHook] INFO  com.zaxxer.hikari.HikariDataSource   - HikariPool-1 - Shutdown initiated...
26-06-09 11:36:37.633 [SpringApplicationShutdownHook] INFO  com.zaxxer.hikari.HikariDataSource   - HikariPool-1 - Shutdown completed.
26-06-09 11:36:43.885 [background-preinit] INFO  o.h.validator.internal.util.Version  - HV000001: Hibernate Validator 8.0.1.Final
26-06-09 11:36:43.939 [main] INFO  c.s.m.discodeit.DiscodeitApplication - Starting DiscodeitApplication using Java 17.0.17 with PID 19264 (C:\codeit\sprint_mission_3_base\build\classes\java\main started by HP in C:\codeit\sprint_mission_3_base)
26-06-09 11:36:43.939 [main] DEBUG c.s.m.discodeit.DiscodeitApplication - Running with Spring Boot v3.4.0, Spring v6.2.0
26-06-09 11:36:43.940 [main] INFO  c.s.m.discodeit.DiscodeitApplication - The following 1 profile is active: "dev"
26-06-09 11:36:45.327 [main] INFO  o.s.d.r.c.RepositoryConfigurationDelegate - Bootstrapping Spring Data JPA repositories in DEFAULT mode.
26-06-09 11:36:45.462 [main] INFO  o.s.d.r.c.RepositoryConfigurationDelegate - Finished Spring Data repository scanning in 126 ms. Found 6 JPA repository interfaces.
26-06-09 11:36:46.373 [main] INFO  o.s.b.w.e.tomcat.TomcatWebServer     - Tomcat initialized with port 8080 (http)
26-06-09 11:36:46.385 [main] INFO  o.a.coyote.http11.Http11NioProtocol  - Initializing ProtocolHandler ["http-nio-8080"]
26-06-09 11:36:46.386 [main] INFO  o.a.catalina.core.StandardService    - Starting service [Tomcat]
26-06-09 11:36:46.386 [main] INFO  o.a.catalina.core.StandardEngine     - Starting Servlet engine: [Apache Tomcat/10.1.33]
26-06-09 11:36:46.482 [main] INFO  o.a.c.c.C.[Tomcat].[localhost].[/]   - Initializing Spring embedded WebApplicationContext
26-06-09 11:36:46.482 [main] INFO  o.s.b.w.s.c.ServletWebServerApplicationContext - Root WebApplicationContext: initialization completed in 2487 ms
26-06-09 11:36:46.874 [main] INFO  o.h.jpa.internal.util.LogHelper      - HHH000204: Processing PersistenceUnitInfo [name: default]
26-06-09 11:36:46.936 [main] INFO  org.hibernate.Version                - HHH000412: Hibernate ORM core version 6.6.2.Final
26-06-09 11:36:46.978 [main] INFO  o.h.c.i.RegionFactoryInitiator       - HHH000026: Second-level cache disabled
26-06-09 11:36:47.278 [main] INFO  o.s.o.j.p.SpringPersistenceUnitInfo  - No LoadTimeWeaver setup: ignoring JPA class transformer
26-06-09 11:36:47.313 [main] INFO  com.zaxxer.hikari.HikariDataSource   - HikariPool-1 - Starting...
26-06-09 11:36:47.502 [main] INFO  com.zaxxer.hikari.pool.HikariPool    - HikariPool-1 - Added connection org.postgresql.jdbc.PgConnection@32e7df65
26-06-09 11:36:47.504 [main] INFO  com.zaxxer.hikari.HikariDataSource   - HikariPool-1 - Start completed.
26-06-09 11:36:47.538 [main] WARN  org.hibernate.orm.deprecation        - HHH90000025: PostgreSQLDialect does not need to be specified explicitly using 'hibernate.dialect' (remove the property setting and it will be selected by default)
26-06-09 11:36:47.557 [main] INFO  o.hibernate.orm.connections.pooling  - HHH10001005: Database info:
	Database JDBC URL [Connecting through datasource 'HikariDataSource (HikariPool-1)']
	Database driver: undefined/unknown
	Database version: 18.2
	Autocommit mode: undefined/unknown
	Isolation level: undefined/unknown
	Minimum pool size: undefined/unknown
	Maximum pool size: undefined/unknown
26-06-09 11:36:48.744 [main] INFO  o.h.e.t.j.p.i.JtaPlatformInitiator   - HHH000489: No JTA platform available (set 'hibernate.transaction.jta.platform' to enable JTA platform integration)
26-06-09 11:36:48.747 [main] INFO  o.s.o.j.LocalContainerEntityManagerFactoryBean - Initialized JPA EntityManagerFactory for persistence unit 'default'
26-06-09 11:36:49.193 [main] DEBUG c.s.m.discodeit.async.MDCFilter      - Filter 'MDCFilter' configured for use
26-06-09 11:36:49.193 [main] DEBUG c.s.m.d.jwt.JwtAuthenticationFilter  - Filter 'jwtAuthenticationFilter' configured for use
26-06-09 11:36:49.282 [main] DEBUG o.s.s.a.h.RoleHierarchyImpl          - setHierarchy() - The following role hierarchy was set: ROLE_ADMIN > ROLE_CHANNEL_MANAGER
ROLE_CHANNEL_MANAGER > ROLE_USER
26-06-09 11:36:49.283 [main] DEBUG o.s.s.a.h.RoleHierarchyImpl          - buildRolesReachableInOneStepMap() - From role ROLE_ADMIN one can reach role ROLE_CHANNEL_MANAGER in one step.
26-06-09 11:36:49.283 [main] DEBUG o.s.s.a.h.RoleHierarchyImpl          - buildRolesReachableInOneStepMap() - From role ROLE_CHANNEL_MANAGER one can reach role ROLE_USER in one step.
26-06-09 11:36:49.283 [main] DEBUG o.s.s.a.h.RoleHierarchyImpl          - buildRolesReachableInOneOrMoreStepsMap() - From role ROLE_ADMIN one can reach [ROLE_USER, ROLE_CHANNEL_MANAGER] in one or more steps.
26-06-09 11:36:49.283 [main] DEBUG o.s.s.a.h.RoleHierarchyImpl          - buildRolesReachableInOneOrMoreStepsMap() - From role ROLE_CHANNEL_MANAGER one can reach [ROLE_USER] in one or more steps.
26-06-09 11:36:50.184 [main] INFO  o.s.d.j.r.query.QueryEnhancerFactory - Hibernate is in classpath; If applicable, HQL parser will be used.
26-06-09 11:36:51.292 [main] WARN  o.s.b.a.o.j.JpaBaseConfiguration$JpaWebConfiguration - spring.jpa.open-in-view is enabled by default. Therefore, database queries may be performed during view rendering. Explicitly configure spring.jpa.open-in-view to disable this warning
26-06-09 11:36:51.347 [main] TRACE o.s.s.c.a.a.c.AuthenticationConfiguration$EnableGlobalAuthenticationAutowiredConfigurer - Eagerly initializing {securityConfig=com.sprint.mission.discodeit.common.config.SecurityConfig$$SpringCGLIB$$0@1a02ebe0}
26-06-09 11:36:51.353 [main] INFO  o.s.s.c.a.a.c.InitializeUserDetailsBeanManagerConfigurer$InitializeUserDetailsManagerConfigurer - Global AuthenticationManager configured with UserDetailsService bean with name discodeitUserDetailsService
26-06-09 11:36:51.455 [main] INFO  o.s.b.a.w.s.WelcomePageHandlerMapping - Adding welcome page: class path resource [static/index.html]
26-06-09 11:36:51.931 [main] INFO  o.s.b.a.e.web.EndpointLinksResolver  - Exposing 5 endpoints beneath base path '/actuator'
26-06-09 11:36:52.092 [main] DEBUG o.s.s.web.DefaultSecurityFilterChain - Will secure any request with filters: DisableEncodeUrlFilter, WebAsyncManagerIntegrationFilter, SecurityContextHolderFilter, HeaderWriterFilter, CsrfFilter, LogoutFilter, JwtAuthenticationFilter, UsernamePasswordAuthenticationFilter, RequestCacheAwareFilter, SecurityContextHolderAwareRequestFilter, AnonymousAuthenticationFilter, SessionManagementFilter, ExceptionTranslationFilter, AuthorizationFilter
26-06-09 11:36:52.939 [main] INFO  o.a.coyote.http11.Http11NioProtocol  - Starting ProtocolHandler ["http-nio-8080"]
26-06-09 11:36:52.958 [main] INFO  o.s.b.w.e.tomcat.TomcatWebServer     - Tomcat started on port 8080 (http) with context path '/'
26-06-09 11:36:52.974 [main] INFO  c.s.m.discodeit.DiscodeitApplication - Started DiscodeitApplication in 9.604 seconds (process running for 10.326)
26-06-09 11:36:53.065 [main] DEBUG org.hibernate.SQL                    - 
    select
        u1_0.id 
    from
        users u1_0 
    where
        u1_0.role=? 
    fetch
        first ? rows only
26-06-09 11:36:53.071 [main] TRACE org.hibernate.orm.jdbc.bind          - binding parameter (1:VARCHAR) <- [ADMIN]
26-06-09 11:36:53.071 [main] TRACE org.hibernate.orm.jdbc.bind          - binding parameter (2:INTEGER) <- [1]
26-06-09 11:36:53.088 [main] TRACE org.hibernate.orm.jdbc.extract       - extracted value (1:UUID) -> [c9250cab-cae8-4509-8180-0da4b11066e8]
26-06-09 11:36:53.517 [RMI TCP Connection(6)-172.30.1.47] INFO  o.a.c.c.C.[Tomcat].[localhost].[/]   - Initializing Spring DispatcherServlet 'dispatcherServlet'
26-06-09 11:36:53.518 [RMI TCP Connection(6)-172.30.1.47] INFO  o.s.web.servlet.DispatcherServlet    - Initializing Servlet 'dispatcherServlet'
26-06-09 11:36:53.519 [RMI TCP Connection(6)-172.30.1.47] INFO  o.s.web.servlet.DispatcherServlet    - Completed initialization in 1 ms
26-06-09 11:36:56.862 [http-nio-8080-exec-1] TRACE o.s.security.web.FilterChainProxy    - Trying to match request against DefaultSecurityFilterChain defined as 'filterChain' in [class path resource [com/sprint/mission/discodeit/common/config/SecurityConfig.class]] matching [any request] and having filters [DisableEncodeUrl, WebAsyncManagerIntegration, SecurityContextHolder, HeaderWriter, Csrf, Logout, JwtAuthentication, UsernamePasswordAuthentication, RequestCacheAware, SecurityContextHolderAwareRequest, AnonymousAuthentication, SessionManagement, ExceptionTranslation, Authorization] (1/1)
26-06-09 11:36:56.864 [http-nio-8080-exec-1] DEBUG o.s.security.web.FilterChainProxy    - Securing GET /swagger-ui/index.html
26-06-09 11:36:56.867 [http-nio-8080-exec-1] TRACE o.s.security.web.FilterChainProxy    - Invoking DisableEncodeUrlFilter (1/14)
26-06-09 11:36:56.876 [http-nio-8080-exec-1] TRACE o.s.security.web.FilterChainProxy    - Invoking WebAsyncManagerIntegrationFilter (2/14)
26-06-09 11:36:56.878 [http-nio-8080-exec-1] TRACE o.s.security.web.FilterChainProxy    - Invoking SecurityContextHolderFilter (3/14)
26-06-09 11:36:56.880 [http-nio-8080-exec-1] TRACE o.s.security.web.FilterChainProxy    - Invoking HeaderWriterFilter (4/14)
26-06-09 11:36:56.883 [http-nio-8080-exec-1] TRACE o.s.security.web.FilterChainProxy    - Invoking CsrfFilter (5/14)
26-06-09 11:36:56.887 [http-nio-8080-exec-1] TRACE o.s.security.web.csrf.CsrfFilter     - Did not protect against CSRF since request did not match CsrfNotRequired [TRACE, HEAD, GET, OPTIONS]
26-06-09 11:36:56.888 [http-nio-8080-exec-1] TRACE o.s.security.web.FilterChainProxy    - Invoking LogoutFilter (6/14)
26-06-09 11:36:56.888 [http-nio-8080-exec-1] TRACE o.s.s.w.a.logout.LogoutFilter        - Did not match request to Ant [pattern='/api/auth/logout', POST]
26-06-09 11:36:56.888 [http-nio-8080-exec-1] TRACE o.s.security.web.FilterChainProxy    - Invoking JwtAuthenticationFilter (7/14)
26-06-09 11:36:56.889 [http-nio-8080-exec-1] TRACE o.s.security.web.FilterChainProxy    - Invoking UsernamePasswordAuthenticationFilter (8/14)
26-06-09 11:36:56.889 [http-nio-8080-exec-1] TRACE o.s.s.w.a.UsernamePasswordAuthenticationFilter - Did not match request to Ant [pattern='/api/auth/login', POST]
26-06-09 11:36:56.889 [http-nio-8080-exec-1] TRACE o.s.security.web.FilterChainProxy    - Invoking RequestCacheAwareFilter (9/14)
26-06-09 11:36:56.889 [http-nio-8080-exec-1] TRACE o.s.security.web.FilterChainProxy    - Invoking SecurityContextHolderAwareRequestFilter (10/14)
26-06-09 11:36:56.891 [http-nio-8080-exec-1] TRACE o.s.security.web.FilterChainProxy    - Invoking AnonymousAuthenticationFilter (11/14)
26-06-09 11:36:56.892 [http-nio-8080-exec-1] TRACE o.s.security.web.FilterChainProxy    - Invoking SessionManagementFilter (12/14)
26-06-09 11:36:56.894 [http-nio-8080-exec-1] TRACE o.s.s.w.c.SupplierDeferredSecurityContext - Created SecurityContextImpl [Null authentication]
26-06-09 11:36:56.895 [http-nio-8080-exec-1] TRACE o.s.s.w.a.AnonymousAuthenticationFilter - Set SecurityContextHolder to AnonymousAuthenticationToken [Principal=anonymousUser, Credentials=[PROTECTED], Authenticated=true, Details=WebAuthenticationDetails [RemoteIpAddress=0:0:0:0:0:0:0:1, SessionId=null], Granted Authorities=[ROLE_ANONYMOUS]]
26-06-09 11:36:56.895 [http-nio-8080-exec-1] TRACE o.s.security.web.FilterChainProxy    - Invoking ExceptionTranslationFilter (13/14)
26-06-09 11:36:56.895 [http-nio-8080-exec-1] TRACE o.s.security.web.FilterChainProxy    - Invoking AuthorizationFilter (14/14)
26-06-09 11:36:56.898 [http-nio-8080-exec-1] TRACE o.s.s.w.a.i.RequestMatcherDelegatingAuthorizationManager - Authorizing GET /swagger-ui/index.html
26-06-09 11:36:56.899 [http-nio-8080-exec-1] TRACE o.s.s.w.a.i.RequestMatcherDelegatingAuthorizationManager - Checking authorization on GET /swagger-ui/index.html using org.springframework.security.config.annotation.web.configurers.AuthorizeHttpRequestsConfigurer$$Lambda$2089/0x0000022f2fd45098@2e9914dc
26-06-09 11:36:56.902 [http-nio-8080-exec-1] DEBUG o.s.security.web.FilterChainProxy    - Secured GET /swagger-ui/index.html
26-06-09 11:36:56.939 [http-nio-8080-exec-1] TRACE o.s.s.w.h.writers.HstsHeaderWriter   - Not injecting HSTS header since it did not match request to [Is Secure]
26-06-09 11:36:56.967 [http-nio-8080-exec-3] TRACE o.s.security.web.FilterChainProxy    - Trying to match request against DefaultSecurityFilterChain defined as 'filterChain' in [class path resource [com/sprint/mission/discodeit/common/config/SecurityConfig.class]] matching [any request] and having filters [DisableEncodeUrl, WebAsyncManagerIntegration, SecurityContextHolder, HeaderWriter, Csrf, Logout, JwtAuthentication, UsernamePasswordAuthentication, RequestCacheAware, SecurityContextHolderAwareRequest, AnonymousAuthentication, SessionManagement, ExceptionTranslation, Authorization] (1/1)
26-06-09 11:36:56.967 [http-nio-8080-exec-2] TRACE o.s.security.web.FilterChainProxy    - Trying to match request against DefaultSecurityFilterChain defined as 'filterChain' in [class path resource [com/sprint/mission/discodeit/common/config/SecurityConfig.class]] matching [any request] and having filters [DisableEncodeUrl, WebAsyncManagerIntegration, SecurityContextHolder, HeaderWriter, Csrf, Logout, JwtAuthentication, UsernamePasswordAuthentication, RequestCacheAware, SecurityContextHolderAwareRequest, AnonymousAuthentication, SessionManagement, ExceptionTranslation, Authorization] (1/1)
26-06-09 11:36:56.967 [http-nio-8080-exec-3] DEBUG o.s.security.web.FilterChainProxy    - Securing GET /swagger-ui/index.css
26-06-09 11:36:56.967 [http-nio-8080-exec-2] DEBUG o.s.security.web.FilterChainProxy    - Securing GET /swagger-ui/swagger-ui.css
26-06-09 11:36:56.967 [http-nio-8080-exec-3] TRACE o.s.security.web.FilterChainProxy    - Invoking DisableEncodeUrlFilter (1/14)
26-06-09 11:36:56.967 [http-nio-8080-exec-2] TRACE o.s.security.web.FilterChainProxy    - Invoking DisableEncodeUrlFilter (1/14)
26-06-09 11:36:56.968 [http-nio-8080-exec-3] TRACE o.s.security.web.FilterChainProxy    - Invoking WebAsyncManagerIntegrationFilter (2/14)
26-06-09 11:36:56.968 [http-nio-8080-exec-2] TRACE o.s.security.web.FilterChainProxy    - Invoking WebAsyncManagerIntegrationFilter (2/14)
26-06-09 11:36:56.968 [http-nio-8080-exec-3] TRACE o.s.security.web.FilterChainProxy    - Invoking SecurityContextHolderFilter (3/14)
26-06-09 11:36:56.968 [http-nio-8080-exec-2] TRACE o.s.security.web.FilterChainProxy    - Invoking SecurityContextHolderFilter (3/14)
26-06-09 11:36:56.968 [http-nio-8080-exec-3] TRACE o.s.security.web.FilterChainProxy    - Invoking HeaderWriterFilter (4/14)
26-06-09 11:36:56.968 [http-nio-8080-exec-4] TRACE o.s.security.web.FilterChainProxy    - Trying to match request against DefaultSecurityFilterChain defined as 'filterChain' in [class path resource [com/sprint/mission/discodeit/common/config/SecurityConfig.class]] matching [any request] and having filters [DisableEncodeUrl, WebAsyncManagerIntegration, SecurityContextHolder, HeaderWriter, Csrf, Logout, JwtAuthentication, UsernamePasswordAuthentication, RequestCacheAware, SecurityContextHolderAwareRequest, AnonymousAuthentication, SessionManagement, ExceptionTranslation, Authorization] (1/1)
26-06-09 11:36:56.968 [http-nio-8080-exec-2] TRACE o.s.security.web.FilterChainProxy    - Invoking HeaderWriterFilter (4/14)
26-06-09 11:36:56.968 [http-nio-8080-exec-4] DEBUG o.s.security.web.FilterChainProxy    - Securing GET /swagger-ui/swagger-ui-bundle.js
26-06-09 11:36:56.968 [http-nio-8080-exec-5] TRACE o.s.security.web.FilterChainProxy    - Trying to match request against DefaultSecurityFilterChain defined as 'filterChain' in [class path resource [com/sprint/mission/discodeit/common/config/SecurityConfig.class]] matching [any request] and having filters [DisableEncodeUrl, WebAsyncManagerIntegration, SecurityContextHolder, HeaderWriter, Csrf, Logout, JwtAuthentication, UsernamePasswordAuthentication, RequestCacheAware, SecurityContextHolderAwareRequest, AnonymousAuthentication, SessionManagement, ExceptionTranslation, Authorization] (1/1)
26-06-09 11:36:56.968 [http-nio-8080-exec-3] TRACE o.s.security.web.FilterChainProxy    - Invoking CsrfFilter (5/14)
26-06-09 11:36:56.968 [http-nio-8080-exec-5] DEBUG o.s.security.web.FilterChainProxy    - Securing GET /swagger-ui/swagger-initializer.js
26-06-09 11:36:56.968 [http-nio-8080-exec-4] TRACE o.s.security.web.FilterChainProxy    - Invoking DisableEncodeUrlFilter (1/14)
26-06-09 11:36:56.968 [http-nio-8080-exec-2] TRACE o.s.security.web.FilterChainProxy    - Invoking CsrfFilter (5/14)
26-06-09 11:36:56.968 [http-nio-8080-exec-6] TRACE o.s.security.web.FilterChainProxy    - Trying to match request against DefaultSecurityFilterChain defined as 'filterChain' in [class path resource [com/sprint/mission/discodeit/common/config/SecurityConfig.class]] matching [any request] and having filters [DisableEncodeUrl, WebAsyncManagerIntegration, SecurityContextHolder, HeaderWriter, Csrf, Logout, JwtAuthentication, UsernamePasswordAuthentication, RequestCacheAware, SecurityContextHolderAwareRequest, AnonymousAuthentication, SessionManagement, ExceptionTranslation, Authorization] (1/1)
26-06-09 11:36:56.968 [http-nio-8080-exec-5] TRACE o.s.security.web.FilterChainProxy    - Invoking DisableEncodeUrlFilter (1/14)
26-06-09 11:36:56.968 [http-nio-8080-exec-6] DEBUG o.s.security.web.FilterChainProxy    - Securing GET /swagger-ui/swagger-ui-standalone-preset.js
26-06-09 11:36:56.968 [http-nio-8080-exec-3] TRACE o.s.security.web.csrf.CsrfFilter     - Did not protect against CSRF since request did not match CsrfNotRequired [TRACE, HEAD, GET, OPTIONS]
26-06-09 11:36:56.968 [http-nio-8080-exec-2] TRACE o.s.security.web.csrf.CsrfFilter     - Did not protect against CSRF since request did not match CsrfNotRequired [TRACE, HEAD, GET, OPTIONS]
26-06-09 11:36:56.968 [http-nio-8080-exec-4] TRACE o.s.security.web.FilterChainProxy    - Invoking WebAsyncManagerIntegrationFilter (2/14)
26-06-09 11:36:56.969 [http-nio-8080-exec-3] TRACE o.s.security.web.FilterChainProxy    - Invoking LogoutFilter (6/14)
26-06-09 11:36:56.969 [http-nio-8080-exec-2] TRACE o.s.security.web.FilterChainProxy    - Invoking LogoutFilter (6/14)
26-06-09 11:36:56.969 [http-nio-8080-exec-6] TRACE o.s.security.web.FilterChainProxy    - Invoking DisableEncodeUrlFilter (1/14)
26-06-09 11:36:56.969 [http-nio-8080-exec-5] TRACE o.s.security.web.FilterChainProxy    - Invoking WebAsyncManagerIntegrationFilter (2/14)
26-06-09 11:36:56.969 [http-nio-8080-exec-4] TRACE o.s.security.web.FilterChainProxy    - Invoking SecurityContextHolderFilter (3/14)
26-06-09 11:36:56.969 [http-nio-8080-exec-3] TRACE o.s.s.w.a.logout.LogoutFilter        - Did not match request to Ant [pattern='/api/auth/logout', POST]
26-06-09 11:36:56.969 [http-nio-8080-exec-2] TRACE o.s.s.w.a.logout.LogoutFilter        - Did not match request to Ant [pattern='/api/auth/logout', POST]
26-06-09 11:36:56.969 [http-nio-8080-exec-6] TRACE o.s.security.web.FilterChainProxy    - Invoking WebAsyncManagerIntegrationFilter (2/14)
26-06-09 11:36:56.969 [http-nio-8080-exec-5] TRACE o.s.security.web.FilterChainProxy    - Invoking SecurityContextHolderFilter (3/14)
26-06-09 11:36:56.969 [http-nio-8080-exec-3] TRACE o.s.security.web.FilterChainProxy    - Invoking JwtAuthenticationFilter (7/14)
26-06-09 11:36:56.969 [http-nio-8080-exec-4] TRACE o.s.security.web.FilterChainProxy    - Invoking HeaderWriterFilter (4/14)
26-06-09 11:36:56.969 [http-nio-8080-exec-2] TRACE o.s.security.web.FilterChainProxy    - Invoking JwtAuthenticationFilter (7/14)
26-06-09 11:36:56.969 [http-nio-8080-exec-6] TRACE o.s.security.web.FilterChainProxy    - Invoking SecurityContextHolderFilter (3/14)
26-06-09 11:36:56.969 [http-nio-8080-exec-5] TRACE o.s.security.web.FilterChainProxy    - Invoking HeaderWriterFilter (4/14)
26-06-09 11:36:56.969 [http-nio-8080-exec-3] TRACE o.s.security.web.FilterChainProxy    - Invoking UsernamePasswordAuthenticationFilter (8/14)
26-06-09 11:36:56.969 [http-nio-8080-exec-6] TRACE o.s.security.web.FilterChainProxy    - Invoking HeaderWriterFilter (4/14)
26-06-09 11:36:56.969 [http-nio-8080-exec-4] TRACE o.s.security.web.FilterChainProxy    - Invoking CsrfFilter (5/14)
26-06-09 11:36:56.969 [http-nio-8080-exec-5] TRACE o.s.security.web.FilterChainProxy    - Invoking CsrfFilter (5/14)
26-06-09 11:36:56.969 [http-nio-8080-exec-2] TRACE o.s.security.web.FilterChainProxy    - Invoking UsernamePasswordAuthenticationFilter (8/14)
26-06-09 11:36:56.969 [http-nio-8080-exec-6] TRACE o.s.security.web.FilterChainProxy    - Invoking CsrfFilter (5/14)
26-06-09 11:36:56.969 [http-nio-8080-exec-3] TRACE o.s.s.w.a.UsernamePasswordAuthenticationFilter - Did not match request to Ant [pattern='/api/auth/login', POST]
26-06-09 11:36:56.970 [http-nio-8080-exec-5] TRACE o.s.security.web.csrf.CsrfFilter     - Did not protect against CSRF since request did not match CsrfNotRequired [TRACE, HEAD, GET, OPTIONS]
26-06-09 11:36:56.970 [http-nio-8080-exec-3] TRACE o.s.security.web.FilterChainProxy    - Invoking RequestCacheAwareFilter (9/14)
26-06-09 11:36:56.970 [http-nio-8080-exec-2] TRACE o.s.s.w.a.UsernamePasswordAuthenticationFilter - Did not match request to Ant [pattern='/api/auth/login', POST]
26-06-09 11:36:56.970 [http-nio-8080-exec-5] TRACE o.s.security.web.FilterChainProxy    - Invoking LogoutFilter (6/14)
26-06-09 11:36:56.970 [http-nio-8080-exec-3] TRACE o.s.security.web.FilterChainProxy    - Invoking SecurityContextHolderAwareRequestFilter (10/14)
26-06-09 11:36:56.970 [http-nio-8080-exec-4] TRACE o.s.security.web.csrf.CsrfFilter     - Did not protect against CSRF since request did not match CsrfNotRequired [TRACE, HEAD, GET, OPTIONS]
26-06-09 11:36:56.970 [http-nio-8080-exec-5] TRACE o.s.s.w.a.logout.LogoutFilter        - Did not match request to Ant [pattern='/api/auth/logout', POST]
26-06-09 11:36:56.970 [http-nio-8080-exec-6] TRACE o.s.security.web.csrf.CsrfFilter     - Did not protect against CSRF since request did not match CsrfNotRequired [TRACE, HEAD, GET, OPTIONS]
26-06-09 11:36:56.970 [http-nio-8080-exec-3] TRACE o.s.security.web.FilterChainProxy    - Invoking AnonymousAuthenticationFilter (11/14)
26-06-09 11:36:56.970 [http-nio-8080-exec-2] TRACE o.s.security.web.FilterChainProxy    - Invoking RequestCacheAwareFilter (9/14)
26-06-09 11:36:56.970 [http-nio-8080-exec-5] TRACE o.s.security.web.FilterChainProxy    - Invoking JwtAuthenticationFilter (7/14)
26-06-09 11:36:56.970 [http-nio-8080-exec-4] TRACE o.s.security.web.FilterChainProxy    - Invoking LogoutFilter (6/14)
26-06-09 11:36:56.970 [http-nio-8080-exec-2] TRACE o.s.security.web.FilterChainProxy    - Invoking SecurityContextHolderAwareRequestFilter (10/14)
26-06-09 11:36:56.970 [http-nio-8080-exec-6] TRACE o.s.security.web.FilterChainProxy    - Invoking LogoutFilter (6/14)
26-06-09 11:36:56.970 [http-nio-8080-exec-3] TRACE o.s.security.web.FilterChainProxy    - Invoking SessionManagementFilter (12/14)
26-06-09 11:36:56.970 [http-nio-8080-exec-5] TRACE o.s.security.web.FilterChainProxy    - Invoking UsernamePasswordAuthenticationFilter (8/14)
26-06-09 11:36:56.970 [http-nio-8080-exec-6] TRACE o.s.s.w.a.logout.LogoutFilter        - Did not match request to Ant [pattern='/api/auth/logout', POST]
26-06-09 11:36:56.970 [http-nio-8080-exec-4] TRACE o.s.s.w.a.logout.LogoutFilter        - Did not match request to Ant [pattern='/api/auth/logout', POST]
26-06-09 11:36:56.970 [http-nio-8080-exec-2] TRACE o.s.security.web.FilterChainProxy    - Invoking AnonymousAuthenticationFilter (11/14)
26-06-09 11:36:56.970 [http-nio-8080-exec-3] TRACE o.s.s.w.c.SupplierDeferredSecurityContext - Created SecurityContextImpl [Null authentication]
26-06-09 11:36:56.971 [http-nio-8080-exec-5] TRACE o.s.s.w.a.UsernamePasswordAuthenticationFilter - Did not match request to Ant [pattern='/api/auth/login', POST]
26-06-09 11:36:56.971 [http-nio-8080-exec-2] TRACE o.s.security.web.FilterChainProxy    - Invoking SessionManagementFilter (12/14)
26-06-09 11:36:56.971 [http-nio-8080-exec-6] TRACE o.s.security.web.FilterChainProxy    - Invoking JwtAuthenticationFilter (7/14)
26-06-09 11:36:56.971 [http-nio-8080-exec-3] TRACE o.s.s.w.a.AnonymousAuthenticationFilter - Set SecurityContextHolder to AnonymousAuthenticationToken [Principal=anonymousUser, Credentials=[PROTECTED], Authenticated=true, Details=WebAuthenticationDetails [RemoteIpAddress=0:0:0:0:0:0:0:1, SessionId=null], Granted Authorities=[ROLE_ANONYMOUS]]
26-06-09 11:36:56.971 [http-nio-8080-exec-2] TRACE o.s.s.w.c.SupplierDeferredSecurityContext - Created SecurityContextImpl [Null authentication]
26-06-09 11:36:56.971 [http-nio-8080-exec-4] TRACE o.s.security.web.FilterChainProxy    - Invoking JwtAuthenticationFilter (7/14)
26-06-09 11:36:56.971 [http-nio-8080-exec-5] TRACE o.s.security.web.FilterChainProxy    - Invoking RequestCacheAwareFilter (9/14)
26-06-09 11:36:56.971 [http-nio-8080-exec-3] TRACE o.s.security.web.FilterChainProxy    - Invoking ExceptionTranslationFilter (13/14)
26-06-09 11:36:56.971 [http-nio-8080-exec-6] TRACE o.s.security.web.FilterChainProxy    - Invoking UsernamePasswordAuthenticationFilter (8/14)
26-06-09 11:36:56.971 [http-nio-8080-exec-2] TRACE o.s.s.w.a.AnonymousAuthenticationFilter - Set SecurityContextHolder to AnonymousAuthenticationToken [Principal=anonymousUser, Credentials=[PROTECTED], Authenticated=true, Details=WebAuthenticationDetails [RemoteIpAddress=0:0:0:0:0:0:0:1, SessionId=null], Granted Authorities=[ROLE_ANONYMOUS]]
26-06-09 11:36:56.971 [http-nio-8080-exec-5] TRACE o.s.security.web.FilterChainProxy    - Invoking SecurityContextHolderAwareRequestFilter (10/14)
26-06-09 11:36:56.971 [http-nio-8080-exec-3] TRACE o.s.security.web.FilterChainProxy    - Invoking AuthorizationFilter (14/14)
26-06-09 11:36:56.971 [http-nio-8080-exec-2] TRACE o.s.security.web.FilterChainProxy    - Invoking ExceptionTranslationFilter (13/14)
26-06-09 11:36:56.971 [http-nio-8080-exec-4] TRACE o.s.security.web.FilterChainProxy    - Invoking UsernamePasswordAuthenticationFilter (8/14)
26-06-09 11:36:56.971 [http-nio-8080-exec-6] TRACE o.s.s.w.a.UsernamePasswordAuthenticationFilter - Did not match request to Ant [pattern='/api/auth/login', POST]
26-06-09 11:36:56.971 [http-nio-8080-exec-5] TRACE o.s.security.web.FilterChainProxy    - Invoking AnonymousAuthenticationFilter (11/14)
26-06-09 11:36:56.971 [http-nio-8080-exec-2] TRACE o.s.security.web.FilterChainProxy    - Invoking AuthorizationFilter (14/14)
26-06-09 11:36:56.971 [http-nio-8080-exec-3] TRACE o.s.s.w.a.i.RequestMatcherDelegatingAuthorizationManager - Authorizing GET /swagger-ui/index.css
26-06-09 11:36:56.971 [http-nio-8080-exec-4] TRACE o.s.s.w.a.UsernamePasswordAuthenticationFilter - Did not match request to Ant [pattern='/api/auth/login', POST]
26-06-09 11:36:56.971 [http-nio-8080-exec-6] TRACE o.s.security.web.FilterChainProxy    - Invoking RequestCacheAwareFilter (9/14)
26-06-09 11:36:56.971 [http-nio-8080-exec-5] TRACE o.s.security.web.FilterChainProxy    - Invoking SessionManagementFilter (12/14)
26-06-09 11:36:56.971 [http-nio-8080-exec-4] TRACE o.s.security.web.FilterChainProxy    - Invoking RequestCacheAwareFilter (9/14)
26-06-09 11:36:56.971 [http-nio-8080-exec-2] TRACE o.s.s.w.a.i.RequestMatcherDelegatingAuthorizationManager - Authorizing GET /swagger-ui/swagger-ui.css
26-06-09 11:36:56.972 [http-nio-8080-exec-5] TRACE o.s.s.w.c.SupplierDeferredSecurityContext - Created SecurityContextImpl [Null authentication]
26-06-09 11:36:56.972 [http-nio-8080-exec-3] TRACE o.s.s.w.a.i.RequestMatcherDelegatingAuthorizationManager - Checking authorization on GET /swagger-ui/index.css using org.springframework.security.config.annotation.web.configurers.AuthorizeHttpRequestsConfigurer$$Lambda$2089/0x0000022f2fd45098@2e9914dc
26-06-09 11:36:56.972 [http-nio-8080-exec-6] TRACE o.s.security.web.FilterChainProxy    - Invoking SecurityContextHolderAwareRequestFilter (10/14)
26-06-09 11:36:56.972 [http-nio-8080-exec-2] TRACE o.s.s.w.a.i.RequestMatcherDelegatingAuthorizationManager - Checking authorization on GET /swagger-ui/swagger-ui.css using org.springframework.security.config.annotation.web.configurers.AuthorizeHttpRequestsConfigurer$$Lambda$2089/0x0000022f2fd45098@2e9914dc
26-06-09 11:36:56.972 [http-nio-8080-exec-5] TRACE o.s.s.w.a.AnonymousAuthenticationFilter - Set SecurityContextHolder to AnonymousAuthenticationToken [Principal=anonymousUser, Credentials=[PROTECTED], Authenticated=true, Details=WebAuthenticationDetails [RemoteIpAddress=0:0:0:0:0:0:0:1, SessionId=null], Granted Authorities=[ROLE_ANONYMOUS]]
26-06-09 11:36:56.972 [http-nio-8080-exec-4] TRACE o.s.security.web.FilterChainProxy    - Invoking SecurityContextHolderAwareRequestFilter (10/14)
26-06-09 11:36:56.972 [http-nio-8080-exec-6] TRACE o.s.security.web.FilterChainProxy    - Invoking AnonymousAuthenticationFilter (11/14)
26-06-09 11:36:56.972 [http-nio-8080-exec-5] TRACE o.s.security.web.FilterChainProxy    - Invoking ExceptionTranslationFilter (13/14)
26-06-09 11:36:56.972 [http-nio-8080-exec-4] TRACE o.s.security.web.FilterChainProxy    - Invoking AnonymousAuthenticationFilter (11/14)
26-06-09 11:36:56.972 [http-nio-8080-exec-6] TRACE o.s.security.web.FilterChainProxy    - Invoking SessionManagementFilter (12/14)
26-06-09 11:36:56.972 [http-nio-8080-exec-5] TRACE o.s.security.web.FilterChainProxy    - Invoking AuthorizationFilter (14/14)
26-06-09 11:36:56.972 [http-nio-8080-exec-2] DEBUG o.s.security.web.FilterChainProxy    - Secured GET /swagger-ui/swagger-ui.css
26-06-09 11:36:56.972 [http-nio-8080-exec-4] TRACE o.s.security.web.FilterChainProxy    - Invoking SessionManagementFilter (12/14)
26-06-09 11:36:56.972 [http-nio-8080-exec-6] TRACE o.s.s.w.c.SupplierDeferredSecurityContext - Created SecurityContextImpl [Null authentication]
26-06-09 11:36:56.972 [http-nio-8080-exec-3] DEBUG o.s.security.web.FilterChainProxy    - Secured GET /swagger-ui/index.css
26-06-09 11:36:56.972 [http-nio-8080-exec-5] TRACE o.s.s.w.a.i.RequestMatcherDelegatingAuthorizationManager - Authorizing GET /swagger-ui/swagger-initializer.js
26-06-09 11:36:56.972 [http-nio-8080-exec-4] TRACE o.s.s.w.c.SupplierDeferredSecurityContext - Created SecurityContextImpl [Null authentication]
26-06-09 11:36:56.972 [http-nio-8080-exec-6] TRACE o.s.s.w.a.AnonymousAuthenticationFilter - Set SecurityContextHolder to AnonymousAuthenticationToken [Principal=anonymousUser, Credentials=[PROTECTED], Authenticated=true, Details=WebAuthenticationDetails [RemoteIpAddress=0:0:0:0:0:0:0:1, SessionId=null], Granted Authorities=[ROLE_ANONYMOUS]]
26-06-09 11:36:56.972 [http-nio-8080-exec-4] TRACE o.s.s.w.a.AnonymousAuthenticationFilter - Set SecurityContextHolder to AnonymousAuthenticationToken [Principal=anonymousUser, Credentials=[PROTECTED], Authenticated=true, Details=WebAuthenticationDetails [RemoteIpAddress=0:0:0:0:0:0:0:1, SessionId=null], Granted Authorities=[ROLE_ANONYMOUS]]
26-06-09 11:36:56.972 [http-nio-8080-exec-6] TRACE o.s.security.web.FilterChainProxy    - Invoking ExceptionTranslationFilter (13/14)
26-06-09 11:36:56.972 [http-nio-8080-exec-4] TRACE o.s.security.web.FilterChainProxy    - Invoking ExceptionTranslationFilter (13/14)
26-06-09 11:36:56.972 [http-nio-8080-exec-5] TRACE o.s.s.w.a.i.RequestMatcherDelegatingAuthorizationManager - Checking authorization on GET /swagger-ui/swagger-initializer.js using org.springframework.security.config.annotation.web.configurers.AuthorizeHttpRequestsConfigurer$$Lambda$2089/0x0000022f2fd45098@2e9914dc
26-06-09 11:36:56.972 [http-nio-8080-exec-4] TRACE o.s.security.web.FilterChainProxy    - Invoking AuthorizationFilter (14/14)
26-06-09 11:36:56.972 [http-nio-8080-exec-6] TRACE o.s.security.web.FilterChainProxy    - Invoking AuthorizationFilter (14/14)
26-06-09 11:36:56.972 [http-nio-8080-exec-4] TRACE o.s.s.w.a.i.RequestMatcherDelegatingAuthorizationManager - Authorizing GET /swagger-ui/swagger-ui-bundle.js
26-06-09 11:36:56.972 [http-nio-8080-exec-5] DEBUG o.s.security.web.FilterChainProxy    - Secured GET /swagger-ui/swagger-initializer.js
26-06-09 11:36:56.972 [http-nio-8080-exec-6] TRACE o.s.s.w.a.i.RequestMatcherDelegatingAuthorizationManager - Authorizing GET /swagger-ui/swagger-ui-standalone-preset.js
26-06-09 11:36:56.972 [http-nio-8080-exec-4] TRACE o.s.s.w.a.i.RequestMatcherDelegatingAuthorizationManager - Checking authorization on GET /swagger-ui/swagger-ui-bundle.js using org.springframework.security.config.annotation.web.configurers.AuthorizeHttpRequestsConfigurer$$Lambda$2089/0x0000022f2fd45098@2e9914dc
26-06-09 11:36:56.972 [http-nio-8080-exec-6] TRACE o.s.s.w.a.i.RequestMatcherDelegatingAuthorizationManager - Checking authorization on GET /swagger-ui/swagger-ui-standalone-preset.js using org.springframework.security.config.annotation.web.configurers.AuthorizeHttpRequestsConfigurer$$Lambda$2089/0x0000022f2fd45098@2e9914dc
26-06-09 11:36:56.974 [http-nio-8080-exec-4] DEBUG o.s.security.web.FilterChainProxy    - Secured GET /swagger-ui/swagger-ui-bundle.js
26-06-09 11:36:56.974 [http-nio-8080-exec-6] DEBUG o.s.security.web.FilterChainProxy    - Secured GET /swagger-ui/swagger-ui-standalone-preset.js
26-06-09 11:36:56.976 [http-nio-8080-exec-2] TRACE o.s.s.w.h.writers.HstsHeaderWriter   - Not injecting HSTS header since it did not match request to [Is Secure]
26-06-09 11:36:56.975 [http-nio-8080-exec-3] TRACE o.s.s.w.h.writers.HstsHeaderWriter   - Not injecting HSTS header since it did not match request to [Is Secure]
26-06-09 11:36:56.976 [http-nio-8080-exec-4] TRACE o.s.s.w.h.writers.HstsHeaderWriter   - Not injecting HSTS header since it did not match request to [Is Secure]
26-06-09 11:36:56.976 [http-nio-8080-exec-6] TRACE o.s.s.w.h.writers.HstsHeaderWriter   - Not injecting HSTS header since it did not match request to [Is Secure]
26-06-09 11:36:57.000 [http-nio-8080-exec-5] TRACE o.s.s.w.h.writers.HstsHeaderWriter   - Not injecting HSTS header since it did not match request to [Is Secure]
26-06-09 11:36:57.076 [http-nio-8080-exec-8] TRACE o.s.security.web.FilterChainProxy    - Trying to match request against DefaultSecurityFilterChain defined as 'filterChain' in [class path resource [com/sprint/mission/discodeit/common/config/SecurityConfig.class]] matching [any request] and having filters [DisableEncodeUrl, WebAsyncManagerIntegration, SecurityContextHolder, HeaderWriter, Csrf, Logout, JwtAuthentication, UsernamePasswordAuthentication, RequestCacheAware, SecurityContextHolderAwareRequest, AnonymousAuthentication, SessionManagement, ExceptionTranslation, Authorization] (1/1)
26-06-09 11:36:57.076 [http-nio-8080-exec-8] DEBUG o.s.security.web.FilterChainProxy    - Securing GET /swagger-ui/favicon-32x32.png
26-06-09 11:36:57.076 [http-nio-8080-exec-8] TRACE o.s.security.web.FilterChainProxy    - Invoking DisableEncodeUrlFilter (1/14)
26-06-09 11:36:57.077 [http-nio-8080-exec-8] TRACE o.s.security.web.FilterChainProxy    - Invoking WebAsyncManagerIntegrationFilter (2/14)
26-06-09 11:36:57.077 [http-nio-8080-exec-8] TRACE o.s.security.web.FilterChainProxy    - Invoking SecurityContextHolderFilter (3/14)
26-06-09 11:36:57.077 [http-nio-8080-exec-8] TRACE o.s.security.web.FilterChainProxy    - Invoking HeaderWriterFilter (4/14)
26-06-09 11:36:57.077 [http-nio-8080-exec-8] TRACE o.s.security.web.FilterChainProxy    - Invoking CsrfFilter (5/14)
26-06-09 11:36:57.077 [http-nio-8080-exec-7] TRACE o.s.security.web.FilterChainProxy    - Trying to match request against DefaultSecurityFilterChain defined as 'filterChain' in [class path resource [com/sprint/mission/discodeit/common/config/SecurityConfig.class]] matching [any request] and having filters [DisableEncodeUrl, WebAsyncManagerIntegration, SecurityContextHolder, HeaderWriter, Csrf, Logout, JwtAuthentication, UsernamePasswordAuthentication, RequestCacheAware, SecurityContextHolderAwareRequest, AnonymousAuthentication, SessionManagement, ExceptionTranslation, Authorization] (1/1)
26-06-09 11:36:57.077 [http-nio-8080-exec-8] TRACE o.s.security.web.csrf.CsrfFilter     - Did not protect against CSRF since request did not match CsrfNotRequired [TRACE, HEAD, GET, OPTIONS]
26-06-09 11:36:57.077 [http-nio-8080-exec-7] DEBUG o.s.security.web.FilterChainProxy    - Securing GET /v3/api-docs/swagger-config
26-06-09 11:36:57.077 [http-nio-8080-exec-8] TRACE o.s.security.web.FilterChainProxy    - Invoking LogoutFilter (6/14)
26-06-09 11:36:57.078 [http-nio-8080-exec-8] TRACE o.s.s.w.a.logout.LogoutFilter        - Did not match request to Ant [pattern='/api/auth/logout', POST]
26-06-09 11:36:57.078 [http-nio-8080-exec-7] TRACE o.s.security.web.FilterChainProxy    - Invoking DisableEncodeUrlFilter (1/14)
26-06-09 11:36:57.078 [http-nio-8080-exec-8] TRACE o.s.security.web.FilterChainProxy    - Invoking JwtAuthenticationFilter (7/14)
26-06-09 11:36:57.078 [http-nio-8080-exec-8] TRACE o.s.security.web.FilterChainProxy    - Invoking UsernamePasswordAuthenticationFilter (8/14)
26-06-09 11:36:57.078 [http-nio-8080-exec-7] TRACE o.s.security.web.FilterChainProxy    - Invoking WebAsyncManagerIntegrationFilter (2/14)
26-06-09 11:36:57.078 [http-nio-8080-exec-8] TRACE o.s.s.w.a.UsernamePasswordAuthenticationFilter - Did not match request to Ant [pattern='/api/auth/login', POST]
26-06-09 11:36:57.078 [http-nio-8080-exec-8] TRACE o.s.security.web.FilterChainProxy    - Invoking RequestCacheAwareFilter (9/14)
26-06-09 11:36:57.078 [http-nio-8080-exec-7] TRACE o.s.security.web.FilterChainProxy    - Invoking SecurityContextHolderFilter (3/14)
26-06-09 11:36:57.078 [http-nio-8080-exec-8] TRACE o.s.security.web.FilterChainProxy    - Invoking SecurityContextHolderAwareRequestFilter (10/14)
26-06-09 11:36:57.078 [http-nio-8080-exec-7] TRACE o.s.security.web.FilterChainProxy    - Invoking HeaderWriterFilter (4/14)
26-06-09 11:36:57.078 [http-nio-8080-exec-8] TRACE o.s.security.web.FilterChainProxy    - Invoking AnonymousAuthenticationFilter (11/14)
26-06-09 11:36:57.078 [http-nio-8080-exec-7] TRACE o.s.security.web.FilterChainProxy    - Invoking CsrfFilter (5/14)
26-06-09 11:36:57.078 [http-nio-8080-exec-8] TRACE o.s.security.web.FilterChainProxy    - Invoking SessionManagementFilter (12/14)
26-06-09 11:36:57.078 [http-nio-8080-exec-8] TRACE o.s.s.w.c.SupplierDeferredSecurityContext - Created SecurityContextImpl [Null authentication]
26-06-09 11:36:57.078 [http-nio-8080-exec-7] TRACE o.s.security.web.csrf.CsrfFilter     - Did not protect against CSRF since request did not match CsrfNotRequired [TRACE, HEAD, GET, OPTIONS]
26-06-09 11:36:57.078 [http-nio-8080-exec-7] TRACE o.s.security.web.FilterChainProxy    - Invoking LogoutFilter (6/14)
26-06-09 11:36:57.078 [http-nio-8080-exec-8] TRACE o.s.s.w.a.AnonymousAuthenticationFilter - Set SecurityContextHolder to AnonymousAuthenticationToken [Principal=anonymousUser, Credentials=[PROTECTED], Authenticated=true, Details=WebAuthenticationDetails [RemoteIpAddress=0:0:0:0:0:0:0:1, SessionId=null], Granted Authorities=[ROLE_ANONYMOUS]]
26-06-09 11:36:57.078 [http-nio-8080-exec-7] TRACE o.s.s.w.a.logout.LogoutFilter        - Did not match request to Ant [pattern='/api/auth/logout', POST]
26-06-09 11:36:57.078 [http-nio-8080-exec-8] TRACE o.s.security.web.FilterChainProxy    - Invoking ExceptionTranslationFilter (13/14)
26-06-09 11:36:57.079 [http-nio-8080-exec-8] TRACE o.s.security.web.FilterChainProxy    - Invoking AuthorizationFilter (14/14)
26-06-09 11:36:57.079 [http-nio-8080-exec-7] TRACE o.s.security.web.FilterChainProxy    - Invoking JwtAuthenticationFilter (7/14)
26-06-09 11:36:57.079 [http-nio-8080-exec-7] TRACE o.s.security.web.FilterChainProxy    - Invoking UsernamePasswordAuthenticationFilter (8/14)
26-06-09 11:36:57.079 [http-nio-8080-exec-8] TRACE o.s.s.w.a.i.RequestMatcherDelegatingAuthorizationManager - Authorizing GET /swagger-ui/favicon-32x32.png
26-06-09 11:36:57.079 [http-nio-8080-exec-7] TRACE o.s.s.w.a.UsernamePasswordAuthenticationFilter - Did not match request to Ant [pattern='/api/auth/login', POST]
26-06-09 11:36:57.079 [http-nio-8080-exec-7] TRACE o.s.security.web.FilterChainProxy    - Invoking RequestCacheAwareFilter (9/14)
26-06-09 11:36:57.079 [http-nio-8080-exec-8] TRACE o.s.s.w.a.i.RequestMatcherDelegatingAuthorizationManager - Checking authorization on GET /swagger-ui/favicon-32x32.png using org.springframework.security.config.annotation.web.configurers.AuthorizeHttpRequestsConfigurer$$Lambda$2089/0x0000022f2fd45098@2e9914dc
26-06-09 11:36:57.079 [http-nio-8080-exec-7] TRACE o.s.security.web.FilterChainProxy    - Invoking SecurityContextHolderAwareRequestFilter (10/14)
26-06-09 11:36:57.079 [http-nio-8080-exec-7] TRACE o.s.security.web.FilterChainProxy    - Invoking AnonymousAuthenticationFilter (11/14)
26-06-09 11:36:57.079 [http-nio-8080-exec-7] TRACE o.s.security.web.FilterChainProxy    - Invoking SessionManagementFilter (12/14)
26-06-09 11:36:57.079 [http-nio-8080-exec-7] TRACE o.s.s.w.c.SupplierDeferredSecurityContext - Created SecurityContextImpl [Null authentication]
26-06-09 11:36:57.079 [http-nio-8080-exec-8] DEBUG o.s.security.web.FilterChainProxy    - Secured GET /swagger-ui/favicon-32x32.png
26-06-09 11:36:57.079 [http-nio-8080-exec-7] TRACE o.s.s.w.a.AnonymousAuthenticationFilter - Set SecurityContextHolder to AnonymousAuthenticationToken [Principal=anonymousUser, Credentials=[PROTECTED], Authenticated=true, Details=WebAuthenticationDetails [RemoteIpAddress=0:0:0:0:0:0:0:1, SessionId=null], Granted Authorities=[ROLE_ANONYMOUS]]
26-06-09 11:36:57.080 [http-nio-8080-exec-7] TRACE o.s.security.web.FilterChainProxy    - Invoking ExceptionTranslationFilter (13/14)
26-06-09 11:36:57.080 [http-nio-8080-exec-7] TRACE o.s.security.web.FilterChainProxy    - Invoking AuthorizationFilter (14/14)
26-06-09 11:36:57.080 [http-nio-8080-exec-7] TRACE o.s.s.w.a.i.RequestMatcherDelegatingAuthorizationManager - Authorizing GET /v3/api-docs/swagger-config
26-06-09 11:36:57.080 [http-nio-8080-exec-7] TRACE o.s.s.w.a.i.RequestMatcherDelegatingAuthorizationManager - Checking authorization on GET /v3/api-docs/swagger-config using org.springframework.security.config.annotation.web.configurers.AuthorizeHttpRequestsConfigurer$$Lambda$2089/0x0000022f2fd45098@2e9914dc
26-06-09 11:36:57.080 [http-nio-8080-exec-7] DEBUG o.s.security.web.FilterChainProxy    - Secured GET /v3/api-docs/swagger-config
26-06-09 11:36:57.083 [http-nio-8080-exec-8] TRACE o.s.s.w.h.writers.HstsHeaderWriter   - Not injecting HSTS header since it did not match request to [Is Secure]
26-06-09 11:36:57.110 [http-nio-8080-exec-7] TRACE o.s.s.w.h.writers.HstsHeaderWriter   - Not injecting HSTS header since it did not match request to [Is Secure]
26-06-09 11:36:57.126 [http-nio-8080-exec-9] TRACE o.s.security.web.FilterChainProxy    - Trying to match request against DefaultSecurityFilterChain defined as 'filterChain' in [class path resource [com/sprint/mission/discodeit/common/config/SecurityConfig.class]] matching [any request] and having filters [DisableEncodeUrl, WebAsyncManagerIntegration, SecurityContextHolder, HeaderWriter, Csrf, Logout, JwtAuthentication, UsernamePasswordAuthentication, RequestCacheAware, SecurityContextHolderAwareRequest, AnonymousAuthentication, SessionManagement, ExceptionTranslation, Authorization] (1/1)
26-06-09 11:36:57.126 [http-nio-8080-exec-9] DEBUG o.s.security.web.FilterChainProxy    - Securing GET /v3/api-docs
26-06-09 11:36:57.126 [http-nio-8080-exec-9] TRACE o.s.security.web.FilterChainProxy    - Invoking DisableEncodeUrlFilter (1/14)
26-06-09 11:36:57.126 [http-nio-8080-exec-9] TRACE o.s.security.web.FilterChainProxy    - Invoking WebAsyncManagerIntegrationFilter (2/14)
26-06-09 11:36:57.126 [http-nio-8080-exec-9] TRACE o.s.security.web.FilterChainProxy    - Invoking SecurityContextHolderFilter (3/14)
26-06-09 11:36:57.126 [http-nio-8080-exec-9] TRACE o.s.security.web.FilterChainProxy    - Invoking HeaderWriterFilter (4/14)
26-06-09 11:36:57.126 [http-nio-8080-exec-9] TRACE o.s.security.web.FilterChainProxy    - Invoking CsrfFilter (5/14)
26-06-09 11:36:57.127 [http-nio-8080-exec-9] TRACE o.s.security.web.csrf.CsrfFilter     - Did not protect against CSRF since request did not match CsrfNotRequired [TRACE, HEAD, GET, OPTIONS]
26-06-09 11:36:57.127 [http-nio-8080-exec-9] TRACE o.s.security.web.FilterChainProxy    - Invoking LogoutFilter (6/14)
26-06-09 11:36:57.127 [http-nio-8080-exec-9] TRACE o.s.s.w.a.logout.LogoutFilter        - Did not match request to Ant [pattern='/api/auth/logout', POST]
26-06-09 11:36:57.127 [http-nio-8080-exec-9] TRACE o.s.security.web.FilterChainProxy    - Invoking JwtAuthenticationFilter (7/14)
26-06-09 11:36:57.127 [http-nio-8080-exec-9] TRACE o.s.security.web.FilterChainProxy    - Invoking UsernamePasswordAuthenticationFilter (8/14)
26-06-09 11:36:57.127 [http-nio-8080-exec-9] TRACE o.s.s.w.a.UsernamePasswordAuthenticationFilter - Did not match request to Ant [pattern='/api/auth/login', POST]
26-06-09 11:36:57.127 [http-nio-8080-exec-9] TRACE o.s.security.web.FilterChainProxy    - Invoking RequestCacheAwareFilter (9/14)
26-06-09 11:36:57.127 [http-nio-8080-exec-9] TRACE o.s.security.web.FilterChainProxy    - Invoking SecurityContextHolderAwareRequestFilter (10/14)
26-06-09 11:36:57.127 [http-nio-8080-exec-9] TRACE o.s.security.web.FilterChainProxy    - Invoking AnonymousAuthenticationFilter (11/14)
26-06-09 11:36:57.127 [http-nio-8080-exec-9] TRACE o.s.security.web.FilterChainProxy    - Invoking SessionManagementFilter (12/14)
26-06-09 11:36:57.127 [http-nio-8080-exec-9] TRACE o.s.s.w.c.SupplierDeferredSecurityContext - Created SecurityContextImpl [Null authentication]
26-06-09 11:36:57.128 [http-nio-8080-exec-9] TRACE o.s.s.w.a.AnonymousAuthenticationFilter - Set SecurityContextHolder to AnonymousAuthenticationToken [Principal=anonymousUser, Credentials=[PROTECTED], Authenticated=true, Details=WebAuthenticationDetails [RemoteIpAddress=0:0:0:0:0:0:0:1, SessionId=null], Granted Authorities=[ROLE_ANONYMOUS]]
26-06-09 11:36:57.128 [http-nio-8080-exec-9] TRACE o.s.security.web.FilterChainProxy    - Invoking ExceptionTranslationFilter (13/14)
26-06-09 11:36:57.128 [http-nio-8080-exec-9] TRACE o.s.security.web.FilterChainProxy    - Invoking AuthorizationFilter (14/14)
26-06-09 11:36:57.128 [http-nio-8080-exec-9] TRACE o.s.s.w.a.i.RequestMatcherDelegatingAuthorizationManager - Authorizing GET /v3/api-docs
26-06-09 11:36:57.128 [http-nio-8080-exec-9] TRACE o.s.s.w.a.i.RequestMatcherDelegatingAuthorizationManager - Checking authorization on GET /v3/api-docs using org.springframework.security.config.annotation.web.configurers.AuthorizeHttpRequestsConfigurer$$Lambda$2089/0x0000022f2fd45098@2e9914dc
26-06-09 11:36:57.129 [http-nio-8080-exec-9] DEBUG o.s.security.web.FilterChainProxy    - Secured GET /v3/api-docs
26-06-09 11:36:57.869 [http-nio-8080-exec-9] INFO  o.s.api.AbstractOpenApiResource      - Init duration for springdoc-openapi is: 720 ms
26-06-09 11:36:57.895 [http-nio-8080-exec-9] TRACE o.s.s.w.h.writers.HstsHeaderWriter   - Not injecting HSTS header since it did not match request to [Is Secure]
26-06-09 11:37:01.052 [http-nio-8080-exec-10] TRACE o.s.security.web.FilterChainProxy    - Trying to match request against DefaultSecurityFilterChain defined as 'filterChain' in [class path resource [com/sprint/mission/discodeit/common/config/SecurityConfig.class]] matching [any request] and having filters [DisableEncodeUrl, WebAsyncManagerIntegration, SecurityContextHolder, HeaderWriter, Csrf, Logout, JwtAuthentication, UsernamePasswordAuthentication, RequestCacheAware, SecurityContextHolderAwareRequest, AnonymousAuthentication, SessionManagement, ExceptionTranslation, Authorization] (1/1)
26-06-09 11:37:01.052 [http-nio-8080-exec-10] DEBUG o.s.security.web.FilterChainProxy    - Securing GET /api/users
26-06-09 11:37:01.052 [http-nio-8080-exec-10] TRACE o.s.security.web.FilterChainProxy    - Invoking DisableEncodeUrlFilter (1/14)
26-06-09 11:37:01.052 [http-nio-8080-exec-10] TRACE o.s.security.web.FilterChainProxy    - Invoking WebAsyncManagerIntegrationFilter (2/14)
26-06-09 11:37:01.052 [http-nio-8080-exec-10] TRACE o.s.security.web.FilterChainProxy    - Invoking SecurityContextHolderFilter (3/14)
26-06-09 11:37:01.052 [http-nio-8080-exec-10] TRACE o.s.security.web.FilterChainProxy    - Invoking HeaderWriterFilter (4/14)
26-06-09 11:37:01.053 [http-nio-8080-exec-10] TRACE o.s.security.web.FilterChainProxy    - Invoking CsrfFilter (5/14)
26-06-09 11:37:01.053 [http-nio-8080-exec-10] TRACE o.s.security.web.csrf.CsrfFilter     - Did not protect against CSRF since request did not match CsrfNotRequired [TRACE, HEAD, GET, OPTIONS]
26-06-09 11:37:01.053 [http-nio-8080-exec-10] TRACE o.s.security.web.FilterChainProxy    - Invoking LogoutFilter (6/14)
26-06-09 11:37:01.053 [http-nio-8080-exec-10] TRACE o.s.s.w.a.logout.LogoutFilter        - Did not match request to Ant [pattern='/api/auth/logout', POST]
26-06-09 11:37:01.053 [http-nio-8080-exec-10] TRACE o.s.security.web.FilterChainProxy    - Invoking JwtAuthenticationFilter (7/14)
26-06-09 11:37:01.053 [http-nio-8080-exec-10] TRACE o.s.security.web.FilterChainProxy    - Invoking UsernamePasswordAuthenticationFilter (8/14)
26-06-09 11:37:01.053 [http-nio-8080-exec-10] TRACE o.s.s.w.a.UsernamePasswordAuthenticationFilter - Did not match request to Ant [pattern='/api/auth/login', POST]
26-06-09 11:37:01.053 [http-nio-8080-exec-10] TRACE o.s.security.web.FilterChainProxy    - Invoking RequestCacheAwareFilter (9/14)
26-06-09 11:37:01.053 [http-nio-8080-exec-10] TRACE o.s.security.web.FilterChainProxy    - Invoking SecurityContextHolderAwareRequestFilter (10/14)
26-06-09 11:37:01.053 [http-nio-8080-exec-10] TRACE o.s.security.web.FilterChainProxy    - Invoking AnonymousAuthenticationFilter (11/14)
26-06-09 11:37:01.053 [http-nio-8080-exec-10] TRACE o.s.security.web.FilterChainProxy    - Invoking SessionManagementFilter (12/14)
26-06-09 11:37:01.053 [http-nio-8080-exec-10] TRACE o.s.s.w.c.SupplierDeferredSecurityContext - Created SecurityContextImpl [Null authentication]
26-06-09 11:37:01.054 [http-nio-8080-exec-10] TRACE o.s.s.w.a.AnonymousAuthenticationFilter - Set SecurityContextHolder to AnonymousAuthenticationToken [Principal=anonymousUser, Credentials=[PROTECTED], Authenticated=true, Details=WebAuthenticationDetails [RemoteIpAddress=0:0:0:0:0:0:0:1, SessionId=null], Granted Authorities=[ROLE_ANONYMOUS]]
26-06-09 11:37:01.054 [http-nio-8080-exec-10] TRACE o.s.security.web.FilterChainProxy    - Invoking ExceptionTranslationFilter (13/14)
26-06-09 11:37:01.054 [http-nio-8080-exec-10] TRACE o.s.security.web.FilterChainProxy    - Invoking AuthorizationFilter (14/14)
26-06-09 11:37:01.054 [http-nio-8080-exec-10] TRACE o.s.s.w.a.i.RequestMatcherDelegatingAuthorizationManager - Authorizing GET /api/users
26-06-09 11:37:01.054 [http-nio-8080-exec-10] TRACE o.s.s.w.a.i.RequestMatcherDelegatingAuthorizationManager - Checking authorization on GET /api/users using org.springframework.security.config.annotation.web.configurers.AuthorizeHttpRequestsConfigurer$$Lambda$2089/0x0000022f2fd45098@2e9914dc
26-06-09 11:37:01.054 [http-nio-8080-exec-10] DEBUG o.s.security.web.FilterChainProxy    - Secured GET /api/users
26-06-09 11:37:01.080 [http-nio-8080-exec-10] DEBUG org.hibernate.SQL                    - 
    select
        u1_0.id,
        u1_0.created_at,
        u1_0.email,
        u1_0.password,
        u1_0.profile_id,
        u1_0.role,
        u1_0.updated_at,
        u1_0.username 
    from
        users u1_0
26-06-09 11:37:01.094 [http-nio-8080-exec-10] TRACE org.hibernate.orm.jdbc.extract       - extracted value (1:UUID) -> [27b85a60-4f13-455f-b5a3-7f7d762b2139]
26-06-09 11:37:01.099 [http-nio-8080-exec-10] TRACE org.hibernate.orm.jdbc.extract       - extracted value (5:UUID) -> [46746932-09b7-410a-b9bf-3f7cdbf1f402]
26-06-09 11:37:01.106 [http-nio-8080-exec-10] TRACE org.hibernate.orm.jdbc.extract       - extracted value (2:TIMESTAMP_UTC) -> [2026-03-09T06:17:44.434753Z]
26-06-09 11:37:01.106 [http-nio-8080-exec-10] TRACE org.hibernate.orm.jdbc.extract       - extracted value (3:VARCHAR) -> [test@test.com]
26-06-09 11:37:01.107 [http-nio-8080-exec-10] TRACE org.hibernate.orm.jdbc.extract       - extracted value (4:VARCHAR) -> [$2a$10$7BU..v74ygmDenkiaWKtVeZsZR6G0lVc1NGfkMSRq0iJ.iUl5ZYVq]
26-06-09 11:37:01.107 [http-nio-8080-exec-10] TRACE org.hibernate.orm.jdbc.extract       - extracted value (6:VARCHAR) -> [USER]
26-06-09 11:37:01.107 [http-nio-8080-exec-10] TRACE org.hibernate.orm.jdbc.extract       - extracted value (7:TIMESTAMP_UTC) -> [2026-03-09T06:17:44.434753Z]
26-06-09 11:37:01.107 [http-nio-8080-exec-10] TRACE org.hibernate.orm.jdbc.extract       - extracted value (8:VARCHAR) -> [승리]
26-06-09 11:37:01.115 [http-nio-8080-exec-10] TRACE org.hibernate.orm.jdbc.extract       - extracted value (1:UUID) -> [9d64639e-787a-46cc-9abf-5f8717295f33]
26-06-09 11:37:01.115 [http-nio-8080-exec-10] TRACE org.hibernate.orm.jdbc.extract       - extracted value (5:UUID) -> [1a4039ff-b856-4639-8a2d-4b4cac93793c]
26-06-09 11:37:01.115 [http-nio-8080-exec-10] TRACE org.hibernate.orm.jdbc.extract       - extracted value (2:TIMESTAMP_UTC) -> [2026-03-09T06:21:22.042528Z]
26-06-09 11:37:01.115 [http-nio-8080-exec-10] TRACE org.hibernate.orm.jdbc.extract       - extracted value (3:VARCHAR) -> [test2@test.com]
26-06-09 11:37:01.115 [http-nio-8080-exec-10] TRACE org.hibernate.orm.jdbc.extract       - extracted value (4:VARCHAR) -> [$2a$10$3oTo2dk3/hVlqmBF/B1aEeCazX0ZJNNl8/HJbY.NyNxAaN2NM2ZwK]
26-06-09 11:37:01.115 [http-nio-8080-exec-10] TRACE org.hibernate.orm.jdbc.extract       - extracted value (6:VARCHAR) -> [USER]
26-06-09 11:37:01.115 [http-nio-8080-exec-10] TRACE org.hibernate.orm.jdbc.extract       - extracted value (7:TIMESTAMP_UTC) -> [2026-03-09T06:21:22.042528Z]
26-06-09 11:37:01.115 [http-nio-8080-exec-10] TRACE org.hibernate.orm.jdbc.extract       - extracted value (8:VARCHAR) -> [asr]
26-06-09 11:37:01.116 [http-nio-8080-exec-10] TRACE org.hibernate.orm.jdbc.extract       - extracted value (1:UUID) -> [041397c9-3494-48eb-83dc-3d24cf2f2d19]
26-06-09 11:37:01.116 [http-nio-8080-exec-10] TRACE org.hibernate.orm.jdbc.extract       - extracted value (5:UUID) -> [317d8fef-86f0-4287-afdd-fcf080c55726]
26-06-09 11:37:01.116 [http-nio-8080-exec-10] TRACE org.hibernate.orm.jdbc.extract       - extracted value (2:TIMESTAMP_UTC) -> [2026-03-09T06:31:53.104366Z]
26-06-09 11:37:01.116 [http-nio-8080-exec-10] TRACE org.hibernate.orm.jdbc.extract       - extracted value (3:VARCHAR) -> [test3@test.com]
26-06-09 11:37:01.116 [http-nio-8080-exec-10] TRACE org.hibernate.orm.jdbc.extract       - extracted value (4:VARCHAR) -> [$2a$10$UnGIi/zuHaSenHg7H9beUOciM9N6zkJjWwRQuwbH96Va4Ab6MCFEa]
26-06-09 11:37:01.116 [http-nio-8080-exec-10] TRACE org.hibernate.orm.jdbc.extract       - extracted value (6:VARCHAR) -> [USER]
26-06-09 11:37:01.116 [http-nio-8080-exec-10] TRACE org.hibernate.orm.jdbc.extract       - extracted value (7:TIMESTAMP_UTC) -> [2026-03-09T06:31:53.104366Z]
26-06-09 11:37:01.116 [http-nio-8080-exec-10] TRACE org.hibernate.orm.jdbc.extract       - extracted value (8:VARCHAR) -> [테스트3]
26-06-09 11:37:01.116 [http-nio-8080-exec-10] TRACE org.hibernate.orm.jdbc.extract       - extracted value (1:UUID) -> [f725946c-dfe7-441d-84af-9bfdade76e9a]
26-06-09 11:37:01.116 [http-nio-8080-exec-10] TRACE org.hibernate.orm.jdbc.extract       - extracted value (5:UUID) -> [null]
26-06-09 11:37:01.116 [http-nio-8080-exec-10] TRACE org.hibernate.orm.jdbc.extract       - extracted value (2:TIMESTAMP_UTC) -> [2026-03-09T06:35:16.233568Z]
26-06-09 11:37:01.116 [http-nio-8080-exec-10] TRACE org.hibernate.orm.jdbc.extract       - extracted value (3:VARCHAR) -> [test4@test.com]
26-06-09 11:37:01.116 [http-nio-8080-exec-10] TRACE org.hibernate.orm.jdbc.extract       - extracted value (4:VARCHAR) -> [$2a$10$cMN0GgSpDkktYi82VNwwlu1b7Oq2aFY0i2uxC3R4L9nbgUpCmMKyC]
26-06-09 11:37:01.117 [http-nio-8080-exec-10] TRACE org.hibernate.orm.jdbc.extract       - extracted value (6:VARCHAR) -> [USER]
26-06-09 11:37:01.117 [http-nio-8080-exec-10] TRACE org.hibernate.orm.jdbc.extract       - extracted value (7:TIMESTAMP_UTC) -> [2026-03-09T06:35:16.233568Z]
26-06-09 11:37:01.117 [http-nio-8080-exec-10] TRACE org.hibernate.orm.jdbc.extract       - extracted value (8:VARCHAR) -> [test4]
26-06-09 11:37:01.117 [http-nio-8080-exec-10] TRACE org.hibernate.orm.jdbc.extract       - extracted value (1:UUID) -> [ed60b06a-16d3-4d64-97cf-8963a6ba34e4]
26-06-09 11:37:01.117 [http-nio-8080-exec-10] TRACE org.hibernate.orm.jdbc.extract       - extracted value (5:UUID) -> [null]
26-06-09 11:37:01.117 [http-nio-8080-exec-10] TRACE org.hibernate.orm.jdbc.extract       - extracted value (2:TIMESTAMP_UTC) -> [2026-03-25T07:31:54.266194Z]
26-06-09 11:37:01.117 [http-nio-8080-exec-10] TRACE org.hibernate.orm.jdbc.extract       - extracted value (3:VARCHAR) -> [0325test@test.com]
26-06-09 11:37:01.117 [http-nio-8080-exec-10] TRACE org.hibernate.orm.jdbc.extract       - extracted value (4:VARCHAR) -> [$2a$10$mG/jy9jyb4GmJgNwqOvMO.v4JkCYeUTfpa0YOe9woDusUn4NRHScm]
26-06-09 11:37:01.117 [http-nio-8080-exec-10] TRACE org.hibernate.orm.jdbc.extract       - extracted value (6:VARCHAR) -> [USER]
26-06-09 11:37:01.117 [http-nio-8080-exec-10] TRACE org.hibernate.orm.jdbc.extract       - extracted value (7:TIMESTAMP_UTC) -> [2026-03-25T07:31:54.266194Z]
26-06-09 11:37:01.117 [http-nio-8080-exec-10] TRACE org.hibernate.orm.jdbc.extract       - extracted value (8:VARCHAR) -> [test0325]
26-06-09 11:37:01.117 [http-nio-8080-exec-10] TRACE org.hibernate.orm.jdbc.extract       - extracted value (1:UUID) -> [b1a933b8-5b00-48ca-81e9-0055ba1ff963]
26-06-09 11:37:01.117 [http-nio-8080-exec-10] TRACE org.hibernate.orm.jdbc.extract       - extracted value (5:UUID) -> [null]
26-06-09 11:37:01.117 [http-nio-8080-exec-10] TRACE org.hibernate.orm.jdbc.extract       - extracted value (2:TIMESTAMP_UTC) -> [2026-03-27T05:06:14.779097Z]
26-06-09 11:37:01.117 [http-nio-8080-exec-10] TRACE org.hibernate.orm.jdbc.extract       - extracted value (3:VARCHAR) -> [test0327@test.com]
26-06-09 11:37:01.117 [http-nio-8080-exec-10] TRACE org.hibernate.orm.jdbc.extract       - extracted value (4:VARCHAR) -> [$2a$10$LxGyQsQD7kHjC2llbNvRgedFKJ/SN/rwkoaoyAiSrFljpZWp8xPZG]
26-06-09 11:37:01.117 [http-nio-8080-exec-10] TRACE org.hibernate.orm.jdbc.extract       - extracted value (6:VARCHAR) -> [USER]
26-06-09 11:37:01.117 [http-nio-8080-exec-10] TRACE org.hibernate.orm.jdbc.extract       - extracted value (7:TIMESTAMP_UTC) -> [2026-03-27T05:06:14.779097Z]
26-06-09 11:37:01.117 [http-nio-8080-exec-10] TRACE org.hibernate.orm.jdbc.extract       - extracted value (8:VARCHAR) -> [asd]
26-06-09 11:37:01.117 [http-nio-8080-exec-10] TRACE org.hibernate.orm.jdbc.extract       - extracted value (1:UUID) -> [98ce5813-ebf4-4a0b-9087-2f2c18bbd2a3]
26-06-09 11:37:01.117 [http-nio-8080-exec-10] TRACE org.hibernate.orm.jdbc.extract       - extracted value (5:UUID) -> [null]
26-06-09 11:37:01.119 [http-nio-8080-exec-10] TRACE org.hibernate.orm.jdbc.extract       - extracted value (2:TIMESTAMP_UTC) -> [2026-05-15T07:19:30.272898Z]
26-06-09 11:37:01.119 [http-nio-8080-exec-10] TRACE org.hibernate.orm.jdbc.extract       - extracted value (3:VARCHAR) -> [java@javaspring.com]
26-06-09 11:37:01.119 [http-nio-8080-exec-10] TRACE org.hibernate.orm.jdbc.extract       - extracted value (4:VARCHAR) -> [$2a$10$zhXqDLq.d1aTvZ.Ao2xrs.YBMwsS39OL8mfL9UYpEW4wqfYe0DNx.]
26-06-09 11:37:01.119 [http-nio-8080-exec-10] TRACE org.hibernate.orm.jdbc.extract       - extracted value (6:VARCHAR) -> [USER]
26-06-09 11:37:01.119 [http-nio-8080-exec-10] TRACE org.hibernate.orm.jdbc.extract       - extracted value (7:TIMESTAMP_UTC) -> [2026-05-15T07:19:30.272898Z]
26-06-09 11:37:01.119 [http-nio-8080-exec-10] TRACE org.hibernate.orm.jdbc.extract       - extracted value (8:VARCHAR) -> [스프링프로필친구]
26-06-09 11:37:01.119 [http-nio-8080-exec-10] TRACE org.hibernate.orm.jdbc.extract       - extracted value (1:UUID) -> [c9250cab-cae8-4509-8180-0da4b11066e8]
26-06-09 11:37:01.119 [http-nio-8080-exec-10] TRACE org.hibernate.orm.jdbc.extract       - extracted value (5:UUID) -> [null]
26-06-09 11:37:01.119 [http-nio-8080-exec-10] TRACE org.hibernate.orm.jdbc.extract       - extracted value (2:TIMESTAMP_UTC) -> [2026-05-19T01:42:58.029068Z]
26-06-09 11:37:01.119 [http-nio-8080-exec-10] TRACE org.hibernate.orm.jdbc.extract       - extracted value (3:VARCHAR) -> [admin@admin.com]
26-06-09 11:37:01.119 [http-nio-8080-exec-10] TRACE org.hibernate.orm.jdbc.extract       - extracted value (4:VARCHAR) -> [$2a$10$FwvClmklxVI3h5q/nYuHU.4l9NbtnRQ1GC2Ep4SaOD3SxrBSrlh2i]
26-06-09 11:37:01.119 [http-nio-8080-exec-10] TRACE org.hibernate.orm.jdbc.extract       - extracted value (6:VARCHAR) -> [ADMIN]
26-06-09 11:37:01.119 [http-nio-8080-exec-10] TRACE org.hibernate.orm.jdbc.extract       - extracted value (7:TIMESTAMP_UTC) -> [2026-05-19T01:42:58.029068Z]
26-06-09 11:37:01.119 [http-nio-8080-exec-10] TRACE org.hibernate.orm.jdbc.extract       - extracted value (8:VARCHAR) -> [admin]
26-06-09 11:37:01.120 [http-nio-8080-exec-10] TRACE org.hibernate.orm.jdbc.extract       - extracted value (1:UUID) -> [9b225b56-7425-4c05-b1bf-33788568891a]
26-06-09 11:37:01.120 [http-nio-8080-exec-10] TRACE org.hibernate.orm.jdbc.extract       - extracted value (5:UUID) -> [null]
26-06-09 11:37:01.120 [http-nio-8080-exec-10] TRACE org.hibernate.orm.jdbc.extract       - extracted value (2:TIMESTAMP_UTC) -> [2026-05-19T01:45:59.984574Z]
26-06-09 11:37:01.120 [http-nio-8080-exec-10] TRACE org.hibernate.orm.jdbc.extract       - extracted value (3:VARCHAR) -> [0519test@test.com]
26-06-09 11:37:01.120 [http-nio-8080-exec-10] TRACE org.hibernate.orm.jdbc.extract       - extracted value (4:VARCHAR) -> [$2a$10$JsQ23gBSJ2bBhdIZ6m0vr.2MRc7yn9LH.2Itp/mVUU64ldpKTIWpC]
26-06-09 11:37:01.120 [http-nio-8080-exec-10] TRACE org.hibernate.orm.jdbc.extract       - extracted value (6:VARCHAR) -> [CHANNEL_MANAGER]
26-06-09 11:37:01.120 [http-nio-8080-exec-10] TRACE org.hibernate.orm.jdbc.extract       - extracted value (7:TIMESTAMP_UTC) -> [2026-05-19T01:46:33.938005Z]
26-06-09 11:37:01.120 [http-nio-8080-exec-10] TRACE org.hibernate.orm.jdbc.extract       - extracted value (8:VARCHAR) -> [0519test]
26-06-09 11:37:01.120 [http-nio-8080-exec-10] TRACE org.hibernate.orm.jdbc.extract       - extracted value (1:UUID) -> [ee16f72c-e2b1-4376-b7a6-88f894f2e7ca]
26-06-09 11:37:01.120 [http-nio-8080-exec-10] TRACE org.hibernate.orm.jdbc.extract       - extracted value (5:UUID) -> [null]
26-06-09 11:37:01.120 [http-nio-8080-exec-10] TRACE org.hibernate.orm.jdbc.extract       - extracted value (2:TIMESTAMP_UTC) -> [2026-05-31T11:35:15.163302Z]
26-06-09 11:37:01.120 [http-nio-8080-exec-10] TRACE org.hibernate.orm.jdbc.extract       - extracted value (3:VARCHAR) -> [test0531@test.com]
26-06-09 11:37:01.121 [http-nio-8080-exec-10] TRACE org.hibernate.orm.jdbc.extract       - extracted value (4:VARCHAR) -> [$2a$10$WEDr70nEl34S5xjdBccHXuF95p.DzORb4zt5904.SLPCzYWnGSpm.]
26-06-09 11:37:01.121 [http-nio-8080-exec-10] TRACE org.hibernate.orm.jdbc.extract       - extracted value (6:VARCHAR) -> [USER]
26-06-09 11:37:01.121 [http-nio-8080-exec-10] TRACE org.hibernate.orm.jdbc.extract       - extracted value (7:TIMESTAMP_UTC) -> [2026-05-31T11:35:15.163302Z]
26-06-09 11:37:01.121 [http-nio-8080-exec-10] TRACE org.hibernate.orm.jdbc.extract       - extracted value (8:VARCHAR) -> [test0531]
26-06-09 11:37:01.121 [http-nio-8080-exec-10] TRACE org.hibernate.orm.jdbc.extract       - extracted value (1:UUID) -> [cff3cfdf-c67a-48ac-a13e-1d3c2346e5cc]
26-06-09 11:37:01.121 [http-nio-8080-exec-10] TRACE org.hibernate.orm.jdbc.extract       - extracted value (5:UUID) -> [null]
26-06-09 11:37:01.121 [http-nio-8080-exec-10] TRACE org.hibernate.orm.jdbc.extract       - extracted value (2:TIMESTAMP_UTC) -> [2026-05-31T11:46:09.335380Z]
26-06-09 11:37:01.121 [http-nio-8080-exec-10] TRACE org.hibernate.orm.jdbc.extract       - extracted value (3:VARCHAR) -> [test05312@test.com]
26-06-09 11:37:01.121 [http-nio-8080-exec-10] TRACE org.hibernate.orm.jdbc.extract       - extracted value (4:VARCHAR) -> [$2a$10$Nsk0AnubLHzO3ukARj5p6.VjUu9evw0ZaLLuQ8pBpQxFjhLQYXxDS]
26-06-09 11:37:01.121 [http-nio-8080-exec-10] TRACE org.hibernate.orm.jdbc.extract       - extracted value (6:VARCHAR) -> [USER]
26-06-09 11:37:01.121 [http-nio-8080-exec-10] TRACE org.hibernate.orm.jdbc.extract       - extracted value (7:TIMESTAMP_UTC) -> [2026-05-31T11:46:09.335380Z]
26-06-09 11:37:01.121 [http-nio-8080-exec-10] TRACE org.hibernate.orm.jdbc.extract       - extracted value (8:VARCHAR) -> [test05312]
26-06-09 11:37:01.121 [http-nio-8080-exec-10] TRACE org.hibernate.orm.jdbc.extract       - extracted value (1:UUID) -> [ceb95c66-eb93-4601-bfc2-a0294d619d77]
26-06-09 11:37:01.121 [http-nio-8080-exec-10] TRACE org.hibernate.orm.jdbc.extract       - extracted value (5:UUID) -> [null]
26-06-09 11:37:01.122 [http-nio-8080-exec-10] TRACE org.hibernate.orm.jdbc.extract       - extracted value (2:TIMESTAMP_UTC) -> [2026-06-05T01:14:38.474247Z]
26-06-09 11:37:01.122 [http-nio-8080-exec-10] TRACE org.hibernate.orm.jdbc.extract       - extracted value (3:VARCHAR) -> [test06051@test.com]
26-06-09 11:37:01.122 [http-nio-8080-exec-10] TRACE org.hibernate.orm.jdbc.extract       - extracted value (4:VARCHAR) -> [$2a$10$4VIasWCJxSBj7dTLTH1ddOISntynjLxU5DGnB3gw5Gizl/YgWjKzG]
26-06-09 11:37:01.122 [http-nio-8080-exec-10] TRACE org.hibernate.orm.jdbc.extract       - extracted value (6:VARCHAR) -> [USER]
26-06-09 11:37:01.122 [http-nio-8080-exec-10] TRACE org.hibernate.orm.jdbc.extract       - extracted value (7:TIMESTAMP_UTC) -> [2026-06-05T01:14:38.474247Z]
26-06-09 11:37:01.122 [http-nio-8080-exec-10] TRACE org.hibernate.orm.jdbc.extract       - extracted value (8:VARCHAR) -> [test06051]
26-06-09 11:37:01.122 [http-nio-8080-exec-10] TRACE org.hibernate.orm.jdbc.extract       - extracted value (1:UUID) -> [16adc8c6-634b-490b-a8fc-1f3946a53424]
26-06-09 11:37:01.122 [http-nio-8080-exec-10] TRACE org.hibernate.orm.jdbc.extract       - extracted value (5:UUID) -> [null]
26-06-09 11:37:01.122 [http-nio-8080-exec-10] TRACE org.hibernate.orm.jdbc.extract       - extracted value (2:TIMESTAMP_UTC) -> [2026-06-05T01:26:48.298603Z]
26-06-09 11:37:01.122 [http-nio-8080-exec-10] TRACE org.hibernate.orm.jdbc.extract       - extracted value (3:VARCHAR) -> [test06052@test.com]
26-06-09 11:37:01.122 [http-nio-8080-exec-10] TRACE org.hibernate.orm.jdbc.extract       - extracted value (4:VARCHAR) -> [$2a$10$WXbaWJIO9AnVf8bZvQleQ.mcDU9LEfns4T0QjXr6PTFgFRkl/HMq.]
26-06-09 11:37:01.122 [http-nio-8080-exec-10] TRACE org.hibernate.orm.jdbc.extract       - extracted value (6:VARCHAR) -> [USER]
26-06-09 11:37:01.122 [http-nio-8080-exec-10] TRACE org.hibernate.orm.jdbc.extract       - extracted value (7:TIMESTAMP_UTC) -> [2026-06-05T01:26:48.298603Z]
26-06-09 11:37:01.122 [http-nio-8080-exec-10] TRACE org.hibernate.orm.jdbc.extract       - extracted value (8:VARCHAR) -> [test06052]
26-06-09 11:37:01.123 [http-nio-8080-exec-10] TRACE org.hibernate.orm.jdbc.extract       - extracted value (1:UUID) -> [1bdf270a-29cc-4700-843b-3075a4f50668]
26-06-09 11:37:01.123 [http-nio-8080-exec-10] TRACE org.hibernate.orm.jdbc.extract       - extracted value (5:UUID) -> [null]
26-06-09 11:37:01.123 [http-nio-8080-exec-10] TRACE org.hibernate.orm.jdbc.extract       - extracted value (2:TIMESTAMP_UTC) -> [2026-06-07T13:46:20.692678Z]
26-06-09 11:37:01.123 [http-nio-8080-exec-10] TRACE org.hibernate.orm.jdbc.extract       - extracted value (3:VARCHAR) -> [test06071@test.com]
26-06-09 11:37:01.123 [http-nio-8080-exec-10] TRACE org.hibernate.orm.jdbc.extract       - extracted value (4:VARCHAR) -> [$2a$10$srOZHA1j6wWo5bDIsgiaquN/mycEHKdNzS8qfA8dl.0yCiaxKEom.]
26-06-09 11:37:01.123 [http-nio-8080-exec-10] TRACE org.hibernate.orm.jdbc.extract       - extracted value (6:VARCHAR) -> [USER]
26-06-09 11:37:01.123 [http-nio-8080-exec-10] TRACE org.hibernate.orm.jdbc.extract       - extracted value (7:TIMESTAMP_UTC) -> [2026-06-07T13:46:20.692678Z]
26-06-09 11:37:01.123 [http-nio-8080-exec-10] TRACE org.hibernate.orm.jdbc.extract       - extracted value (8:VARCHAR) -> [test06071]
26-06-09 11:37:01.123 [http-nio-8080-exec-10] TRACE org.hibernate.orm.jdbc.extract       - extracted value (1:UUID) -> [6b578585-908f-4bd6-9335-1ac5acb94e40]
26-06-09 11:37:01.124 [http-nio-8080-exec-10] TRACE org.hibernate.orm.jdbc.extract       - extracted value (5:UUID) -> [null]
26-06-09 11:37:01.124 [http-nio-8080-exec-10] TRACE org.hibernate.orm.jdbc.extract       - extracted value (2:TIMESTAMP_UTC) -> [2026-06-08T07:39:13.219128Z]
26-06-09 11:37:01.124 [http-nio-8080-exec-10] TRACE org.hibernate.orm.jdbc.extract       - extracted value (3:VARCHAR) -> [test06081@test.com]
26-06-09 11:37:01.124 [http-nio-8080-exec-10] TRACE org.hibernate.orm.jdbc.extract       - extracted value (4:VARCHAR) -> [$2a$10$HE3kHqnEa04j3.4KpTkCMeYioQD/nFni86UlddUOGVFyPZjRgP8qO]
26-06-09 11:37:01.124 [http-nio-8080-exec-10] TRACE org.hibernate.orm.jdbc.extract       - extracted value (6:VARCHAR) -> [USER]
26-06-09 11:37:01.124 [http-nio-8080-exec-10] TRACE org.hibernate.orm.jdbc.extract       - extracted value (7:TIMESTAMP_UTC) -> [2026-06-08T07:39:13.219128Z]
26-06-09 11:37:01.124 [http-nio-8080-exec-10] TRACE org.hibernate.orm.jdbc.extract       - extracted value (8:VARCHAR) -> [test06081]
26-06-09 11:37:01.129 [http-nio-8080-exec-10] DEBUG org.hibernate.SQL                    - 
    select
        bc1_0.id,
        bc1_0.content_type,
        bc1_0.created_at,
        bc1_0.file_name,
        bc1_0.size,
        bc1_0.status 
    from
        binary_contents bc1_0 
    where
        bc1_0.id=?
26-06-09 11:37:01.130 [http-nio-8080-exec-10] TRACE org.hibernate.orm.jdbc.bind          - binding parameter (1:UUID) <- [46746932-09b7-410a-b9bf-3f7cdbf1f402]
26-06-09 11:37:01.134 [http-nio-8080-exec-10] TRACE org.hibernate.orm.jdbc.extract       - extracted value (2:VARCHAR) -> [image/jpeg]
26-06-09 11:37:01.134 [http-nio-8080-exec-10] TRACE org.hibernate.orm.jdbc.extract       - extracted value (3:TIMESTAMP_UTC) -> [2026-03-09T06:17:44.334709Z]
26-06-09 11:37:01.134 [http-nio-8080-exec-10] TRACE org.hibernate.orm.jdbc.extract       - extracted value (4:VARCHAR) -> [다운로드.jpg]
26-06-09 11:37:01.135 [http-nio-8080-exec-10] TRACE org.hibernate.orm.jdbc.extract       - extracted value (5:BIGINT) -> [6118]
26-06-09 11:37:01.135 [http-nio-8080-exec-10] TRACE org.hibernate.orm.jdbc.extract       - extracted value (6:VARCHAR) -> [ACTIVE]
26-06-09 11:37:01.136 [http-nio-8080-exec-10] DEBUG org.hibernate.SQL                    - 
    select
        bc1_0.id,
        bc1_0.content_type,
        bc1_0.created_at,
        bc1_0.file_name,
        bc1_0.size,
        bc1_0.status 
    from
        binary_contents bc1_0 
    where
        bc1_0.id=?
26-06-09 11:37:01.136 [http-nio-8080-exec-10] TRACE org.hibernate.orm.jdbc.bind          - binding parameter (1:UUID) <- [1a4039ff-b856-4639-8a2d-4b4cac93793c]
26-06-09 11:37:01.137 [http-nio-8080-exec-10] TRACE org.hibernate.orm.jdbc.extract       - extracted value (2:VARCHAR) -> [image/jpeg]
26-06-09 11:37:01.137 [http-nio-8080-exec-10] TRACE org.hibernate.orm.jdbc.extract       - extracted value (3:TIMESTAMP_UTC) -> [2026-03-09T06:21:21.946259Z]
26-06-09 11:37:01.137 [http-nio-8080-exec-10] TRACE org.hibernate.orm.jdbc.extract       - extracted value (4:VARCHAR) -> [다운로드.jpg]
26-06-09 11:37:01.137 [http-nio-8080-exec-10] TRACE org.hibernate.orm.jdbc.extract       - extracted value (5:BIGINT) -> [6118]
26-06-09 11:37:01.137 [http-nio-8080-exec-10] TRACE org.hibernate.orm.jdbc.extract       - extracted value (6:VARCHAR) -> [ACTIVE]
26-06-09 11:37:01.137 [http-nio-8080-exec-10] DEBUG org.hibernate.SQL                    - 
    select
        bc1_0.id,
        bc1_0.content_type,
        bc1_0.created_at,
        bc1_0.file_name,
        bc1_0.size,
        bc1_0.status 
    from
        binary_contents bc1_0 
    where
        bc1_0.id=?
26-06-09 11:37:01.137 [http-nio-8080-exec-10] TRACE org.hibernate.orm.jdbc.bind          - binding parameter (1:UUID) <- [317d8fef-86f0-4287-afdd-fcf080c55726]
26-06-09 11:37:01.138 [http-nio-8080-exec-10] TRACE org.hibernate.orm.jdbc.extract       - extracted value (2:VARCHAR) -> [image/jpeg]
26-06-09 11:37:01.138 [http-nio-8080-exec-10] TRACE org.hibernate.orm.jdbc.extract       - extracted value (3:TIMESTAMP_UTC) -> [2026-03-09T06:31:53.022861Z]
26-06-09 11:37:01.139 [http-nio-8080-exec-10] TRACE org.hibernate.orm.jdbc.extract       - extracted value (4:VARCHAR) -> [다운로드.jpg]
26-06-09 11:37:01.139 [http-nio-8080-exec-10] TRACE org.hibernate.orm.jdbc.extract       - extracted value (5:BIGINT) -> [6118]
26-06-09 11:37:01.139 [http-nio-8080-exec-10] TRACE org.hibernate.orm.jdbc.extract       - extracted value (6:VARCHAR) -> [ACTIVE]
26-06-09 11:37:01.148 [http-nio-8080-exec-10] TRACE o.s.s.w.h.writers.HstsHeaderWriter   - Not injecting HSTS header since it did not match request to [Is Secure]
26-06-09 11:37:02.215 [http-nio-8080-exec-1] TRACE o.s.security.web.FilterChainProxy    - Trying to match request against DefaultSecurityFilterChain defined as 'filterChain' in [class path resource [com/sprint/mission/discodeit/common/config/SecurityConfig.class]] matching [any request] and having filters [DisableEncodeUrl, WebAsyncManagerIntegration, SecurityContextHolder, HeaderWriter, Csrf, Logout, JwtAuthentication, UsernamePasswordAuthentication, RequestCacheAware, SecurityContextHolderAwareRequest, AnonymousAuthentication, SessionManagement, ExceptionTranslation, Authorization] (1/1)
26-06-09 11:37:02.217 [http-nio-8080-exec-1] DEBUG o.s.security.web.FilterChainProxy    - Securing GET /api/users
26-06-09 11:37:02.217 [http-nio-8080-exec-1] TRACE o.s.security.web.FilterChainProxy    - Invoking DisableEncodeUrlFilter (1/14)
26-06-09 11:37:02.217 [http-nio-8080-exec-1] TRACE o.s.security.web.FilterChainProxy    - Invoking WebAsyncManagerIntegrationFilter (2/14)
26-06-09 11:37:02.217 [http-nio-8080-exec-1] TRACE o.s.security.web.FilterChainProxy    - Invoking SecurityContextHolderFilter (3/14)
26-06-09 11:37:02.217 [http-nio-8080-exec-1] TRACE o.s.security.web.FilterChainProxy    - Invoking HeaderWriterFilter (4/14)
26-06-09 11:37:02.217 [http-nio-8080-exec-1] TRACE o.s.security.web.FilterChainProxy    - Invoking CsrfFilter (5/14)
26-06-09 11:37:02.217 [http-nio-8080-exec-1] TRACE o.s.security.web.csrf.CsrfFilter     - Did not protect against CSRF since request did not match CsrfNotRequired [TRACE, HEAD, GET, OPTIONS]
26-06-09 11:37:02.217 [http-nio-8080-exec-1] TRACE o.s.security.web.FilterChainProxy    - Invoking LogoutFilter (6/14)
26-06-09 11:37:02.217 [http-nio-8080-exec-1] TRACE o.s.s.w.a.logout.LogoutFilter        - Did not match request to Ant [pattern='/api/auth/logout', POST]
26-06-09 11:37:02.217 [http-nio-8080-exec-1] TRACE o.s.security.web.FilterChainProxy    - Invoking JwtAuthenticationFilter (7/14)
26-06-09 11:37:02.218 [http-nio-8080-exec-1] TRACE o.s.security.web.FilterChainProxy    - Invoking UsernamePasswordAuthenticationFilter (8/14)
26-06-09 11:37:02.218 [http-nio-8080-exec-1] TRACE o.s.s.w.a.UsernamePasswordAuthenticationFilter - Did not match request to Ant [pattern='/api/auth/login', POST]
26-06-09 11:37:02.218 [http-nio-8080-exec-1] TRACE o.s.security.web.FilterChainProxy    - Invoking RequestCacheAwareFilter (9/14)
26-06-09 11:37:02.218 [http-nio-8080-exec-1] TRACE o.s.security.web.FilterChainProxy    - Invoking SecurityContextHolderAwareRequestFilter (10/14)
26-06-09 11:37:02.218 [http-nio-8080-exec-1] TRACE o.s.security.web.FilterChainProxy    - Invoking AnonymousAuthenticationFilter (11/14)
26-06-09 11:37:02.218 [http-nio-8080-exec-1] TRACE o.s.security.web.FilterChainProxy    - Invoking SessionManagementFilter (12/14)
26-06-09 11:37:02.218 [http-nio-8080-exec-1] TRACE o.s.s.w.c.SupplierDeferredSecurityContext - Created SecurityContextImpl [Null authentication]
26-06-09 11:37:02.218 [http-nio-8080-exec-1] TRACE o.s.s.w.a.AnonymousAuthenticationFilter - Set SecurityContextHolder to AnonymousAuthenticationToken [Principal=anonymousUser, Credentials=[PROTECTED], Authenticated=true, Details=WebAuthenticationDetails [RemoteIpAddress=0:0:0:0:0:0:0:1, SessionId=null], Granted Authorities=[ROLE_ANONYMOUS]]
26-06-09 11:37:02.218 [http-nio-8080-exec-1] TRACE o.s.security.web.FilterChainProxy    - Invoking ExceptionTranslationFilter (13/14)
26-06-09 11:37:02.218 [http-nio-8080-exec-1] TRACE o.s.security.web.FilterChainProxy    - Invoking AuthorizationFilter (14/14)
26-06-09 11:37:02.218 [http-nio-8080-exec-1] TRACE o.s.s.w.a.i.RequestMatcherDelegatingAuthorizationManager - Authorizing GET /api/users
26-06-09 11:37:02.218 [http-nio-8080-exec-1] TRACE o.s.s.w.a.i.RequestMatcherDelegatingAuthorizationManager - Checking authorization on GET /api/users using org.springframework.security.config.annotation.web.configurers.AuthorizeHttpRequestsConfigurer$$Lambda$2089/0x0000022f2fd45098@2e9914dc
26-06-09 11:37:02.219 [http-nio-8080-exec-1] DEBUG o.s.security.web.FilterChainProxy    - Secured GET /api/users
26-06-09 11:37:02.226 [http-nio-8080-exec-1] TRACE o.s.s.w.h.writers.HstsHeaderWriter   - Not injecting HSTS header since it did not match request to [Is Secure]
26-06-09 11:37:02.475 [http-nio-8080-exec-3] TRACE o.s.security.web.FilterChainProxy    - Trying to match request against DefaultSecurityFilterChain defined as 'filterChain' in [class path resource [com/sprint/mission/discodeit/common/config/SecurityConfig.class]] matching [any request] and having filters [DisableEncodeUrl, WebAsyncManagerIntegration, SecurityContextHolder, HeaderWriter, Csrf, Logout, JwtAuthentication, UsernamePasswordAuthentication, RequestCacheAware, SecurityContextHolderAwareRequest, AnonymousAuthentication, SessionManagement, ExceptionTranslation, Authorization] (1/1)
26-06-09 11:37:02.477 [http-nio-8080-exec-3] DEBUG o.s.security.web.FilterChainProxy    - Securing GET /api/users
26-06-09 11:37:02.477 [http-nio-8080-exec-3] TRACE o.s.security.web.FilterChainProxy    - Invoking DisableEncodeUrlFilter (1/14)
26-06-09 11:37:02.477 [http-nio-8080-exec-3] TRACE o.s.security.web.FilterChainProxy    - Invoking WebAsyncManagerIntegrationFilter (2/14)
26-06-09 11:37:02.477 [http-nio-8080-exec-3] TRACE o.s.security.web.FilterChainProxy    - Invoking SecurityContextHolderFilter (3/14)
26-06-09 11:37:02.477 [http-nio-8080-exec-3] TRACE o.s.security.web.FilterChainProxy    - Invoking HeaderWriterFilter (4/14)
26-06-09 11:37:02.477 [http-nio-8080-exec-3] TRACE o.s.security.web.FilterChainProxy    - Invoking CsrfFilter (5/14)
26-06-09 11:37:02.477 [http-nio-8080-exec-3] TRACE o.s.security.web.csrf.CsrfFilter     - Did not protect against CSRF since request did not match CsrfNotRequired [TRACE, HEAD, GET, OPTIONS]
26-06-09 11:37:02.477 [http-nio-8080-exec-3] TRACE o.s.security.web.FilterChainProxy    - Invoking LogoutFilter (6/14)
26-06-09 11:37:02.477 [http-nio-8080-exec-3] TRACE o.s.s.w.a.logout.LogoutFilter        - Did not match request to Ant [pattern='/api/auth/logout', POST]
26-06-09 11:37:02.477 [http-nio-8080-exec-3] TRACE o.s.security.web.FilterChainProxy    - Invoking JwtAuthenticationFilter (7/14)
26-06-09 11:37:02.477 [http-nio-8080-exec-3] TRACE o.s.security.web.FilterChainProxy    - Invoking UsernamePasswordAuthenticationFilter (8/14)
26-06-09 11:37:02.477 [http-nio-8080-exec-3] TRACE o.s.s.w.a.UsernamePasswordAuthenticationFilter - Did not match request to Ant [pattern='/api/auth/login', POST]
26-06-09 11:37:02.477 [http-nio-8080-exec-3] TRACE o.s.security.web.FilterChainProxy    - Invoking RequestCacheAwareFilter (9/14)
26-06-09 11:37:02.477 [http-nio-8080-exec-3] TRACE o.s.security.web.FilterChainProxy    - Invoking SecurityContextHolderAwareRequestFilter (10/14)
26-06-09 11:37:02.477 [http-nio-8080-exec-3] TRACE o.s.security.web.FilterChainProxy    - Invoking AnonymousAuthenticationFilter (11/14)
26-06-09 11:37:02.477 [http-nio-8080-exec-3] TRACE o.s.security.web.FilterChainProxy    - Invoking SessionManagementFilter (12/14)
26-06-09 11:37:02.477 [http-nio-8080-exec-3] TRACE o.s.s.w.c.SupplierDeferredSecurityContext - Created SecurityContextImpl [Null authentication]
26-06-09 11:37:02.477 [http-nio-8080-exec-3] TRACE o.s.s.w.a.AnonymousAuthenticationFilter - Set SecurityContextHolder to AnonymousAuthenticationToken [Principal=anonymousUser, Credentials=[PROTECTED], Authenticated=true, Details=WebAuthenticationDetails [RemoteIpAddress=0:0:0:0:0:0:0:1, SessionId=null], Granted Authorities=[ROLE_ANONYMOUS]]
26-06-09 11:37:02.477 [http-nio-8080-exec-3] TRACE o.s.security.web.FilterChainProxy    - Invoking ExceptionTranslationFilter (13/14)
26-06-09 11:37:02.477 [http-nio-8080-exec-3] TRACE o.s.security.web.FilterChainProxy    - Invoking AuthorizationFilter (14/14)
26-06-09 11:37:02.477 [http-nio-8080-exec-3] TRACE o.s.s.w.a.i.RequestMatcherDelegatingAuthorizationManager - Authorizing GET /api/users
26-06-09 11:37:02.478 [http-nio-8080-exec-3] TRACE o.s.s.w.a.i.RequestMatcherDelegatingAuthorizationManager - Checking authorization on GET /api/users using org.springframework.security.config.annotation.web.configurers.AuthorizeHttpRequestsConfigurer$$Lambda$2089/0x0000022f2fd45098@2e9914dc
26-06-09 11:37:02.478 [http-nio-8080-exec-3] DEBUG o.s.security.web.FilterChainProxy    - Secured GET /api/users
26-06-09 11:37:02.480 [http-nio-8080-exec-3] TRACE o.s.s.w.h.writers.HstsHeaderWriter   - Not injecting HSTS header since it did not match request to [Is Secure]
26-06-09 11:37:03.962 [http-nio-8080-exec-2] TRACE o.s.security.web.FilterChainProxy    - Trying to match request against DefaultSecurityFilterChain defined as 'filterChain' in [class path resource [com/sprint/mission/discodeit/common/config/SecurityConfig.class]] matching [any request] and having filters [DisableEncodeUrl, WebAsyncManagerIntegration, SecurityContextHolder, HeaderWriter, Csrf, Logout, JwtAuthentication, UsernamePasswordAuthentication, RequestCacheAware, SecurityContextHolderAwareRequest, AnonymousAuthentication, SessionManagement, ExceptionTranslation, Authorization] (1/1)
26-06-09 11:37:03.962 [http-nio-8080-exec-2] DEBUG o.s.security.web.FilterChainProxy    - Securing GET /actuator/metrics
26-06-09 11:37:03.962 [http-nio-8080-exec-2] TRACE o.s.security.web.FilterChainProxy    - Invoking DisableEncodeUrlFilter (1/14)
26-06-09 11:37:03.962 [http-nio-8080-exec-2] TRACE o.s.security.web.FilterChainProxy    - Invoking WebAsyncManagerIntegrationFilter (2/14)
26-06-09 11:37:03.963 [http-nio-8080-exec-2] TRACE o.s.security.web.FilterChainProxy    - Invoking SecurityContextHolderFilter (3/14)
26-06-09 11:37:03.963 [http-nio-8080-exec-2] TRACE o.s.security.web.FilterChainProxy    - Invoking HeaderWriterFilter (4/14)
26-06-09 11:37:03.963 [http-nio-8080-exec-2] TRACE o.s.security.web.FilterChainProxy    - Invoking CsrfFilter (5/14)
26-06-09 11:37:03.963 [http-nio-8080-exec-2] TRACE o.s.security.web.csrf.CsrfFilter     - Did not protect against CSRF since request did not match CsrfNotRequired [TRACE, HEAD, GET, OPTIONS]
26-06-09 11:37:03.963 [http-nio-8080-exec-2] TRACE o.s.security.web.FilterChainProxy    - Invoking LogoutFilter (6/14)
26-06-09 11:37:03.963 [http-nio-8080-exec-2] TRACE o.s.s.w.a.logout.LogoutFilter        - Did not match request to Ant [pattern='/api/auth/logout', POST]
26-06-09 11:37:03.963 [http-nio-8080-exec-2] TRACE o.s.security.web.FilterChainProxy    - Invoking JwtAuthenticationFilter (7/14)
26-06-09 11:37:03.963 [http-nio-8080-exec-2] TRACE o.s.security.web.FilterChainProxy    - Invoking UsernamePasswordAuthenticationFilter (8/14)
26-06-09 11:37:03.963 [http-nio-8080-exec-2] TRACE o.s.s.w.a.UsernamePasswordAuthenticationFilter - Did not match request to Ant [pattern='/api/auth/login', POST]
26-06-09 11:37:03.963 [http-nio-8080-exec-2] TRACE o.s.security.web.FilterChainProxy    - Invoking RequestCacheAwareFilter (9/14)
26-06-09 11:37:03.963 [http-nio-8080-exec-2] TRACE o.s.security.web.FilterChainProxy    - Invoking SecurityContextHolderAwareRequestFilter (10/14)
26-06-09 11:37:03.963 [http-nio-8080-exec-2] TRACE o.s.security.web.FilterChainProxy    - Invoking AnonymousAuthenticationFilter (11/14)
26-06-09 11:37:03.963 [http-nio-8080-exec-2] TRACE o.s.security.web.FilterChainProxy    - Invoking SessionManagementFilter (12/14)
26-06-09 11:37:03.963 [http-nio-8080-exec-2] TRACE o.s.s.w.c.SupplierDeferredSecurityContext - Created SecurityContextImpl [Null authentication]
26-06-09 11:37:03.963 [http-nio-8080-exec-2] TRACE o.s.s.w.a.AnonymousAuthenticationFilter - Set SecurityContextHolder to AnonymousAuthenticationToken [Principal=anonymousUser, Credentials=[PROTECTED], Authenticated=true, Details=WebAuthenticationDetails [RemoteIpAddress=0:0:0:0:0:0:0:1, SessionId=null], Granted Authorities=[ROLE_ANONYMOUS]]
26-06-09 11:37:03.963 [http-nio-8080-exec-2] TRACE o.s.security.web.FilterChainProxy    - Invoking ExceptionTranslationFilter (13/14)
26-06-09 11:37:03.963 [http-nio-8080-exec-2] TRACE o.s.security.web.FilterChainProxy    - Invoking AuthorizationFilter (14/14)
26-06-09 11:37:03.965 [http-nio-8080-exec-2] TRACE o.s.s.w.a.i.RequestMatcherDelegatingAuthorizationManager - Authorizing GET /actuator/metrics
26-06-09 11:37:03.965 [http-nio-8080-exec-2] TRACE o.s.s.w.a.i.RequestMatcherDelegatingAuthorizationManager - Checking authorization on GET /actuator/metrics using org.springframework.security.config.annotation.web.configurers.AuthorizeHttpRequestsConfigurer$$Lambda$2089/0x0000022f2fd45098@2e9914dc
26-06-09 11:37:03.965 [http-nio-8080-exec-2] DEBUG o.s.security.web.FilterChainProxy    - Secured GET /actuator/metrics
26-06-09 11:37:03.980 [http-nio-8080-exec-2] TRACE o.s.s.w.h.writers.HstsHeaderWriter   - Not injecting HSTS header since it did not match request to [Is Secure]
26-06-09 11:37:23.143 [http-nio-8080-exec-6] TRACE o.s.security.web.FilterChainProxy    - Trying to match request against DefaultSecurityFilterChain defined as 'filterChain' in [class path resource [com/sprint/mission/discodeit/common/config/SecurityConfig.class]] matching [any request] and having filters [DisableEncodeUrl, WebAsyncManagerIntegration, SecurityContextHolder, HeaderWriter, Csrf, Logout, JwtAuthentication, UsernamePasswordAuthentication, RequestCacheAware, SecurityContextHolderAwareRequest, AnonymousAuthentication, SessionManagement, ExceptionTranslation, Authorization] (1/1)
26-06-09 11:37:23.143 [http-nio-8080-exec-6] DEBUG o.s.security.web.FilterChainProxy    - Securing GET /actuator/metrics/cache.gets
26-06-09 11:37:23.145 [http-nio-8080-exec-6] TRACE o.s.security.web.FilterChainProxy    - Invoking DisableEncodeUrlFilter (1/14)
26-06-09 11:37:23.145 [http-nio-8080-exec-6] TRACE o.s.security.web.FilterChainProxy    - Invoking WebAsyncManagerIntegrationFilter (2/14)
26-06-09 11:37:23.145 [http-nio-8080-exec-6] TRACE o.s.security.web.FilterChainProxy    - Invoking SecurityContextHolderFilter (3/14)
26-06-09 11:37:23.145 [http-nio-8080-exec-6] TRACE o.s.security.web.FilterChainProxy    - Invoking HeaderWriterFilter (4/14)
26-06-09 11:37:23.145 [http-nio-8080-exec-6] TRACE o.s.security.web.FilterChainProxy    - Invoking CsrfFilter (5/14)
26-06-09 11:37:23.145 [http-nio-8080-exec-6] TRACE o.s.security.web.csrf.CsrfFilter     - Did not protect against CSRF since request did not match CsrfNotRequired [TRACE, HEAD, GET, OPTIONS]
26-06-09 11:37:23.145 [http-nio-8080-exec-6] TRACE o.s.security.web.FilterChainProxy    - Invoking LogoutFilter (6/14)
26-06-09 11:37:23.145 [http-nio-8080-exec-6] TRACE o.s.s.w.a.logout.LogoutFilter        - Did not match request to Ant [pattern='/api/auth/logout', POST]
26-06-09 11:37:23.145 [http-nio-8080-exec-6] TRACE o.s.security.web.FilterChainProxy    - Invoking JwtAuthenticationFilter (7/14)
26-06-09 11:37:23.146 [http-nio-8080-exec-6] TRACE o.s.security.web.FilterChainProxy    - Invoking UsernamePasswordAuthenticationFilter (8/14)
26-06-09 11:37:23.146 [http-nio-8080-exec-6] TRACE o.s.s.w.a.UsernamePasswordAuthenticationFilter - Did not match request to Ant [pattern='/api/auth/login', POST]
26-06-09 11:37:23.146 [http-nio-8080-exec-6] TRACE o.s.security.web.FilterChainProxy    - Invoking RequestCacheAwareFilter (9/14)
26-06-09 11:37:23.146 [http-nio-8080-exec-6] TRACE o.s.security.web.FilterChainProxy    - Invoking SecurityContextHolderAwareRequestFilter (10/14)
26-06-09 11:37:23.146 [http-nio-8080-exec-6] TRACE o.s.security.web.FilterChainProxy    - Invoking AnonymousAuthenticationFilter (11/14)
26-06-09 11:37:23.146 [http-nio-8080-exec-6] TRACE o.s.security.web.FilterChainProxy    - Invoking SessionManagementFilter (12/14)
26-06-09 11:37:23.146 [http-nio-8080-exec-6] TRACE o.s.s.w.c.SupplierDeferredSecurityContext - Created SecurityContextImpl [Null authentication]
26-06-09 11:37:23.146 [http-nio-8080-exec-6] TRACE o.s.s.w.a.AnonymousAuthenticationFilter - Set SecurityContextHolder to AnonymousAuthenticationToken [Principal=anonymousUser, Credentials=[PROTECTED], Authenticated=true, Details=WebAuthenticationDetails [RemoteIpAddress=0:0:0:0:0:0:0:1, SessionId=null], Granted Authorities=[ROLE_ANONYMOUS]]
26-06-09 11:37:23.146 [http-nio-8080-exec-6] TRACE o.s.security.web.FilterChainProxy    - Invoking ExceptionTranslationFilter (13/14)
26-06-09 11:37:23.146 [http-nio-8080-exec-6] TRACE o.s.security.web.FilterChainProxy    - Invoking AuthorizationFilter (14/14)
26-06-09 11:37:23.146 [http-nio-8080-exec-6] TRACE o.s.s.w.a.i.RequestMatcherDelegatingAuthorizationManager - Authorizing GET /actuator/metrics/cache.gets
26-06-09 11:37:23.146 [http-nio-8080-exec-6] TRACE o.s.s.w.a.i.RequestMatcherDelegatingAuthorizationManager - Checking authorization on GET /actuator/metrics/cache.gets using org.springframework.security.config.annotation.web.configurers.AuthorizeHttpRequestsConfigurer$$Lambda$2089/0x0000022f2fd45098@2e9914dc
26-06-09 11:37:23.147 [http-nio-8080-exec-6] DEBUG o.s.security.web.FilterChainProxy    - Secured GET /actuator/metrics/cache.gets
26-06-09 11:37:23.168 [http-nio-8080-exec-6] TRACE o.s.s.w.h.writers.HstsHeaderWriter   - Not injecting HSTS header since it did not match request to [Is Secure]
26-06-09 11:38:55.950 [SpringApplicationShutdownHook] INFO  o.s.b.w.e.tomcat.GracefulShutdown    - Commencing graceful shutdown. Waiting for active requests to complete
26-06-09 11:38:56.434 [tomcat-shutdown] INFO  o.s.b.w.e.tomcat.GracefulShutdown    - Graceful shutdown complete
26-06-09 11:38:56.442 [SpringApplicationShutdownHook] INFO  o.s.o.j.LocalContainerEntityManagerFactoryBean - Closing JPA EntityManagerFactory for persistence unit 'default'
26-06-09 11:38:56.444 [SpringApplicationShutdownHook] INFO  com.zaxxer.hikari.HikariDataSource   - HikariPool-1 - Shutdown initiated...
26-06-09 11:38:56.448 [SpringApplicationShutdownHook] INFO  com.zaxxer.hikari.HikariDataSource   - HikariPool-1 - Shutdown completed.
